"time","id","y","x","treatment"
-40,1,7.56682428832772,0.479872519971456,0
-39,1,2.7144347627424,-1.1980400267156,0
-38,1,3.61700362122876,-1.27777276053041,0
-37,1,3.32402043734779,-2.31732622785711,0
-36,1,7.95820092220905,-0.131215018373089,0
-35,1,4.84910140580481,-0.725134699546889,0
-34,1,4.17755929704069,-1.59968223337752,0
-33,1,9.43198350189262,2.2578821626683,0
-32,1,6.42001859884792,-0.275899714677151,0
-31,1,11.0145850286016,2.53353803407716,0
-30,1,7.40188954584682,0.505122347795327,0
-29,1,12.419221008029,2.45188458523931,0
-28,1,6.5905769209541,0.10672847205383,0
-27,1,12.9749994157181,3.69578201904345,0
-26,1,13.4622071252815,1.67681395357771,0
-25,1,11.9136950831423,2.18637996829481,0
-24,1,14.3036377139456,3.17227437604166,0
-23,1,17.6304748409018,5.39333974697436,0
-22,1,11.3518009609484,1.49612887815846,0
-21,1,8.53466891600865,-0.698364310576805,0
-20,1,13.0503972216401,-1.37261908384716,0
-19,1,4.02001363273912,-3.5968479938273,0
-18,1,5.78198357276536,-2.34342991961767,0
-17,1,8.90187809252213,0.145172037102568,0
-16,1,12.9963595798461,1.46646983225447,0
-15,1,21.3072766031783,5.21550001259889,0
-14,1,17.8785518716151,4.39780239103479,0
-13,1,21.0678147706671,6.11252067309737,0
-12,1,22.8971164603108,8.00240405109502,0
-11,1,19.4029870825638,5.41932288546591,0
-10,1,15.8619689558506,5.53935774018507,0
-9,1,21.6749190339733,7.10118737051513,0
-8,1,21.4796348668296,8.62571492608189,0
-7,1,18.0669711622934,6.54965313940341,0
-6,1,22.0493214453864,8.32106184794561,0
-5,1,25.0447802774655,8.81195062300649,0
-4,1,18.628005526561,4.66614540835861,0
-3,1,23.4959345345794,7.85243761447937,0
-2,1,29.0418327585625,9.28225429718356,0
-1,1,22.2895470141673,7.35029079849202,0
0,1,30.0321320056157,9.80337221485925,1
1,1,24.2208880592017,6.40741227160381,1
2,1,24.886218091009,6.52336308366452,1
3,1,27.4164806886071,5.98859518663312,1
4,1,24.6911066993573,4.28311332313544,1
5,1,23.3927049566869,4.12353420055738,1
6,1,28.5084403015831,6.28926212308446,1
7,1,25.2822673763042,2.98863177678834,1
8,1,27.6796798671311,5.7450815828376,1
9,1,29.7070202764416,6.56886044338794,1
-40,2,4.03992017823838,0.739465523992296,0
-39,2,2.73634592328797,0.274662462047355,0
-38,2,3.18409744278559,0.00948290018058215,0
-37,2,3.10670123759577,-0.432113653718251,0
-36,2,5.16658253815922,1.0956471505544,0
-35,2,3.06790500608747,0.504602186616641,0
-34,2,2.67954599098693,-0.773625583889811,0
-33,2,3.88670429711183,0.352426144770665,0
-32,2,3.47696865068404,-0.95549730042596,0
-31,2,4.0910564117339,-0.502430120544881,0
-30,2,3.57054238438769,-1.37465884809563,0
-29,2,6.31031440109841,-0.462496077017556,0
-28,2,6.34587360584832,1.63578140775069,0
-27,2,7.23513863897275,2.95365561235047,0
-26,2,10.4179354231289,2.71678597986874,0
-25,2,10.9760976249609,4.03166336049063,0
-24,2,10.621665297761,3.4911172725229,0
-23,2,9.65284072864463,2.94629599361206,0
-22,2,9.14262033630104,2.41083900464591,0
-21,2,12.0498024397158,4.40526234605766,0
-20,2,13.9740236282131,3.72159852520216,0
-19,2,9.54502541261886,4.0523312281086,0
-18,2,9.95304135430499,4.11257632680898,0
-17,2,10.427131416059,5.48331646144318,0
-16,2,12.4678237694498,5.33517501196565,0
-15,2,16.0933979287566,5.72277113191335,0
-14,2,14.4232200663121,4.35376112828519,0
-13,2,14.9591366832371,4.5756478931268,0
-12,2,14.3573160091724,5.07136860441102,0
-11,2,15.0431980846929,3.17789221723665,0
-10,2,8.24680700901474,1.89533862228225,0
-9,2,11.4621950996411,2.12302443250373,0
-8,2,10.6295210086359,1.96654329288633,0
-7,2,9.52872733758924,1.80291177348156,0
-6,2,8.72047652247607,-0.00278016017647098,0
-5,2,9.88033971630447,-0.541662154025544,0
-4,2,9.00525099267576,-0.710437905240793,0
-3,2,12.7995209796975,1.53632558816703,0
-2,2,15.4016531707905,1.41571392344802,0
-1,2,11.0617325778848,0.202828471076768,0
0,2,15.3059797344992,1.47033319462709,0
1,2,9.43826168337199,-1.00158822490477,0
2,2,10.9640455159004,-0.330726093782695,0
3,2,11.7495654084395,0.369322883176759,0
4,2,10.8949938150256,0.415139836517012,0
5,2,7.71396581457589,0.296969631489484,0
6,2,9.59426744028287,2.03874145354821,0
7,2,12.5547212985357,3.89007265362518,0
8,2,9.0952184340461,2.90139863666314,0
9,2,7.20178772707404,1.95223611523853,0
-40,3,11.0897549074692,-0.144179075871631,0
-39,3,4.84755624637762,-2.68924324149723,0
-38,3,6.75263155391573,-3.07430756793219,0
-37,3,9.83578360510626,-0.75036101783543,0
-36,3,11.5370831909263,-0.131176308824839,0
-35,3,9.84690206279108,0.655511991208496,0
-34,3,8.49790413289245,0.128168586273185,0
-33,3,11.2181459226518,1.57992005140832,0
-32,3,7.25043063802413,-2.63399098719429,0
-31,3,9.35570766893359,-2.32638982580053,0
-30,3,10.8303853238331,-1.69321110289093,0
-29,3,14.0535651728283,-0.93596237350064,0
-28,3,10.5506705124271,-1.91699175851467,0
-27,3,17.1481096803974,0.642421188176356,0
-26,3,22.1797200491767,-0.636875554549936,0
-25,3,20.1974658147007,-0.526967570985474,0
-24,3,20.6696450819706,0.564710139245039,0
-23,3,21.6575247200999,1.79554276901408,0
-22,3,18.3575739995572,-0.333863183901259,0
-21,3,18.7362124852997,-0.284237569769588,0
-20,3,21.1798918213783,0.878839364868951,0
-19,3,12.6256738825697,-2.40579677734517,0
-18,3,12.8478524672463,-1.97883832331286,0
-17,3,15.4671232940103,-0.687101293518578,0
-16,3,19.4799668298132,-1.30374984919108,0
-15,3,30.6738304975816,5.0082339635586,0
-14,3,30.3986172309531,3.8440954318866,0
-13,3,32.1480914922567,3.65591518268442,0
-12,3,31.6271648650686,4.34524756555705,0
-11,3,27.7255684129485,1.94532813694801,0
-10,3,23.2458354677281,2.35439148251829,0
-9,3,29.0426770094296,4.97884410591823,0
-8,3,24.425651838554,4.73381268896851,0
-7,3,21.7877478254731,0.919000192523798,0
-6,3,24.3235948263,3.35236438877637,0
-5,3,30.0271936038683,4.06672094843085,0
-4,3,27.2389674591795,2.081354599788,0
-3,3,35.9922138599662,4.73206629727647,0
-2,3,39.7252858564404,4.33787395419279,0
-1,3,36.2384295577546,4.90745521100864,0
0,3,43.6488559387449,8.89939384685038,0
1,3,38.0757072049322,7.23366226041269,0
2,3,37.4128081544671,8.8364759519087,0
3,3,37.13199269717,8.87894188745635,0
4,3,33.5349915421932,9.21422781229417,0
5,3,28.1612702491376,7.03949260633391,0
6,3,24.8637501698693,5.96929207594949,0
7,3,22.9068848141288,4.10872359207206,0
8,3,23.2680109521014,5.36714097320445,0
9,3,23.6790754429527,4.35796622093142,0
-40,4,8.32816375052872,-0.341484058825823,0
-39,4,2.86393353097586,-2.05096043562099,0
-38,4,4.9937388333614,-2.93257661705363,0
-37,4,3.39829929843533,-4.81936960832181,0
-36,4,6.54126945202663,-2.54757801789772,0
-35,4,4.74370559469667,-2.72660173040861,0
-34,4,2.05976767870963,-3.59469774232599,0
-33,4,4.29359764109262,-2.54420901337536,0
-32,4,4.15757214977124,-2.3588314594484,0
-31,4,7.95735125723175,0.0167494878085661,0
-30,4,9.60186611770439,0.129534897467268,0
-29,4,12.3402199180147,0.437687961907717,0
-28,4,6.26923607375108,-2.78058798548288,0
-27,4,14.3165291069784,1.08877016759217,0
-26,4,18.5876911444509,0.456423038597754,0
-25,4,15.9973703855229,-0.415083689091092,0
-24,4,18.2003665229965,1.58457866261076,0
-23,4,21.6785544603502,3.77883191042957,0
-22,4,17.1975145206037,2.54946437913409,0
-21,4,16.394791810573,1.49399832589257,0
-20,4,20.2445644959701,3.30236493339669,0
-19,4,11.8456842327158,-0.248648599447466,0
-18,4,11.9586261428943,0.326998709648396,0
-17,4,13.5011623089135,1.75817286347653,0
-16,4,18.7179549958251,2.10436405473596,0
-15,4,26.3370611668955,4.59039819603686,0
-14,4,25.3331731155976,3.05524189716726,0
-13,4,27.5441824912486,3.19351672063579,0
-12,4,26.2386239415058,3.44709696700078,0
-11,4,22.0723643271907,-0.291849696116021,0
-10,4,17.1749061576473,-0.225504548657087,0
-9,4,21.1734005458516,0.928822327694448,0
-8,4,17.9661194915003,2.14854484589551,0
-7,4,18.2976307996211,0.651956417588887,0
-6,4,17.7532579895709,0.420591596972046,0
-5,4,25.2886462973477,3.15756535586944,0
-4,4,21.493363437205,1.03493075967658,0
-3,4,28.966290718362,3.0550152479479,0
-2,4,32.4882249479379,2.26709780335668,0
-1,4,27.4213654222432,-0.358235544767461,0
0,4,31.9848940294504,1.64224462354482,0
1,4,26.3248971034112,1.06237362449499,0
2,4,25.9745466262032,1.87539961596904,0
3,4,27.9374824148811,4.46863077674674,0
4,4,24.1229237266564,4.71232439647222,0
5,4,21.8059444302064,5.55061113555401,0
6,4,18.606837881358,4.6246983214923,0
7,4,16.5418398031742,2.39262207638462,0
8,4,18.3232513758408,4.03163080822046,0
9,4,20.2325153296239,4.5009339209973,0
-40,5,5.60790683847706,0.506553843626628,0
-39,5,5.31581380442857,0.430093815299728,0
-38,5,7.48515171944727,1.45434859227866,0
-37,5,8.26055716389115,1.39343097771658,0
-36,5,7.811380985842,1.41076960657836,0
-35,5,6.82165954237817,1.68650238381288,0
-34,5,7.20988824091833,1.46542136044749,0
-33,5,7.89703010722649,3.29333346867445,0
-32,5,9.14021804254828,2.23376686104899,0
-31,5,8.43907960845098,2.54598957685655,0
-30,5,9.64901543772957,1.46364750690564,0
-29,5,10.1778625169503,1.06378570107043,0
-28,5,8.31080168906441,1.33452288011106,0
-27,5,10.3083595834631,2.99613286942801,0
-26,5,14.3546484303553,2.1664030614528,0
-25,5,13.5320113304047,2.35414344615564,0
-24,5,12.7320983694484,2.76224785512762,0
-23,5,11.1189600584968,1.47297901219781,0
-22,5,9.36517764457918,-0.545350199607442,0
-21,5,8.59913744526254,-0.142126604377339,0
-20,5,12.7653955916381,0.668893996665105,0
-19,5,9.09426339893211,1.29781509632548,0
-18,5,7.5765514354911,0.0979775369887274,0
-17,5,6.30653275437927,-0.907487406582765,0
-16,5,11.1433358878635,0.778024904148709,0
-15,5,13.1870217362103,0.938078905040491,0
-14,5,13.971522694471,1.30051262826306,0
-13,5,14.0268939838592,0.0561077855188442,0
-12,5,12.9336338343015,0.411325645324032,0
-11,5,14.3908693428477,0.169349712620872,0
-10,5,10.5710903997421,0.729696091599338,0
-9,5,14.9269478262731,2.93454377872201,0
-8,5,11.1728885173351,2.14379067285782,0
-7,5,14.2908437915089,3.93414656655418,0
-6,5,13.911195142979,3.88664716360738,0
-5,5,15.305669313363,3.53296133239989,0
-4,5,15.8996907983216,3.91367804078513,0
-3,5,17.5438565598095,3.6898473078877,0
-2,5,20.612157316348,3.460982920459,0
-1,5,16.6479722110862,1.9506395644326,0
0,5,18.4755686608217,2.33966483579303,0
1,5,15.7076415954744,1.58796592794369,0
2,5,12.9598604476402,-0.0766594303322488,0
3,5,12.3540643428988,-1.03734387503977,0
4,5,10.1868032964076,-1.07703807239203,0
5,5,6.45587996332662,-2.15861159953121,0
6,5,5.28305128311661,-3.82046480413016,0
7,5,6.28599011848309,-3.90858162177667,0
8,5,6.97387917066012,-1.18443752503115,0
9,5,7.94965346435023,0.047359843998614,0
-40,6,10.4403461893443,1.07457381546141,0
-39,6,6.87097914352353,0.417069865693608,0
-38,6,8.39332434200401,0.269522265418465,0
-37,6,8.44977317124324,0.122823421806159,0
-36,6,10.9193960009507,1.55348699751379,0
-35,6,7.16967973641376,0.482478424678687,0
-34,6,4.75764316107571,-0.715941258759782,0
-33,6,8.95646070710087,2.18767916332627,0
-32,6,5.33245180998246,0.724116470534375,0
-31,6,8.42075991376405,1.27902729346186,0
-30,6,6.85657477356689,-0.765201756560025,0
-29,6,11.4383622456933,0.305159186607534,0
-28,6,8.76335918193334,-1.07764095312617,0
-27,6,17.5296726489388,3.44209300733765,0
-26,6,19.7440471406042,2.32417665819916,0
-25,6,17.2630190051542,0.482251288472381,0
-24,6,19.3952179377552,3.19412866209845,0
-23,6,21.6195154179355,3.69736051446569,0
-22,6,15.614130354967,1.34804363974109,0
-21,6,14.1862984807265,1.63097783366601,0
-20,6,17.5728718916454,2.7791048169443,0
-19,6,7.15710003018061,-0.679399983607,0
-18,6,10.2743806362987,1.47968947314905,0
-17,6,13.3173040360932,3.85049882965956,0
-16,6,16.7932433695279,2.99404852534426,0
-15,6,27.8438576924793,6.85327865304106,0
-14,6,26.6855055245351,6.65084922602657,0
-13,6,28.8924056490508,6.50956314485064,0
-12,6,28.3247840393808,5.87451686932912,0
-11,6,20.5892048178317,0.979119014009841,0
-10,6,17.1914945771083,2.62706267055949,0
-9,6,24.2054321018641,4.93439482041156,0
-8,6,18.6763358341366,2.93189490895575,0
-7,6,17.9828425515601,2.09069223707825,0
-6,6,21.1984067818645,5.53753168807372,0
-5,6,25.4727783494951,6.11993503326389,0
-4,6,21.271706737225,4.53620833822732,0
-3,6,28.9261720180143,6.9904051427108,0
-2,6,34.427211766726,7.82804818963715,0
-1,6,30.0422801265797,7.68671671724752,0
0,6,35.8990884854146,8.68550049749826,0
1,6,25.783472704569,4.36852646832865,0
2,6,26.5781594549487,5.09292538503266,0
3,6,28.8466976782001,5.94309965194851,0
4,6,24.8407905106534,6.32054129077312,0
5,6,22.0042270055542,6.5766933872566,0
6,6,19.888084661996,5.36892366565475,0
7,6,16.3071731857498,2.80322604430954,0
8,6,19.9575182916099,4.68708944970115,0
9,6,22.0502718883631,5.40080727615681,0
-40,7,10.518965993569,1.92276804102076,0
-39,7,5.23682122621516,-0.620318040519673,0
-38,7,3.95704583713049,-1.67108311438579,0
-37,7,5.54266749612544,-0.518335573344007,0
-36,7,10.2550492954528,1.83986210462916,0
-35,7,7.75453812641664,1.664348336814,0
-34,7,8.35366560885155,0.758168687599509,0
-33,7,10.4002628568388,2.14443433650067,0
-32,7,7.37316706427131,0.459656953283459,0
-31,7,9.9918131875491,0.316192062596682,0
-30,7,9.64054741260535,1.02535696955606,0
-29,7,14.3892246207444,2.25933855476103,0
-28,7,8.80901710873856,1.20824843595767,0
-27,7,16.0941396190223,6.4853603550484,0
-26,7,17.0148457250806,4.60478602290492,0
-25,7,13.1016359388304,3.33388457472841,0
-24,7,11.2038362534859,0.883598787926878,0
-23,7,15.6048510982824,3.82208892980638,0
-22,7,10.0638822034676,-0.264071998409142,0
-21,7,12.3879964638473,1.81051014285702,0
-20,7,17.8981124653136,3.14863732315857,0
-19,7,9.6000711018248,2.26393574412713,0
-18,7,10.8002345681466,1.65664227632118,0
-17,7,11.4617907409671,3.04981089297849,0
-16,7,15.4161875807657,4.17126051327591,0
-15,7,25.151733421856,8.7829675950057,0
-14,7,20.1865559951611,6.3089417989337,0
-13,7,21.9730951062849,6.58439089583585,0
-12,7,21.9968750577122,7.65086493876431,0
-11,7,18.3896258843632,3.97917200671985,0
-10,7,15.3082069387634,4.27814522576047,0
-9,7,22.9537545825524,7.88696438920007,0
-8,7,21.4136027741838,7.42057383596257,0
-7,7,16.12041639131,4.5616691552503,0
-6,7,21.2779473971309,7.56222582041779,0
-5,7,25.5726821990653,9.66513128712844,0
-4,7,17.8519107245226,5.25794745947605,0
-3,7,25.8922917017447,8.11561456911608,0
-2,7,28.1709462182604,9.24467322207715,0
-1,7,22.9972851696766,7.44312126172825,0
0,7,28.4778848843518,9.04146993924277,0
1,7,23.7861217173879,7.92332516080756,0
2,7,25.7701119704844,9.25426286149353,0
3,7,28.7471541765919,10.3528497596296,0
4,7,27.0633530422502,10.7161109735289,0
5,7,24.1279155190223,10.3231735546364,0
6,7,25.7839090682957,12.1641444198754,0
7,7,25.6978203635104,10.8990230101167,0
8,7,27.3730366370367,14.530301912925,0
9,7,27.5191216275728,14.9223088920736,0
-40,8,9.58012572305263,2.52401140419305,0
-39,8,4.33163177562547,0.422525688900925,0
-38,8,4.08065490555871,-0.216494934161854,0
-37,8,4.21404715737019,0.120482599648146,0
-36,8,7.9684338776446,2.11738013460914,0
-35,8,6.33500240064829,1.77006835639438,0
-34,8,5.60619481186952,0.973141644406996,0
-33,8,7.92381544633704,2.55740644592163,0
-32,8,3.85217579144334,-0.155022159354116,0
-31,8,8.72174521772653,1.14861198784971,0
-30,8,6.94394439289251,0.995728029611815,0
-29,8,11.2467873899841,2.09330605362497,0
-28,8,7.40232707679196,0.963033486608298,0
-27,8,13.9111696922882,5.53438172634191,0
-26,8,13.5453873300152,3.60456706991133,0
-25,8,12.8496275858413,5.20198150509588,0
-24,8,15.0350059017232,5.98586081743435,0
-23,8,17.1411810924132,6.98583981246134,0
-22,8,16.1259383160305,7.98995781743979,0
-21,8,13.1410845068678,5.17833399025287,0
-20,8,17.9665437052585,5.70419505588339,0
-19,8,7.55169736286042,2.68359712048442,0
-18,8,10.0665859329037,3.61753159957596,0
-17,8,10.9834675747906,5.28579454403235,0
-16,8,13.5356068853633,4.98002953399101,0
-15,8,23.1438293416414,8.7005893310197,0
-14,8,16.6443878319938,5.79062020492505,0
-13,8,16.5159918265736,4.10014277076548,0
-12,8,16.778942770926,4.88650022544629,0
-11,8,13.4171800240739,0.957916083097258,0
-10,8,8.73536623445827,0.448155455303414,0
-9,8,15.8582228871601,2.61858777714029,0
-8,8,13.8443553910748,2.3834392084851,0
-7,8,11.9707687506919,1.62137440635966,0
-6,8,14.1428266571888,3.173971667877,0
-5,8,18.1724819965344,6.04086082712964,0
-4,8,12.3234396459095,3.17277858465009,0
-3,8,20.4598490503738,6.92128529994606,0
-2,8,23.3843311458797,7.72904451729696,0
-1,8,19.7861506279337,7.59130428809719,0
0,8,25.9361133334867,9.75387648929664,0
1,8,19.0260012276551,7.59933012485713,0
2,8,22.4912031741107,9.61063470894152,0
3,8,25.3681892673807,10.3219931624754,0
4,8,21.9118343401535,8.40193188566634,0
5,8,17.8795899085627,6.60058466087056,0
6,8,19.229469108381,7.65980831753375,0
7,8,17.3091810575081,6.06386515171062,0
8,8,17.2517889791589,7.31412651800966,0
9,8,19.0583082264032,8.21448363167783,0
-40,9,4.43361937504288,2.69265343667075,0
-39,9,2.96951298183498,1.20630518026539,0
-38,9,2.25288761454596,-0.157053882307815,0
-37,9,1.06888825310252,-0.6210188102278,0
-36,9,2.44992892820532,0.308180486211307,0
-35,9,0.366972341835748,0.881570444297024,0
-34,9,1.43103727198341,-0.0736011115394519,0
-33,9,-0.487155551701233,-0.30512458653002,0
-32,9,-1.08281574399404,-1.15196353701862,0
-31,9,-0.97371122266519,-1.89409684494307,0
-30,9,-0.9663880965284,-2.43583997732746,0
-29,9,2.8711529693353,-1.44993501115566,0
-28,9,1.35807262739736,-0.160208481074449,0
-27,9,1.43687248487692,-0.0176963461611513,0
-26,9,5.46482738879414,1.00756150674512,0
-25,9,3.54228463312479,0.0473727600716827,0
-24,9,2.6229369826356,-0.472464380698231,0
-23,9,3.19398399620329,-0.490915008208158,0
-22,9,1.05307095153442,-1.23302623642497,0
-21,9,-0.416074271524811,-1.49006900541832,0
-20,9,3.68764792165415,-0.976228178892422,0
-19,9,-0.577471633751731,-0.753160489351797,0
-18,9,1.52058846590276,0.219158956988618,0
-17,9,-2.29926010571487,-1.30387854166542,0
-16,9,1.96641774492681,0.157519396141926,0
-15,9,4.32286890664297,-0.0517216348847706,0
-14,9,5.02095762836654,1.10672522324158,0
-13,9,7.8065281384453,2.73122934716262,0
-12,9,5.03856440733829,1.09657609716013,0
-11,9,7.07345216586245,1.2353584367145,0
-10,9,4.72901293413494,1.6084748532774,0
-9,9,5.34529387511147,2.32833602778902,0
-8,9,2.67104119394978,-0.168644868162929,0
-7,9,1.3114777327972,-0.841672112017681,0
-6,9,0.515620370280813,-1.12961055345738,0
-5,9,1.87770555200244,-1.32813943028472,0
-4,9,1.24496849084752,-1.86126237165402,0
-3,9,3.91218202000085,-1.07249892101003,0
-2,9,5.06735896029188,-0.929061859765207,0
-1,9,5.9644591470282,1.10490702688608,0
0,9,5.948823115265,0.124888382005782,0
1,9,5.07254258819614,0.119630494318403,0
2,9,4.67158250184146,1.2237666229389,0
3,9,6.05909624042884,2.30354628194605,0
4,9,3.41220207916367,1.37328481787137,0
5,9,1.37582409804307,0.936062849028254,0
6,9,1.96393898222143,0.784699929940985,0
7,9,1.79998418924515,-0.442511754654935,0
8,9,-1.44503507854521,-1.13192401896667,0
9,9,0.676160125868537,-0.0349850389696279,0
-40,10,11.4197759862131,3.64508615717714,0
-39,10,7.82037370894622,2.57598869327323,0
-38,10,9.21823857772586,2.16261139290067,0
-37,10,10.6405129410593,1.72432471229983,0
-36,10,10.1460585613903,2.22378943454258,0
-35,10,7.32491973950807,1.53754242251367,0
-34,10,7.86839228178668,2.49804201792317,0
-33,10,5.87576938863439,0.787659388210555,0
-32,10,6.62611755557093,0.683987804409321,0
-31,10,7.04869664228251,0.0156447526329339,0
-30,10,7.17447673683007,-1.59467880589949,0
-29,10,10.9788696269109,-0.00540577812349996,0
-28,10,9.36678834231667,0.683033040690037,0
-27,10,13.1408408669959,2.14774914625343,0
-26,10,18.1218206652092,1.79659602210214,0
-25,10,15.8475035537941,0.902585912825938,0
-24,10,16.1116243941093,2.34267829069797,0
-23,10,17.0929276814748,2.56036879661124,0
-22,10,14.1336744710048,1.28796715620721,0
-21,10,14.7328592970368,2.65160785317334,0
-20,10,17.3149590560406,3.59960331637428,0
-19,10,9.6431086795267,0.465781695600961,0
-18,10,9.8548039395288,0.337836179639506,0
-17,10,9.67693676657321,-0.113732367497154,0
-16,10,15.2166559188346,1.5664842478272,0
-15,10,17.4979842070879,1.49114207274457,0
-14,10,19.4600116353481,1.90181004700727,0
-13,10,20.9561388438131,0.69403464618108,0
-12,10,16.4716815939096,-1.185214476508,0
-11,10,14.3253319604351,-4.28960626908097,0
-10,10,9.19428974264931,-4.11726166284992,0
-9,10,16.6507043391947,-0.512282711696535,0
-8,10,10.3108954022182,-2.10875766676895,0
-7,10,11.2371493876158,-3.17001235827162,0
-6,10,9.35929799707272,-3.85514860088212,0
-5,10,15.0830573028252,-0.994122729094338,0
-4,10,16.5812596419938,-0.816219246691182,0
-3,10,19.6637166319753,-0.697637009562451,0
-2,10,24.4122810117162,-0.0646244793826658,0
-1,10,21.2453970036805,0.132435044933183,0
0,10,23.5705076076204,-0.369323954685817,0
1,10,21.4462795060247,0.264084845841059,0
2,10,20.8878093833088,1.94135189252052,0
3,10,24.4114427599979,5.38538316250694,0
4,10,19.8979134867559,4.81892558142531,0
5,10,17.4966037862299,4.7943836751121,0
6,10,15.1821750186367,4.27586980734482,0
7,10,15.8871689735218,3.8397651715072,0
8,10,15.2723154268561,3.46997800525897,0
9,10,11.4304028059731,0.644893455634608,0
-40,11,15.2751887671728,6.59923531240091,0
-39,11,12.1720092339402,4.57778273696397,0
-38,11,11.7354089938586,4.10176636651418,0
-37,11,8.38882433365636,1.97443629356,0
-36,11,9.54886035154601,2.75896786761159,0
-35,11,7.88596876051831,2.9448209114179,0
-34,11,6.43055996516954,1.60909087160453,0
-33,11,9.43439066384663,3.99507508993142,0
-32,11,7.02733520688808,2.94548487169066,0
-31,11,7.81491755808856,2.71774818319605,0
-30,11,5.69855766284334,0.76190264269393,0
-29,11,11.2258969061931,2.14720790852913,0
-28,11,7.46785342837433,1.83945941888924,0
-27,11,13.1789895264967,3.42776726685333,0
-26,11,15.5634424073287,4.46256406864172,0
-25,11,13.979283003231,3.06136770836402,0
-24,11,12.5233926820511,2.64904035083548,0
-23,11,14.3081535555001,2.74862476221234,0
-22,11,8.92843027933574,0.2897961558394,0
-21,11,7.61191864116782,0.0581327019195905,0
-20,11,10.309498419697,-0.102797955440253,0
-19,11,2.3861002445531,-1.45457017405918,0
-18,11,3.39179584406231,-0.971013945824396,0
-17,11,5.37019254852121,1.07541872312424,0
-16,11,11.9433246331437,3.2987739937416,0
-15,11,18.4786646199315,5.15767700555366,0
-14,11,16.0051725882784,3.16403261135819,0
-13,11,14.7104023043472,1.22645673802318,0
-12,11,14.860328671434,1.34076850783733,0
-11,11,13.239881937936,-0.42047431349962,0
-10,11,8.73497750615333,-0.717304180524558,0
-9,11,11.4556031333662,0.519809488798915,0
-8,11,10.0154623629848,0.817565875960587,0
-7,11,9.69459832484505,-0.087173124916998,0
-6,11,11.6723163169351,3.02068630107637,0
-5,11,14.9846552103226,4.70166560642741,0
-4,11,11.4754399311773,3.50889433771081,0
-3,11,17.2723769937305,5.01346407293853,0
-2,11,19.803004280609,4.91265698944866,0
-1,11,16.6292322723055,4.11179920232894,0
0,11,22.4546570574654,5.71381041310168,0
1,11,14.8365488255218,3.41881836625875,0
2,11,18.1494804174509,5.94524225760975,0
3,11,19.8296415512274,6.90561348693952,0
4,11,16.0205468838015,5.07946710213416,0
5,11,15.3219235696506,6.10524791264904,0
6,11,14.1874696669839,5.26387032237225,0
7,11,13.0935866656162,3.96480559064291,0
8,11,12.0539134510798,3.34742317054346,0
9,11,10.7162303868212,1.25676657907931,0
-40,12,3.69259451696798,-0.657419656978684,0
-39,12,1.53744721320633,-0.432227022875087,0
-38,12,3.24960756390207,0.196322442769348,0
-37,12,2.40760550977732,0.47443988198188,0
-36,12,6.22233106499775,2.72575144730901,0
-35,12,3.39985981451913,2.591839175549,0
-34,12,3.16251250227397,1.00889699835798,0
-33,12,5.45064610116365,3.43818660100481,0
-32,12,4.44310656673918,2.30062433996879,0
-31,12,8.77784524667254,3.22558523825555,0
-30,12,6.362304588634,2.48346862665743,0
-29,12,8.76090602577213,2.29751374829819,0
-28,12,2.94183033948298,-0.368429243240001,0
-27,12,8.33767015885712,3.1315445104483,0
-26,12,7.65828439499911,0.753875870337532,0
-25,12,4.68235635747837,-0.895593877885464,0
-24,12,6.68526332895597,0.32227794276911,0
-23,12,7.41192361942504,0.959782442451268,0
-22,12,4.48748770025217,-0.836802837809483,0
-21,12,4.28113724410267,-0.33715405517685,0
-20,12,8.17278370504534,0.453790529067723,0
-19,12,-1.97020427928454,-4.20456905756863,0
-18,12,-0.483202932432786,-3.72009843507577,0
-17,12,0.0948184283740213,-2.07347435726463,0
-16,12,4.61435120631421,-1.29368448486867,0
-15,12,12.5119426470501,1.98004692145297,0
-14,12,11.9388633404811,3.77574982346891,0
-13,12,13.8733867299039,5.00944520533628,0
-12,12,15.510725254136,5.64537451141431,0
-11,12,12.5936441165014,4.19938971164011,0
-10,12,7.89178780217169,3.76555266648086,0
-9,12,14.4571208452084,5.34395679916566,0
-8,12,12.6601326831535,4.96642103131971,0
-7,12,9.2318301971234,3.19826846897656,0
-6,12,14.519260885797,6.79516715991723,0
-5,12,16.6598849682235,7.89768116487528,0
-4,12,11.5142551980291,5.5570836128553,0
-3,12,15.1683419241052,6.56460015267023,0
-2,12,17.6187360563803,6.90385131308963,0
-1,12,13.0335248472302,5.57725993999993,0
0,12,20.156899497304,8.73465848307422,0
1,12,14.0559173380217,6.10714801777614,0
2,12,16.7708247100091,7.85145520862905,0
3,12,20.0978341288198,9.17144649581535,0
4,12,16.7413273174032,7.8059171979317,0
5,12,16.3611612195358,8.77689312551046,0
6,12,18.2312149349048,10.2560651847747,0
7,12,16.7318666291751,8.59229350927396,0
8,12,18.0340729922571,10.1670768859125,0
9,12,17.8604095695512,9.28117175333651,0
-40,13,1.00015287394675,-1.15738695668889,0
-39,13,-0.587780592850678,-1.46627204113756,0
-38,13,-0.658965007153888,-2.09309414934362,0
-37,13,1.85346768069622,-0.96590340635667,0
-36,13,2.21204974050927,-1.52391453452795,0
-35,13,2.12800577076507,0.128276061856062,0
-34,13,4.33843842993758,2.0403927216325,0
-33,13,5.93508392030733,3.03155563019563,0
-32,13,4.05674681978658,1.01503535173071,0
-31,13,7.27160021293871,2.64276367858215,0
-30,13,7.79450634989916,2.97430423594244,0
-29,13,8.73158791780183,3.0532311426405,0
-28,13,6.84653341549936,2.70912164502832,0
-27,13,5.87283843104573,3.3276062197403,0
-26,13,10.2410641301583,3.55835797869604,0
-25,13,6.71504414217661,2.00406608118568,0
-24,13,5.93892450114072,2.37828738334145,0
-23,13,6.48288159747383,1.91763338953403,0
-22,13,8.266357194883,3.3155585967902,0
-21,13,9.97548140474128,3.62116799365913,0
-20,13,10.5824829822901,1.36596135643719,0
-19,13,5.48424816152976,0.128713865172295,0
-18,13,5.90725909977431,0.425377117880229,0
-17,13,6.80283063233946,3.05221846372546,0
-16,13,8.63885323428596,2.84859758955232,0
-15,13,10.9516093486857,3.75286443608662,0
-14,13,12.3744041529817,5.20711817908064,0
-13,13,12.721349030285,5.56925626691884,0
-12,13,10.7156982062621,4.66500744236018,0
-11,13,13.023626401835,4.5289001849573,0
-10,13,9.02702275447664,4.52138717536459,0
-9,13,13.7255081848066,5.8458149427995,0
-8,13,12.5705562345317,5.98404085704916,0
-7,13,12.0291724799215,5.75621875214452,0
-6,13,11.746952549651,6.02231551742953,0
-5,13,12.8959367450035,5.27231371229798,0
-4,13,11.0646695322399,4.34860925005542,0
-3,13,11.9793057792213,4.04912338818341,0
-2,13,14.0795604730701,3.55592013417237,0
-1,13,11.3268513523857,2.70813181635391,0
0,13,14.4703923464376,4.41044093447966,0
1,13,12.615031613092,4.378651418343,0
2,13,11.1981818654548,3.40345032830031,0
3,13,11.7803038071675,3.9774392697282,0
4,13,9.04503359751869,2.67681101994232,0
5,13,6.8501733737084,1.09795472108203,0
6,13,7.72283416053184,1.83095563885317,0
7,13,6.53101695693558,0.160221351142154,0
8,13,3.67596638875317,-0.834375993898575,0
9,13,3.34624090899102,-0.367576770491161,0
-40,14,10.9136936261234,1.91740085490484,0
-39,14,4.32020805555766,-0.972903748015963,0
-38,14,3.91272794839181,-2.24629375990058,0
-37,14,5.93522686430853,-1.69825073745807,0
-36,14,10.2509180616316,0.499707643667358,0
-35,14,6.94185199895685,-0.557118127056275,0
-34,14,6.54477340481667,-1.48189068408913,0
-33,14,12.1999316617917,2.15587244544129,0
-32,14,9.667068524912,-0.799480217229254,0
-31,14,13.6805375336329,1.93799989075423,0
-30,14,14.3775949705064,2.69712488373156,0
-29,14,16.1938023903715,1.79458778422424,0
-28,14,10.0224734279417,0.138705076076039,0
-27,14,18.1554498577519,4.96579943816741,0
-26,14,20.0822489264759,4.26766950153913,0
-25,14,15.8757020023007,1.48165590267928,0
-24,14,19.234307835557,3.01127798201793,0
-23,14,21.7577241121914,4.36076594999008,0
-22,14,17.5680416128263,3.16310535331248,0
-21,14,17.8779665412549,2.71209780863692,0
-20,14,21.7247061011797,3.18854354563997,0
-19,14,12.6657884482449,-0.445109997028175,0
-18,14,13.2853785973608,-0.611880340546576,0
-17,14,12.4392457547715,-0.365575657295368,0
-16,14,18.2677375393222,0.491548666694779,0
-15,14,28.1031504059781,5.12234094342446,0
-14,14,23.8912643646818,2.80645590286119,0
-13,14,26.4987408128766,4.11198222171935,0
-12,14,28.1348187165487,5.56000529450215,0
-11,14,23.4112980893785,2.62302134242155,0
-10,14,20.6086121210927,3.51022734548973,0
-9,14,30.5104335479058,7.74923242700499,0
-8,14,26.8200818817622,7.00584780816702,0
-7,14,22.820137337761,5.06410973814619,0
-6,14,26.5423337117092,7.683014525062,0
-5,14,34.9959912729094,10.8979109965868,0
-4,14,28.5964015992792,6.4535311742562,0
-3,14,33.725738476605,7.41387968320874,0
-2,14,35.4578477534033,7.12491888893322,0
-1,14,31.4747196209064,5.73382852970311,0
0,14,35.0292495388565,6.79213474558225,0
1,14,27.1077376569884,2.99858307823285,0
2,14,27.8209532315744,4.29721021527295,0
3,14,30.6117561901821,4.95165818778583,0
4,14,27.8616040024635,5.74390842606236,0
5,14,25.6891399089944,6.36750947804954,0
6,14,25.7615108118483,6.51027346440427,0
7,14,20.7432761872214,2.562281926476,0
8,14,23.7807713282238,6.13658120178454,0
9,14,24.1717295506454,6.11166947880763,0
-40,15,8.32664868062442,0.212449128986374,0
-39,15,4.54330584139341,-1.45782117622128,0
-38,15,5.42540351432886,-1.70424587207927,0
-37,15,3.43175645275287,-2.73467359707912,0
-36,15,4.19933226493719,-2.14329744123992,0
-35,15,2.81646968088146,-0.768188140916561,0
-34,15,2.80936579006851,-1.82149169027785,0
-33,15,4.44880556768132,0.692776447958175,0
-32,15,2.44829358755686,1.53609041997532,0
-31,15,6.53460958305622,2.5998030296017,0
-30,15,4.77323910185192,1.53896102889335,0
-29,15,9.94868550659896,2.88301841735357,0
-28,15,5.4951665056832,1.22073477008185,0
-27,15,14.0881201994941,4.53294599993498,0
-26,15,16.516871602154,3.54309400656603,0
-25,15,12.6697068450907,1.1717499945555,0
-24,15,11.3761842827808,0.793790150433253,0
-23,15,11.7355275327168,0.54570416711254,0
-22,15,8.44320930573365,0.192725906426513,0
-21,15,5.22300774106828,-0.867799879568199,0
-20,15,11.8669965074625,2.49866355979839,0
-19,15,3.45006609553569,1.14313477104535,0
-18,15,7.30567931182733,3.55157621557689,0
-17,15,7.75599893053737,4.55074217762329,0
-16,15,10.0396403776111,2.5132002287906,0
-15,15,18.1957455683795,5.74128719817101,0
-14,15,16.6377147005309,4.3212467066187,0
-13,15,18.4841756748509,4.28394815282862,0
-12,15,18.9645145459996,5.14503386772154,0
-11,15,15.4170602552238,2.46063565843914,0
-10,15,10.7983955609544,1.89582271311275,0
-9,15,15.595546876447,3.50409817140887,0
-8,15,11.1120435250002,2.41794783855668,0
-7,15,8.97302237280559,0.81446686229184,0
-6,15,11.4795681090692,2.87263596653644,0
-5,15,14.4475039191134,4.6614586696381,0
-4,15,8.78479470847464,0.476383284622333,0
-3,15,14.9836976553763,2.42664484804812,0
-2,15,17.1297104887192,1.81130633003916,0
-1,15,14.1584748871916,1.19831097570947,0
0,15,19.5852118622236,3.02425304772659,0
1,15,12.3847369788313,0.720823727394743,0
2,15,12.3327761855496,0.821500539678683,0
3,15,13.4813351455651,0.664868118860751,0
4,15,10.3582591452488,-0.203652031959876,0
5,15,8.15826692141777,-0.147153796932617,0
6,15,8.63632529674561,-0.38997364277963,0
7,15,5.78919232525791,-1.88858123403124,0
8,15,8.32951847056293,0.66977646238941,0
9,15,9.58041714975456,0.279858840547231,0
-40,16,3.08115450587004,-0.408978737585505,0
-39,16,0.232585446023507,-2.06135064612033,0
-38,16,-0.242779605236908,-3.44059743173059,0
-37,16,0.807334889379836,-2.71420975976692,0
-36,16,2.78856344286648,-2.21131065096759,0
-35,16,-0.292877264819479,-2.28321732266258,0
-34,16,2.26342550393259,-1.45683355813254,0
-33,16,1.22238987790834,-1.59697848936256,0
-32,16,1.36236596441548,-2.04419531801493,0
-31,16,2.03760302707288,-2.3022364137385,0
-30,16,1.18931224823015,-2.79548366907443,0
-29,16,5.26632960209682,-1.05346181044743,0
-28,16,3.17697580853609,-0.604459606354166,0
-27,16,6.33203727119043,0.893260914016016,0
-26,16,7.99398381716343,-0.222205382299714,0
-25,16,7.92529143172859,0.753314230673579,0
-24,16,8.12760306194349,1.48849980847231,0
-23,16,9.11801813127581,2.07495214900299,0
-22,16,6.39053126670256,1.12328394384736,0
-21,16,6.8177980258377,0.965465008470581,0
-20,16,9.21194011123237,0.408637441990673,0
-19,16,5.6980630139119,0.60242812413394,0
-18,16,5.95184446308111,0.826724918023162,0
-17,16,6.86172851912563,2.55630325926645,0
-16,16,8.92325050518334,2.6043511953039,0
-15,16,17.2521387477776,6.3090679313115,0
-14,16,14.4538105995707,4.8261552984919,0
-13,16,14.9102268347042,4.64711235796299,0
-12,16,14.3072258693545,5.29316080884735,0
-11,16,14.5270012685711,4.99967914349594,0
-10,16,12.2179253489895,5.37142896220814,0
-9,16,18.4115390584321,8.89485226577455,0
-8,16,16.2952280610292,8.12849943817193,0
-7,16,15.1275283179727,7.64652575672498,0
-6,16,15.044803002767,7.07556111743584,0
-5,16,18.4788039459024,9.16482420348959,0
-4,16,15.0117522904926,6.70918014851348,0
-3,16,20.055005609939,8.91116088668552,0
-2,16,20.2722394486087,7.21775890870817,0
-1,16,17.1312399380168,5.64436598523092,0
0,16,20.5486852620796,7.82607463923774,0
1,16,15.5587867673852,5.28718353550241,0
2,16,15.7179023512145,5.97977083643958,0
3,16,16.2765785308881,5.85162934675512,0
4,16,14.4459029331009,4.29360899276912,0
5,16,10.1270365872674,3.26180365385799,0
6,16,9.44847658511462,2.3261263530336,0
7,16,7.78246842612408,-0.00182162464095104,0
8,16,8.30736488913495,1.52926343226541,0
9,16,8.4696987797834,0.925585912255057,0
-40,17,10.5256195705792,2.98940333662333,0
-39,17,5.12429493430419,0.862836385167961,0
-38,17,6.22815878867662,-0.0951554271725109,0
-37,17,6.79854042242403,-0.898630424253696,0
-36,17,8.88647680202244,1.22190048434095,0
-35,17,7.71257263445961,0.745684803301438,0
-34,17,5.88787047299586,-0.406892260707612,0
-33,17,8.84256792836068,2.28201585966236,0
-32,17,8.75116271155506,0.939092540207187,0
-31,17,10.7466321279275,1.97045112989817,0
-30,17,11.4914594910072,1.27601199620959,0
-29,17,14.329440400074,3.03104927962013,0
-28,17,11.0076852608515,2.44980447335931,0
-27,17,16.8784845874571,5.57144431276374,0
-26,17,21.8328012817746,5.57429089465324,0
-25,17,19.8357871600787,4.97546381457355,0
-24,17,20.0855477781483,5.05174808085726,0
-23,17,21.7623298780576,5.62473826475715,0
-22,17,17.8134735346828,4.14067827189268,0
-21,17,19.086921597976,5.10792021572066,0
-20,17,19.095966106083,3.49883518277828,0
-19,17,13.4083457475509,0.781989730191788,0
-18,17,13.7950892155694,2.06737453781559,0
-17,17,13.9744217118907,2.53308020351229,0
-16,17,16.5265258900177,2.04098854653087,0
-15,17,24.2810192052887,4.33522176787404,0
-14,17,24.5079994789767,4.07909095579901,0
-13,17,24.0056333926311,2.6011112902188,0
-12,17,23.3444368399234,3.23483805891486,0
-11,17,23.304988522105,2.53165424380261,0
-10,17,18.2312253569681,2.47589110278164,0
-9,17,23.3960778775837,4.09686813647714,0
-8,17,19.837688732892,4.02094965604712,0
-7,17,17.78289211225,0.396921098647157,0
-6,17,19.3906192912291,1.89904515150045,0
-5,17,22.9068218471955,2.51489098908967,0
-4,17,19.8457207717345,0.0801449229168858,0
-3,17,26.1957542491489,2.47345466544584,0
-2,17,30.6413991628675,3.80331112779442,0
-1,17,26.0704167929946,1.11943872162752,0
0,17,32.4069777160139,4.9696043878265,0
1,17,28.8312248756037,3.51317485434271,0
2,17,26.2563178741395,3.77624822888593,0
3,17,27.8577738290753,6.21289325818698,0
4,17,24.0884381324365,4.84466250164486,0
5,17,21.402237806379,6.14711325559335,0
6,17,20.4006945513282,6.08995482857427,0
7,17,18.3227437609729,4.0682005081062,0
8,17,20.9727070394178,7.37420562284035,0
9,17,22.1454558943786,7.77986426327319,0
-40,18,4.08660860536474,1.33715331653671,0
-39,18,4.51890269358252,1.85764096316111,0
-38,18,4.22907088547719,1.16239958791008,0
-37,18,2.40293167241118,-1.36295932921369,0
-36,18,1.52138969859249,-2.34100589549747,0
-35,18,1.36738436304795,-1.32904238294608,0
-34,18,1.52975099092936,-0.775265227235825,0
-33,18,2.1132631155608,-0.676918930667302,0
-32,18,4.11739580925133,1.10453010628384,0
-31,18,4.48081398087965,0.333388751492513,0
-30,18,3.69041436558216,0.115749516712676,0
-29,18,5.81888415018469,-0.53093479076621,0
-28,18,3.40857420659553,-0.600773805397771,0
-27,18,5.41414935294851,0.453018292102313,0
-26,18,6.88452035554891,-1.1188992520773,0
-25,18,6.03563638259736,-1.10662145880839,0
-24,18,5.378644613859,-1.54641099444924,0
-23,18,3.46179872425854,-3.10411678453521,0
-22,18,2.86017788137134,-2.95978068949118,0
-21,18,4.52286900724802,-1.92984999314153,0
-20,18,7.48981338106622,-0.693228995708831,0
-19,18,3.82465097903767,-0.184685016552845,0
-18,18,5.62154713657484,0.336366531521842,0
-17,18,3.16236963295442,-0.108262584710242,0
-16,18,6.20254893312813,0.0447245258746828,0
-15,18,7.18570321229332,-0.455262795950942,0
-14,18,5.71190663334969,-2.37614333877585,0
-13,18,5.28669033602104,-3.05440328918276,0
-12,18,6.62978356423123,-1.82591213497558,0
-11,18,7.68184165981462,-3.0074014731887,0
-10,18,2.43868764752751,-2.75087478299179,0
-9,18,6.6835770608853,-2.07111233811553,0
-8,18,4.66797000558655,-2.32758821124074,0
-7,18,3.41858855557662,-3.06676555589697,0
-6,18,4.84736310507182,-2.4657617018321,0
-5,18,6.14546645721954,-1.54271238144141,0
-4,18,5.81232886185257,-2.04561969133308,0
-3,18,8.22009364049649,-1.65030914749549,0
-2,18,11.6676324189477,-0.0775834991058908,0
-1,18,9.96835558540961,-0.0974314506028502,0
0,18,12.1324094703965,0.177128639902085,0
1,18,9.26597254899846,-0.854792858811803,0
2,18,7.81703701925797,-0.932316776320656,0
3,18,8.32638033842094,-0.772726641769327,0
4,18,8.46307022881503,0.538986315842318,0
5,18,4.52774209451168,-0.64005479779964,0
6,18,5.56241035249062,0.132475515618858,0
7,18,6.850416486739,-0.0350188707826605,0
8,18,5.84967008508327,1.2686128203428,0
9,18,6.11759136761619,1.12561838527205,0
-40,19,9.26348201250514,0.815210364174206,0
-39,19,1.75574916744251,-2.9172967849768,0
-38,19,0.255133057042198,-5.20055343304768,0
-37,19,1.40432325985085,-4.43653394516053,0
-36,19,6.81646024383624,-1.49419559777314,0
-35,19,4.27908493174403,-1.26043410434078,0
-34,19,3.26310558548893,-2.40343478685508,0
-33,19,8.06958172823273,0.123318632976823,0
-32,19,5.65204748353792,-0.873998662359639,0
-31,19,11.0792049283247,1.18405853923923,0
-30,19,7.92924048356671,0.152939730845881,0
-29,19,11.8452978913668,1.73581711301647,0
-28,19,6.99010814473804,-0.115250757126249,0
-27,19,13.3267669523805,3.47286185735366,0
-26,19,13.9014515320686,2.53329438509349,0
-25,19,11.6345490787631,2.06748022743015,0
-24,19,11.8792550259115,1.62890981573975,0
-23,19,17.5144398341556,4.68102851954054,0
-22,19,12.9316619599136,2.49605596661569,0
-21,19,11.5067270535424,1.31434949308007,0
-20,19,18.4871368141129,4.71404720204774,0
-19,19,9.36141853669264,1.3974685889754,0
-18,19,11.0514914631364,2.74444943675842,0
-17,19,12.2970533094951,4.34209491263293,0
-16,19,16.2918144371928,4.93039682257992,0
-15,19,23.8020445226425,6.90674688918029,0
-14,19,19.9625360566351,5.67536107261056,0
-13,19,22.0749200132199,6.70318053605044,0
-12,19,23.0654898560361,7.13878365362284,0
-11,19,15.7839418087287,2.65289500183866,0
-10,19,14.0823850323423,3.0217236233755,0
-9,19,22.5466849562836,6.60690426079287,0
-8,19,21.5685976848275,7.23276249755315,0
-7,19,15.7280389896941,3.6912395994048,0
-6,19,18.4177436227808,5.29267635982901,0
-5,19,23.3175537101613,7.68933303445779,0
-4,19,15.3344723502196,2.89150360905258,0
-3,19,21.4656311960675,5.34022307010629,0
-2,19,25.9047302654636,6.14527685920918,0
-1,19,20.8623192309538,5.78140516179545,0
0,19,27.4749713474929,7.92638178231635,0
1,19,19.6180613794694,4.47778573573045,0
2,19,22.6525652507307,6.34100419215008,0
3,19,24.7424230037796,7.20818126598381,0
4,19,22.3114088295396,6.53667946694175,0
5,19,21.4574921217005,7.33376239752368,0
6,19,24.524862090002,9.98406173250195,0
7,19,20.6673835082711,5.84111797468781,0
8,19,20.8578442811345,7.27185394486421,0
9,19,20.5373601936157,6.75421241466157,0
-40,20,6.56107336780573,2.5756053915662,0
-39,20,2.73862967295653,0.907099091982785,0
-38,20,4.76803520979115,1.69547927201834,0
-37,20,4.51237644735499,1.18055449972002,0
-36,20,4.76347917545886,-0.140528130007268,0
-35,20,2.67005430565503,0.46741087191244,0
-34,20,1.16182506129105,-2.53637320613964,0
-33,20,1.05114636540333,-1.36437789622187,0
-32,20,2.83430582276422,-0.917156234388888,0
-31,20,3.40201679104921,-1.13716371170689,0
-30,20,2.30125305136475,-1.75190562494836,0
-29,20,6.56484025823627,0.191841017455055,0
-28,20,6.01915918259826,0.910348477278092,0
-27,20,5.15000738947556,1.40737868645835,0
-26,20,12.4903732911961,2.40023991753751,0
-25,20,9.39736732920246,2.48299886917996,0
-24,20,8.44070194709069,2.17358578226315,0
-23,20,8.03930787704936,1.46512304050154,0
-22,20,5.36315571962729,-0.218746225456446,0
-21,20,7.20265096897296,1.37694658204856,0
-20,20,10.499153634275,2.13033028527775,0
-19,20,6.98378515027477,2.26735215124328,0
-18,20,5.47162102980055,0.318018880235478,0
-17,20,4.75627019162736,0.647636799924048,0
-16,20,6.82247161280373,1.36834235553534,0
-15,20,11.0342812345864,1.97256089526531,0
-14,20,9.87358593361596,1.44408750070369,0
-13,20,10.8043431748095,1.75542775261099,0
-12,20,11.2288938829427,2.91037016128671,0
-11,20,10.3210818040532,1.37095003844641,0
-10,20,6.65660838404665,1.24639097251457,0
-9,20,8.07687492760931,0.0637567684488094,0
-8,20,7.11472715532046,1.17259609107713,0
-7,20,8.56364323947364,1.45879751737056,0
-6,20,9.5544316498401,2.70301012582423,0
-5,20,10.71694891463,3.3240961156229,0
-4,20,11.5851496684395,2.98206313645229,0
-3,20,14.1817989814118,4.17213240896239,0
-2,20,16.345355018875,4.00921072777031,0
-1,20,13.9905866290531,3.82784939995449,0
0,20,14.608467261261,2.78737516587472,0
1,20,12.1986936605566,2.24307859416022,0
2,20,13.6911554396765,4.68953656865562,0
3,20,13.5815197455581,4.30429516444368,0
4,20,9.96071338148734,2.6923986220618,0
5,20,7.92580075629738,2.06012836860634,0
6,20,8.47145619985318,1.39697843114437,0
7,20,9.17154563194214,1.6418275955624,0
8,20,6.68198976529044,1.3024378263618,0
9,20,5.93034432115673,0.953912273619014,0
-40,21,9.52591113316966,0.964539372371489,0
-39,21,5.33752570220381,-0.52955907789533,0
-38,21,8.23628634965498,0.127208509453913,0
-37,21,8.00367036935114,-0.172980060354967,0
-36,21,9.07613058613278,0.84691383675303,0
-35,21,7.59050801327757,1.50109879107661,0
-34,21,5.39045325760027,0.687540789242734,0
-33,21,10.3072646966445,4.23124781743057,0
-32,21,5.59177126115168,1.22230684067358,0
-31,21,6.33940403074242,0.198703889043332,0
-30,21,7.35083271926291,-0.224861222910475,0
-29,21,7.54380503243592,-2.36010179399209,0
-28,21,6.67414926135239,-1.60382250909246,0
-27,21,11.5068462339586,-0.468595149526933,0
-26,21,16.5225515169763,0.0107381673420179,0
-25,21,16.0542020402122,0.679528986422326,0
-24,21,16.1531005107239,1.13626980971974,0
-23,21,17.1670592678071,1.85280436141389,0
-22,21,16.0594848586395,2.12078010600058,0
-21,21,13.5111891524757,1.92126645699587,0
-20,21,16.4214476996964,2.76034477391599,0
-19,21,10.7246247159466,1.64842586892509,0
-18,21,11.4899897306,2.31313737588093,0
-17,21,11.1563601990574,2.12503781030338,0
-16,21,13.7652932059734,1.61836395263347,0
-15,21,21.5520084453515,3.54647197294246,0
-14,21,21.112757994499,2.47959085776642,0
-13,21,22.8893494222772,3.54024776195987,0
-12,21,23.1410720863288,4.24682444908038,0
-11,21,22.6117977140693,3.24862063381948,0
-10,21,19.6277864112121,4.03298675780881,0
-9,21,21.6121699130566,4.6992068908392,0
-8,21,17.3626074417674,4.0105841021946,0
-7,21,16.2470435012915,1.92842801319485,0
-6,21,15.5225812923224,2.50315042983725,0
-5,21,19.8385428431021,4.05453948934786,0
-4,21,19.6657955459354,3.82913110746001,0
-3,21,23.6847107540197,3.16894820654844,0
-2,21,30.3924251140578,5.12543757813578,0
-1,21,25.6833851538523,3.95252115917525,0
0,21,28.0849583546544,4.67842934636664,0
1,21,23.5857742616698,2.99050087337752,0
2,21,22.5391447169705,3.65197168471687,0
3,21,21.940836233409,3.57889417663971,0
4,21,19.287948074717,4.40698528208584,0
5,21,17.0231388840594,4.10058766539552,0
6,21,16.2375215341007,5.540818274774,0
7,21,15.4390607513157,4.83260375035572,0
8,21,16.7268718657311,6.23612246938448,0
9,21,18.4561560380497,6.29987246982536,0
-40,22,13.3619377249107,2.48354838217172,0
-39,22,8.86747572339613,1.54078752020067,0
-38,22,9.49225207630811,1.52640039461558,0
-37,22,12.1412921227426,2.86280159565018,0
-36,22,14.9593158008894,4.35424696669409,0
-35,22,12.5511610462953,4.14455065081345,0
-34,22,11.3140577278102,3.39114032107306,0
-33,22,12.9308191947229,5.27704283146276,0
-32,22,11.029981519417,3.53036522465243,0
-31,22,11.0035122047689,1.93521340384583,0
-30,22,8.30422129864563,-0.0220323331712515,0
-29,22,13.9045744064707,1.62336863350395,0
-28,22,10.2722032194692,0.651619123026665,0
-27,22,19.6807544457884,5.58558862049078,0
-26,22,20.2898820563594,3.94144741639852,0
-25,22,17.017048815407,2.48072872365847,0
-24,22,20.2328005523151,4.93229268958836,0
-23,22,23.1600236414208,7.32914655008139,0
-22,22,18.3296711364177,5.05875273377806,0
-21,22,15.5821957582919,2.374065867363,0
-20,22,21.7607206322625,5.18888603128967,0
-19,22,10.0019420807699,0.757651233403914,0
-18,22,12.1128471000874,2.55448036845736,0
-17,22,13.6094259183085,4.34389302682191,0
-16,22,18.9762791882813,4.86035778799965,0
-15,22,30.2325501430362,9.07704741166571,0
-14,22,26.1373187130552,6.37170295990217,0
-13,22,27.350977617169,6.26633960800009,0
-12,22,28.5922450733007,8.1997982610772,0
-11,22,23.0047752694298,5.01326299071428,0
-10,22,19.8224644597949,5.35519186635137,0
-9,22,28.4203449155942,9.64228225356925,0
-8,22,24.1770596235936,8.00855887323641,0
-7,22,20.7742874818228,5.37926456718573,0
-6,22,20.2369242260672,5.73506065800747,0
-5,22,27.6219039837463,8.54024853772282,0
-4,22,22.2118962478301,6.26718944905467,0
-3,22,29.8594180792751,9.65251070616749,0
-2,22,33.699303382995,10.222432505669,0
-1,22,28.273408039261,8.06194349479587,0
0,22,34.6746065818083,9.99257819818836,0
1,22,26.1238942829007,7.17073329817004,0
2,22,29.0449433392145,9.13183716897822,0
3,22,29.132233491047,8.20811003627112,0
4,22,27.3630507323809,7.99435066488706,0
5,22,22.455884356772,6.91980208156613,0
6,22,23.1225580760341,7.3700791785178,0
7,22,20.7027020808249,5.17429161703962,0
8,22,20.6672245994885,5.44876470494253,0
9,22,20.7612215193652,4.9577880694807,0
-40,23,10.0350747896969,2.52356069644338,0
-39,23,3.63486025374972,-0.35879185808955,0
-38,23,3.223481191457,-1.04957373565689,0
-37,23,5.13054202761059,0.989984906512953,0
-36,23,9.46623005898505,2.93418219534979,0
-35,23,6.48610790892832,2.39665104332607,0
-34,23,4.50709400218357,-0.325022978319146,0
-33,23,6.57062188699853,0.87631148743473,0
-32,23,3.93893893405179,-0.945879273860593,0
-31,23,5.10878020622944,-1.71247572927243,0
-30,23,3.4854857042401,-2.10963915762374,0
-29,23,6.57776652831028,-1.99702517076081,0
-28,23,2.07777821027762,-3.13594343691809,0
-27,23,10.2072692048308,0.810591796844937,0
-26,23,10.646662152771,0.993631965280019,0
-25,23,8.96847547531857,0.164455405333379,0
-24,23,10.0607361395879,1.27202469279974,0
-23,23,13.0510889548695,2.06194738337922,0
-22,23,6.90654317948419,-0.469910343636035,0
-21,23,7.50546209314041,-1.1790501478624,0
-20,23,9.13053273277787,-2.73014438280785,0
-19,23,-0.842569691731334,-6.22028732994184,0
-18,23,-1.34275319288004,-7.27033972838667,0
-17,23,-1.05679948635978,-6.36217764686715,0
-16,23,3.91747224799896,-5.77985620238288,0
-15,23,14.1388816371167,-1.50249698329402,0
-14,23,10.1911425646087,-1.74221215452786,0
-13,23,11.7284789978239,-0.941528821728459,0
-12,23,14.9319169474476,1.61236658428082,0
-11,23,10.2298624650354,-2.36686005744379,0
-10,23,6.99855099392292,-1.33404262436191,0
-9,23,14.7390091272384,1.92969895327478,0
-8,23,14.0952711582898,2.18997188568896,0
-7,23,11.052743272436,0.821220598523449,0
-6,23,15.9818753989422,4.96620507562393,0
-5,23,19.1348170738772,6.33855161015783,0
-4,23,10.8221225727979,1.64304898539803,0
-3,23,17.8412564801557,4.40977275601501,0
-2,23,22.2735305348003,5.80485407155384,0
-1,23,14.7654093021628,2.08505076712673,0
0,23,21.8521404911808,5.4636481556472,0
1,23,14.3090397442023,2.45810418026025,0
2,23,19.3286541577761,5.49456444199442,0
3,23,23.0117016806905,7.10989372384088,0
4,23,19.6518177854005,6.57404725534183,0
5,23,20.7094759951452,8.6352588439545,0
6,23,20.8095075559717,7.97163669328703,0
7,23,18.6880480719503,5.89352582197769,0
8,23,19.97980030878,8.76949580539842,0
9,23,22.1937757609599,9.83408573987345,0
-40,24,1.28468817455528,-2.32854306380843,0
-39,24,0.73031799716652,-1.20506993647024,0
-38,24,1.51935947082209,-1.38472130459142,0
-37,24,1.277280247115,-1.05129481941267,0
-36,24,3.77068004971243,0.181392719180058,0
-35,24,0.937976147505044,-1.36561113934967,0
-34,24,2.67009983267178,-0.177704689766945,0
-33,24,2.10687309085715,0.503103351118567,0
-32,24,1.00775939767365,-0.675984812463608,0
-31,24,3.91520388605224,0.563078365979744,0
-30,24,2.54196390123219,0.330472048071835,0
-29,24,4.41832919041797,-0.303928538360821,0
-28,24,1.07676432512811,-1.82862632510722,0
-27,24,2.80854809772198,-0.502897585378154,0
-26,24,4.82960361089577,-1.09746702698099,0
-25,24,3.74363376956559,-1.9063089528578,0
-24,24,5.60830934334387,0.324892388711591,0
-23,24,6.98463094403734,1.48435275865644,0
-22,24,4.38175381199786,0.619619531131645,0
-21,24,6.50974469481208,2.31571856861135,0
-20,24,8.79569206075435,2.4314515003066,0
-19,24,2.31913121488236,0.763168351603086,0
-18,24,3.04101278099613,0.402558532490282,0
-17,24,1.48855253397009,-0.346086677025164,0
-16,24,2.28227015603787,-1.22010776103426,0
-15,24,4.60984789932327,-1.67984887315874,0
-14,24,4.28219493538849,-1.49589661212172,0
-13,24,6.86188928505497,0.255360527734246,0
-12,24,8.52396504377213,1.05750929743029,0
-11,24,8.33355063307393,0.373028992241128,0
-10,24,4.49416568498215,0.119828470174633,0
-9,24,8.05406485599658,2.38622250363956,0
-8,24,6.485089605213,1.40457757054097,0
-7,24,5.75417828111737,1.13280486177149,0
-6,24,5.33235951945524,1.44374029750695,0
-5,24,7.67876326028085,2.15689856895415,0
-4,24,6.56318498014675,2.35612033520354,0
-3,24,9.76943475773486,3.19912210993705,0
-2,24,14.176508996872,4.57781861976987,0
-1,24,11.0009506251023,4.12161517095869,0
0,24,13.3311440558764,4.07210822405396,0
1,24,8.16208342299286,1.5440001942724,0
2,24,8.90420425628447,2.46465023429956,0
3,24,12.6457133454467,4.69397441222848,0
4,24,12.2072509970082,5.69506822126455,0
5,24,8.40645789149231,4.22697974228403,0
6,24,9.7056061891996,3.86595413359958,0
7,24,10.4610839670352,5.0945785184797,0
8,24,10.8557814573419,7.5451748773607,0
9,24,12.3948803872416,7.68408848365851,0
-40,25,11.0602333029304,3.60282768025482,0
-39,25,6.71872489938392,0.999432798479756,0
-38,25,6.10962270408507,0.46700260271179,0
-37,25,6.10887374528293,-0.490970699323676,0
-36,25,10.0555746692927,1.69985653761199,0
-35,25,6.08379820315143,2.03709955218032,0
-34,25,6.02506201241888,0.0297579873103248,0
-33,25,8.366964369359,2.21528670907568,0
-32,25,5.26520129099548,0.39391472527362,0
-31,25,9.26286211750109,1.89235671754836,0
-30,25,8.36483131194319,1.90969434980364,0
-29,25,13.4562217444261,2.94492096487599,0
-28,25,7.72236803528963,0.880863876924161,0
-27,25,16.577333209457,5.7797266531836,0
-26,25,16.8172110993437,4.48501869856799,0
-25,25,14.8991276467713,3.01363790164192,0
-24,25,14.9466047757518,3.0582651598661,0
-23,25,17.1490506487935,4.35999937238062,0
-22,25,14.5653989992506,3.75377186998551,0
-21,25,13.0816913354054,3.24853648037929,0
-20,25,16.1013003611559,3.0054134377019,0
-19,25,6.55900077212491,-0.194007511736267,0
-18,25,7.99281529319589,0.436656416181627,0
-17,25,8.89321251591236,1.95708144492597,0
-16,25,17.8403160814941,5.22773266339788,0
-15,25,27.4024830709164,9.8871549542354,0
-14,25,22.4459249445386,6.99494720081597,0
-13,25,24.3778708288678,7.09264075493968,0
-12,25,22.8308704306695,6.3184174220817,0
-11,25,16.8682944085112,1.7634579985185,0
-10,25,13.4745322753239,2.26685636979992,0
-9,25,20.2325678918369,4.84476843497312,0
-8,25,16.9142582976448,3.36831773699936,0
-7,25,13.1705602840875,1.07673573995813,0
-6,25,15.7232303110451,3.26395640397348,0
-5,25,22.1972285545906,7.25788538166296,0
-4,25,17.9038380243714,5.72506410483347,0
-3,25,25.0384056864819,8.66542134106211,0
-2,25,29.6161866535844,9.22219241894686,0
-1,25,23.9272004133076,7.25595253704483,0
0,25,31.255764514066,10.3154209712743,0
1,25,22.62921736349,7.11051599045164,0
2,25,25.750264744291,8.63160023698785,0
3,25,28.6171017977786,10.393834032412,0
4,25,26.0726890440611,10.717595356384,0
5,25,20.2174704753703,8.65263937179128,0
6,25,20.7671979284381,8.57733492371106,0
7,25,18.8182954593846,6.5124721123792,0
8,25,20.2888250679921,7.73711704176341,0
9,25,19.3966182699786,6.87171728406451,0
-40,26,9.46936052832613,4.7047410300491,0
-39,26,6.17817453718363,1.44315638609984,0
-38,26,4.56919428548096,-1.63155021152749,0
-37,26,5.0107400315071,-2.43379866564753,0
-36,26,6.22044070338708,-0.499018284347589,0
-35,26,4.15193706320016,-0.178027060020309,0
-34,26,3.5160889635412,-1.30799638544541,0
-33,26,2.91270165720821,-1.54898566985951,0
-32,26,-0.306633783609183,-4.9606291635091,0
-31,26,0.584035772576331,-4.46500359110584,0
-30,26,2.26833465438027,-4.76287895122112,0
-29,26,5.11300512933721,-4.70935323574772,0
-28,26,1.21381857118501,-5.9907634983654,0
-27,26,5.60978562858769,-2.88513931157875,0
-26,26,12.034639791112,-1.51158326274529,0
-25,26,10.5793245980311,-2.09750840137058,0
-24,26,10.403438411615,-0.73337900830191,0
-23,26,10.9862767123799,-0.0026779614394542,0
-22,26,9.82645566940031,-1.09662998866649,0
-21,26,9.0971135143404,-0.507152437061481,0
-20,26,12.4723139544524,0.916910403377549,0
-19,26,9.09885944121245,1.31953471430433,0
-18,26,9.69175603661147,2.2252051633316,0
-17,26,9.538398799936,2.67857943578327,0
-16,26,13.1957979315588,3.14715028339922,0
-15,26,17.079240993361,3.38173084417104,0
-14,26,16.3691757902772,1.67121617168378,0
-13,26,18.4022037089549,1.86028353938211,0
-12,26,17.7155408215772,2.2690534060631,0
-11,26,19.4063633159192,2.45035664571352,0
-10,26,14.1143453009505,3.50619509211703,0
-9,26,17.787336805271,4.35798785583371,0
-8,26,12.7172677799435,2.89630716355416,0
-7,26,13.1778572465885,1.69609968757052,0
-6,26,12.1623012267534,1.47985739858877,0
-5,26,15.5126193911676,3.0710826148762,0
-4,26,14.8971798857245,1.6029486019615,0
-3,26,18.1189985458609,1.62682332038328,0
-2,26,21.2732137372269,1.35751539084167,0
-1,26,18.8196387178765,1.64339451658104,0
0,26,20.6305457041477,1.10455070840907,0
1,26,16.6308803353619,-0.379291153289485,0
2,26,15.1109232505235,0.369083005583611,0
3,26,14.6728843260003,-0.0415009556564423,0
4,26,12.793024218436,0.192932279059589,0
5,26,9.56124256834879,0.722654132580827,0
6,26,8.65772866449328,1.30762117769248,0
7,26,10.9696784902954,0.697600610673664,0
8,26,9.0873264098843,0.641342942522317,0
9,26,8.74940062175284,0.46471750063188,0
-40,27,11.5597229051383,0.0317706955875385,0
-39,27,4.98859453012665,-2.03350930081485,0
-38,27,8.48581474633257,-0.726927591292144,0
-37,27,9.28412963458367,0.287934849700848,0
-36,27,14.3512251853699,3.68279609489092,0
-35,27,8.91896289347335,1.07263978707707,0
-34,27,8.03430420560835,1.26134332977986,0
-33,27,11.5526924495164,4.35720115632836,0
-32,27,8.8071903392214,2.99172718912278,0
-31,27,12.3957547551178,4.96925172486815,0
-30,27,11.4409187759676,3.02341789416136,0
-29,27,17.1854611237196,5.20434468727033,0
-28,27,13.576175387179,4.01218535079401,0
-27,27,21.2334776914189,6.69251158844509,0
-26,27,21.8789743731969,4.37340615991671,0
-25,27,21.1102938571057,4.0857692149072,0
-24,27,20.2340155423155,4.135603739822,0
-23,27,26.3163009473846,8.06427355571584,0
-22,27,20.249874376765,4.84462111483534,0
-21,27,18.752624181912,5.26069849851557,0
-20,27,20.4562712038769,5.33893351511789,0
-19,27,11.0619974250834,2.48693060246582,0
-18,27,11.6679360360875,2.02838137077852,0
-17,27,13.6713795889082,4.06804006457579,0
-16,27,19.3996623576978,4.7206236263267,0
-15,27,31.0327066723382,8.76268236943942,0
-14,27,28.3975048198823,7.78147033813228,0
-13,27,29.7693926303118,7.02665495285952,0
-12,27,30.6074213384344,8.05933982143355,0
-11,27,24.6022855798285,4.11278925945367,0
-10,27,21.9462396613099,5.44442227993995,0
-9,27,30.6217726700064,10.265230328501,0
-8,27,24.9481574752892,9.52590631708034,0
-7,27,21.5530995619828,6.36575700797179,0
-6,27,24.3760054080432,8.01493450886058,0
-5,27,28.6691472644842,9.30600672930956,0
-4,27,22.1391914125172,5.35909393203244,0
-3,27,30.9427701305198,7.85791629599249,0
-2,27,33.8457661069409,7.47064919795798,0
-1,27,30.8756477929296,6.88765420318939,0
0,27,36.0301190866731,8.26719391184515,0
1,27,28.360971061424,6.01102082860091,0
2,27,28.5546603194056,6.70112137364048,0
3,27,30.4376645028638,9.21622602010289,0
4,27,26.8720982921256,7.87670512927635,0
5,27,23.2836630372072,8.30734235793952,0
6,27,22.9822661681224,7.61048463451157,0
7,27,19.0989259941835,5.00629800270718,0
8,27,24.899908614386,9.73063160835854,0
9,27,25.2538835900075,9.77899566825468,0
-40,28,7.81565034026421,-0.951643944710812,0
-39,28,1.29099851063601,-3.59869981875184,0
-38,28,2.3821361333296,-4.46008000918254,0
-37,28,4.69866736361373,-3.84837720176396,0
-36,28,7.34643547705378,-1.39349983160236,0
-35,28,5.44196932822141,-1.48825666385361,0
-34,28,3.95566705748598,-2.62578909916717,0
-33,28,7.30061175860101,0.277623880091662,0
-32,28,5.66336784119978,-1.31075998638279,0
-31,28,9.93112091128805,1.14518185030759,0
-30,28,9.12403128258044,0.126101561301022,0
-29,28,13.3264827193551,1.62998451239013,0
-28,28,10.7134073353246,0.783381342650227,0
-27,28,17.5737140914965,4.82824831781958,0
-26,28,19.9632803555319,3.26037594491204,0
-25,28,16.5680939207807,1.3986953828799,0
-24,28,15.5090911128236,0.0544643145252022,0
-23,28,16.4428135939411,0.794767470854175,0
-22,28,15.2326533775136,1.18555635271402,0
-21,28,13.5336836370097,0.515487304099922,0
-20,28,17.043755991356,0.575882474697528,0
-19,28,10.5321139523294,-0.346597771018878,0
-18,28,10.101377089918,-0.240517190863016,0
-17,28,10.8596602274463,0.32336397866152,0
-16,28,14.6267144492816,-0.811099035502527,0
-15,28,22.0698522940469,2.16027114651265,0
-14,28,22.1866194819655,1.97531258988802,0
-13,28,24.8277106346894,2.5313036768942,0
-12,28,24.471023262638,4.13291841639087,0
-11,28,23.0454962098432,2.40259399271816,0
-10,28,19.3722889075196,4.19846691966753,0
-9,28,23.8082769416486,4.21005885479518,0
-8,28,18.708274161145,3.60069489015924,0
-7,28,18.9236123892662,2.88145749378299,0
-6,28,22.1141675972823,5.05286906318891,0
-5,28,25.3338319252847,5.63942163489349,0
-4,28,22.7416739090213,3.86221694286439,0
-3,28,31.1620894540654,7.64740961818618,0
-2,28,35.2410115653239,7.79570330397479,0
-1,28,31.2252940746584,7.0812978276389,0
0,28,33.4608826664316,6.87772559896984,0
1,28,26.8611641026627,4.12183172769773,0
2,28,28.5109417410358,6.0097024619976,0
3,28,28.1732278993855,6.31105738877513,0
4,28,22.9523561700146,3.68059289609758,0
5,28,18.2506563527525,3.09366287617164,0
6,28,19.280239443293,3.80980636378893,0
7,28,15.9115231452256,1.66438448271856,0
8,28,15.6432128008024,1.60303739398948,0
9,28,16.9732543042761,2.38147410558888,0
-40,29,4.69720607165582,-0.309008920681032,0
-39,29,4.04820978954399,0.607167185669126,0
-38,29,3.87901270391185,-0.600709739474314,0
-37,29,3.28882060704056,-0.407993695917805,0
-36,29,4.45501412839217,0.253666252722434,0
-35,29,1.74003870525552,-0.248119692503199,0
-34,29,4.71032907322453,1.13641174243012,0
-33,29,4.9083625601795,3.07570288049056,0
-32,29,3.08469306988341,1.78006657766041,0
-31,29,5.13162039356593,2.38518133693517,0
-30,29,3.24366306978627,1.43912194435563,0
-29,29,4.40381933429613,0.213749900457056,0
-28,29,3.21862293460264,0.109398467544417,0
-27,29,5.11852334432942,0.795867257731022,0
-26,29,8.45038368053412,0.0474917239099599,0
-25,29,7.50991382539957,0.508464750119431,0
-24,29,6.2696637620225,-0.382666574323145,0
-23,29,8.45320782060389,1.2579996908599,0
-22,29,5.60783009627977,0.784438925960074,0
-21,29,5.13944397656585,0.652480728869249,0
-20,29,6.148033281388,-0.937480089185094,0
-19,29,-0.415965694383525,-2.7886058107608,0
-18,29,-0.968275105399737,-3.28360440789375,0
-17,29,-1.27846537017796,-2.19025019228212,0
-16,29,3.43355838946652,-1.20705351543521,0
-15,29,10.5572454570855,2.97295931268615,0
-14,29,10.4026265029511,3.22162721976874,0
-13,29,12.8936987607118,4.67595333362385,0
-12,29,14.266888451155,5.8590059826217,0
-11,29,12.8221117575183,2.97433108135588,0
-10,29,7.52498394078278,3.12770321826205,0
-9,29,10.6045965446192,2.7407992938653,0
-8,29,6.53446801185613,1.56787499221338,0
-7,29,5.66470567146364,1.23559141862329,0
-6,29,5.37640691290375,1.02179235708044,0
-5,29,7.04880290879827,1.79308583535281,0
-4,29,5.97086303433311,2.21595671075821,0
-3,29,10.6577791887285,4.38415025135608,0
-2,29,14.5072937950455,5.17248245548213,0
-1,29,13.2410959853751,4.85512506013991,0
0,29,14.2956404648417,4.15026937142318,0
1,29,10.7069452159896,3.92106878514427,0
2,29,10.9700976773058,3.35343513207524,0
3,29,11.9021616319182,4.09548376786957,0
4,29,9.84992463856783,2.82482739898822,0
5,29,6.9553218681127,2.6624647643491,0
6,29,7.2020767932822,2.54257349217104,0
7,29,6.91919719636712,2.51126829637095,0
8,29,6.82396091689784,2.53698582611082,0
9,29,6.76304549169913,1.65558884571624,0
-40,30,4.48523551609938,-0.847369627476363,0
-39,30,2.86537815788006,-1.70077126490219,0
-38,30,4.45841437562869,-1.78366614534676,0
-37,30,3.505461617358,-1.81409658286132,0
-36,30,2.65279639006351,-1.18055604426891,0
-35,30,0.0233657225417037,-2.3743141269574,0
-34,30,-1.20148613168485,-2.55854987066965,0
-33,30,-1.52365053198194,-1.67734403302532,0
-32,30,-2.56518332216766,-1.83566324482545,0
-31,30,-0.503292516415521,-2.63411972555218,0
-30,30,-0.166350141305927,-2.31604251761051,0
-29,30,4.29004715410699,-1.04612115985298,0
-28,30,1.56098021464653,-1.92944949645082,0
-27,30,5.32908343012307,0.136069407426825,0
-26,30,9.4081573803281,0.51730042236445,0
-25,30,7.72399884206832,-0.0316188867295141,0
-24,30,8.24771677663223,0.0422678969826437,0
-23,30,7.97814857305749,-0.0986462853777261,0
-22,30,3.51383944018692,-2.35874447798856,0
-21,30,1.85697529835316,-1.54050262108879,0
-20,30,3.38119160682007,-2.91948976498617,0
-19,30,-2.20994699199675,-2.94617851999676,0
-18,30,0.85538294418483,-0.398987643744671,0
-17,30,2.89860297667633,1.62907824562202,0
-16,30,6.36437031375336,2.42396719474175,0
-15,30,11.835790102076,2.62396217619186,0
-14,30,9.44442587889111,1.47770009330121,0
-13,30,11.9092872343013,1.80963302703458,0
-12,30,13.5653250436339,3.1716870104982,0
-11,30,14.3102580374528,3.05959818690044,0
-10,30,7.89608384473664,1.9380814864722,0
-9,30,9.79809977847134,2.57103005227526,0
-8,30,7.25457842094295,2.4802464581655,0
-7,30,6.2864766033016,1.39729164359262,0
-6,30,7.38285170570452,3.13489467950134,0
-5,30,9.12177355159413,3.57813098565375,0
-4,30,7.27166412272254,3.13808766548314,0
-3,30,11.1661260458048,3.87666044427032,0
-2,30,14.1107368779075,2.90231469004231,0
-1,30,13.69788963494,3.9052190703873,0
0,30,15.6488479983458,3.95341787311942,0
1,30,8.81017546357629,0.211869563269644,0
2,30,8.94294885986127,0.295543704887451,0
3,30,8.19157860074933,0.272967811310469,0
4,30,7.3205134350957,0.338623285587001,0
5,30,3.59172738480623,0.732405173278382,0
6,30,3.79965239871021,0.339580749504655,0
7,30,2.76333203350334,-0.712422742262043,0
8,30,4.11355794712386,0.520504971294851,0
9,30,4.00278279029362,0.249556503581009,0
-40,31,9.01451471852988,0.830579308815123,0
-39,31,1.49881923898481,-2.00238595693974,0
-38,31,2.15562766040207,-2.85569690796346,0
-37,31,4.02401762696313,-3.41072960341763,0
-36,31,6.47978563109197,-2.19152001206254,0
-35,31,5.40407211077753,-1.75375594091303,0
-34,31,4.68656886707017,-1.76159598943703,0
-33,31,8.25982361000662,0.0336359560951653,0
-32,31,9.62394503760078,1.04467550481381,0
-31,31,12.2723305984075,1.68578715921107,0
-30,31,12.8524130611183,1.38539719391887,0
-29,31,14.2460604472565,1.00675208585323,0
-28,31,11.6628527770575,2.26550830764837,0
-27,31,13.9106055496123,3.82361230309656,0
-26,31,17.8382892931031,2.52341086102068,0
-25,31,14.9590659100302,-0.210832210537731,0
-24,31,18.3056235692124,4.04625473247655,0
-23,31,18.4776843950655,4.10188903039111,0
-22,31,15.5906672717667,1.74268042377154,0
-21,31,13.1309969053566,-0.789422336081224,0
-20,31,18.2188271280852,0.228970208182768,0
-19,31,11.5161513734074,-0.693798104748787,0
-18,31,12.240790190347,-0.0461672344880326,0
-17,31,15.5060644193417,3.00056779797088,0
-16,31,19.2785941298926,3.47069885817413,0
-15,31,25.7513501964146,5.53131638180032,0
-14,31,26.1349222858972,5.45941785456778,0
-13,31,25.4085052498917,4.3264264853048,0
-12,31,24.8479799020561,4.85549932811823,0
-11,31,23.6889531224299,3.40729927223903,0
-10,31,20.3208180242679,4.66731577156452,0
-9,31,24.6160235844105,5.53455185417088,0
-8,31,22.8537551662942,6.50236027251181,0
-7,31,23.4734207270693,6.81800445884442,0
-6,31,24.4676394933324,7.46332185335971,0
-5,31,29.4626489377294,8.13190710941728,0
-4,31,25.5692328988543,4.78741661983851,0
-3,31,32.7672808826873,7.29052486220401,0
-2,31,35.2321632397051,7.1486380927945,0
-1,31,29.7667638694469,5.79150603635279,0
0,31,34.5100758749749,6.79475516899301,0
1,31,28.8735507287201,5.67357464199878,0
2,31,29.03295936129,6.41923451010223,0
3,31,31.2048111842983,7.1223018598683,0
4,31,27.0359005527412,7.60150556003195,0
5,31,23.3238945181489,6.41336736396447,0
6,31,23.3985907400703,5.98281209022104,0
7,31,20.4959634572246,4.37502533228638,0
8,31,19.4771457708526,4.38398749685276,0
9,31,18.5899934731154,5.00580208312449,0
-40,32,8.26185030644626,-0.725241174607559,0
-39,32,2.420991940397,-3.75461643412106,0
-38,32,4.74045351760698,-2.11159945961755,0
-37,32,5.89940379466766,-2.68615681193471,0
-36,32,8.11529171340173,-1.28224709041177,0
-35,32,5.26979114076373,-1.92541825127259,0
-34,32,5.70304130875444,-2.05503893243713,0
-33,32,9.41934570490953,1.40213312198096,0
-32,32,8.00522320006376,0.828008358717217,0
-31,32,12.7627970738278,2.64642049883424,0
-30,32,12.9462590670585,1.91563459407154,0
-29,32,16.8650251147289,3.69497954313293,0
-28,32,12.1302698359423,2.05939465313219,0
-27,32,19.1615312111366,4.91177441191246,0
-26,32,20.1813190377037,3.22169888153717,0
-25,32,20.8565592271218,2.89553559698649,0
-24,32,21.383729215484,3.81436459596642,0
-23,32,22.4517615538587,5.73159518552953,0
-22,32,20.5105040590932,5.44563479007158,0
-21,32,20.4343596324319,5.07343393681311,0
-20,32,22.8925791059183,4.1241491807095,0
-19,32,14.713562551431,1.90642209515436,0
-18,32,15.4884622860219,2.10302697681555,0
-17,32,17.0011049269411,3.01447761848432,0
-16,32,19.6337415009839,3.07883075613331,0
-15,32,29.2130875568559,5.80732137620371,0
-14,32,28.5610390418439,5.77159830314606,0
-13,32,28.4169025307304,5.32317743323136,0
-12,32,32.1389269725666,8.42555768594949,0
-11,32,25.4042976043486,3.01325849706912,0
-10,32,21.4391322582165,3.96808244661052,0
-9,32,27.6960205516175,5.3313137276141,0
-8,32,22.9844378376149,5.3806623271162,0
-7,32,21.4173825101305,2.84559342589603,0
-6,32,24.1863994490795,6.04803897729852,0
-5,32,28.584877758045,6.27753501163668,0
-4,32,26.7292883603292,4.95900168513,0
-3,32,33.2449098368293,6.00414988976434,0
-2,32,38.2809134344873,7.43923347745673,0
-1,32,34.4805901780548,6.97367969362341,0
0,32,38.8337157935536,8.361281081127,0
1,32,30.8732892053396,5.15969989430804,0
2,32,31.17668701182,6.60104751948001,0
3,32,31.0055708844586,7.26386103150169,0
4,32,28.5308192775879,6.51151661812048,0
5,32,25.7275762701354,8.09926432181246,0
6,32,25.5767988352447,8.46346909844624,0
7,32,22.4205624626882,6.18659372885661,0
8,32,24.860208440605,8.05134551660982,0
9,32,25.2047755800015,8.76080224929324,0
-40,33,11.4240945593913,1.85517923185625,0
-39,33,7.0535152684098,1.82214237127766,0
-38,33,6.27348530112085,0.19941734670156,0
-37,33,6.23873507106582,-0.791516305592553,0
-36,33,13.1074735328151,2.07492911782835,0
-35,33,10.7954897026115,1.98086983340335,0
-34,33,9.92692797259777,0.74925324795461,0
-33,33,14.5026003778264,3.41604585666929,0
-32,33,13.392119222175,1.90227005013041,0
-31,33,15.7925052620184,1.8244552536362,0
-30,33,15.1145195767277,0.556288830590436,0
-29,33,15.263750550031,-0.688668222084949,0
-28,33,8.753946123753,-2.54719344275677,0
-27,33,16.1040917229008,2.20200252350775,0
-26,33,17.1748888003247,-0.222600309541687,0
-25,33,14.9461907717748,0.298321088634399,0
-24,33,18.0535214512267,1.75097514671337,0
-23,33,20.452174873526,3.85343568273875,0
-22,33,18.9098661912022,2.29101554842,0
-21,33,17.5706063231968,1.10663707487192,0
-20,33,23.8364136007246,2.91575882874513,0
-19,33,13.9416086619247,-0.337992822684392,0
-18,33,14.595011174305,-0.556633170629578,0
-17,33,18.2791916098256,1.91829537903403,0
-16,33,22.2488311999452,3.19865851485531,0
-15,33,33.245570596425,8.85293025318553,0
-14,33,30.0746425991256,7.39616876999355,0
-13,33,32.2856688533784,8.30478923718198,0
-12,33,32.2740959721468,9.09585873538786,0
-11,33,27.7051690896508,6.63067003113215,0
-10,33,21.4939777009839,5.22193013915808,0
-9,33,29.5702354510859,6.97295478702653,0
-8,33,26.5865062311425,6.11748950610482,0
-7,33,24.5577381567807,3.89245142195836,0
-6,33,28.8853876528106,6.56125609249272,0
-5,33,32.5386341365156,7.04277951678642,0
-4,33,27.0499581497369,3.52877754951561,0
-3,33,35.6571182771434,8.46786308795699,0
-2,33,39.0847839639986,9.78762854988213,0
-1,33,33.3231720834103,7.25027842409889,0
0,33,38.7824418798786,9.15808228676075,0
1,33,28.0014417181699,3.29696718588617,0
2,33,34.2960977984013,7.88701312669214,0
3,33,34.9710416403005,7.55447594436959,0
4,33,29.5256230737578,5.9681061550285,0
5,33,28.0066551593699,6.10129710352571,0
6,33,28.2969571198062,6.47673096257285,0
7,33,25.4001967460872,4.16655987603305,0
8,33,25.9406839461738,5.89384645003759,0
9,33,27.7131534398448,7.38267745951218,0
-40,34,7.58485350059917,0.929384568418237,0
-39,34,7.93174378944685,1.71199215658674,0
-38,34,7.82203083041624,0.508632640714087,0
-37,34,4.77794928027861,-0.603710843968686,0
-36,34,3.34054150502046,-1.7245241564884,0
-35,34,3.25030557770562,-0.39386040393693,0
-34,34,3.90187619716024,0.220328380285509,0
-33,34,4.03605136804425,0.803181254744429,0
-32,34,5.2863549774559,1.61488232183136,0
-31,34,6.44980356817424,2.19772819114276,0
-30,34,5.82876961534301,1.8078534547101,0
-29,34,8.73845126030568,2.63998100756496,0
-28,34,7.15283905930257,1.89694329973095,0
-27,34,8.85735644485557,2.8985570081371,0
-26,34,11.9349359823432,2.35601153396921,0
-25,34,11.2413671589724,2.04829523256385,0
-24,34,10.4439537675176,2.12449745505221,0
-23,34,12.1306047655959,3.5020935894065,0
-22,34,9.30275970363799,2.17824094779534,0
-21,34,7.6486267427276,1.26788260450531,0
-20,34,10.0750495359935,1.84144648918346,0
-19,34,4.78907314743378,0.73953683394124,0
-18,34,5.45193601982874,1.44879890319169,0
-17,34,5.51113455843605,2.37948936056589,0
-16,34,9.48998435743878,4.08147806628999,0
-15,34,13.4376112707833,3.77168202421504,0
-14,34,12.5901752543886,3.75502631962541,0
-13,34,14.8053837434042,3.64469663716809,0
-12,34,14.8613110619541,4.82233863782761,0
-11,34,16.8774225011026,4.6676248881806,0
-10,34,10.1017400541973,2.33638270786691,0
-9,34,11.0111597142166,2.32620481609634,0
-8,34,7.05920813706174,1.49936887167078,0
-7,34,7.93217976552839,0.931033118085753,0
-6,34,7.15307903714246,1.18517017538539,0
-5,34,9.37761082282991,2.00268140670206,0
-4,34,7.0064146773455,1.17914161699938,0
-3,34,9.25862233481781,1.08890160579323,0
-2,34,12.1343504824614,0.455633940175113,0
-1,34,10.4077034539803,0.185496470242608,0
0,34,13.0967695508477,0.296623054192728,0
1,34,10.5604696651969,0.78938070458253,0
2,34,11.4609669476434,1.9446145352451,0
3,34,11.8767372098468,2.52739238341025,0
4,34,8.68364596368066,1.62265941640999,0
5,34,5.77449247671356,1.3716581893874,0
6,34,7.53946111209078,2.04215202522486,0
7,34,7.6670990729184,2.0625820494168,0
8,34,7.69687940737923,2.92803998510111,0
9,34,7.86279037901263,2.71917031313202,0
-40,35,5.35482822576293,-3.53468766794081,0
-39,35,-0.3754157048415,-5.52512553681952,0
-38,35,-0.376048799992133,-5.91472028152237,0
-37,35,1.29428451544597,-5.71899667058374,0
-36,35,4.29179731471931,-3.77087819541588,0
-35,35,3.71294652240116,-2.47973599906115,0
-34,35,4.16199519103691,-2.32083877189467,0
-33,35,7.29121857012993,0.0891350647469582,0
-32,35,5.74303976970957,-0.983486076560698,0
-31,35,7.05083395951762,-1.73731070727067,0
-30,35,8.39264425774532,-0.969451745062019,0
-29,35,9.96127270638134,-0.46358922604536,0
-28,35,6.27915752268177,-1.61457788127613,0
-27,35,13.082235925529,2.40640261313768,0
-26,35,14.0029754573647,1.38386411462011,0
-25,35,11.2447034532031,-0.439862158243382,0
-24,35,13.5220498394242,2.05379234984894,0
-23,35,19.3151419289826,5.4914417640542,0
-22,35,13.2326899446746,2.55357280815391,0
-21,35,10.7882419301041,0.248068352988697,0
-20,35,17.0296348481291,2.01990537591902,0
-19,35,7.52381166382828,-0.923783445222795,0
-18,35,9.37000463925935,0.135351611916544,0
-17,35,9.69208902828727,1.20244096783419,0
-16,35,13.3174495101057,1.68990246119415,0
-15,35,22.4032612297275,5.71082506982432,0
-14,35,20.7596506233413,5.04387413424575,0
-13,35,22.2331845088254,5.65634846303073,0
-12,35,21.8035841297985,5.04645613306886,0
-11,35,18.0159635901527,2.22595644656491,0
-10,35,14.1952588336045,3.141652776545,0
-9,35,22.2620679999526,6.5593846446991,0
-8,35,19.705310248025,7.11173743792357,0
-7,35,18.6540320226396,4.96584285892351,0
-6,35,20.4284697470361,7.04152158754631,0
-5,35,25.279702618062,8.93549958870405,0
-4,35,20.9849131541687,6.67966814770064,0
-3,35,25.888044784402,8.43282579104062,0
-2,35,30.0134835800725,9.96098616127004,0
-1,35,26.9123678657428,9.20900120149783,0
0,35,32.9877164384126,11.1366851935689,0
1,35,25.6145594606148,8.91442813270555,0
2,35,27.6682650984323,10.8363294517167,0
3,35,27.3892360865243,9.33930574857127,0
4,35,23.0806011497318,7.09687410097928,0
5,35,22.1140334449257,7.4791798268284,0
6,35,23.6382049082638,9.27493827255208,0
7,35,20.1194051623756,6.94649667416021,0
8,35,20.3779817904529,7.37598096582131,0
9,35,20.7047323484318,8.36327464474716,0
-40,36,5.01374505010771,-1.28726767892427,0
-39,36,4.36641440815329,0.615803139223761,0
-38,36,4.59933447625094,-0.471571142168165,0
-37,36,7.48459142164716,-0.163369972913171,0
-36,36,9.10716001781252,1.07089563441097,0
-35,36,7.02777809866904,0.806923919678602,0
-34,36,7.62624594119348,0.995157652051087,0
-33,36,9.03300076992082,2.6548467594409,0
-32,36,10.2862764299685,2.83632008896424,0
-31,36,15.0596615133096,6.99174973289504,0
-30,36,15.4241894809382,6.20083342202449,0
-29,36,18.6423329373554,7.05654471305992,0
-28,36,12.7004772327515,3.79737997983093,0
-27,36,16.8889717208827,6.5204590493482,0
-26,36,18.9715015554272,5.04892977574945,0
-25,36,17.0107352612155,4.27971434187162,0
-24,36,16.9480093690295,4.06347415261872,0
-23,36,16.6672759730469,3.69790535050392,0
-22,36,15.2536317794648,3.60309374291047,0
-21,36,16.0360688645843,3.63110342258886,0
-20,36,18.6347171759372,3.74994495881392,0
-19,36,11.5097279714445,1.63394301090661,0
-18,36,12.1560137657706,1.7820278887716,0
-17,36,13.5570169484003,2.56965190916085,0
-16,36,16.0966061684962,2.07336855028385,0
-15,36,21.3748416883547,3.85023256796843,0
-14,36,20.0477553322208,2.05163587110937,0
-13,36,21.4426886753362,3.07315253894324,0
-12,36,22.0620662420749,4.54351303935115,0
-11,36,22.0999996210428,3.02901332307547,0
-10,36,16.9574386894247,2.80431790882717,0
-9,36,22.5637942052249,4.65106111899928,0
-8,36,19.4222916705236,4.5167922361471,0
-7,36,20.5710903746984,5.01027867539256,0
-6,36,21.5838076137049,6.24277011353208,0
-5,36,24.746481920212,6.27516583738996,0
-4,36,23.8224727813513,4.77207627682996,0
-3,36,28.218563720451,6.92099185559971,0
-2,36,31.6187090661841,6.7887749547996,0
-1,36,26.251438870273,4.71430208022856,0
0,36,29.4008789887094,5.09235524844123,0
1,36,24.2426035248937,3.25447276125852,0
2,36,23.0439346623416,4.18955685172114,0
3,36,24.5892591838704,4.92274757898077,0
4,36,21.9866647826403,4.29105003121837,0
5,36,20.2255192373232,5.36758811642681,0
6,36,18.1598910170236,4.73226618385595,0
7,36,16.5223725741573,3.04625897962968,0
8,36,16.4322605022849,3.69846506557608,0
9,36,15.6299510377097,2.85767144786798,0
-40,37,5.75138310813698,4.20883912177684,0
-39,37,4.25426618791262,3.4821307821662,0
-38,37,5.8015055723303,4.72564551690426,0
-37,37,5.90413579418904,4.7910228586686,0
-36,37,7.17828696284172,5.32179854563358,0
-35,37,3.62116077332806,3.95982965152536,0
-34,37,4.95402013529482,3.24239495984538,0
-33,37,4.45572101651462,3.46269025591061,0
-32,37,4.2522256659222,3.78763378907593,0
-31,37,5.63955416454297,2.93446312450163,0
-30,37,4.94502853211409,3.06556311050084,0
-29,37,6.21064933125332,3.30404546272115,0
-28,37,4.81359008360831,3.48031646392573,0
-27,37,4.07317992666478,4.25195773314848,0
-26,37,6.0021359613947,3.41250098606272,0
-25,37,3.47931988164486,1.56924170905014,0
-24,37,1.46905099227375,0.387961837595004,0
-23,37,2.29579486276285,0.45275190169023,0
-22,37,1.43330883331573,-0.703863380122873,0
-21,37,2.31676057003974,1.23328155877615,0
-20,37,6.8993937217567,0.707894682904287,0
-19,37,2.09191298006168,0.922156086626449,0
-18,37,2.09561594108079,1.43096182451158,0
-17,37,0.660462563969071,1.32823908878643,0
-16,37,3.36044493639911,1.89126281615719,0
-15,37,2.13244690756126,0.657099844677237,0
-14,37,0.442738288889292,0.0729847492400858,0
-13,37,1.64202945016723,-0.723584543886546,0
-12,37,1.61391114129344,-0.369639490166937,0
-11,37,2.69092955156276,-1.47858278058396,0
-10,37,-2.23454333158479,-2.2365542177269,0
-9,37,0.924934277247078,-0.870626388051772,0
-8,37,1.06167714536535,-0.458681424137874,0
-7,37,0.755036055618206,-0.736396121614666,0
-6,37,2.80568664335252,0.766470671500588,0
-5,37,2.89359553198507,1.25351435829354,0
-4,37,1.89504598117964,1.24088783782665,0
-3,37,2.94044159631767,2.14737971032666,0
-2,37,7.82026316334064,4.00502844647348,0
-1,37,4.18117688443464,2.67257355548916,0
0,37,3.76934497206396,1.12078898962206,0
1,37,3.14259352262037,2.2488899045053,0
2,37,5.16706584407708,2.63006701581316,0
3,37,4.62552835440499,1.43912673368616,0
4,37,3.78899010910544,1.70313993554672,0
5,37,3.66349772368896,2.29334563719779,0
6,37,5.6342505046021,2.56044454747342,0
7,37,4.264515019006,0.469100120056086,0
8,37,1.9479156178414,1.40458860047986,0
9,37,0.27384681395479,0.376985954105126,0
-40,38,9.63730783636519,4.18245897621327,0
-39,38,5.97315137753659,2.65119478912949,0
-38,38,6.71742744763959,2.22262390710555,0
-37,38,10.0984344018455,3.12404118772372,0
-36,38,9.1173453020497,3.63840732395384,0
-35,38,9.21355604667511,4.48504810144935,0
-34,38,10.0578381001418,4.88976566353927,0
-33,38,12.6354775300699,7.57815472335202,0
-32,38,11.1422472329931,5.7826059431892,0
-31,38,11.9752016465281,4.39144350983757,0
-30,38,12.4989239326698,4.47507531340864,0
-29,38,13.8910050267619,4.48868808755233,0
-28,38,10.7083352001119,3.950936432049,0
-27,38,11.8019524285067,4.57363350742829,0
-26,38,15.8628323019644,4.07375422872521,0
-25,38,13.3619366939576,2.3705767762408,0
-24,38,14.1651913995581,3.04206784958592,0
-23,38,14.2313472620646,4.75831022080502,0
-22,38,15.5874792343818,5.84858460156591,0
-21,38,15.2365922307374,5.49429199944144,0
-20,38,17.9708699516293,5.35854984811641,0
-19,38,12.4710848995231,3.73684437249311,0
-18,38,11.3580995318084,3.22831949630714,0
-17,38,11.8991520729635,4.66504314052215,0
-16,38,13.9124364344914,3.67791899380346,0
-15,38,16.4003670423708,3.18972219300747,0
-14,38,14.7940508293482,0.86661542097693,0
-13,38,15.8376018281761,1.44311290603252,0
-12,38,13.959089069085,-0.0650100089849557,0
-11,38,12.2374762563935,-3.26913484464381,0
-10,38,5.7127330221322,-3.52012201849973,0
-9,38,9.77460898082235,-2.64476501968216,0
-8,38,7.86666216372562,-2.53677166248,0
-7,38,9.51497326553002,-2.2170028872558,0
-6,38,10.3898833333802,-0.452114804886303,0
-5,38,14.2637544945752,0.842299539098918,0
-4,38,15.5759268818076,1.08462642970244,0
-3,38,18.1766086686555,1.10822264419991,0
-2,38,19.0809428077102,0.891835153654175,0
-1,38,15.5447930577978,-0.733944908078936,0
0,38,20.6001630036635,1.13788820088395,0
1,38,17.7139479370179,0.652197461716637,0
2,38,17.1722814511631,1.8549766705627,0
3,38,18.8349089073208,3.24537684503805,0
4,38,16.6354164226754,3.64155235676521,0
5,38,14.6406873182933,4.16622934855369,0
6,38,13.9829501898358,4.37605131170474,0
7,38,14.0545907378648,3.58447716595732,0
8,38,13.6736791956311,4.93607354712186,0
9,38,13.2305244623955,4.05796207508873,0
-40,39,8.70098205338543,1.19214929275152,0
-39,39,4.54537546180412,-0.30641627214653,0
-38,39,7.55523712438173,-0.457421502415947,0
-37,39,6.79444893400596,-0.902861261011249,0
-36,39,11.1115545650555,1.8176302476486,0
-35,39,8.56534714955933,0.721518714580075,0
-34,39,9.98125693027918,1.7977145822933,0
-33,39,11.9033753060099,2.32679109122707,0
-32,39,11.3516111463408,1.01561869747938,0
-31,39,13.76590595994,2.20212492526207,0
-30,39,13.8379186100341,1.55149204230578,0
-29,39,15.4600094310302,1.72305034730169,0
-28,39,10.6867488046162,-0.184806455929837,0
-27,39,13.0216004753459,1.58004394769115,0
-26,39,17.4372662783369,-0.339315109023167,0
-25,39,13.7172772399918,-0.484753262709436,0
-24,39,15.5462203015647,0.958312833397774,0
-23,39,19.1871870220605,3.73502607979998,0
-22,39,17.336012498857,2.57739660581137,0
-21,39,17.7665803860672,2.52089804287177,0
-20,39,21.7572788287364,3.98243410907135,0
-19,39,18.3882503723321,2.8688727840894,0
-18,39,15.6199000661208,1.27202008497832,0
-17,39,14.9673024073516,1.0270932478944,0
-16,39,18.9525524742126,0.747547672009895,0
-15,39,23.7569679002571,3.59274843412067,0
-14,39,21.8025279874999,1.69450651068297,0
-13,39,23.8209995838817,1.23820542880743,0
-12,39,20.4049383166792,1.00948603254904,0
-11,39,22.7007176168672,1.86820642396029,0
-10,39,18.2963013978597,1.39485871639032,0
-9,39,22.3640468078418,1.9176931651611,0
-8,39,19.384467572543,2.29119171513457,0
-7,39,19.2678589187212,1.39289397944407,0
-6,39,19.4572157831262,1.16108717774406,0
-5,39,25.5899474043786,2.89310774373252,0
-4,39,24.96985218329,1.76633573689923,0
-3,39,27.2704449262849,2.13419410186673,0
-2,39,29.2162023389492,0.329825936475909,0
-1,39,25.4223866876972,-0.116325935295032,0
0,39,28.6228229673227,1.87427661345863,0
1,39,25.0622551868226,-0.134833958069235,0
2,39,22.540175754637,-0.746734691234662,0
3,39,22.8639673553371,0.0765423783300898,0
4,39,20.7881367966009,0.326940195969733,0
5,39,18.5199335531706,0.337377334149901,0
6,39,17.4692254462917,1.52866713107336,0
7,39,17.331203443666,0.462580631333102,0
8,39,16.9803135735925,2.05603392787926,0
9,39,17.9695162545889,2.77994568373173,0
-40,40,8.51255194018112,2.97405909434594,0
-39,40,4.5632733869413,1.96484600368272,0
-38,40,3.57172000524388,0.372010296816743,0
-37,40,3.96519402776498,-0.385100941740826,0
-36,40,7.4730833377079,1.48072315867537,0
-35,40,5.68179875998255,2.62495399571698,0
-34,40,5.15067172089937,2.35186675724348,0
-33,40,8.70723883329638,3.68622818773396,0
-32,40,8.24180148094069,3.97420196525442,0
-31,40,8.8477901416702,2.91740121800805,0
-30,40,8.17328731272751,1.85888058913809,0
-29,40,10.8703509039576,3.19862497715094,0
-28,40,5.16809887163561,0.25070158152948,0
-27,40,8.93311804876022,2.19756964647356,0
-26,40,9.32277776725688,0.570260725964624,0
-25,40,7.13513906082782,0.0158532839482692,0
-24,40,8.75880069241382,1.8114495072852,0
-23,40,13.0758630929611,3.79196338156237,0
-22,40,9.65714598005455,2.21361255421603,0
-21,40,9.49399217793842,2.12768903958609,0
-20,40,14.1792764002015,2.63529923727185,0
-19,40,5.25990479915414,-0.0389770646748904,0
-18,40,5.77717439778996,-0.848840435305277,0
-17,40,8.23796911657002,2.23048236889471,0
-16,40,12.2977273976777,4.07620755517203,0
-15,40,18.5993492678394,6.60475587243807,0
-14,40,14.6422212443056,4.18229719000148,0
-13,40,16.1543322844374,5.24041594049211,0
-12,40,18.0711579742513,6.23054031756377,0
-11,40,15.6431094337221,3.89977446428294,0
-10,40,10.4841002124634,3.81182090651481,0
-9,40,16.8003290197024,4.90930495040931,0
-8,40,14.0896831412037,3.5241809220859,0
-7,40,11.9635909982781,3.09194875603674,0
-6,40,15.6559023691176,5.97288562215528,0
-5,40,19.1554774142475,8.30842131476002,0
-4,40,14.5767572965585,5.61462352291261,0
-3,40,21.7871758341388,8.82124032565823,0
-2,40,24.5185546039889,9.68759011035631,0
-1,40,18.4710069259291,6.87941259863647,0
0,40,22.0604378027025,7.32790286464474,0
1,40,16.0136091734955,4.96317323241423,0
2,40,17.6488617921973,5.38507079450511,0
3,40,20.3418746493852,6.0520101648856,0
4,40,18.271196097322,5.62585563756624,0
5,40,18.1396257570034,7.12435125759367,0
6,40,20.1515022674183,7.90702472281141,0
7,40,18.6929745520533,7.95307517830605,0
8,40,18.6309872388405,8.6687931531799,0
9,40,19.5009453411014,8.76246901527148,0
-40,41,-2.07669240533725,-5.54731687313489,0
-39,41,-3.99237489870995,-5.83118877129727,0
-38,41,-3.58376430960234,-7.38811201153637,0
-37,41,-2.67213251419502,-6.18572128567712,0
-36,41,-0.722444032376113,-4.31916921641991,0
-35,41,-1.39179159951027,-3.64095420119027,0
-34,41,-0.256820941369479,-3.02610419709287,0
-33,41,0.619230912973492,-2.11837793511516,0
-32,41,2.3969716419224,0.472610480756189,0
-31,41,5.073907578206,1.3765251861368,0
-30,41,4.94228215606623,0.815289163658835,0
-29,41,5.7931275928427,0.172347928767849,0
-28,41,2.45907735589577,-0.681440205069631,0
-27,41,5.99876672936276,2.14302890656063,0
-26,41,10.4827911109647,2.36439047879247,0
-25,41,6.79493830185575,1.7101256335365,0
-24,41,6.24172974686391,1.12524693547922,0
-23,41,7.46852683507455,1.14951480186318,0
-22,41,5.55044424597504,0.26642740077551,0
-21,41,3.78293550515004,-1.16835170353797,0
-20,41,6.83217539750074,-0.808851634692149,0
-19,41,2.12321152579928,-0.831001536868743,0
-18,41,4.48046129128472,0.265246698376535,0
-17,41,4.57759430146536,1.12659417855396,0
-16,41,6.7651853421194,1.4921866989364,0
-15,41,12.6805435913291,4.606075846421,0
-14,41,10.6153046582665,2.71097651962681,0
-13,41,11.0902501630483,2.57994048533067,0
-12,41,10.480871452854,1.95954690475202,0
-11,41,12.3580199610302,2.9741235627933,0
-10,41,8.84115404216486,3.25824829455135,0
-9,41,11.0774217941558,3.75579133821911,0
-8,41,9.36966550522245,2.60641111196527,0
-7,41,6.88725225827909,0.957719612363487,0
-6,41,8.04671191904629,1.68382218296965,0
-5,41,10.9760934100058,4.03579404755665,0
-4,41,10.2845881820406,4.47181773489789,0
-3,41,13.6747601661664,4.91390969349926,0
-2,41,16.4733813084441,5.49040238261479,0
-1,41,13.2704842768805,4.2424471519144,0
0,41,16.5797109489506,6.04547789625224,0
1,41,10.9356131203993,3.96218337362727,0
2,41,12.0097777543388,3.08244585200104,0
3,41,13.6065980261528,4.06947376065769,0
4,41,11.5241506734349,3.80249541074827,0
5,41,9.51301071457178,4.2728084078737,0
6,41,9.52295036924804,3.40258945955218,0
7,41,10.3857196844581,2.77916906346235,0
8,41,6.92538794391271,2.47705683939111,0
9,41,7.58300018142046,1.94507022339166,0
-40,42,8.0314150265285,0.922619273353381,0
-39,42,2.40165665664505,-0.841030865520165,0
-38,42,4.30265869957163,-0.329575781637779,0
-37,42,6.927972624496,-0.665731485332187,0
-36,42,7.91546582942899,0.531996785809444,0
-35,42,6.88481303674797,0.65187754456367,0
-34,42,6.0454825819509,0.617065540662242,0
-33,42,9.92701920209188,3.55409508163755,0
-32,42,9.08587046300141,3.13436723436386,0
-31,42,9.86462450481221,2.14372166204865,0
-30,42,10.5677086425156,1.24105866286918,0
-29,42,12.7429125602356,2.23988375752211,0
-28,42,10.5351047845041,1.77807746364184,0
-27,42,15.6559577443844,5.2233428419829,0
-26,42,20.1468477013547,4.47097927268253,0
-25,42,16.3663909473601,2.8128774003637,0
-24,42,19.0827257513954,4.94707730852945,0
-23,42,22.1329207388818,7.16134950977835,0
-22,42,18.2546781405949,5.34599447622962,0
-21,42,17.6673496077625,5.40212284819254,0
-20,42,22.7885059718931,6.52277355102493,0
-19,42,14.3418440733726,4.5383619076761,0
-18,42,15.6497147674474,5.58332951277564,0
-17,42,17.5164286828741,7.38799519678937,0
-16,42,23.3157323768005,9.66596497847605,0
-15,42,31.6894077548581,11.8592308890813,0
-14,42,28.7791124951696,9.9224171214586,0
-13,42,30.858426656902,11.1785025756108,0
-12,42,32.2166169387188,12.5252308543267,0
-11,42,26.5649967692671,8.6484343997765,0
-10,42,21.8917007474589,7.76471727681487,0
-9,42,28.0353904684782,9.56154866907411,0
-8,42,21.7951586385775,7.47649197867442,0
-7,42,20.6198497852416,5.77231254869138,0
-6,42,22.7916022210338,7.49006115635956,0
-5,42,26.46848410003,8.08309670414304,0
-4,42,23.7164497935506,6.26039727429557,0
-3,42,29.1156875445833,6.96138687058347,0
-2,42,32.8912502370024,7.52328881259579,0
-1,42,28.5384105344065,6.84190866714735,0
0,42,34.1682441167757,8.55780503831392,0
1,42,24.5076433384044,4.14336344943314,0
2,42,26.3969949156451,5.54807516558143,0
3,42,25.3805115221068,5.89125775588995,0
4,42,24.4301870443855,6.57926355100726,0
5,42,22.9258737897092,7.54289096758372,0
6,42,23.5830099434528,8.96229514603861,0
7,42,21.4973282613792,7.54188801084675,0
8,42,22.7778427521497,8.9548608689528,0
9,42,23.0829326730821,8.52468316707978,0
-40,43,6.64713876895516,2.07849826825592,0
-39,43,3.51303952337152,1.5239272658028,0
-38,43,6.113775278812,2.9104583949511,0
-37,43,7.739944287406,3.17880342776263,0
-36,43,8.12273983328183,3.82518820365524,0
-35,43,4.96083696260624,2.16074838128742,0
-34,43,6.64530081994271,2.97415636938635,0
-33,43,5.4899674703915,3.49490172820613,0
-32,43,5.82132645061217,2.70150350136658,0
-31,43,7.86425576125193,2.72875717927052,0
-30,43,7.45193928772595,2.83529147923107,0
-29,43,12.1692367873476,3.82182781271533,0
-28,43,8.38330411927602,3.32273182664663,0
-27,43,10.1401006866316,3.75817091804668,0
-26,43,13.4918945524182,4.03623809439403,0
-25,43,10.4752070404463,2.48811975325374,0
-24,43,9.99753306067825,1.90050695644831,0
-23,43,9.68417674514129,1.73167441123013,0
-22,43,9.02929142593071,1.71008672503344,0
-21,43,10.570586290693,2.76310159849749,0
-20,43,13.9570024568168,3.33947836241771,0
-19,43,9.04672572817745,2.90728294498971,0
-18,43,8.71503979718657,2.92967775976645,0
-17,43,7.37165849623721,2.4920906653193,0
-16,43,11.4969535170235,3.11926718982206,0
-15,43,16.1988998828106,5.07274829804829,0
-14,43,15.7686337225077,4.47849092383877,0
-13,43,16.4880785513814,4.24838005372686,0
-12,43,16.1286673577822,4.66836926662395,0
-11,43,16.4455449988578,4.03365363711218,0
-10,43,12.1736621046768,4.00433694179492,0
-9,43,15.0320033852868,4.17929760019723,0
-8,43,10.9749102334777,3.93053256365963,0
-7,43,13.4103049801021,4.85172272680897,0
-6,43,13.7699162009275,5.61121089623635,0
-5,43,15.6179273316776,5.96692442719682,0
-4,43,13.9622052227239,3.41414956221893,0
-3,43,15.1382020973389,3.1204596105908,0
-2,43,18.1150262671547,2.35028951488606,0
-1,43,14.7667568244788,1.72557108905753,0
0,43,17.6403247876965,1.94823504076817,0
1,43,12.2538898063331,-0.775664007032317,0
2,43,11.7891712260339,-0.00687242462420823,0
3,43,13.5612838878463,0.571851616517103,0
4,43,10.484485551184,0.103072165960601,0
5,43,9.36939367072978,2.28880792473971,0
6,43,10.0577801913523,2.58923656361672,0
7,43,9.71826040870946,2.08213882469994,0
8,43,8.77540575595549,2.72562369730483,0
9,43,6.43715527596939,0.824429582035756,0
-40,44,14.0354153485928,3.88422701639458,0
-39,44,7.60487023783953,0.087766115527315,0
-38,44,8.58557785513644,0.215840591280186,0
-37,44,9.04569969650344,-1.76285161292682,0
-36,44,10.1943868970331,-1.43204891619662,0
-35,44,7.11900462166556,-1.59316247631331,0
-34,44,5.84877965965776,-1.82414085783189,0
-33,44,11.3059543838818,2.18139644687684,0
-32,44,8.67307813975809,0.322416517664685,0
-31,44,11.7079419467177,1.14060336254993,0
-30,44,12.5124369723425,0.503883015246182,0
-29,44,15.1767546891046,0.741074744687287,0
-28,44,10.9430913873689,-0.429336355690724,0
-27,44,21.5521080253424,4.14562208169497,0
-26,44,25.0954376871106,3.04343511190578,0
-25,44,21.8896602758136,1.95743749890927,0
-24,44,26.452664524668,6.50851860407411,0
-23,44,30.610385614731,8.32073996931845,0
-22,44,26.1464152823964,6.70991327313074,0
-21,44,25.8431392922113,8.47277052682403,0
-20,44,28.5916751336823,8.157757385839,0
-19,44,17.823340196407,5.3346485275963,0
-18,44,20.3837762876475,5.75653384893789,0
-17,44,21.1314372332411,6.80684930801053,0
-16,44,26.3025337659281,5.90917613693374,0
-15,44,37.8601481839876,10.3691123192797,0
-14,44,37.4965126141569,9.11912085606326,0
-13,44,38.6598326626501,9.85875514301002,0
-12,44,39.9384977087726,12.2362159838336,0
-11,44,32.9160953130506,5.85590179421363,0
-10,44,28.1391368441628,7.00736147134966,0
-9,44,35.5538905484394,9.40086299187928,0
-8,44,30.3750293279996,9.81709594834694,0
-7,44,27.2262178218,5.72375041353874,0
-6,44,29.4451841388744,7.12344081214528,0
-5,44,36.8805903600784,9.89329707665289,0
-4,44,32.5267878719949,7.64396339823175,0
-3,44,41.1734061035066,10.0056818286439,0
-2,44,44.4572723386315,8.8719169670513,0
-1,44,39.7747560690755,7.4739320590723,0
0,44,47.1249396766327,10.5266844001768,0
1,44,36.4132471875522,5.96671124359471,0
2,44,36.9248103656698,7.49796469029483,0
3,44,37.9179063723152,9.37920293375822,0
4,44,34.4749333103838,9.35925739936072,0
5,44,31.5670487737653,10.2369441262002,0
6,44,29.8720742433281,10.4051858477964,0
7,44,28.3537211457911,9.93067809255519,0
8,44,30.9800567299858,11.122684006288,0
9,44,31.4788773534423,11.6289086583547,0
-40,45,8.00978709361582,1.14389713566941,0
-39,45,2.37843860885269,-0.0620305482781299,0
-38,45,2.70240080256841,-0.734745675597489,0
-37,45,4.59868434890936,0.0111686044331595,0
-36,45,8.27078141698057,1.71269308733896,0
-35,45,6.82777669038824,1.27356850457008,0
-34,45,5.71926080912119,-0.00622729897714559,0
-33,45,10.7486257476022,3.41158766577379,0
-32,45,7.63299772541,0.261898112084335,0
-31,45,11.8393489284489,1.49811762893569,0
-30,45,10.1718872464618,0.732061406400265,0
-29,45,13.7152842590963,2.34054735397393,0
-28,45,7.04536289932915,-0.211451367961031,0
-27,45,12.7250848494492,2.59726458475584,0
-26,45,10.9098202365673,-0.61553930321878,0
-25,45,7.69148970656403,-2.25595899774122,0
-24,45,10.0032308523954,-0.794439762366918,0
-23,45,14.5203046641777,2.25607669721936,0
-22,45,10.7570077399075,0.0698698652960656,0
-21,45,10.2519377312534,-1.62894668879466,0
-20,45,14.829205122041,-2.29671109441729,0
-19,45,4.6865850528182,-4.86177610274889,0
-18,45,6.14192514888894,-4.74332427870707,0
-17,45,8.61088094267585,-1.85316118343188,0
-16,45,11.6258993112063,-1.69815898845839,0
-15,45,19.5388610132721,2.26489174420599,0
-14,45,14.4746838996821,-0.815364894045012,0
-13,45,15.8760251772597,0.308955069521251,0
-12,45,18.2876717982298,2.14642810411033,0
-11,45,15.891734163898,0.593181813476495,0
-10,45,11.9980205469712,0.289185763188732,0
-9,45,20.2126709377167,3.35571367794791,0
-8,45,18.7653512688136,3.51653169262705,0
-7,45,14.8194933184741,2.08472881946955,0
-6,45,17.2068606752758,1.73082313341294,0
-5,45,21.1719139335133,2.29814734567179,0
-4,45,15.5826742086014,0.566586984726806,0
-3,45,24.0037483679206,4.4312154536871,0
-2,45,27.0795405064061,4.00480067606763,0
-1,45,21.561945237778,3.11861108467154,0
0,45,29.0112351918507,7.37953770979216,0
1,45,22.8710303300293,5.59158234193719,0
2,45,25.4096223399769,6.58440035000535,0
3,45,26.9433213770118,8.23795189639749,0
4,45,26.7767950045458,8.29260364069682,0
5,45,24.4952303259606,8.47113770849948,0
6,45,26.5457252150532,9.21005681189769,0
7,45,20.2747057946648,4.18714053622799,0
8,45,21.6148510294695,6.89274369579701,0
9,45,23.2124086833811,8.41772573850533,0
-40,46,2.05336226694066,-1.70391997300597,0
-39,46,0.287617528104914,-1.96696416708557,0
-38,46,1.08992442474728,-2.62022212851083,0
-37,46,2.70488879421278,-3.05958861549092,0
-36,46,2.67047644992818,-3.25748595694686,0
-35,46,0.35085390606689,-5.27333668493237,0
-34,46,2.57119011741006,-2.88234671175834,0
-33,46,5.35598101525094,-1.4519719186983,0
-32,46,8.49237308832908,-0.537989275681815,0
-31,46,9.16230229131723,-0.603229589640192,0
-30,46,10.5731680301435,-0.738970272463645,0
-29,46,10.9281267811215,-1.3186511000538,0
-28,46,8.97928626454462,-0.227302577409553,0
-27,46,5.14154603992792,-1.5861212689955,0
-26,46,11.3841763743398,-1.65832412116156,0
-25,46,9.99079090481066,-1.26909899172758,0
-24,46,8.38339585726678,-1.01344805834396,0
-23,46,10.2160436434328,-0.385285092070443,0
-22,46,9.8940065387445,-0.925468577354171,0
-21,46,12.7760703537694,0.684135017763993,0
-20,46,16.7703889375121,2.03119832902107,0
-19,46,14.1806078392661,0.382111975190477,0
-18,46,12.118811578932,-0.344047174661434,0
-17,46,9.08168988244111,-1.0653930065322,0
-16,46,13.4037704258926,-0.590486433657079,0
-15,46,12.2023844164222,-1.0847636137029,0
-14,46,13.3726424965644,-1.69707153496933,0
-13,46,15.427630912341,-0.252529180321833,0
-12,46,14.0794062168383,1.22381335254378,0
-11,46,17.9309892631015,2.34785520428411,0
-10,46,13.6522154811372,2.25957456673652,0
-9,46,17.2908143021228,2.61163213125516,0
-8,46,15.2778670341833,2.60238981864064,0
-7,46,16.4051765819396,1.76662455484961,0
-6,46,15.5113102293227,2.17481712360121,0
-5,46,20.0188673123316,3.0835009668996,0
-4,46,20.417270211419,2.1895386224002,0
-3,46,21.9436150426381,2.6036826193153,0
-2,46,24.6625403122298,2.92859888526192,0
-1,46,24.4412877593041,4.09411744118271,0
0,46,23.274847111669,3.21852725329035,0
1,46,21.5297630267803,2.75377980263287,0
2,46,20.2471059668395,2.7336007886869,0
3,46,20.8392716975498,4.08706443902063,0
4,46,18.4171878456617,4.25602734609804,0
5,46,14.4017647500626,3.00471006875805,0
6,46,13.8157413912106,2.7787485316149,0
7,46,16.0304252487565,2.54907756482564,0
8,46,11.2841148262671,1.21333083361076,0
9,46,10.5811589930076,1.03967503800555,0
-40,47,5.34178544306585,-0.998825991436717,0
-39,47,1.92071005036854,-2.03475139433789,0
-38,47,1.52640591062372,-2.43407430427332,0
-37,47,1.61478084491009,-1.86101159920489,0
-36,47,4.51226320243681,-0.566801617523427,0
-35,47,1.39526428391592,-0.995250105169401,0
-34,47,1.96250436861878,-1.16044236901065,0
-33,47,4.54338906448827,0.80625100917957,0
-32,47,2.605920491075,1.13506575354363,0
-31,47,6.49260785572681,2.37041400050134,0
-30,47,4.51269049520001,0.977317905557796,0
-29,47,5.53863881904696,-0.783078787136249,0
-28,47,2.61735724698925,-1.04394339618637,0
-27,47,8.04559298547123,1.64289451399117,0
-26,47,10.1214889759111,2.26305049561262,0
-25,47,9.43673458701325,3.20849885288461,0
-24,47,10.6603803012466,3.54432098499102,0
-23,47,12.5949794884487,4.75877608602116,0
-22,47,7.98343007393643,3.18589366007245,0
-21,47,6.00495047386217,2.56430054746082,0
-20,47,10.4525270992965,2.31351999130733,0
-19,47,2.60985771591544,-0.0211121140156003,0
-18,47,1.89085773248475,-1.67846993603927,0
-17,47,0.885984591471798,-1.05941728700179,0
-16,47,3.32729285798941,-2.0188067901649,0
-15,47,11.3707876838827,2.11484723636907,0
-14,47,10.0050988251275,3.38625978004745,0
-13,47,13.5704062452564,3.7545009106186,0
-12,47,13.3528618959256,3.81899867734656,0
-11,47,9.58705483175332,0.949655594974453,0
-10,47,7.05076556749949,0.664181075369183,0
-9,47,9.72008532190703,1.1857968321205,0
-8,47,6.59276919889736,0.0074956676416309,0
-7,47,6.77222071711978,0.809622773061899,0
-6,47,9.47658137812547,2.66592444272895,0
-5,47,11.3412995446633,4.72330067641646,0
-4,47,7.12048342432162,1.93409686830061,0
-3,47,13.0522869004214,5.82022062037122,0
-2,47,16.1754720572811,5.51816994685102,0
-1,47,12.866483284047,3.93692968642307,0
0,47,15.944634554211,4.68693068840628,0
1,47,11.4276806321012,3.3513685041344,0
2,47,9.94339868963417,1.37691626194259,0
3,47,10.5897372529851,0.92098572389557,0
4,47,10.7711393142517,2.51286143079687,0
5,47,8.21856627970995,2.19415034853711,0
6,47,9.40641115638813,2.58706134861878,0
7,47,10.3671689477866,2.5082853073098,0
8,47,10.4164136192051,3.72936249468968,0
9,47,9.44362211827454,2.56561727998735,0
-40,48,3.22608290341931,-1.6312889743724,0
-39,48,-1.0793556571399,-3.8001349836182,0
-38,48,2.89313226072982,-1.65812766989137,0
-37,48,3.38235380012083,-1.85918135249287,0
-36,48,4.30194261172087,-2.16623882793268,0
-35,48,2.25962762089366,-3.49462451547216,0
-34,48,4.94348374798076,-1.52013937268323,0
-33,48,5.81880859148104,0.987484608798028,0
-32,48,8.18920175514084,0.837894305973815,0
-31,48,10.6277242576648,2.21431208456554,0
-30,48,11.6060490331964,2.27081500719643,0
-29,48,11.967129941834,1.2653731399367,0
-28,48,9.66853862912634,2.60499662684943,0
-27,48,10.2943356251303,2.98447703156773,0
-26,48,13.6340427346391,1.69837662891986,0
-25,48,13.1995766514338,2.48216930496141,0
-24,48,11.4785038656983,1.90396957585789,0
-23,48,13.3994219929209,3.32370573527684,0
-22,48,11.3549270022288,1.41547399224144,0
-21,48,9.91721564960866,-0.190407946316508,0
-20,48,11.9128458843298,-1.42498359610983,0
-19,48,7.06184261798854,-2.19275414683873,0
-18,48,8.56737931213605,-1.08803137917561,0
-17,48,7.44711103834869,-0.668270417989111,0
-16,48,9.5955119048099,-1.41820933461143,0
-15,48,15.3141012071539,0.867364082658411,0
-14,48,13.2541061501881,-0.054452892969064,0
-13,48,15.3131415388496,0.82511963241561,0
-12,48,14.6553888966189,0.0478352901361543,0
-11,48,14.0002292042992,-0.98049111319063,0
-10,48,11.5186755821762,1.11853282923811,0
-9,48,16.4581037404635,2.6055462262497,0
-8,48,14.4377699423276,2.79787389612123,0
-7,48,17.3942887294534,4.80089142606568,0
-6,48,17.2861533134654,4.67363320367584,0
-5,48,20.0241482960997,4.38110253999337,0
-4,48,19.4753051786047,4.6008934751283,0
-3,48,21.7788479482208,4.38677965155584,0
-2,48,23.6609027226905,3.75881377567073,0
-1,48,20.1269905971082,3.29996312234033,0
0,48,23.3686472207376,3.97072398545907,0
1,48,18.4037340201781,1.61530584791597,0
2,48,19.4190709524611,3.93565341533567,0
3,48,20.4423957376844,3.67483640002809,0
4,48,18.0110659611064,3.93772706194024,0
5,48,18.2261388052518,5.76557424403438,0
6,48,16.912510317559,5.6329001392678,0
7,48,18.9971376737962,5.77606721567475,0
8,48,14.745670397046,4.98822366445482,0
9,48,14.8387254384537,4.14514601958274,0
-40,49,9.02722997131954,1.2581122854456,0
-39,49,4.89585949167496,0.39673168304569,0
-38,49,6.43640841100684,0.156177304784693,0
-37,49,6.04944509784298,-0.634224551280662,0
-36,49,8.25687569373829,0.326258973872261,0
-35,49,8.31187929886962,2.01258326440047,0
-34,49,8.08965418003268,2.14813328170329,0
-33,49,11.3898386492455,3.63860027942904,0
-32,49,8.17357496004719,0.794542247272456,0
-31,49,11.9635046016895,2.95831288561385,0
-30,49,10.245576305064,1.04852338037016,0
-29,49,13.9941015301536,2.60132127739532,0
-28,49,11.1645657577641,3.26908888419588,0
-27,49,16.802591925427,6.14628236256221,0
-26,49,19.5799402031014,4.93540977898468,0
-25,49,16.1814555062906,3.09341517797441,0
-24,49,16.4248442300599,4.20272569636902,0
-23,49,17.1519505774206,3.78376753212658,0
-22,49,12.839183788658,1.06660500467566,0
-21,49,12.3651720925239,1.23303774050778,0
-20,49,18.7691277260141,3.90838918617365,0
-19,49,11.4892959914771,1.47682666132685,0
-18,49,13.0531804433986,2.95600391176077,0
-17,49,12.0611821027712,2.11511870292318,0
-16,49,15.2658757240423,1.58329520187257,0
-15,49,23.3631833487067,5.64774894081897,0
-14,49,22.0259307402031,4.19716911047908,0
-13,49,24.4675243575586,5.39605046062528,0
-12,49,24.5534371160617,6.57086839373903,0
-11,49,21.5599386608438,3.86833019880232,0
-10,49,14.9183981160557,2.63474201339426,0
-9,49,21.720722197794,4.30911333533756,0
-8,49,17.2854864911759,3.53704902509106,0
-7,49,17.8216779522331,2.75756797588531,0
-6,49,20.0196040646061,4.23931921203112,0
-5,49,23.2472937728945,5.25829403527958,0
-4,49,20.4896036782654,3.66117561128512,0
-3,49,25.2247311206825,5.50943479677813,0
-2,49,29.7784638248696,5.97649389288728,0
-1,49,25.6622922207388,4.6280838503574,0
0,49,30.9640607285664,7.7306719714048,0
1,49,26.0726423108029,6.42074704651978,0
2,49,27.0552271475758,8.33108300831986,0
3,49,28.6791415113908,9.00766878751111,0
4,49,24.0984493211604,6.66591723837511,0
5,49,20.9264288259637,6.76825906284746,0
6,49,20.0396838931742,6.14655125866279,0
7,49,18.7456673775739,5.25730105499258,0
8,49,19.8091293713843,6.11152131655373,0
9,49,20.6111130104636,6.81731641737828,0
-40,50,13.5638516416936,6.19724553404984,0
-39,50,7.14901400018186,3.59279126684546,0
-38,50,7.01808146940806,2.92189041408428,0
-37,50,7.72068327573678,2.01373342862501,0
-36,50,11.1134441897946,3.76866946696498,0
-35,50,6.83623223153737,1.93396332726508,0
-34,50,6.31804313497962,0.926286301539281,0
-33,50,7.89653614168487,1.20650021568175,0
-32,50,4.92235409840131,-1.3636699435749,0
-31,50,8.8504888331228,-0.176125283088257,0
-30,50,8.09896767949439,0.0469277957774383,0
-29,50,11.2278133396563,0.000630178348762334,0
-28,50,4.28804214448887,-3.18484186096622,0
-27,50,10.7772011702286,1.00019488215602,0
-26,50,11.4910485800094,0.549807285804724,0
-25,50,9.23346943131111,0.445800717236018,0
-24,50,11.2770914483604,0.56554598284784,0
-23,50,13.2319330645167,1.75355960518255,0
-22,50,8.8040086048316,-0.773358971622429,0
-21,50,10.9157865189962,0.437754691220082,0
-20,50,15.7237000826561,1.58278932504896,0
-19,50,6.93896700014832,-0.407853208893409,0
-18,50,9.63659938892837,0.149985897225869,0
-17,50,8.84708923379546,1.51848778136023,0
-16,50,16.7427623990891,4.30175149441308,0
-15,50,24.9864536989546,8.59625580396508,0
-14,50,23.713608819286,8.71812386781864,0
-13,50,25.3553752081278,9.03681751615637,0
-12,50,24.8701230014073,9.52436175299017,0
-11,50,19.7640601087146,5.39051597960757,0
-10,50,17.4500774120529,5.81681853245599,0
-9,50,23.6072024556183,8.46162133404921,0
-8,50,21.0038682692736,7.99370804831327,0
-7,50,18.0552975628006,5.62791595929221,0
-6,50,19.5760278434166,6.41664376904587,0
-5,50,24.3361204631926,8.15063532774518,0
-4,50,19.9900338408206,6.96264174019451,0
-3,50,26.2404912302194,9.13585877959723,0
-2,50,29.2619886198901,9.98144396503465,0
-1,50,25.2554544236824,9.86321683643178,0
0,50,31.0077360446525,12.1690521174528,0
1,50,25.2154976298397,8.77068155163522,0
2,50,26.2059391631824,9.40050877214608,0
3,50,28.2444358475137,9.59966959907661,0
4,50,23.9615523139435,8.8405599003282,0
5,50,23.5054256977408,9.70720038740755,0
6,50,24.329097237758,10.1212424595703,0
7,50,20.8526011012072,5.93126109426387,0
8,50,22.2374127196599,9.49637590236999,0
9,50,22.0981282567442,9.21881756006196,0
-40,51,16.1160916323827,6.23824714093486,0
-39,51,11.3280072273071,4.80523584274866,0
-38,51,11.1703613379279,3.09482692825541,0
-37,51,12.3537126582361,1.75823123329108,0
-36,51,12.8442916393563,2.16455521752437,0
-35,51,11.9450235516189,3.88272458279919,0
-34,51,11.2125595261736,2.85747586127367,0
-33,51,10.2276379638231,3.62436787673873,0
-32,51,10.9239213554362,2.67767224116747,0
-31,51,11.9597441022331,2.42386230803922,0
-30,51,14.9420556168008,3.11934092492078,0
-29,51,16.27202482246,3.79299032754544,0
-28,51,13.774261202087,2.621387152649,0
-27,51,19.5249843650255,6.71748869707436,0
-26,51,23.8928298381532,5.41316771769197,0
-25,51,24.4702823090938,6.44709792943168,0
-24,51,23.9982478875406,6.62806541890676,0
-23,51,22.1590679786329,4.95097484176606,0
-22,51,20.9841499697414,5.83737898580591,0
-21,51,19.5708779766612,5.15373734280426,0
-20,51,21.6997664181476,4.62667797789647,0
-19,51,15.2407104673051,2.72090881921059,0
-18,51,14.7351640471965,2.82067365833499,0
-17,51,14.0569066972196,2.46820581926627,0
-16,51,18.8810872961306,2.70125179433895,0
-15,51,26.6901683237373,5.93823836760396,0
-14,51,26.3571709217393,5.35701997702688,0
-13,51,29.2684004807287,5.81985924745636,0
-12,51,26.7207985226945,5.54458580667658,0
-11,51,26.3152471782394,3.6743262285382,0
-10,51,20.817375269817,4.27707493523922,0
-9,51,25.7572001142831,5.57864443605909,0
-8,51,20.9956003636867,5.766917451523,0
-7,51,21.9518096587738,4.58526180555561,0
-6,51,23.1073606795089,5.7513969701335,0
-5,51,25.61333114314,5.1832231775184,0
-4,51,24.1546484193433,3.56930596110608,0
-3,51,29.3163137555423,3.97550890152904,0
-2,51,31.8685071761035,2.73150686162094,0
-1,51,29.2346679213489,1.98777355510937,0
0,51,30.512436383955,3.22891273351008,0
1,51,29.0547898049931,2.56418895762547,0
2,51,26.8308324082997,4.25344023978425,0
3,51,26.2197177609698,3.76086371815394,0
4,51,22.8674162241774,4.64459956197197,0
5,51,19.3183724327667,4.15989134660538,0
6,51,17.5368578574118,3.18631594730257,0
7,51,18.5669603536958,3.96769002880242,0
8,51,19.5146586089947,5.34341008499519,0
9,51,19.5530088773569,5.20987383045495,0
