"time","id","y","x","z","treatment"
-35,1,3.2512767034026,0.521541760369178,0.0288442266846641,0
-34,1,5.45253680320401,0.806064768865391,1.27484426139993,0
-33,1,6.2567876822548,1.16686008798232,2.44783761308416,0
-32,1,6.38252394653679,0.871406096466823,0.104206271895842,0
-31,1,4.87805157421361,0.51903837420119,0.126915763183009,0
-30,1,2.92112907587098,-0.0138172677065405,-0.0223426987801949,0
-29,1,2.91062263403195,-0.396824668363087,1.58425756422363,0
-28,1,2.4876795562141,-0.493917232816321,1.62045165278495,0
-27,1,6.19959363147826,-0.69610585235977,1.46047399763157,0
-26,1,4.2633320883025,-0.322738953311546,-1.35416067158251,0
-25,1,5.30891138460923,0.161064598063567,2.51788901216464,0
-24,1,5.46888551301486,0.865307825005234,-0.590725544178248,0
-23,1,8.13455933201531,1.34212064976047,0.675754101830448,0
-22,1,6.23202002072352,1.92489740706533,0.553070196592002,0
-21,1,6.56582123598595,2.05229002010006,2.46319080727347,0
-20,1,6.29933238280955,2.13536733236759,0.845308678722581,0
-19,1,6.93254723113608,2.16613360862565,-0.726569771081195,0
-18,1,1.2426050883393,1.76280718755597,2.94433644764017,0
-17,1,6.58859235053776,1.06157009192338,0.709290949487439,0
-16,1,4.18071537322988,0.445959242129683,-0.307986313491137,0
-15,1,2.29281808056015,0.287372628610291,0.159156366743239,0
-14,1,2.98234527163799,-0.0524182686629477,1.40029234697065,0
-13,1,2.25275918620884,0.20373091362238,2.25264900790657,0
-12,1,3.37816424754651,0.830249615237635,0.787649883425278,0
-11,1,4.1206211108514,1.1381135985461,1.8456513142477,0
-10,1,5.5842053335578,1.52195022581258,1.49260972760921,0
-9,1,4.67636587192085,1.55316237098891,2.05529489535141,0
-8,1,6.2292476488657,1.87131407836622,2.571185123594,0
-7,1,5.49959302122465,1.72880388875436,1.22734446548926,0
-6,1,6.08594572617535,1.5115740813747,1.83523859033519,0
-5,1,7.19652011758252,1.11052607984616,2.06092610059039,0
-4,1,3.83271404800394,0.656828271348876,0.317015283026954,0
-3,1,7.66736569901612,-0.0726269536797365,2.50191275327642,0
-2,1,-0.00942448297510556,-0.423618640755103,0.417224900089891,0
-1,1,5.52782991052598,-0.0779199615638114,1.72978959408964,0
0,1,3.92342944315677,0.1946418035722,-0.0984433081728474,1
1,1,5.32285968030693,0.817394038854578,1.21252386507734,1
2,1,3.43295564952051,1.06791360359689,0.343944084461648,1
3,1,12.4547684243272,0.982526929511768,2.00903470003883,1
4,1,4.73605568746468,1.69136338609532,0.232993147488275,1
-35,2,4.88815433863882,0.767568161126695,-0.636470779265499,0
-34,2,6.60379617981945,0.557640160930923,-0.718299378263064,0
-33,2,5.13749595309094,1.00852269100201,1.20371620496359,0
-32,2,6.08586664373433,0.565751301909299,1.21413591552173,0
-31,2,2.38838384478328,0.031786893572707,-1.18608679543052,0
-30,2,4.39363077571679,-0.617272357351706,1.19066975899944,0
-29,2,2.69459929390025,-0.914588894799166,-0.716953608758825,0
-28,2,1.13550575022998,-1.65463344810397,0.289339551172774,0
-27,2,4.81357881803666,-1.94553453970729,2.45298221518706,0
-26,2,3.71995972613881,-2.04974260537885,-0.00619544709880415,0
-25,2,1.22991332687645,-1.66048719471875,-0.459847981606627,0
-24,2,1.83193848974822,-1.18914113032801,0.338689453258313,0
-23,2,3.11516781254805,-0.970773107055317,1.64991746840509,0
-22,2,4.5613891690809,-0.621699668304773,2.58157553819618,0
-21,2,2.48399792449175,-0.368146298089345,1.89852013455927,0
-20,2,2.41283170503167,-0.103729585420924,1.36663723907176,0
-19,2,2.12047308524436,-0.163622349529505,1.76384918799714,0
-18,2,1.76198344339107,-0.770695473874988,0.443863491457457,0
-17,2,2.2850296686178,-1.49449706518114,1.89824369454805,0
-16,2,-0.484010665912259,-2.24283202204197,3.18111384126184,0
-15,2,-1.15792795059111,-2.55090155831608,1.63452102087751,0
-14,2,1.45941773450687,-2.29143020718424,-0.0492545265808606,0
-13,2,2.26369176372698,-2.26977429594905,2.56114711934898,0
-12,2,1.68779147822884,-1.73807031145805,3.77783805915036,0
-11,2,1.42935697064074,-1.06761851443233,1.28963812974259,0
-10,2,2.77819656803244,-0.465225729763736,-0.350422191760971,0
-9,2,3.01633720567252,-0.0239445564004702,0.0667719698292972,0
-8,2,1.60002644096542,0.400537776881976,0.68735911169511,0
-7,2,3.44059439178195,0.273020267509827,1.69579029805229,0
-6,2,3.4047139257202,-0.247471001206691,1.07649861659054,0
-5,2,5.93787711863338,-0.649845926103061,3.12748093846355,0
-4,2,4.01481177285267,-1.35663889051489,1.86642336076467,0
-3,2,-0.91335586156972,-1.93770979602692,-0.492447828830488,0
-2,2,3.62167475618137,-2.03572487654745,1.78996342120048,0
-1,2,-1.76159987936486,-2.1426614036293,0.349441504069242,0
0,2,0.894185258264911,-1.85282177290488,0.165784476493274,1
1,2,-1.00165077041838,-1.48579884045964,-0.688293828495815,1
2,2,-0.911942640475804,-1.14765029134116,-0.22135160334522,1
3,2,-0.012251519091301,-0.838685822404208,-0.15647441116564,1
4,2,6.35439376336961,-0.0944472481107421,1.41688429171969,1
-35,3,7.40611458781075,0.957576045933654,5.09841311476588,0
-34,3,10.1799457192238,1.35675168275266,2.65155008218562,0
-33,3,10.5731617856606,1.59126011298742,2.92880538784506,0
-32,3,8.9801273320877,1.55719838323821,1.64131465053115,0
-31,3,9.85021573997266,1.24143403744621,3.25000769385477,0
-30,3,9.6243932972586,1.01088465773011,2.99378781078851,0
-29,3,6.98170203055501,0.716722164204611,0.427514747524326,0
-28,3,6.81959285652687,0.37427946552202,2.37159247766628,0
-27,3,2.62168198543497,0.329538886434758,0.338032386430693,0
-26,3,3.35316375409022,0.0508824419875585,-0.661198604081064,0
-25,3,8.0539380544783,0.520844471573374,2.36499514043777,0
-24,3,6.11858307284644,0.912669987795048,2.7627261662047,0
-23,3,6.14047967866583,1.58991223611544,-0.850921622732824,0
-22,3,2.33910083648958,2.25495135564854,0.255734234654501,0
-21,3,5.3368981443922,2.76645567448012,0.985768195452017,0
-20,3,7.38714244385835,2.86703603878837,-0.672388093147772,0
-19,3,5.11654950333002,2.53093290173064,1.13864364679431,0
-18,3,4.14906119652916,1.77400619214329,0.332174335459361,0
-17,3,2.85415410811216,1.34333916378926,-0.745367961908269,0
-16,3,1.22715483380201,0.716470839317812,-2.78433882848249,0
-15,3,0.0540822173397129,0.597109415879524,-0.288712606365014,0
-14,3,2.09783478053519,0.460889797386153,-1.83278982235079,0
-13,3,2.32693505894914,0.615517852755318,-1.26256384287787,0
-12,3,1.11400431747813,1.10380531989833,-0.942944225008031,0
-11,3,-0.492418568969253,1.764454269923,-1.48038077289184,0
-10,3,1.57468806732642,2.18276310709876,0.192825873642876,0
-9,3,1.28643352239843,2.3552847158544,-0.421213788284317,0
-8,3,3.00888937778332,2.70407511654005,0.388806975221712,0
-7,3,6.79222805464084,2.62817499007275,0.926468169196032,0
-6,3,3.18743941889839,2.15575760577228,0.223784762515059,0
-5,3,3.60948086087925,1.64900821312915,1.18992870505446,0
-4,3,4.84103667745914,1.39570514159568,1.44252865210231,0
-3,3,5.00636566996562,1.15707620373095,1.73889220676097,0
-2,3,9.13811552433818,1.26469830182634,2.425611581361,0
-1,3,12.6803740769298,1.64063182984496,3.12769578552721,0
0,3,19.4453665870337,1.91313244307677,3.88868682213394,1
1,3,19.2755495423699,1.95228847687591,3.75069448954423,1
2,3,30.6466475696617,2.79581195538236,5.90572450382385,1
3,3,22.9230793212538,3.25574364086058,4.12604025959651,1
4,3,14.3476242237124,3.3599638365058,2.70389771590316,1
-35,4,7.41885046739066,0.492884737353093,2.3629089860361,0
-34,4,6.59962933571001,0.330001059113952,3.39668461892257,0
-33,4,7.63721503271114,0.760712852979894,1.07916781834891,0
-32,4,8.26561751587642,0.905905447535785,1.16909415994892,0
-31,4,6.30274549043565,0.351858519164415,1.35223447133717,0
-30,4,5.66879961264828,0.0399275769378394,2.23812644037534,0
-29,4,4.87906260124677,-0.437110236220708,1.96356526307417,0
-28,4,3.76371610697141,-0.965276144105696,2.45318060885172,0
-27,4,0.920340675762062,-1.25963267945604,0.434743874111311,0
-26,4,2.68271002017309,-1.65814946331052,-0.959717655564046,0
-25,4,4.94675752376658,-1.33174963757047,2.98579073005144,0
-24,4,3.00941604576371,-0.806743495271771,2.55025112070541,0
-23,4,3.62613253053519,-0.532924882513119,1.68984658777338,0
-22,4,1.27192385237506,-0.101889020752261,-0.166759062847663,0
-21,4,5.45424052483664,-0.0189604459373074,0.703900290387458,0
-20,4,6.33262473600127,0.276970462756811,1.55179923776468,0
-19,4,2.73026609534426,0.100332855856894,2.37580108035066,0
-18,4,3.31701977859299,-0.309403048689795,0.39338796382543,0
-17,4,4.82968059251106,-0.702096793791133,-1.6978594064466,0
-16,4,-0.547373153886536,-1.18314544065791,0.0966459190117234,0
-15,4,-0.417078360428142,-1.22998157661703,-0.304768328865472,0
-14,4,1.47782289386728,-1.48282822091485,0.228450568881165,0
-13,4,0.385247001955447,-1.12185133857335,1.54134564977539,0
-12,4,0.80583098694266,-0.271184628073939,-0.348178051967899,0
-11,4,1.20191397764309,0.21043338957357,-0.110202642630104,0
-10,4,2.24975760589386,0.754785325053003,-0.196402400553593,0
-9,4,3.10444554607996,0.838016325859149,-0.265386815937901,0
-8,4,2.35750749731824,1.06974740387163,-1.1408664904833,0
-7,4,4.79450600453715,1.22556115438118,2.01472968463521,0
-6,4,3.31150737286616,0.730501766726414,0.0606678307418388,0
-5,4,2.20449264274912,0.0741099925241464,0.551749689212809,0
-4,4,-2.18672829065522,-0.699529427520514,-0.650320416328341,0
-3,4,4.58926109630592,-1.36486826991658,1.56364999053436,0
-2,4,4.14867480573588,-2.08126830328563,1.63531745864766,0
-1,4,5.13695649411095,-2.18069833711029,2.31050869736106,0
0,4,10.6630290123651,-1.55906008125908,2.56104473496245,0
1,4,13.1151778067128,-1.24414898383061,2.97803319910558,0
2,4,15.7321739061153,-1.03388002049643,3.98424721554381,0
3,4,10.8590513267182,-0.609454922643946,2.38844028492078,0
4,4,6.14018556236747,-0.294531659951565,1.6064947713244,0
-35,5,11.7469228902749,0.492698253888269,7.13034656153951,0
-34,5,12.7638254673471,0.80025717853614,4.65803027938872,0
-33,5,11.2799357078219,0.997994697906109,5.4314697343834,0
-32,5,11.479969201431,0.601422622103886,3.88680926162076,0
-31,5,9.11296055086838,0.0966194432393586,2.94413279691503,0
-30,5,5.01962200077236,-0.285970435732784,0.960078107470217,0
-29,5,7.49374120711145,-0.61268301912396,3.44383057178442,0
-28,5,7.1349050241576,-0.963983036605738,1.54346644826961,0
-27,5,-0.477972536130224,-1.1627177122273,-2.92666204486526,0
-26,5,4.42253773415438,-1.05894414016019,1.01055883083757,0
-25,5,9.70783106325805,-1.06663894855607,4.41161866238891,0
-24,5,8.13042707928483,-0.369023179489829,3.05751942935568,0
-23,5,2.67690475287425,-0.00212351062861316,-3.26810401939722,0
-22,5,1.30929041621258,0.243183163268287,-1.81243608203916,0
-21,5,5.53052591150544,0.759444531102722,-0.459039075814236,0
-20,5,4.99218918238554,0.515660183021357,-0.707486836914705,0
-19,5,2.72387616596012,0.178099755075133,-0.261692749581328,0
-18,5,2.38503374215717,-0.10007240511485,-1.7860890096084,0
-17,5,1.53013834774545,-0.605719953762163,-1.99741518049897,0
-16,5,-0.774541243125203,-1.2061430197877,-5.39981015827685,0
-15,5,-0.981083918260536,-1.42698660394023,-2.02172161708863,0
-14,5,0.0153637587411302,-1.54342501157503,-2.1673806022152,0
-13,5,-1.0682432916534,-1.39327516775151,-1.91118073350902,0
-12,5,0.722065061559437,-0.485455586922031,-4.08965709712041,0
-11,5,-0.0752004710981398,0.208286830858893,-4.74847144169541,0
-10,5,-0.607463412823421,0.939378947771615,-3.62869143926989,0
-9,5,1.96153188386617,1.7065023204852,-1.76005149847426,0
-8,5,5.30471124845362,1.86997537692677,-0.847101176673083,0
-7,5,8.45678341658894,1.75327683118696,2.39143856718308,0
-6,5,5.52466595910746,1.3499361595735,0.645338414642937,0
-5,5,-1.1193149075315,0.879979092215183,-1.23257641078857,0
-4,5,2.28168031296769,0.363020378927238,0.0733209465126481,0
-3,5,1.97749012805711,0.104158612265266,-0.778124741298136,0
-2,5,12.9313941009835,-0.162750664887674,2.6231519662537,0
-1,5,21.9028107218413,0.0671882172667038,5.25810916865684,0
0,5,25.1750218461677,0.183748306476506,6.21580392146477,0
1,5,24.5662179110716,0.376603677117793,4.92383419211956,0
2,5,38.3541511809813,0.873561603299667,8.19685492431469,0
3,5,21.3938948218289,1.29710658439727,3.62743404682851,0
4,5,7.25189561499173,1.41365698377262,0.801221922225492,0
-35,6,6.89198354248885,0.519530567062448,2.01095005786891,0
-34,6,10.6109727572584,1.0136683138646,3.4403024494031,0
-33,6,7.38565428284344,0.68031045115269,2.57728842716787,0
-32,6,8.48402868609404,0.280342050006411,1.69196726777884,0
-31,6,8.00247562236667,0.118428258407136,2.90168457711914,0
-30,6,5.86183886980119,-0.499709596770443,0.268499239196612,0
-29,6,3.21048891769446,-1.29937205365112,1.74739036461869,0
-28,6,3.42359838684611,-1.58153440465886,0.72967737829397,0
-27,6,3.71485361270305,-1.86022360095867,0.0585812167611202,0
-26,6,3.15484233783545,-1.85069244369586,1.80750710479673,0
-25,6,3.64954282996371,-1.22257570387874,2.74034241697764,0
-24,6,4.02837207289397,-0.456240493451634,2.45759756708812,0
-23,6,4.73847182462093,-0.0304709611066872,0.698426145428813,0
-22,6,3.17287091353031,0.183437654955232,-0.328150754817069,0
-21,6,3.79251728273279,0.346177084683159,-0.918906811009352,0
-20,6,3.97559287540168,0.565827144222264,0.914956155618191,0
-19,6,4.61331417869994,0.299458330319076,0.158908679141732,0
-18,6,1.53072954526559,-0.370372926662298,0.202195797566714,0
-17,6,2.56719020954517,-0.906845053285995,-1.01193152168793,0
-16,6,1.24288740195197,-1.36022431819298,-0.483201155068527,0
-15,6,-2.15192353498191,-1.80748212450547,-0.438163136581483,0
-14,6,0.739736017121429,-2.01309921592033,-2.31736605408522,0
-13,6,-0.15010212002077,-2.08739900118532,1.97788055102653,0
-12,6,-0.690763061859238,-2.0782891750835,-0.300103996688449,0
-11,6,-0.555005288661792,-1.50358180626234,2.42057112140665,0
-10,6,0.291535721236313,-1.22038769851759,2.8820650695488,0
-9,6,-0.0491018620731338,-0.915150549755499,2.24195228549024,0
-8,6,-1.78829792143351,-0.91601028088692,0.252573749162836,0
-7,6,2.50402501118972,-1.03544550778926,0.721229490358568,0
-6,6,-3.95849993674131,-1.75873564016673,-1.96360644946461,0
-5,6,1.21284398955852,-2.08786874809816,1.04879520728839,0
-4,6,-0.296628910208227,-2.52321063986481,0.752733936170805,0
-3,6,0.890034590078403,-2.93054328147743,1.4788637980644,0
-2,6,-6.38961462149694,-3.76826574835583,-1.08102404569641,0
-1,6,3.02603633021785,-3.81472090995779,1.57306573531123,0
0,6,8.76017383204012,-3.35214221775983,3.9036582221851,0
1,6,14.3232057261319,-2.9919053694201,4.0697471445274,0
2,6,19.4399136160472,-2.67322864505197,5.45339359809958,0
3,6,11.3085644551903,-2.17300738159462,3.17629619050217,0
4,6,-4.50918751583873,-1.95073238402624,-0.546352435021824,0
-35,7,7.30165373629761,0.34560796125874,4.02224361383898,0
-34,7,9.92652764646847,0.639846644450884,2.78399986646638,0
-33,7,8.1825548460023,1.01990331311656,3.05251484045816,0
-32,7,9.39285956378033,0.753934876905138,2.25716636205118,0
-31,7,6.78867162357616,0.310526659152892,1.2918747858601,0
-30,7,6.66448637705523,0.0980755130108854,2.06849684101007,0
-29,7,3.12023543931021,-0.369680895340949,2.24250020436907,0
-28,7,6.67556788480765,-0.227369053414133,2.5436444809993,0
-27,7,4.4845163977019,-0.599508917045858,1.55825917483599,0
-26,7,4.86035524759651,-0.457661826371036,1.4610838207104,0
-25,7,6.36936176213723,-0.157689087806944,3.57719572095171,0
-24,7,6.82575130212716,0.203612781170234,2.3733168226433,0
-23,7,4.29286019093655,0.740494133795279,0.927512914978005,0
-22,7,5.09055282022686,1.14934789504757,1.23544474469818,0
-21,7,2.77409721856795,1.70539895487287,0.971571144652742,0
-20,7,6.04511486550294,1.75792244976032,-0.0645642003619835,0
-19,7,4.13216882316931,1.86242036951097,0.644024360645533,0
-18,7,1.6896385839401,1.40902115718978,0.523341270552949,0
-17,7,1.3370948350248,1.00218446826872,0.597079146279584,0
-16,7,-0.205648188926979,0.469735059110248,0.311693556871415,0
-15,7,-1.63851574144834,0.112116309048004,0.280085972384596,0
-14,7,0.348942168161221,0.375416401556991,-0.188223720626266,0
-13,7,3.0397349991115,0.514527172712641,-0.659919873216709,0
-12,7,0.474294461858001,0.742391347027804,-1.07024973656394,0
-11,7,1.28970534389973,1.34880444857888,-0.199660498738661,0
-10,7,2.05699872755968,1.78299272273833,-0.830806226622525,0
-9,7,3.53997175540246,2.00655327992574,0.55136450356585,0
-8,7,2.2580461391823,2.16999788798219,0.327243434166179,0
-7,7,8.09074104600814,1.81890891648149,3.0097838261852,0
-6,7,5.17123514228626,1.49602172332781,1.56486350160132,0
-5,7,1.43166132212875,1.19158444691926,0.9649282075394,0
-4,7,1.69910576841915,0.645214917985582,0.78150054893119,0
-3,7,9.04921048320976,0.305510352684985,3.84124066921948,0
-2,7,8.562234666492,0.211288730697392,3.21137049183268,0
-1,7,12.60474022296,0.364794965210718,4.07173003501702,0
0,7,10.7038591810111,0.41745805567989,3.04879493747613,0
1,7,11.7427232946733,0.837193581335175,2.84289969946055,0
2,7,14.1067141778691,1.2748420883594,3.30892534973249,0
3,7,12.3527161973427,1.46138715093652,2.45225245420814,0
4,7,11.1040004507967,1.80413435969036,2.74735606777998,0
-35,8,2.1169756781239,0.168769550523653,0.271546501425173,0
-34,8,2.60203966851738,0.225350802349028,0.51486936079449,0
-33,8,2.80251917212475,0.42931410117835,-0.649512673961522,0
-32,8,7.73974544179858,0.344177909464544,-0.360974753889759,0
-31,8,3.76123657258222,0.137799584345777,1.89731865929329,0
-30,8,2.41448382342937,-0.503571585667783,1.07922415605322,0
-29,8,2.64819529420454,-1.19008283493444,2.44573705100432,0
-28,8,1.50328280370324,-1.81187647391364,1.61677694175298,0
-27,8,3.52657659769231,-2.06318699030636,1.85094152285054,0
-26,8,3.48991240185359,-2.34416586907006,3.15631465418756,0
-25,8,0.394919452551061,-2.01591171118195,0.417741945728485,0
-24,8,2.44977134727662,-1.29721951540089,1.23882101735734,0
-23,8,3.83075463246542,-0.504679294291858,1.51372835006907,0
-22,8,2.68222660498857,-0.0314780259501551,2.54592183249514,0
-21,8,2.90462463303316,0.0984293719457294,0.169749981820016,0
-20,8,5.92781552486418,-0.0923707648928754,1.91907030698217,0
-19,8,-0.756437408671591,-0.274838084093646,3.59921751610809,0
-18,8,-0.826043004005436,-0.702711344967694,3.37977008592451,0
-17,8,0.148516877291089,-1.4318455477374,3.55107962345738,0
-16,8,0.0810876166328602,-2.28894613376185,2.79391510697673,0
-15,8,-2.18246900493953,-2.90064138483896,1.73179684571662,0
-14,8,-2.52159715031809,-3.0635641757465,3.21777720399838,0
-13,8,0.665051618701502,-3.07903361483536,3.0223350770555,0
-12,8,-2.41763691769691,-2.75791239228662,3.43879954021086,0
-11,8,-1.68489269567401,-2.59718694012571,3.7454061955783,0
-10,8,2.19248651744168,-2.2691661023616,4.71605527720122,0
-9,8,-0.669754771801566,-1.86007777307629,2.06275233347673,0
-8,8,1.71104472948155,-1.71803855831855,1.03392615173803,0
-7,8,-0.568780066623643,-1.90077622792868,0.248199239318046,0
-6,8,1.08121278419194,-1.99828638176694,1.12266786061516,0
-5,8,-2.6844614780355,-2.41738863058431,0.283765342541668,0
-4,8,2.6992282446609,-3.13622991327067,2.57502215233379,0
-3,8,-2.18993382015399,-3.54118675525927,0.86039948271486,0
-2,8,-2.4583223961628,-3.56120037049629,0.574800419198702,0
-1,8,-7.57883369244862,-3.61105965712984,0.244716010026837,0
0,8,-5.75643019743325,-3.48842994512879,-0.389165766735623,0
1,8,-3.43903358809583,-3.3552476866518,-0.0438709682744041,0
2,8,-13.607530388291,-3.0732037081313,-2.39693964676561,0
3,8,-5.65345403635657,-2.34796405157132,-0.334090873316835,0
4,8,0.770718657018755,-2.12751100914771,0.993616216354428,0
-35,9,7.19258212347658,0.57748063006353,0.508938532351709,0
-34,9,5.29421267378289,1.5773087791193,0.449270830047991,0
-33,9,6.62517516266002,1.8275094662439,1.25667372579482,0
-32,9,7.50380503883164,1.33677114564571,1.37120689699819,0
-31,9,3.91435707233425,1.14148697906683,0.0221480501538893,0
-30,9,2.81508009223674,0.683882687031415,-0.367417645667637,0
-29,9,4.68375714517613,-0.213684429278767,0.966890947616409,0
-28,9,3.1462499895238,-0.847230869380718,1.79094087017557,0
-27,9,4.38102725828973,-1.16309898583091,1.29280016936487,0
-26,9,3.42552203431414,-0.918767566981277,2.04588075847614,0
-25,9,3.76734203528609,-1.1293674471546,0.476635480099428,0
-24,9,5.75624784705738,-0.716633163396875,1.41340495015504,0
-23,9,3.73810850948253,-0.256553314675553,0.253335679058022,0
-22,9,4.38136038459686,0.41505676646616,-0.756174403994873,0
-21,9,5.32941151691335,0.633801825811568,-0.0910718474858228,0
-20,9,4.86609104123681,0.909728632193539,2.3268671789273,0
-19,9,3.44032432966215,0.9529942830498,1.82262042800676,0
-18,9,4.71063511707807,0.509035761803808,1.26681821781756,0
-17,9,5.70084681810087,0.171946663632821,1.18849746274009,0
-16,9,2.51682538630103,-0.585274484551116,0.428754771360771,0
-15,9,1.52352478972425,-0.629900900688833,1.65641195922757,0
-14,9,3.89891301654588,-0.878077205422633,1.57992007657291,0
-13,9,2.89184350663191,-1.05282007001298,2.09218526064783,0
-12,9,3.25710027417704,-0.583421590929474,0.459702209469321,0
-11,9,2.10949253119706,0.0551272792421762,2.03550330364962,0
-10,9,3.05450858512504,0.209328384592054,1.83682441894764,0
-9,9,2.99247125778438,0.554787607122092,1.14161852809282,0
-8,9,5.33851645854457,0.978172334494788,2.06779903616534,0
-7,9,2.96687096858433,1.06204171546445,0.318794891449403,0
-6,9,2.92503677182949,0.406761902041006,-0.0601382029304026,0
-5,9,4.6564065174179,-0.362402555796832,1.44885957691081,0
-4,9,3.09353160473665,-0.988300481689762,0.961737615787688,0
-3,9,4.27563842816434,-1.52976824160027,2.17347767504605,0
-2,9,1.47816046814724,-1.719537335365,0.64114096887949,0
-1,9,-1.66437764756586,-1.63783046170166,-0.638437869119874,0
0,9,3.0897327872173,-1.35673013180518,0.95534026693082,0
1,9,-1.19354845841548,-1.03198468600037,-0.544414847486894,0
2,9,0.971442667810377,-0.416453714491121,0.576770700126106,0
3,9,2.00478966594772,0.0828498532426903,-0.265550091059934,0
4,9,0.98578009465602,0.576651149706509,-0.311472899904963,0
-35,10,9.25121143402577,0.547411955188584,4.7938606923195,0
-34,10,8.82580655252625,0.644028385426878,3.79117104026479,0
-33,10,8.78722949649237,0.498815823223229,3.14090401562413,0
-32,10,9.68975579234463,0.306965578487834,3.21239311852556,0
-31,10,9.05615112870608,-0.0328575631019495,1.92150135694429,0
-30,10,7.23569690334354,-0.488389687393342,1.97699772439127,0
-29,10,6.26685922691166,-1.03801624129174,1.96611498952199,0
-28,10,5.96861223252894,-1.54909236240736,2.05381033198527,0
-27,10,-0.552892231891909,-2.03312996061266,-1.66115952501834,0
-26,10,3.67890404709897,-2.05307196899091,1.76917867011368,0
-25,10,6.8544464976026,-1.7438968925888,2.60886696726777,0
-24,10,4.73414337221135,-1.34452857744466,3.61441151349107,0
-23,10,3.09114181531385,-0.814874006938701,-1.20261314819807,0
-22,10,1.80700370402269,-0.372543934051953,-1.24415074546474,0
-21,10,4.82260297234269,-0.42321760980051,-1.58664637130433,0
-20,10,3.29286783110656,-0.400831559707173,-1.10135882163409,0
-19,10,3.85355788580398,-0.69882953371516,-1.11439176401978,0
-18,10,2.10561721003132,-0.979720036437127,-0.114679522153908,0
-17,10,1.5005792384135,-1.4605582098312,-1.53854590211348,0
-16,10,0.432897098383862,-2.26292174570781,-3.1055572028561,0
-15,10,-0.29074380939948,-2.57739309250473,-2.18379450510153,0
-14,10,0.756883892932689,-2.48812180788196,-4.11821189337539,0
-13,10,-1.0117347785143,-2.59164513069337,-1.96714719237394,0
-12,10,-2.50623579075394,-2.44357034649517,-1.75106780962089,0
-11,10,-0.0807410533370057,-2.32728908580934,-4.02398389617484,0
-10,10,-0.453076517177349,-1.90059180532133,-2.84713243345429,0
-9,10,-1.22153234991419,-1.38939869436697,-2.1027456726385,0
-8,10,0.694020894553425,-1.58541984537175,-1.55094325457766,0
-7,10,5.63970975364258,-1.34251263905724,1.35709309790361,0
-6,10,0.417419433740861,-1.74335202535651,-0.901855264352536,0
-5,10,-0.875278138047033,-2.13425161804755,-0.811317321218859,0
-4,10,-1.06891118846239,-2.56749625740483,-0.9519830335104,0
-3,10,2.71968025209534,-2.67759496810477,0.436418956726415,0
-2,10,1.97729474490798,-2.81966400940119,0.830677284024034,0
-1,10,13.3552533323466,-3.3207364113241,3.93459134285706,0
0,10,20.1985085717502,-3.11399318477104,5.60831524082345,0
1,10,15.9823698111988,-2.63929332695175,3.76060105048668,0
2,10,25.4828395865481,-2.1796342411348,6.12679889738172,0
3,10,15.8325207503739,-1.77223014527912,2.65496740342577,0
4,10,9.46338460169398,-1.19560858902502,2.01815088733663,0
-35,11,11.8875573378205,0.488962460226947,7.05217024093719,0
-34,11,10.2949925625773,0.739124699409771,5.14690357369308,0
-33,11,11.8953408690712,0.363532830988752,3.98582785890007,0
-32,11,10.3253958762837,0.296907363423904,4.80975152131525,0
-31,11,7.19540855330018,-0.21562459916433,1.60368490771196,0
-30,11,5.06444754553813,-0.893200389303448,0.553168231342787,0
-29,11,7.60388290969389,-1.22322487806257,4.20595113639285,0
-28,11,7.91017159853473,-1.49794908155499,3.27741245958966,0
-27,11,-1.23808119587121,-1.82512840287599,-1.18222078149103,0
-26,11,2.03768276992344,-1.63688343475012,-0.857925615712296,0
-25,11,7.08190004863087,-1.38904874207175,3.60108895453752,0
-24,11,4.56036644135149,-0.981893444918854,4.62983929039418,0
-23,11,2.42151206614066,-0.529110293288899,-0.525640392569948,0
-22,11,2.15733661072268,-0.0946241838761223,-1.93608944398865,0
-21,11,3.86375287916666,0.226412537174791,-1.22042699414912,0
-20,11,5.40391058387911,0.2711403877103,0.933381133510468,0
-19,11,3.97438845719215,0.286710510696544,-1.44206745236687,0
-18,11,4.06089880053147,-0.400985824694592,-1.82683671124175,0
-17,11,0.784567551207873,-0.517263000222923,-0.536060257660091,0
-16,11,-2.42240761952433,-1.18617575308432,-4.01620104858484,0
-15,11,-1.59058083248352,-1.49399404944311,-2.04833486418782,0
-14,11,-0.351674209666325,-1.4070685199954,-3.2047388986321,0
-13,11,-1.28741955480667,-1.25665840929399,-1.15067698816871,0
-12,11,-1.14058357793874,-0.874833531021528,0.0472998477714568,0
-11,11,-3.12123318787504,-0.52250318864433,-3.29941704791622,0
-10,11,0.285477721493041,-0.0813090450366069,-0.0687838240986198,0
-9,11,-1.4612597811109,0.411490329382675,-1.941460932767,0
-8,11,0.086644969412638,0.45350600807118,-1.5311747535863,0
-7,11,5.6329246890869,0.090188971911624,2.59158614648085,0
-6,11,0.311767075078631,-0.172703663073769,-0.710350071955683,0
-5,11,3.13406083349094,-0.144144841593366,0.740299063334906,0
-4,11,0.657565768705024,-0.777730173416313,1.07427927737044,0
-3,11,6.74269256692104,-0.904381766670667,2.23309517776767,0
-2,11,12.0726221974985,-1.06823644440753,3.36525551139609,0
-1,11,21.0939063842398,-0.941938791897504,6.38897809847763,0
0,11,20.0346377496791,-0.7881532644796,5.34047345098156,0
1,11,15.4143351668103,-0.256546650422576,3.05476952124879,0
2,11,39.9008712602554,-0.310291812404324,9.08419970016743,0
3,11,23.8779387995151,0.233711237720024,4.49344421205659,0
4,11,17.6425384260912,0.563395058298917,3.53685144988629,0
-35,12,4.35131527243195,0.726775644077718,0.524806884477491,0
-34,12,4.44023150271543,1.0405490769129,2.14478721023246,0
-33,12,5.0970658866014,1.33492035771415,1.06468647654215,0
-32,12,6.07382000845088,1.38857931862874,2.66122433499847,0
-31,12,4.88044681692031,1.20282603962375,0.376456271733128,0
-30,12,7.7155050299647,0.855831179628243,2.40234180747202,0
-29,12,4.39917049111718,0.316976543878963,0.728364096128458,0
-28,12,5.78619438467941,-0.131057037773831,0.475881134444245,0
-27,12,5.53995123547021,-0.0883713952724929,2.18296201714878,0
-26,12,6.21025258168818,0.105564375398291,1.96656654322316,0
-25,12,5.38023266007834,0.497485276212629,0.402615029423343,0
-24,12,5.40476536337348,1.16981789819362,0.838374618301106,0
-23,12,7.7357934009717,2.06242595743461,1.88648273363174,0
-22,12,7.16761235805361,2.49589849125308,2.16908348807605,0
-21,12,6.16679721799667,2.86001113466384,1.64915052809123,0
-20,12,6.06000358578329,2.72395638863395,1.04998448336526,0
-19,12,4.60419758308671,2.72340845494537,2.52285728506536,0
-18,12,6.24187736202813,2.31227646993621,0.322225548417377,0
-17,12,3.91801820711998,1.41853541640944,1.4780625695888,0
-16,12,2.8096780677195,0.847020819170931,2.42854628128728,0
-15,12,2.13284904826883,0.663016344246331,1.53672467781678,0
-14,12,1.71326846652064,0.684956162247722,1.79150520009411,0
-13,12,4.12780408991794,0.99791883986945,1.28121288573255,0
-12,12,4.3114555234341,1.28748219378005,2.11620069808411,0
-11,12,3.76228908572114,2.15440178917263,1.18709162914908,0
-10,12,4.35860157048687,2.64473953796038,0.298006499857084,0
-9,12,6.77464061950336,3.20108230459922,1.49962536459581,0
-8,12,2.2640424201819,3.10239752074813,-1.29960614602462,0
-7,12,6.92027194547991,2.79460064933272,1.52552054220336,0
-6,12,9.40982406020214,2.57960060946895,2.6607684162544,0
-5,12,4.87691283801822,2.00310014490183,1.25012466050295,0
-4,12,1.72728629158433,1.25066324768072,-0.64758631915275,0
-3,12,2.46151968151407,0.720923350965892,-0.0695002901233073,0
-2,12,5.39764560731124,0.87797628706762,1.53773517689546,0
-1,12,4.69519035303542,0.98665459256038,1.11976569921562,0
0,12,6.88787147859964,1.28201521155375,1.6226138205454,0
1,12,8.85260674657014,1.52431674698823,2.05340665580564,0
2,12,-4.12720517080891,1.90518439754632,-1.28045074222225,0
3,12,3.56084919051201,2.44131519095013,0.419452744555632,0
4,12,3.18770603589498,2.84051003092408,-0.0689271552757316,0
-35,13,4.66815362786355,0.00356355029441396,4.36915903943822,0
-34,13,7.45467866452576,0.133990767009999,4.76174739941228,0
-33,13,6.9477381800904,-0.037758863209398,1.30582836811226,0
-32,13,7.57332974482824,-0.287063974703687,1.86435897460368,0
-31,13,6.45078827950469,-0.515718720880159,3.31031193602084,0
-30,13,4.7761645852881,-1.09940683885768,1.92998873547647,0
-29,13,2.38474475424809,-1.58327747061898,2.91087991029143,0
-28,13,5.78195014622603,-1.77466477086723,2.57636824178926,0
-27,13,2.52807644898474,-2.12674583695566,0.741706434819034,0
-26,13,3.95254070729771,-2.00174503753836,2.84730490120374,0
-25,13,5.33989141581012,-1.83376366214991,3.19363543166399,0
-24,13,3.30763537179183,-1.5977773772115,2.9899616251863,0
-23,13,2.8989148508158,-0.978155234273799,-0.554519525002051,0
-22,13,0.739610644617796,-0.791023101067156,1.13660093518586,0
-21,13,2.29144129997929,-0.502025765777807,3.50967196700304,0
-20,13,4.4431051629999,-0.543996804137734,2.13352945382405,0
-19,13,3.42732929281219,-0.636312554181567,1.23576961203926,0
-18,13,0.98421741765557,-1.10471390285687,1.0295300493086,0
-17,13,0.0338590362179341,-1.37067016873023,0.0743021665316703,0
-16,13,-2.80660245892248,-1.84757351306916,-0.00561001512048254,0
-15,13,-4.36210342155244,-1.99856774445732,2.04409819948814,0
-14,13,-3.06188656251689,-2.26426008072805,0.384888444633981,0
-13,13,-0.360349891129378,-2.06456266257877,-0.388421930055433,0
-12,13,-0.533486130982393,-1.63842381727676,-0.106459026991312,0
-11,13,-2.67274783094569,-0.783851412933835,-0.66029161493189,0
-10,13,0.651824399666551,-0.188126816618419,2.07520683991155,0
-9,13,2.36489866361573,0.365753981503751,2.70033723351239,0
-8,13,2.12267830656067,0.39328728196745,1.98011162551768,0
-7,13,4.27701018800285,0.015430886799829,2.83765169311879,0
-6,13,-0.630613734656088,-0.201513733602613,1.26589480671116,0
-5,13,2.70268767363737,-0.377387711309214,2.67702854094695,0
-4,13,-3.68769393485463,-0.955894200064474,-1.08517756385014,0
-3,13,8.656199909508,-1.00737723278026,4.25365339746788,0
-2,13,1.87989009971328,-1.16298605144705,1.687654789815,0
-1,13,2.87177233335264,-1.05863220700275,1.42580905753699,0
0,13,10.9468383235527,-0.505896341768709,3.19130295063707,0
1,13,13.4491658680324,0.134486217384204,4.08232896595941,0
2,13,9.47408316743343,0.592273514825332,2.73429229488194,0
3,13,12.993981194337,1.30021049150748,3.13381436381848,0
4,13,3.99425469643655,1.65536122458672,1.29033952391128,0
-35,14,6.15995085598644,0.568739976198895,4.55643529360355,0
-34,14,8.53979203311539,0.983002191750816,2.37914151602375,0
-33,14,7.92951972847448,1.24996285128868,2.77495767579743,0
-32,14,9.13294980403233,0.837902374747619,0.82612929644707,0
-31,14,7.15537635499306,0.806230033342936,1.79575962643328,0
-30,14,7.64056346142767,0.0762656021608262,3.17533999760179,0
-29,14,5.90405407803028,-0.135477793542423,1.65130581377237,0
-28,14,4.50562758594915,-0.42136977812804,1.63554159315954,0
-27,14,3.69789394974904,-0.633611970904723,-0.505711537973573,0
-26,14,4.69807924664307,-0.681054125165022,1.63176119662973,0
-25,14,5.718720416897,-0.248207001543915,2.20043523002247,0
-24,14,3.93625545956256,0.218018365464754,2.42158135815761,0
-23,14,5.00340644187266,0.601298193605996,0.630537601570333,0
-22,14,3.30711838225084,1.07507608934489,0.200773381254726,0
-21,14,4.61944341047177,1.56869183237063,-0.547403993399937,0
-20,14,6.08725961399412,1.88320636228802,-0.387383354799524,0
-19,14,6.14417365442543,1.86302857926761,-0.556219047503377,0
-18,14,6.285039208819,1.57579040230725,-0.325484207151558,0
-17,14,1.12288327532337,1.18689373988656,1.29960473339677,0
-16,14,1.76007329082461,0.869742737822333,0.384184428672272,0
-15,14,-0.207888022289348,0.479365372602938,-0.331326835240096,0
-14,14,0.851404475176272,0.363013786187865,0.648522679329222,0
-13,14,2.45809151722252,0.561506587118346,2.48046633347324,0
-12,14,0.955917025005601,0.723349981775269,-1.13566747930212,0
-11,14,1.3991391559394,1.18986343045934,0.283623264488354,0
-10,14,3.45288854291107,1.91846508247595,2.01529875588568,0
-9,14,3.64249737914051,2.26326363623764,-0.564430306766117,0
-8,14,3.75767107668776,1.97255312571319,-0.342486169158045,0
-7,14,6.94364310625842,1.99582944030953,1.67554030806772,0
-6,14,5.27600492539892,1.68026120318758,1.1591060994137,0
-5,14,6.21768341203857,1.41477159636365,2.65371399805171,0
-4,14,-0.29876359716716,0.995375116278883,-0.652092991180256,0
-3,14,-1.48019421117157,0.618309996724436,-0.758849873616674,0
-2,14,2.85385609491806,0.474582898808431,0.87809511551212,0
-1,14,8.50333131993528,0.757313153466136,2.08998113700182,0
0,14,11.3469447831002,0.944589182871801,2.81943694357801,0
1,14,14.3374913105364,1.81097167503958,3.17284680735165,0
2,14,15.7700659492883,2.45921542596121,3.6014173713119,0
3,14,10.2594296747361,3.17428684995451,1.39724030798129,0
4,14,11.7341080772361,3.66268211605936,2.33243371257843,0
-35,15,8.94084210981291,0.679076539110395,3.00716083830967,0
-34,15,10.1537560260781,1.3740858473175,4.28432345818823,0
-33,15,9.91473768901804,1.41699889785955,4.43758546142266,0
-32,15,11.8351833796612,1.60104197009478,4.35448884045378,0
-31,15,8.08026185050112,0.869451867442865,2.0853192305428,0
-30,15,7.62904412586258,0.37116430055196,0.827521076210748,0
-29,15,4.74480347776436,-0.373673914166235,0.396878495501534,0
-28,15,5.66191303639688,-0.502554687465325,2.62444778610687,0
-27,15,1.02514350664143,-0.990622245304983,-1.75389779634645,0
-26,15,3.75235922796366,-0.790971890982633,1.79237598647419,0
-25,15,7.32751198084417,-0.338396132749768,1.43416729635952,0
-24,15,7.13928485881671,0.103256239130203,3.83183956472658,0
-23,15,5.22882436433847,0.609750629714532,-1.16142889472995,0
-22,15,4.1800327602536,1.21638001192181,-2.61176642409512,0
-21,15,5.50870442579621,1.94472329026011,0.302077980075915,0
-20,15,5.97810909085763,2.04972566790702,-0.26031678598047,0
-19,15,5.81572401324143,2.14822755064462,0.0500383639724312,0
-18,15,3.86698756672185,1.5785148778131,-1.51716360557101,0
-17,15,7.58509947754607,1.217314029302,-1.96941761974978,0
-16,15,2.49110664081682,0.536483103081826,-2.71401383541044,0
-15,15,2.51195134179951,0.134511076797736,-2.11486497939361,0
-14,15,1.93686548452036,0.0947031773878152,-2.82973916326105,0
-13,15,4.10323896960164,0.625046409655391,-0.447314001442949,0
-12,15,1.80289366767567,0.885752711891594,-1.69710695345925,0
-11,15,1.75653930773433,1.17625311842217,-1.71300659394552,0
-10,15,3.4127340274581,1.42502274900869,-2.8637939225816,0
-9,15,2.5893389962457,1.8013490891662,-0.542905091760623,0
-8,15,3.55613862307142,1.67793498126559,0.164223595866122,0
-7,15,8.91088387694184,1.61645292634909,1.99843273875784,0
-6,15,3.25961216133405,1.04580535604858,-0.280654618237441,0
-5,15,4.7828843497974,0.342297401252406,1.52961900584687,0
-4,15,6.39149586362763,0.0957884176894783,2.1930721155624,0
-3,15,3.97093312423349,-0.0891799468667489,0.380976949489316,0
-2,15,15.6273059909186,-0.117668900121684,4.07640678870413,0
-1,15,14.9893214633289,-0.170298355686482,4.0271728933166,0
0,15,13.7810382374873,-0.283628007418055,2.61483672593945,0
1,15,19.7251531944671,-0.104628783890257,4.1526538904122,0
2,15,30.3067277456348,0.527945642250044,6.65894184251064,0
3,15,18.6457592759678,1.13425881430346,3.73218293544215,0
4,15,10.7225914275316,1.41815142339647,1.42540810235885,0
-35,16,9.80799950996652,0.40134301485171,4.91118138267779,0
-34,16,12.1451313696278,0.489482151757105,3.45595039501637,0
-33,16,7.0222348336693,0.493748897971229,4.3185110571014,0
-32,16,13.5585461141203,0.525223801423668,4.55390602268519,0
-31,16,9.47811203645156,-0.247648931599804,4.1649318829384,0
-30,16,4.83548116252628,-0.697332936856857,1.37240840690639,0
-29,16,6.29892599010844,-1.05454194426296,3.76613858592434,0
-28,16,6.87838008648294,-1.3990885375655,3.99709475803272,0
-27,16,-1.11092473365674,-1.36160722239608,-1.32179293671417,0
-26,16,5.352941770987,-1.41951012180025,1.83319167094258,0
-25,16,7.41032068667874,-1.38668360443185,5.11328006912848,0
-24,16,7.41875855921238,-0.968209567004854,3.60158570060785,0
-23,16,3.72534321482078,-0.277912303407433,-1.25316208521013,0
-22,16,2.01546254053077,0.408453225294326,-0.966952943968378,0
-21,16,1.40342094963755,0.477281549046365,-0.399600228325487,0
-20,16,3.38812863130836,0.69899642016066,1.02288886896249,0
-19,16,2.91254957139832,0.228644418273766,-0.0388599522514228,0
-18,16,-0.770197542838898,-0.181906413937088,0.786766925435256,0
-17,16,-1.91555484615959,-0.583169111684131,-1.74411714485205,0
-16,16,-3.00070855152888,-1.10649169030403,-3.42881258765324,0
-15,16,-1.80808671158554,-0.828592184024509,-1.39308503769193,0
-14,16,-2.74833928495585,-0.944759126892102,-2.21813486896542,0
-13,16,-0.894885758568815,-0.618684382136979,-0.225010005637039,0
-12,16,-2.69039440264519,-0.44183410868886,-3.21020488323951,0
-11,16,-5.96857447684175,-0.304310525238593,-1.00648280882798,0
-10,16,-2.57796970787539,0.406282165798017,-1.59889038651964,0
-9,16,1.30601784210939,1.20804542253743,0.62730688823063,0
-8,16,-0.284830623290335,1.28528292241736,0.269549534999684,0
-7,16,5.0881685133563,1.24112582726712,2.1671070883549,0
-6,16,0.309432981936441,1.03580181087945,1.33736664899817,0
-5,16,0.594873767155242,0.704634440072394,1.24321662006256,0
-4,16,1.55773617427628,0.0308316258665318,0.84311010920276,0
-3,16,2.47551991259734,-0.451658401226638,2.10286486904274,0
-2,16,9.22835396998313,-0.796558575595773,3.47958989954593,0
-1,16,15.18819873406,-0.526657507875162,5.84546131099446,0
0,16,19.7100997080015,-0.192289247219645,5.40446239910804,0
1,16,20.8213032678344,0.0545647671947178,5.14677220402451,0
2,16,26.7181099563576,0.328105718452778,6.2862399063139,0
3,16,21.2512230555828,0.79256836500932,4.77459032558277,0
4,16,10.9131871007279,1.08665236921194,3.09156515023686,0
-35,17,10.7032263851897,0.436859963308002,7.40855234384314,0
-34,17,11.3195422001974,0.759314378502531,5.48717148217077,0
-33,17,11.5983751389727,0.729904567708217,5.99016455823486,0
-32,17,8.99197132513184,0.527309235745928,3.12192034825028,0
-31,17,7.33533112273536,0.0471114148936133,2.65833585851393,0
-30,17,7.87014059284563,-0.470812380480007,2.61315776240879,0
-29,17,9.26730999425751,-1.2436362956932,4.40286579439123,0
-28,17,5.59011577908345,-1.6819711964311,1.85510972438603,0
-27,17,0.75457127001612,-1.81754568839168,-1.12098301984691,0
-26,17,3.53902765771724,-1.7152242160586,2.26514270791655,0
-25,17,7.55986800207291,-1.39694910829076,4.81193430930589,0
-24,17,6.43580918062273,-0.929232666252059,3.02593454949506,0
-23,17,2.35095934668292,-0.201452730428065,0.593495062878646,0
-22,17,0.253642246894712,0.418874870889184,-2.17505762643324,0
-21,17,5.27446283580396,0.723230658656535,-0.720156868004371,0
-20,17,4.95845897724329,0.888018869673122,-0.447401875870467,0
-19,17,3.02731298162397,0.633298975152563,0.328831217005387,0
-18,17,3.70887195031056,0.271841878329995,-0.836084708347489,0
-17,17,-0.111292912232861,-0.476501937970702,-1.24464439073606,0
-16,17,-2.33165848384789,-0.666795234677118,-3.12127814582529,0
-15,17,-0.242245811747972,-1.26048236967936,-1.92828829253561,0
-14,17,-0.882650713261473,-1.1734259522645,-2.49516175787796,0
-13,17,-0.339173820942783,-1.15112023054806,-2.02709527343066,0
-12,17,-0.791306914560922,-0.849156701744336,-1.64211659975297,0
-11,17,-3.30939950303381,-0.784763337567145,-4.54895480149071,0
-10,17,-2.07799817231799,-0.118968258043027,-1.29397149451864,0
-9,17,-1.83022512219529,0.465579885008007,-0.289889759484916,0
-8,17,3.44491570837117,0.563484197054213,1.51168153894082,0
-7,17,2.03207460055227,0.522783630045781,0.136173104582721,0
-6,17,4.09225504071271,0.365059908217628,1.82381839506962,0
-5,17,0.806630715013012,0.10496232851829,0.221973273978163,0
-4,17,1.94951960853141,-0.294260967462387,0.643245947002845,0
-3,17,2.03936027806882,-0.903516801417326,0.901248563770226,0
-2,17,12.3979480716473,-1.04381841172277,4.7569832414632,0
-1,17,12.4587461380179,-0.999975662941982,3.45542728865627,0
0,17,18.886599631052,-0.592930340763596,4.9767130558548,0
1,17,20.7773277779283,-0.224312977459392,4.89242605999081,0
2,17,27.446414896005,0.349457439050893,6.10990586942972,0
3,17,24.2580900908285,1.005513355622,4.7808797899967,0
4,17,10.3781112610789,1.2759209269587,2.31127488107742,0
-35,18,9.22640268812207,0.760484420967681,4.43234561656805,0
-34,18,10.8614837253287,1.24348870616734,4.12346421074516,0
-33,18,9.36092091440489,1.47097176831173,2.39149215649503,0
-32,18,8.83251564465601,1.34638960327875,2.00419701868216,0
-31,18,7.72808895954689,0.927877826110448,2.50947518138987,0
-30,18,5.96793760670678,0.410195206281446,1.14927347348979,0
-29,18,6.20362449711489,-0.315049161892771,1.75707164635107,0
-28,18,4.02142331520986,-0.725265483755967,1.38363896204017,0
-27,18,3.69544413527267,-0.76487022639197,2.41138615323031,0
-26,18,5.21268062414577,-0.5183325168603,1.80782585747034,0
-25,18,3.87841577831464,-0.60674122132957,2.79565653503057,0
-24,18,5.04431335232728,-0.428886930461261,1.09809019997584,0
-23,18,4.24554806974421,0.188599255723703,-0.775134495204898,0
-22,18,4.40243730943615,0.450675782788291,0.698103337008909,0
-21,18,3.36353321171995,0.649287550692252,1.18942025208301,0
-20,18,3.2732294801737,0.683092541255403,1.82477126581837,0
-19,18,3.4679841591912,0.438111627292413,1.68330914787589,0
-18,18,1.76347554239408,0.206505487584352,0.803424803838156,0
-17,18,0.66809690954574,0.0623863067644913,-1.2204279488209,0
-16,18,0.442674271647128,-0.491000809375,-1.78046106721,0
-15,18,-1.64774239590161,-0.985755066169398,-0.559146789405287,0
-14,18,0.671176090754169,-0.987650787797473,0.0866296640302285,0
-13,18,0.801430133956223,-0.884946802615417,0.195476608410386,0
-12,18,1.66507685297825,-0.656261067814898,0.81584429518708,0
-11,18,0.123337230759262,-0.35296846759732,-1.38342154980898,0
-10,18,0.986248156267864,-0.0809779768073094,-1.24000830302563,0
-9,18,1.08969504638178,0.574947473383053,-1.28833033205964,0
-8,18,0.466481738676581,0.534706498304876,-0.0909929182339805,0
-7,18,4.21308539293026,0.619824839730495,0.977265138813624,0
-6,18,5.31978759268925,0.103661107717571,2.01016178630259,0
-5,18,-1.72519708764979,-0.276248850350181,-0.451162432455936,0
-4,18,2.33040989230146,-0.89091329290056,1.82647060620251,0
-3,18,0.399676053972166,-1.26183963643882,0.245991821493527,0
-2,18,6.01139271564452,-1.51968411701075,2.44261129689605,0
-1,18,11.2568527853491,-1.66919257010129,3.28808245428477,0
0,18,12.5887516205085,-1.11541456085057,3.05622513224675,0
1,18,13.9047855066074,-1.05456078341856,3.46913281740332,0
2,18,18.3916230817273,-0.219005921201622,4.57757580758167,0
3,18,10.1092389429634,0.495320273281948,1.69418669124001,0
4,18,10.5153365017823,0.416757652570146,2.94153238389963,0
-35,19,8.56367726429268,0.229105761143321,7.54602013619755,0
-34,19,10.3766467649082,0.743380124218186,3.60755390956273,0
-33,19,10.6514654850441,1.04803110513265,4.69160297394819,0
-32,19,11.016902638205,0.988156852270987,5.31703104327472,0
-31,19,7.47553021226907,0.963168379742282,1.8946328655029,0
-30,19,8.24723798452708,0.352855009044615,3.17778486356491,0
-29,19,6.26168604150549,-0.379219046930786,2.9798745282121,0
-28,19,8.32196372574364,-0.929422111642827,3.41039612512328,0
-27,19,0.0746585005801773,-1.07133649031731,-3.05736310575197,0
-26,19,4.22756303384366,-1.03463925749834,1.50161276631411,0
-25,19,9.34340641244925,-0.674909603285614,3.39310318920268,0
-24,19,7.9958185817699,-0.183727275280599,3.72972176428106,0
-23,19,3.42391983697606,0.19646554078557,1.43180073385766,0
-22,19,4.05899210288048,0.660426104869466,-2.6135837325246,0
-21,19,4.24540526745875,0.640136949272695,0.20904447372962,0
-20,19,6.15302528966191,0.644511080638893,-1.26185749571251,0
-19,19,5.10200181139153,0.339283540016841,-1.82238630053078,0
-18,19,1.91800055850594,0.0426277646788585,-3.18685401535918,0
-17,19,2.3102734796013,-0.170976067049156,-1.49506524530005,0
-16,19,-1.69120884140298,-0.778420142574089,-2.1579926864878,0
-15,19,1.89503666067488,-1.03695362498927,-4.7057207433778,0
-14,19,0.803324070548114,-0.946859701754596,-2.26334481318384,0
-13,19,2.21521439945737,-0.704858173390407,-1.22683483486364,0
-12,19,-0.18614756635998,-0.302474599707944,-2.56633434086464,0
-11,19,0.50246792461997,-0.028090741038066,-3.0966965638202,0
-10,19,0.199477114951077,0.862905174398017,-3.3837366403158,0
-9,19,-0.357599397034079,1.02849313289373,-1.29815170448072,0
-8,19,3.3404249894775,1.03090793856093,0.114710695638642,0
-7,19,10.765085084487,0.882432906639418,4.16130611254188,0
-6,19,5.02077513591327,0.51036765784212,1.53988450315513,0
-5,19,-2.69893785606665,-0.0498543209382908,-1.64925452666711,0
-4,19,1.24907889089287,-0.545088774679086,-0.128854077744895,0
-3,19,4.6928442650236,-1.13079764919156,1.24512006488048,0
-2,19,11.2071622773594,-1.44220514928504,3.04241190599774,0
-1,19,17.8921904633613,-1.45429985042222,5.08998946020451,0
0,19,22.2936315326024,-1.35594434634459,6.05634702664927,0
1,19,24.2434954993609,-1.1322712024943,5.94856190818537,0
2,19,25.0608979394038,-0.397364004213028,5.25396223725029,0
3,19,25.9313317409796,0.180448445783933,5.43024054286709,0
4,19,4.48596212552492,0.376503741794733,0.455816865821494,0
-35,20,9.67585079557534,0.642758861265738,3.94789331540934,0
-34,20,10.7574915789085,1.00833535929922,4.64147558809536,0
-33,20,9.32154013864127,1.13385923471462,4.59596206997498,0
-32,20,7.29079993729369,0.651963849376396,2.92870741267702,0
-31,20,7.85397734951392,0.0432411165057057,2.57061799624685,0
-30,20,6.40021533100863,-0.425767969894608,2.32818238937912,0
-29,20,6.14179882141441,-0.673431564105952,2.57517595015291,0
-28,20,5.68242626497875,-0.767576448416971,5.45113566882924,0
-27,20,2.99090775390604,-0.928728884495496,-0.157642906663522,0
-26,20,3.53191266876075,-0.460105144417098,0.802002896248256,0
-25,20,7.01348605605012,-0.336367814546092,1.78747280273186,0
-24,20,6.05082914348776,-0.00650238409620463,3.21272166150967,0
-23,20,4.0847675326737,0.687312220839216,0.455738964048943,0
-22,20,3.96763666672405,1.29729978491262,-0.570986653372843,0
-21,20,4.4602131394949,1.59835166382855,0.21189407172367,0
-20,20,6.32169266673531,1.50210134136942,0.64529507989902,0
-19,20,3.5516727968201,1.3679638845902,0.291632096307287,0
-18,20,2.4806538525054,0.91899337112576,-0.0702971207440077,0
-17,20,1.91148323634744,0.472123488346657,0.772844454270841,0
-16,20,0.898301208693068,0.348580285156508,-0.906685076501702,0
-15,20,-0.630096093351962,0.053080120059819,1.21456257501572,0
-14,20,-0.586641684131742,-0.283571169143612,-0.680496854004217,0
-13,20,1.94371399553306,0.113712955396165,-0.193610311933372,0
-12,20,-1.33584327641356,0.237804338361764,-1.25488424247613,0
-11,20,-0.853979013741537,0.913900558027369,-2.64768580152845,0
-10,20,2.63437103113032,1.73556791141657,-2.47642945727479,0
-9,20,1.54607136777636,2.53243229723548,0.397020875184803,0
-8,20,2.50562482775026,2.71884486212591,0.383700069579211,0
-7,20,8.15337287619626,2.65641938423693,2.25554252024773,0
-6,20,5.09960527931709,2.42815304651393,1.33582702811648,0
-5,20,3.20690183755669,2.09748284959375,0.964107524449322,0
-4,20,0.0715023705968444,1.18231234368448,-0.599431050775634,0
-3,20,5.22538063640516,0.804543209627422,1.71193403924068,0
-2,20,9.51349350989506,0.723086968506826,2.70026776633782,0
-1,20,14.1173950848999,0.632531572876135,4.09660984632983,0
0,20,13.5750917891162,0.592127385435611,2.64782611377791,0
1,20,22.7148571266567,1.2384705247961,5.57639378909044,0
2,20,24.1175906189304,1.92707793256528,5.03267000910052,0
3,20,18.7232076948829,2.40675147467204,3.40800173988316,0
4,20,0.105076479521784,2.76400655850659,-0.376154228271923,0
-35,21,7.33938207274201,0.492961436909896,1.5132993691977,0
-34,21,5.60018556690702,0.863165906445085,1.73227989569405,0
-33,21,7.00117368280988,1.12936022232803,0.755249332660736,0
-32,21,7.37177272551207,0.97108305124185,0.186181143231409,0
-31,21,7.89252357733711,0.653777213902022,1.53211678207176,0
-30,21,4.60922363526932,-0.289526453856261,1.40530317817527,0
-29,21,3.35213952307792,-0.946623325152338,1.33759381416173,0
-28,21,4.5700375157687,-1.42673326934675,-0.384324995739878,0
-27,21,3.35667661078733,-1.27352514308012,1.65653883910821,0
-26,21,3.69626311488454,-1.35478353067936,1.49432909853891,0
-25,21,4.83099348399768,-1.28268907657372,3.2938273588642,0
-24,21,4.21550815905116,-0.768771088128055,3.87465112696795,0
-23,21,2.79651600883563,-0.575877682556131,-0.207772424384253,0
-22,21,4.18993589969362,0.0215354559488596,-0.72568969867053,0
-21,21,4.52215311344622,0.382949074327617,0.423599320029156,0
-20,21,5.18892425059255,0.250681361437945,-1.04641132637593,0
-19,21,2.72848252793097,-0.385772705469068,-0.0852815989758283,0
-18,21,4.85292614397631,-0.58323135372268,-1.1561168925262,0
-17,21,3.778519362335,-0.845073658825168,-0.565854493894016,0
-16,21,1.50976893832574,-1.01843306634164,-0.930975573299454,0
-15,21,2.57233179934561,-1.41040525993323,-1.25629699401045,0
-14,21,2.8365246369324,-1.4435758456852,-0.401441447247578,0
-13,21,3.36858872463829,-0.949212689050557,-0.239900238841821,0
-12,21,1.51869134825802,-0.582121659822748,1.03008510551192,0
-11,21,2.12219893056073,-0.320519428443649,-0.414926146835408,0
-10,21,4.82132490419857,0.210339726556385,-1.76053703323732,0
-9,21,2.29903045416555,0.44030726647994,-0.454847972153882,0
-8,21,3.38350585062731,0.485283669300835,1.38951766133073,0
-7,21,5.31013485275849,0.552392446646092,-1.04516820669612,0
-6,21,4.43288251909899,0.357210808531365,0.716526671377121,0
-5,21,2.40414705842838,0.073603275708102,-0.959716555224475,0
-4,21,5.4867053407586,-0.314494725418179,0.466743634486275,0
-3,21,4.55174572284351,-0.69557665515212,0.278514882911015,0
-2,21,4.49421342618732,-0.83703203204653,0.376796054293641,0
-1,21,7.80833691481757,-1.17910378173666,1.15231182634056,0
0,21,13.8221443103667,-0.63963054537388,3.62782747153324,0
1,21,10.6120757667745,-0.22142659802791,1.76600198207442,0
2,21,8.24705941170632,0.1051541200413,0.764370513366274,0
3,21,11.5413989199884,0.587806200970602,1.57799422939503,0
4,21,10.0745223227365,1.00876371472097,2.06797001709106,0
-35,22,10.119156798944,0.687174413724152,4.7016276929241,0
-34,22,11.3979728287391,1.2341949399339,4.25176166263738,0
-33,22,9.88270113754483,1.47103311428266,5.58453169372437,0
-32,22,9.74974219898014,1.40364488039198,3.24370971164521,0
-31,22,8.69025334464713,1.34376951722704,2.73200168109286,0
-30,22,9.3958568409037,0.447023945566264,5.45906261103319,0
-29,22,4.53515635814953,-0.276612864299224,2.41208704964867,0
-28,22,4.48692246643188,-0.802933031944892,1.96857881487968,0
-27,22,0.187989770345045,-1.00121439110729,-0.628278277377629,0
-26,22,3.99777892588931,-0.646861481156593,1.15704976272805,0
-25,22,4.77390972739326,-0.261055354525437,3.16872353496197,0
-24,22,6.59702686157555,-0.152800774461996,3.29242911587515,0
-23,22,2.62863721018359,0.115819823221693,-1.32083385669315,0
-22,22,1.49646932251629,0.681142369692291,0.464963168078871,0
-21,22,4.5328233012309,0.917906873068049,-0.428961364451315,0
-20,22,5.7756895441158,1.05335631224523,0.312847941396478,0
-19,22,3.13620037506887,0.938344029422332,2.40620621291293,0
-18,22,2.01148847008106,0.635876295147689,0.307855563913978,0
-17,22,0.473797582452889,0.113233020900116,1.86542458267964,0
-16,22,0.177861706131883,-0.359390591565721,-2.73393318399982,0
-15,22,-2.34305097241793,-0.661097630072643,-0.0674971643243323,0
-14,22,-4.90439027129831,-1.16660829484213,0.228587712668386,0
-13,22,-0.902942800722272,-1.01865390633785,1.50491329984833,0
-12,22,-3.01597682328602,-0.887220699260493,-2.23189978754729,0
-11,22,-3.20647783984312,-0.373262969413232,-0.868262961285508,0
-10,22,-3.57999862197498,0.041728404856454,-1.34355690473121,0
-9,22,0.63827091245336,0.485295097928414,1.15601514068041,0
-8,22,1.99042923057036,0.869243270662274,1.49001794135952,0
-7,22,5.05516066315324,0.847088931168634,2.0556460079944,0
-6,22,2.29439647541097,0.785310695729717,1.28839338065522,0
-5,22,2.0156947615618,-0.130500632485996,1.51010364017153,0
-4,22,-4.91037955467616,-0.666867438667168,-0.856067643269574,0
-3,22,0.670502884686876,-1.33039042574527,0.624680816792626,0
-2,22,5.67814778508718,-1.66552539436205,2.85965402646826,0
-1,22,12.3345379485957,-1.43408010068538,5.3735672953609,0
0,22,13.743234642079,-1.38005113810408,4.49452463196987,0
1,22,21.2253920397534,-0.855167766838411,5.52739736145687,0
2,22,18.4980136268297,-0.21560210388135,4.68238861610121,0
3,22,22.5902098280566,0.4316047373327,5.104590015721,0
4,22,8.86817278071235,1.03152028248314,2.44723933110927,0
-35,23,9.53063786715403,0.687326064126667,4.60876977821129,0
-34,23,9.68294866301701,1.14459920465914,2.73557077436029,0
-33,23,8.31866550437228,0.709418438092216,2.12549771937837,0
-32,23,8.15865617360635,0.657103852885787,3.21399309282877,0
-31,23,7.16218511118011,0.363726424532056,3.4965079893223,0
-30,23,5.36442794800382,0.0152297013620748,0.973685369119267,0
-29,23,7.46647224091372,-0.895995194292119,2.86911334164051,0
-28,23,4.21311924993038,-1.31458231188534,3.95074456974936,0
-27,23,2.76160980302691,-1.64940010347434,-1.16147475720486,0
-26,23,2.31829960147011,-1.7007050209544,0.53874769483908,0
-25,23,5.75020744081875,-1.40961011894193,3.24294512997145,0
-24,23,4.7554691024581,-1.25156585786307,2.23678699557544,0
-23,23,2.22389696832298,-0.982943720537787,-1.0315143551989,0
-22,23,1.5094457641268,-0.698601330540084,1.24775926235968,0
-21,23,3.55755274553078,-0.146193108232324,0.90343460147102,0
-20,23,3.25531958439985,0.0693096794015727,-0.316369969992592,0
-19,23,4.56953759435038,-0.298832202754649,-1.48154664687238,0
-18,23,2.15663383099141,-0.689446043846219,-0.320391937784659,0
-17,23,0.175670769884097,-1.01085709773361,0.804653309588248,0
-16,23,0.0315962963862708,-1.45383680021317,-1.99052093428625,0
-15,23,0.322648754507668,-1.7052433787309,-0.0242432646713501,0
-14,23,-1.50954091325462,-1.87416281853333,-0.52949743765643,0
-13,23,-1.2119279087403,-2.05101037674384,-0.152319644679521,0
-12,23,-0.433835453682522,-1.51863777146218,-1.34427891903849,0
-11,23,-1.29634515074439,-1.10287778283482,-1.9900877039,0
-10,23,1.07797615912608,-0.821628074216054,-1.28157255782956,0
-9,23,1.55121017190948,-0.268127328464403,-0.620035876425319,0
-8,23,1.64536282353145,-0.277708450677595,1.24298180445019,0
-7,23,2.6981676698566,-0.444552845784462,1.29204339431218,0
-6,23,3.43600804861531,-0.460478932555617,0.811287850441327,0
-5,23,-1.11980216356287,-1.07312777192084,-0.252533124018841,0
-4,23,2.38257577613594,-1.4362804079321,1.95737125043642,0
-3,23,2.7374385626383,-1.75656897865416,0.709264696420075,0
-2,23,7.57318285067864,-2.16766669378759,2.80122067265363,0
-1,23,13.1842030603565,-2.10595092236938,4.21359933857428,0
0,23,8.08555456508293,-1.69692016080938,2.51593026451734,0
1,23,10.6794795776453,-1.18202463840533,2.58097190952862,0
2,23,12.9959670557778,-0.883500901934587,3.19497739619434,0
3,23,15.9235865640747,-0.0644062182912319,3.91582548374129,0
4,23,2.73989260338388,-0.0368695024974741,0.555576083049623,0
-35,24,11.1494789997621,0.304062085539709,8.26764640542595,0
-34,24,12.1488089450308,0.750850857189693,4.15997807258244,0
-33,24,12.5041008906472,1.12671788957587,5.38034392209928,0
-32,24,13.0245909566201,1.06504766599907,5.27488543422855,0
-31,24,10.2614314602407,1.06064250548995,3.26110967280424,0
-30,24,7.91143960413795,0.565745773975044,2.8493834645573,0
-29,24,4.99883382839413,-0.261608781839482,3.90579255539734,0
-28,24,7.70783521538984,-0.209581329367776,2.44905760946745,0
-27,24,0.60042440336976,-0.174282983837589,-2.35874340575913,0
-26,24,5.5405080938077,0.108142276131265,1.53756897623861,0
-25,24,9.28045478349789,0.610612254393421,4.66995653984034,0
-24,24,7.82628156748703,0.752215857932301,5.91639519516878,0
-23,24,4.98951006740754,1.40141361525044,-0.315526888630525,0
-22,24,1.88635160435464,1.53861773412317,-0.644910644164039,0
-21,24,5.81210483151244,1.60574255586448,0.369093840186477,0
-20,24,4.68282867982075,1.66961449099521,0.644418648619224,0
-19,24,4.90355975462321,1.18050126164834,1.59479254185869,0
-18,24,2.45124720063934,0.706487546721423,0.748168033891891,0
-17,24,1.51404386043009,0.0756310703592724,-2.9078304217265,0
-16,24,-3.2949964258946,-0.561071706582985,-4.7483472298797,0
-15,24,-3.30344931094462,-0.997561838388199,-2.39847468407452,0
-14,24,-2.61750794681448,-1.17450644463641,-0.747161179247402,0
-13,24,0.374029780111317,-1.07482837593671,-2.17977925397002,0
-12,24,-3.4471937883281,-0.651873372860082,-4.64553934000803,0
-11,24,-4.04930135022561,-0.227862434053299,-3.25019143595163,0
-10,24,-3.19503386524076,-0.0377352023953726,-2.98004046964301,0
-9,24,0.11320483007515,0.654045763515629,1.58699365275352,0
-8,24,2.9632091280954,0.789095228934382,1.34708369363942,0
-7,24,5.53800235068606,0.753622517952524,2.16538439239135,0
-6,24,1.02166552984794,0.362619038077363,0.292375861874048,0
-5,24,-0.49187659492697,-0.192552254428209,-0.732355319443434,0
-4,24,-0.501047733391065,-0.300608393224683,0.745181380478655,0
-3,24,4.7589377783086,-0.92404855622838,2.22043818110884,0
-2,24,8.48998008658148,-1.21779178080243,2.87114030563321,0
-1,24,16.8469697194298,-1.2236555006032,5.25750956276421,0
0,24,23.7154068232625,-0.995995645865606,6.81245705955805,0
1,24,22.381213473518,-0.557337197521866,5.37493805557926,0
2,24,28.3811991267706,-0.00946318203031601,6.78250974783617,0
3,24,30.3817128625225,0.262412590083042,6.64430872667722,0
4,24,11.0835911838521,0.513117089451676,3.01409485219976,0
-35,25,4.75525982270682,0.174530548691672,0.977970391751739,0
-34,25,6.81581362049909,0.651939629534993,1.9999176197107,0
-33,25,6.4707784824678,0.857109604726787,1.34816494453546,0
-32,25,5.9618651287873,0.821600179057691,0.272096469216597,0
-31,25,4.9212536870118,0.432920427704603,-0.349142760843109,0
-30,25,4.32125810487052,-0.366033146737418,0.681903452607007,0
-29,25,3.24288019378836,-0.663827725937834,0.71480749870236,0
-28,25,1.88122849986715,-1.1041574208046,-0.734645898530686,0
-27,25,3.05633395869474,-1.26370159924411,0.637509854110421,0
-26,25,4.69440419585102,-1.0372444519471,0.985727714372137,0
-25,25,3.44237374828015,-0.839306165988581,0.115224365012512,0
-24,25,4.65841991617668,-0.594911892943988,1.21400440176497,0
-23,25,3.23684507849337,-0.275921924168509,0.990133030302197,0
-22,25,2.5491156597572,0.0987337577345015,-0.599578600463438,0
-21,25,5.72786545626127,0.114921368770194,0.741077269937257,0
-20,25,5.05285957586864,0.189522437641788,0.401602670594881,0
-19,25,4.31802453886999,0.247122915061705,1.47062754584566,0
-18,25,4.18704576179387,-0.15846308810635,0.689487454254161,0
-17,25,1.40261814106587,-0.948246260745339,1.0213963423219,0
-16,25,1.92476892225829,-1.42104606598865,0.0784833187005106,0
-15,25,0.531565822493799,-1.75126130640212,-1.33336686574758,0
-14,25,1.71603674921967,-1.73332677056878,2.02562723964363,0
-13,25,-0.737012608014506,-1.63029696360946,1.65761281970034,0
-12,25,2.16373180147144,-1.31554190268797,-0.561279915532623,0
-11,25,-0.327381483242105,-0.888712333253433,0.225928638702351,0
-10,25,4.92673214966972,-0.183398715818658,1.2505580235675,0
-9,25,2.59923613153238,0.24590301131337,1.29311243427914,0
-8,25,1.7337656157049,0.342053114330195,1.46271590191498,0
-7,25,6.86353398043803,0.273038811445907,2.66196719573049,0
-6,25,2.65810146936329,-0.0520109873478204,1.02009501521854,0
-5,25,5.18624513986506,-0.59357662400587,2.0194241296358,0
-4,25,2.11757451431394,-0.944415292970139,0.218150762126569,0
-3,25,0.162488407335459,-1.5403164875396,0.278401074204565,0
-2,25,3.10336652724478,-1.78339653553387,1.06847025428116,0
-1,25,1.20643904641369,-1.81250552911478,0.898179482499364,0
0,25,-0.863372051709507,-1.49048334542277,-0.640786564762142,0
1,25,3.21720339573639,-1.26239594110392,0.44375609167766,0
2,25,5.83348700121715,-1.07949839834482,1.31298740099729,0
3,25,9.40970331825803,-0.879345788429734,2.46544628722054,0
4,25,10.301020085958,-0.84993007906092,2.78552882915254,0
-35,26,7.19199930410333,0.483279116656559,3.65324686203333,0
-34,26,9.81857070630186,0.944222477592903,3.88555802408867,0
-33,26,10.5368800053128,1.0129547286752,4.41000260360265,0
-32,26,9.37039917568127,0.801449706660716,4.06189626214467,0
-31,26,7.25330509462135,0.636848738297803,3.35564916065038,0
-30,26,6.93681980576128,-0.0918084392994194,2.49769823717006,0
-29,26,6.82679853551035,-0.311201516954157,1.54758352036638,0
-28,26,7.01940930702167,-0.933576625383502,3.40475705128283,0
-27,26,2.61532565582871,-1.28226211091398,1.85724575187414,0
-26,26,6.05560074151036,-1.156903031664,3.62431506789566,0
-25,26,5.78249474999136,-0.779745597550714,4.30119224929426,0
-24,26,7.66869812435272,-0.0200838652931637,3.24916196512088,0
-23,26,4.2532294788651,0.747093260108129,-0.178291943106495,0
-22,26,4.05118018477106,1.09662207966671,1.25881032684175,0
-21,26,4.15053580543598,1.3503785532985,1.59303881113776,0
-20,26,4.27642718186458,1.44834666763977,1.64980603499536,0
-19,26,3.87118785531544,1.29299181236032,1.84002997892331,0
-18,26,2.45945619887518,1.14346261263291,1.30784593735886,0
-17,26,2.15093478502021,0.288040721674859,2.65681783977762,0
-16,26,1.16721135781005,-0.230521317869949,-0.637712598285896,0
-15,26,-4.35975857489745,-0.482431067838285,1.29622504851276,0
-14,26,0.130674824214,-0.858101416089854,-0.819255263802057,0
-13,26,0.895731073122898,-0.242389803599891,0.886467952400539,0
-12,26,0.420973234544278,0.320271012643676,0.719384335279831,0
-11,26,-0.703094750634443,0.74304259332108,-0.358218823062444,0
-10,26,1.48508772647688,0.806610076290035,0.750492347732557,0
-9,26,1.27509342410626,1.44392965939176,-0.979582542243048,0
-8,26,2.09466570694563,1.65854688602848,1.82200892090378,0
-7,26,7.3173474930564,1.63599081316269,3.04374823091668,0
-6,26,3.86830976716697,1.265696637833,2.07578968847093,0
-5,26,3.44584490454395,1.03412964085762,1.31714799615325,0
-4,26,4.96926289144996,0.548359878481069,1.70884107518535,0
-3,26,5.61608154172609,-0.00665435178788809,1.9395869876054,0
-2,26,9.79523482371494,-0.431067057198966,2.79915603773244,0
-1,26,10.4869901794447,-0.291939311089882,4.1700542909921,0
0,26,13.9912588648756,-0.360016242405973,4.16685498756241,0
1,26,15.7772622573171,0.270127204155452,4.13390974760236,0
2,26,16.7462383719084,0.909505722660934,3.84745797425749,0
3,26,18.8721719838544,1.50007300657316,4.23310181816458,0
4,26,9.81165972888877,1.94089411548295,2.35890000757466,0
-35,27,3.62190296649119,0.255915845886464,0.280047259052996,0
-34,27,6.47615331250551,0.681806138854158,1.24068479003092,0
-33,27,8.27984689850902,1.10903027505716,4.05329995224683,0
-32,27,8.09860864318467,1.14019590167504,2.75586620632226,0
-31,27,7.68209008497312,0.85690852097996,2.88653473435853,0
-30,27,4.76877732624921,0.225278485130487,0.10788103876739,0
-29,27,1.39039368800483,-0.365406260801773,-1.61492485428269,0
-28,27,4.04241474300913,-0.766726461669077,1.15369356686523,0
-27,27,3.82823757071359,-0.935112307415804,1.55180871532844,0
-26,27,4.69160077077075,-0.687679296193537,0.684365943829395,0
-25,27,3.84453957173818,-0.28066572960189,-0.233234572920381,0
-24,27,4.30263209076142,0.135474512479933,1.66400684487457,0
-23,27,4.26086081940681,0.676322205822012,1.60859135195905,0
-22,27,4.29286173804354,1.03827038249768,0.295718055472299,0
-21,27,5.15504810682389,1.06043290479682,-0.0785546188783859,0
-20,27,6.36563506951802,1.28324703065756,2.0167095494429,0
-19,27,4.83201608189372,1.16306541541852,1.587353512923,0
-18,27,1.66292378384824,0.670223215105216,0.762339451007613,0
-17,27,3.9090569753226,0.193619936386899,-0.178719359114099,0
-16,27,-0.00396292564312506,-0.26245976864044,1.5527534900015,0
-15,27,1.87540837981638,-0.319913631321428,-0.433117575935372,0
-14,27,3.97397086175733,-0.369811503206981,1.01465341713668,0
-13,27,3.2772511239836,-0.500258179365361,0.294366907466891,0
-12,27,0.995518653615907,0.00639688207457145,0.333318710123626,0
-11,27,2.04419327980907,0.700155468808902,0.508979565629786,0
-10,27,3.13824753658722,1.02000353133007,0.292375863468758,0
-9,27,4.84648111548768,1.08222629600583,1.51984962165579,0
-8,27,4.71331166159127,1.09506766420912,0.158085610718653,0
-7,27,3.05051376004186,1.05877337804586,-0.221036732146091,0
-6,27,6.37682872881534,0.425834324786445,2.09999290223015,0
-5,27,2.18386016559282,-0.219785077932344,0.70484021186235,0
-4,27,3.0543673716004,-1.00389349314899,0.102405115556773,0
-3,27,-1.58710757504146,-1.13146725736766,-1.14710649456199,0
-2,27,2.4877927947409,-1.25175203516891,1.35632419535871,0
-1,27,4.81067688423146,-1.03885514081736,1.5834280540743,0
0,27,5.81787486021109,-0.457632598458216,1.38635768123396,0
1,27,12.025888776104,0.194261746649079,2.98309601063802,0
2,27,5.35201200892579,0.967034763485862,1.15438196524007,0
3,27,5.67059373879784,1.28891585551446,1.06778285757471,0
4,27,3.82135765365685,1.69449183120412,0.197218840556635,0
-35,28,13.8703499378363,0.839501298423411,8.30477938275483,0
-34,28,15.8677856376932,1.12730139632391,5.77550022610749,0
-33,28,14.647897282851,1.05896509545666,5.32449484951638,0
-32,28,11.4751959282288,0.955194728656179,4.41525826110382,0
-31,28,12.8767530830748,0.759990837048916,4.77417839863416,0
-30,28,6.85580266684269,0.210855979016741,2.08482230036087,0
-29,28,8.40272202921895,-0.116518620748779,3.40893994061562,0
-28,28,10.9607689297699,-0.798490687219818,5.28795586954712,0
-27,28,-2.25949397559523,-1.10175449563071,-1.8114598364232,0
-26,28,3.12930084771218,-1.4263639308006,1.55718971708753,0
-25,28,9.9713350363484,-1.22381915028633,4.94439736178359,0
-24,28,8.08711885328865,-0.743546105054328,4.03343584262966,0
-23,28,3.35791176666584,-0.132661511883073,-0.209598638527072,0
-22,28,0.284330093776111,0.371921226051171,-3.16740868813313,0
-21,28,3.91954090523309,0.983157532927532,-2.2850592423987,0
-20,28,5.61205605469094,1.04041106035373,-0.536280993578915,0
-19,28,4.46406873508676,0.730589115330672,1.15638590352598,0
-18,28,3.45060819397166,0.43158878887901,-1.8953824982074,0
-17,28,-0.225492587425677,0.0288635534427122,-3.47159325228024,0
-16,28,-0.518329174234419,-0.26630243528488,-5.92192789416724,0
-15,28,-1.55219626515694,-0.941979896631378,-4.68617746503549,0
-14,28,-3.11057567112603,-1.44226742120055,-5.82856407561233,0
-13,28,-0.203779479093438,-1.19331553400474,-2.22376963634226,0
-12,28,-3.4556620456201,-0.903807200309172,-4.1033092613418,0
-11,28,-5.23168602849528,-0.464731900945207,-3.87989324381702,0
-10,28,-2.32314860959612,0.324908003977925,-5.24592831424397,0
-9,28,1.06833167001346,0.776858527711109,-0.795314731492962,0
-8,28,0.397941070654315,1.01706372507872,-1.22807572513912,0
-7,28,8.26256390510162,1.26719879357763,2.5805188006337,0
-6,28,-0.486046447914395,1.0614772031126,-0.834358674140347,0
-5,28,-3.79116700240925,0.614559627547141,-2.03931646338198,0
-4,28,-3.05217467321818,-0.14428998111067,-1.28520544332627,0
-3,28,1.56472603384293,-0.480041276124865,0.654655180130888,0
-2,28,16.7102112261758,-0.878392924408161,5.42348017366466,0
-1,28,22.8836292104861,-1.12228034798135,6.38552557139494,0
0,28,33.7018077896838,-0.759599223952287,9.02588331908028,0
1,28,25.435359304048,-0.634088835753884,6.09429272312814,0
2,28,44.5582023743208,0.0667179739897488,10.5843189002212,0
3,28,35.7251768994305,0.407100622122734,7.31637127255892,0
4,28,9.64059427288547,0.366226908435549,1.98361284152675,0
-35,29,8.75526437000734,0.836841951781724,2.55759968670359,0
-34,29,7.05516262782892,1.18451471975442,2.50741069741449,0
-33,29,8.46069076561164,1.48833845169616,1.63966796496955,0
-32,29,8.33506489543451,1.48698082167762,1.92057686767317,0
-31,29,8.89456283867812,1.10130087064678,1.07117183927627,0
-30,29,6.81229088234689,0.520273972082164,0.231759057618709,0
-29,29,5.26995449996982,0.187508377408706,1.30552697947278,0
-28,29,5.76756659605259,-0.0837473228109319,1.54613688254246,0
-27,29,3.53840451090166,-0.372315352801691,-1.2487458253376,0
-26,29,5.45016262627404,-0.18059217114452,-1.28140822114115,0
-25,29,7.05387997523603,0.0393246764682809,1.28101006851779,0
-24,29,6.13346007783013,0.84593417007383,0.442982184202046,0
-23,29,4.82541938082244,1.57135373813165,-1.71889559118589,0
-22,29,6.71371504013452,1.9827009612674,-1.98895092343522,0
-21,29,6.17929763677522,2.40397856505192,-1.48581961042006,0
-20,29,6.70745418897473,2.54027138690235,0.153824570059828,0
-19,29,6.81272024561296,2.4714955662442,1.2620106070916,0
-18,29,5.58122730197112,1.90704078230056,-0.691402525028218,0
-17,29,4.89538673870676,1.54335102083904,-0.12909586295201,0
-16,29,3.23365453450691,1.06959598216743,-2.75269627995386,0
-15,29,3.59200405833784,0.734153761334134,-2.69661619375309,0
-14,29,2.14137285742568,0.353658742693499,-1.5590427774457,0
-13,29,4.09633331293023,0.349586348219421,-0.106924668185028,0
-12,29,3.00553569959981,0.470445273583062,-0.799430036821064,0
-11,29,3.61868591613107,0.672122134387123,-0.626039256203332,0
-10,29,3.95743620159914,1.28068737128969,-1.39419005220947,0
-9,29,5.04213617984846,1.64048488262254,-0.0647752603192454,0
-8,29,4.1846805547517,1.83416725862238,-0.753066893031752,0
-7,29,4.21299120254087,1.62490111469953,-0.240475670830303,0
-6,29,5.01037995888494,1.6636875608428,-0.867620823448418,0
-5,29,2.84881918717895,1.2645796298902,-0.564796922727165,0
-4,29,2.79450819879652,0.722399993049365,-0.205980241545432,0
-3,29,4.1932042259211,0.139984143562991,-0.533590917155418,0
-2,29,10.8311425623589,-0.0891060902896113,2.13266808618232,0
-1,29,13.3200616476043,-0.0128684293612366,3.3832849241236,0
0,29,17.5739885843223,-0.036267049972376,4.29662498555739,0
1,29,9.06837623907703,0.365701623829047,0.794962868642444,0
2,29,22.4231453788395,0.95632670132521,4.93333665587534,0
3,29,5.199451218542,1.53007956140715,-0.671703958836904,0
4,29,4.19207561732459,1.76377815156031,-0.202703947100154,0
-35,30,8.95351289574772,0.160895738029947,3.68160302348276,0
-34,30,9.10444435869177,0.513766707348461,2.27790131047676,0
-33,30,9.97154600584046,0.960785965358371,4.49442661510848,0
-32,30,10.1160094000915,1.15506252567849,2.22324622873876,0
-31,30,7.69986038005941,0.961510475667094,0.710819776493634,0
-30,30,4.51502535360702,0.527711844130423,1.38456360654902,0
-29,30,6.64275902954875,-0.177582055076695,2.39634908403188,0
-28,30,6.95679629510116,-0.631576092020609,3.42305900575503,0
-27,30,2.33982792855565,-0.710724322542369,-0.211498006120981,0
-26,30,4.38372301999508,-0.831191307560525,0.887163196060078,0
-25,30,7.89161628335785,-0.565476077717857,2.53168007320442,0
-24,30,4.34951343990202,-0.0142967939289476,1.65909579520509,0
-23,30,4.26438590870143,0.426802267070184,-2.1952784653693,0
-22,30,3.15489279592758,0.930654643694361,-0.922017671037873,0
-21,30,4.45579835762797,1.291349545963,-1.0546362988867,0
-20,30,5.26524925076135,1.56533215444002,0.533935377138594,0
-19,30,5.44880341927965,0.977321476626691,1.19016636315056,0
-18,30,4.29595824364922,0.309245743089917,1.2462519093327,0
-17,30,1.80407814014832,-0.169604642573103,0.499109281855074,0
-16,30,-1.06038854508754,-1.24537940425855,-1.24541408494449,0
-15,30,-0.612544420619863,-1.80896971689915,-2.11597660178972,0
-14,30,0.159954619972423,-1.88693767001952,-1.71917215369515,0
-13,30,-0.00474090964588825,-1.95154086431159,-1.6828483378196,0
-12,30,0.364682070019461,-1.76120215099599,-2.2581924640143,0
-11,30,-1.45207738089179,-1.33867166463176,-2.38625664240436,0
-10,30,-0.976620076223955,-1.10673310467108,-1.06773661441245,0
-9,30,0.872816144812716,-0.95492496056257,1.0420232938733,0
-8,30,0.693997998295946,-0.653314124898438,0.685032334092924,0
-7,30,6.60144489062412,-0.523469211889615,2.84007685572031,0
-6,30,1.74160151281527,-1.0028847234151,0.848017344934764,0
-5,30,-1.45995994824122,-1.51138073282083,-0.349893901035385,0
-4,30,-0.919858908694651,-1.64616043671559,-0.239813501120299,0
-3,30,3.83906158078139,-2.09457657611045,1.47587032166617,0
-2,30,4.44375541529216,-2.5221327224112,1.7296368023808,0
-1,30,4.32708032065453,-2.57333655569166,1.60093809484162,0
0,30,15.9584044078591,-2.16134704170791,4.40805695874282,0
1,30,20.9261488677305,-1.60058567692162,5.15952814013658,0
2,30,16.3367640427921,-0.917385498642743,3.78740858404313,0
3,30,22.527248469943,-0.354510084593819,5.03049849506396,0
4,30,-1.898228224772,-0.592069832136741,-0.596893897800928,0
-35,31,10.9139765279513,0.365076823821698,6.80386268297342,0
-34,31,11.8862437520441,0.744764536629958,4.59154468201677,0
-33,31,12.7113235840396,0.957891948626074,5.59529321660792,0
-32,31,10.5366351454169,0.985946151241494,3.25981097694699,0
-31,31,9.12409852543498,0.738973995751686,3.28881876208432,0
-30,31,6.05408647484771,0.412755304022821,0.747940530778004,0
-29,31,9.23547260255845,-0.226300008543132,3.06854426452598,0
-28,31,7.42633665408797,-0.803773290946571,4.36088031971534,0
-27,31,-1.37382371346278,-0.731133229331462,-2.57913797221867,0
-26,31,2.63640355425963,-0.992854870956956,-0.756440205737688,0
-25,31,9.36247609306678,-0.760809945812152,3.33280453115875,0
-24,31,7.34566838541871,-0.154349387562129,3.14173616193336,0
-23,31,3.21797801522601,0.255298401392274,-2.41319678794281,0
-22,31,2.27504195083992,1.01069473106852,-2.25650906269313,0
-21,31,4.44897914186041,1.71911853909853,-1.0364519313944,0
-20,31,6.93752120389583,1.82045202860433,-1.27988864496575,0
-19,31,5.40162153968925,1.72147267788792,1.09599675049863,0
-18,31,4.16794501661533,1.47485493918202,-0.395728242874452,0
-17,31,4.56744228400797,1.25056856850521,-4.26286265289167,0
-16,31,3.16313074763615,0.876283378592412,-5.47741273185362,0
-15,31,0.90029358963992,0.321897323307673,-3.63169404664689,0
-14,31,0.311258636804455,0.30343930217239,-2.93979827814469,0
-13,31,0.78978177810637,0.239083914224093,-1.77760888666283,0
-12,31,2.18119288635298,0.407813051287813,-4.50254440018554,0
-11,31,-1.95162393578,0.408581652095476,-4.68948383306186,0
-10,31,-0.921288072475906,0.972894247840939,-2.32265439056411,0
-9,31,1.12137400192651,1.4962322220918,-1.43579982756657,0
-8,31,2.20900756519565,1.30764524409581,-1.66328417748506,0
-7,31,8.42442952198836,1.54355880455198,3.0388490111581,0
-6,31,2.34898562167673,1.27662359141301,-0.928420281733982,0
-5,31,5.57113498153421,0.950877393514386,0.708778670516284,0
-4,31,-1.02015668023088,0.809598993384018,-1.8815279006793,0
-3,31,9.24420620095024,0.254279296599654,2.56840599186995,0
-2,31,13.215291132502,0.340707589677724,3.05738040287912,0
-1,31,23.6886301606482,0.390383670619924,6.22887468129771,0
0,31,25.014953420268,1.08704266811956,5.84156133432319,0
1,31,29.8491366469092,1.5968790473234,6.21154531095077,0
2,31,43.5519031234462,1.64047679870295,9.97709138200232,0
3,31,29.2245430555125,2.09584689757755,5.75257710682829,0
4,31,8.97408538586293,2.58645926959234,0.738220984482669,0
-35,32,5.49067533174106,0.860555876165266,1.60428259129763,0
-34,32,6.7712209197445,1.15234839913561,2.26270586006574,0
-33,32,6.51860695641595,1.1447329993516,1.54741561674802,0
-32,32,6.41043370320725,1.08235193576825,0.950143408134493,0
-31,32,9.00665402507597,0.98274774620602,1.1882607455944,0
-30,32,6.85033075261413,0.510017117145736,1.34154681967502,0
-29,32,4.38659646233068,-0.0655881033636553,0.583134692792621,0
-28,32,4.82478333120379,-0.256859394991665,-0.248738426391095,0
-27,32,6.8407439940434,-0.884621903442333,1.21025634352433,0
-26,32,4.8277916427317,-0.558616183529342,1.01162839709682,0
-25,32,5.49405056865929,-0.285633957312163,-1.47696129490724,0
-24,32,4.73167025242837,0.140864546814443,0.20271234951028,0
-23,32,4.20996286515085,0.625944044826562,-0.938337605036075,0
-22,32,5.84012822378229,0.935631409282301,0.299637903126058,0
-21,32,5.84674815780402,1.36219537699285,1.09885028055448,0
-20,32,5.88005334545361,1.23417460414807,1.31888515827239,0
-19,32,6.138057528247,0.671609562445645,0.904266394905848,0
-18,32,4.80555931466607,0.00727184942143205,0.235913463567699,0
-17,32,3.2167728867229,-0.309640433563541,-0.678364716686621,0
-16,32,4.11616400519577,-1.00533091882296,-1.35654942777813,0
-15,32,2.57407132847169,-1.56615522308691,0.314158399241654,0
-14,32,0.145763349710692,-1.78729676143435,0.745854886070967,0
-13,32,2.70859228251245,-1.65996104435789,2.40801477879326,0
-12,32,5.05181880082622,-1.05892597971903,-1.19043247697601,0
-11,32,4.08650765637358,-0.462391905830863,0.11729946989985,0
-10,32,3.23541345569229,-0.255050335234158,0.250308166340113,0
-9,32,2.3733350558623,0.288564480060907,0.600246888188469,0
-8,32,7.54951855853822,0.369605937152408,1.30493615943406,0
-7,32,5.55032554725109,0.522194130128346,1.89003711831905,0
-6,32,4.77508059831829,0.0929325374339559,0.761491538779995,0
-5,32,4.06416411717033,-0.121527222395074,-0.265201290889186,0
-4,32,1.05002568663167,-0.561140368955219,-0.786517083610434,0
-3,32,6.1688787332165,-1.08018258095651,0.720048359321141,0
-2,32,6.27256452566342,-1.38777535786155,1.53133050645305,0
-1,32,0.0932977156002366,-1.54635970469635,-0.289161909063221,0
0,32,4.09372398183961,-1.83636064661306,0.730073639459727,0
1,32,3.85050018058303,-1.208623109143,0.465783261502061,0
2,32,6.62021287055443,-0.856115368868064,1.17089313102986,0
3,32,3.95162320469387,-0.601028877148703,0.0737815046317594,0
4,32,4.29083760447484,0.0995023117807564,0.157554007059162,0
-35,33,6.04068224436506,0.832828843625903,1.7204131844754,0
-34,33,7.18019117180874,1.13467824049614,-1.27198805671848,0
-33,33,5.35254212317046,1.05566990231698,2.59145049248708,0
-32,33,5.24150955849338,1.05573438442236,0.614734151141522,0
-31,33,6.05212326252974,0.852731871378299,0.807706105684724,0
-30,33,6.10830934571722,0.431761120834673,1.03065151442937,0
-29,33,4.4812885264198,0.0898371285304784,1.78185232316439,0
-28,33,5.40737408235667,-0.208305706146465,1.32721038613352,0
-27,33,6.47891188409337,-0.517867953906536,2.25774451544607,0
-26,33,3.26320462165433,-0.429336257078127,1.80740296994878,0
-25,33,4.20686441171227,-0.125065459925238,0.140732840250037,0
-24,33,4.72332204717754,-0.0461144628143204,1.54162219364547,0
-23,33,8.0325069261222,0.611857545406771,0.689420949180739,0
-22,33,4.86944192255622,1.14188964364205,2.4156077183328,0
-21,33,4.93846497395914,1.60378726366606,3.51306514645251,0
-20,33,3.77770708076189,1.43032531566926,2.12357849575795,0
-19,33,6.42690498526487,1.21933269619044,-0.325591319814012,0
-18,33,2.88451315110625,0.652678148221699,2.97684376580667,0
-17,33,2.39453601303137,0.149801573154158,2.53702027634796,0
-16,33,0.757544243985822,-0.441908934947184,3.28202398886162,0
-15,33,-2.59080089344988,-0.830088424469202,2.29219328805489,0
-14,33,1.27580737494827,-0.884790692508204,0.384545709368455,0
-13,33,2.14734162006077,-0.872192716417884,1.04689657028086,0
-12,33,0.852249908600072,-0.318176623819814,2.26393248620143,0
-11,33,2.58629212109622,-0.0361898486449645,0.812745557740382,0
-10,33,4.76322570928517,0.505210667421621,1.12543671487261,0
-9,33,3.30106884156734,0.68711628417728,1.37137817565206,0
-8,33,3.71007886033196,0.964500484990501,0.839057308676632,0
-7,33,3.4227391490827,0.738430260497719,-0.029389841891704,0
-6,33,4.10855746685189,0.467845087765757,1.42497415836209,0
-5,33,0.426742470802081,-0.549013646996504,0.497596740254523,0
-4,33,9.52102615824156,-1.13453320661287,3.01632723599953,0
-3,33,6.10131847730544,-1.25833565917707,2.96937713028625,0
-2,33,0.400246928139821,-1.5595411689677,0.733719887159574,0
-1,33,0.799733531496052,-1.2071467636752,0.930448502943101,0
0,33,1.02491665590864,-1.07244627112012,0.808380796447401,0
1,33,7.92894614136255,-0.644170388899061,2.63802129453025,0
2,33,-4.343206374641,-0.0936839048437164,-1.20044061697572,0
3,33,-2.22806167428765,0.353501752159251,-0.714261886326972,0
4,33,8.44522029161919,0.875609810715487,2.3148407398806,0
-35,34,12.9733571847238,0.990765562656988,7.47047633968721,0
-34,34,12.9154450885756,1.36761895219315,6.10033869830853,0
-33,34,11.7695809623759,1.52488706077442,5.36617113049982,0
-32,34,12.2122377648184,1.20188557582746,3.7881694203427,0
-31,34,9.16739106827011,0.930670583969267,2.57547823071542,0
-30,34,7.71629710477359,0.178022136060674,2.95154034876951,0
-29,34,8.03079141154443,-0.304965887230275,3.5365166136668,0
-28,34,6.97290371620806,-0.538251850307489,3.82778931086747,0
-27,34,0.120321369656171,-0.608215761819228,-1.06196606198505,0
-26,34,5.0037844227176,-0.383586814694082,1.12214210753171,0
-25,34,8.28622123373429,-0.0933406316009795,4.36673949597522,0
-24,34,9.32308828915278,0.228886474406013,5.0244985040616,0
-23,34,3.54563018521877,0.780541739565164,-1.25190188243279,0
-22,34,1.97892875768129,1.20410634719281,-1.76975903074906,0
-21,34,1.688721343697,1.54549020723272,0.322356454891088,0
-20,34,5.16727306584837,1.59935657505028,0.145897429707862,0
-19,34,2.64744282918595,1.27892671296841,1.88112142951312,0
-18,34,1.21448705164949,1.16741827411941,0.59651085319613,0
-17,34,0.728788976264154,0.852153715874392,-1.97419836171442,0
-16,34,-2.63828924053934,0.198408052109005,-3.1104568141823,0
-15,34,-0.292310487737027,0.00235815402858452,-1.54026672513421,0
-14,34,0.341245305626769,-0.00804781414597799,-2.8032281334262,0
-13,34,-0.136899772614555,0.230335741687332,-0.822003022847809,0
-12,34,0.0379329463312927,0.474965273533574,-3.25213745481309,0
-11,34,-4.74895072475855,0.984740208328876,-3.83230823210839,0
-10,34,-1.90267389753098,1.0458650316812,-1.97632717011981,0
-9,34,2.72292820060219,1.08569772507641,1.87918896098774,0
-8,34,1.81994950796802,1.40626287120192,0.672703895520608,0
-7,34,7.12419173337138,1.41142745226938,2.87274872846464,0
-6,34,3.02793078162653,1.06782005101367,0.622327374255616,0
-5,34,-3.80129732560298,0.588349694755688,-1.90806993750443,0
-4,34,-1.02416683167566,0.343283114956159,-0.212882719258642,0
-3,34,8.60673375423335,0.0980373381566314,3.52907902397809,0
-2,34,17.0379031577378,-0.51064785750095,6.28599833624373,0
-1,34,15.2152601526623,-0.5521418268204,4.81809986740293,0
0,34,20.8173417190057,-0.360948357207889,5.84783844123147,0
1,34,26.4899162896213,0.0995975499767389,5.70652006547812,0
2,34,34.1672220185709,0.751207321008976,8.14744897334569,0
3,34,25.5409071493132,1.43248199072758,5.46465063693841,0
4,34,12.1837594241415,1.5709423819786,2.37584059838845,0
-35,35,5.12183543347217,0.803631206391613,-2.56857421948714,0
-34,35,2.44203412372859,1.21106892182487,0.540061693183437,0
-33,35,5.19231662637473,1.42676766048548,1.42785843029045,0
-32,35,6.42005049815386,1.26387362144646,0.752001964358027,0
-31,35,4.92527342585678,1.15322911240868,0.470691539048263,0
-30,35,6.50471247701903,0.702244132280728,1.4518362764459,0
-29,35,2.45750100135921,0.130445975993998,0.321385314666652,0
-28,35,3.85428450579777,-0.207356191244877,-0.565572101909305,0
-27,35,6.44971415109625,-0.668677666926688,2.87674848994091,0
-26,35,4.28890657122833,-0.318469143493126,1.64314814829069,0
-25,35,2.64975479746496,-0.292561479459409,-1.06227063575575,0
-24,35,3.15508520075615,0.0328265021114741,-1.53633022115931,0
-23,35,4.21776919239029,0.289178430744506,3.56377879092588,0
-22,35,3.70890856069078,0.587097750213382,2.52663102966386,0
-21,35,5.16156817087937,0.744267628393409,0.624033541336837,0
-20,35,6.0379781739686,0.506784724075444,0.376644275289629,0
-19,35,3.64162765626323,0.610590711365294,1.55484333367843,0
-18,35,4.5421480797731,0.27811511765595,1.66592749959979,0
-17,35,4.97507598394342,-0.0778065046628075,4.03394372249947,0
-16,35,1.63725267642932,-0.919167026223539,3.04829479547806,0
-15,35,-0.735287512717986,-1.28842898053418,1.59647336639272,0
-14,35,3.11078361731121,-1.41740992492564,0.753732030649598,0
-13,35,2.84934227750677,-0.986828994319225,2.76975309596286,0
-12,35,2.58474292279489,-0.850391106682441,1.73665921943498,0
-11,35,3.68325104361216,-0.415542601911561,2.87361340637096,0
-10,35,4.11825258030023,0.260619304785736,3.41333654091979,0
-9,35,3.38502869887955,0.57314394671154,2.1670716131027,0
-8,35,3.65060820145047,0.84837190979973,0.815421882831689,0
-7,35,4.4009023031381,0.846934685380973,1.23168562009457,0
-6,35,5.32324678375299,0.631407766384449,1.99280638628536,0
-5,35,4.90126933475058,0.122974508019227,1.15886771752655,0
-4,35,6.89510669809752,-0.0154581155975427,2.56118586709171,0
-3,35,5.60588205949725,-0.734395342751475,1.70508576404793,0
-2,35,0.249822506906842,-0.504567265890968,0.667431485866737,0
-1,35,-1.76371968519103,-0.374962410405607,-0.17927048513808,0
0,35,-3.20325590513102,-0.26272513153469,-0.957931210254061,0
1,35,-5.75975571848583,-0.128007794699265,-1.85978723836472,0
2,35,-8.57532988911377,0.537649826437258,-1.60468841435363,0
3,35,-1.25869183548217,1.14340304866763,-0.509063395627277,0
4,35,3.8416539002175,1.33149184874381,0.552180040763682,0
-35,36,4.326627354155,0.342545385677391,0.751958172464406,0
-34,36,4.16310122225809,0.111795512063171,2.27583249271939,0
-33,36,5.52971076520557,0.616670085769893,1.26293126754444,0
-32,36,6.89530816055295,0.252314118591742,1.70757784938832,0
-31,36,5.45723430116534,-0.0734608887223489,2.90459433045605,0
-30,36,2.92793726047976,-0.393493005685662,2.01700693358006,0
-29,36,1.78110136076933,-1.21716748204228,0.207708020102902,0
-28,36,2.59293261174815,-1.50051485934522,1.76465176773706,0
-27,36,3.30818215571554,-1.98823994170561,1.63193597409484,0
-26,36,3.34363077351256,-1.77777065971258,2.07467123780048,0
-25,36,0.773431521043592,-1.6958302088359,-0.113989347154804,0
-24,36,2.52605399208027,-1.25622311336758,1.12384456092341,0
-23,36,4.24440787471884,-0.522637127970302,1.88832966410631,0
-22,36,4.38647376946746,-0.429935737674772,2.89652245879816,0
-21,36,5.00537849747566,-0.377891398806871,-0.221227567663106,0
-20,36,4.08541254411131,-0.275292199577963,1.65787930697228,0
-19,36,3.3758673153312,-0.725916717661127,2.11168858739244,0
-18,36,1.4015960405495,-0.916771696775051,1.6271819688376,0
-17,36,0.185132809721841,-1.29389539313825,1.70991304719611,0
-16,36,-2.66526562496924,-1.82017580594585,1.63965084773688,0
-15,36,-2.89538438426559,-1.95571313520048,1.3933662096088,0
-14,36,-2.27774068056033,-2.03425388598218,2.90986116359667,0
-13,36,0.294149238017737,-1.68236353694595,1.73110097303972,0
-12,36,-0.826806239466783,-1.64213275806305,0.498586699336942,0
-11,36,-1.42072093658938,-1.16458439149287,3.650052631939,0
-10,36,2.38100372402585,-0.577475890226478,2.30281924328641,0
-9,36,0.188658991511929,-0.12421262457365,2.18622131197431,0
-8,36,2.07676162521612,-0.065852615029547,2.82078628603272,0
-7,36,4.72121545542469,0.119500359501354,3.05268275822665,0
-6,36,4.05636359044805,-0.0946220825406339,3.10373674196207,0
-5,36,6.30721881260772,-0.283397443418548,3.91749506061285,0
-4,36,-1.83557364095988,-1.06368616246803,-0.135303576063194,0
-3,36,4.61706388929434,-1.16818450238487,2.95359454837309,0
-2,36,2.70271834076776,-1.26205791355248,2.32567157317217,0
-1,36,-2.47582456849966,-1.11269113436126,0.668546146683967,0
0,36,-0.277197004133117,-0.845696365733233,0.856493693016466,0
1,36,-1.12533787842256,-0.3380692641429,0.229994141073802,0
2,36,1.00276876711189,0.442468642980984,0.83672956247887,0
3,36,10.881908966452,1.09264353055811,3.07657492807573,0
4,36,2.11167395013737,1.40550847810553,0.990166707232344,0
-35,37,7.04180930614449,0.4698722084205,4.19570931216314,0
-34,37,8.14731154585163,0.615978905566382,3.15220678955275,0
-33,37,6.35196938850736,0.528532439620811,2.43708948997069,0
-32,37,9.99771010109674,0.813178274566402,4.44134455682434,0
-31,37,7.84154838797791,0.337013734936764,1.9194393377365,0
-30,37,4.85544010740218,-0.164613012234428,2.14603189510078,0
-29,37,6.02362429872046,-0.779094477926564,2.93349590830494,0
-28,37,5.62354737939943,-0.772625304530392,2.44493251481614,0
-27,37,4.5368012299729,-1.14230976703854,1.07160128201086,0
-26,37,3.84488783464906,-1.40242779711862,2.50495652795033,0
-25,37,3.78354803117604,-1.2333111486238,1.97783804876086,0
-24,37,5.21945263414381,-0.559333474554703,3.36242453865291,0
-23,37,4.67056338894391,-0.00282198449049073,-1.45714815041201,0
-22,37,3.8627618761034,0.0868148099150312,1.88847930017435,0
-21,37,3.20295360133153,0.594952162914673,-0.149703416990936,0
-20,37,4.11859795458212,0.548878638189643,2.14096639732397,0
-19,37,3.91710880686111,0.309318467703685,0.88685048432518,0
-18,37,2.77315925068378,0.0398700437285838,-0.459519865705392,0
-17,37,1.79417088304877,-0.368756654789415,-2.11264677105031,0
-16,37,-1.21915536906135,-0.657462192684592,-1.74420159354548,0
-15,37,-2.33046095977033,-0.865292673916037,0.501093730541297,0
-14,37,-1.18305742142134,-1.16099055934495,0.525202456900674,0
-13,37,-0.22452265631147,-1.12375957104204,2.47165638412648,0
-12,37,-0.244251521120848,-0.768400571087313,-0.8275739076604,0
-11,37,-1.37949897199177,-0.320618213836676,-1.24946545248412,0
-10,37,1.04187265480811,0.24546563937549,-1.0172800862823,0
-9,37,0.489282965588167,0.675427523819648,0.0152554286035845,0
-8,37,1.21379654949509,0.737787128178972,1.37693768472695,0
-7,37,4.00899006679521,0.539586237534729,1.87954458253838,0
-6,37,1.64440892105177,0.102566163971964,0.651765873816412,0
-5,37,2.80234762113132,-0.21648624112249,1.74658461954622,0
-4,37,0.903477352306277,-0.483059363681674,1.02836565271472,0
-3,37,5.7422700357793,-0.80213533668235,2.26537244467551,0
-2,37,7.10860979442259,-1.02631671601999,2.79099196305089,0
-1,37,2.85911215079721,-1.00343961402239,0.862218006764991,0
0,37,19.4287605486859,-0.845475856028485,5.28621164337403,0
1,37,17.208083164389,-0.597192195018991,4.48403606275048,0
2,37,19.3847821169182,-0.120825161996107,5.27460806904686,0
3,37,15.3025614140436,0.665593448135751,3.71074396307733,0
4,37,9.82625849370082,0.740479217396102,2.90186502431196,0
-35,38,5.76659838848835,0.427790872400954,1.83937532719213,0
-34,38,8.72556862789515,0.497167345094046,2.80731933750277,0
-33,38,6.20922883775944,0.629036914431914,0.591019368683826,0
-32,38,8.92031539354662,0.249803749228686,2.57584896714084,0
-31,38,4.91790557578964,-0.23710025883602,2.36149097110465,0
-30,38,5.1229499133122,-0.559308920636417,0.868249032239313,0
-29,38,4.72791214956643,-0.959041577695658,1.04893085104023,0
-28,38,4.87597908632424,-1.19049331389302,1.7159376541433,0
-27,38,4.05868805112107,-1.35577235884486,2.49854717972148,0
-26,38,4.3728186631724,-1.38015448213034,3.03919676885998,0
-25,38,3.25914626464375,-1.1945956594732,1.52047173670941,0
-24,38,4.95621892847666,-1.05644836553921,0.234968354678048,0
-23,38,3.1127377409227,-0.497795884840398,0.155006106909719,0
-22,38,4.13801449553985,-0.11402172358066,0.977364442537565,0
-21,38,4.01276892427212,0.324916586050706,1.47228470978549,0
-20,38,3.71747311181328,0.529159529413441,0.631824614288496,0
-19,38,3.1583340610407,0.0627095516127169,1.67988638350341,0
-18,38,2.96185453864786,-0.231621481753975,1.32507200803993,0
-17,38,0.0714104557620229,-0.651152739469704,0.687592380624784,0
-16,38,-0.908340013786039,-1.70532962605041,0.0025335560059199,0
-15,38,-2.67292582423053,-2.20426714711449,0.868600817170597,0
-14,38,-0.531938888760425,-2.28429070688068,1.21749756499713,0
-13,38,0.319814528326378,-2.36433080920382,-0.11881031095824,0
-12,38,-0.36127916622763,-1.61391933618313,0.278557710744093,0
-11,38,0.431797674578374,-1.00244344790688,-1.01155870644905,0
-10,38,0.182192218922655,-0.656872928847042,-0.427644378115757,0
-9,38,2.40646234505687,-0.407865971274849,1.32863465569343,0
-8,38,1.96275921225515,-0.306659501041844,1.0687969469195,0
-7,38,2.97063075816491,-0.396645103392255,1.51514679463855,0
-6,38,2.12736345114648,-0.434155918510306,1.1208552045912,0
-5,38,1.2773619176768,-0.712728000078976,1.03513244201579,0
-4,38,-0.0393456447661016,-1.08725963512655,-0.547431924759183,0
-3,38,3.94854963428121,-1.52331177538131,2.24482587800161,0
-2,38,1.6080892585801,-1.40094701504061,0.949838841727293,0
-1,38,7.14540774451565,-1.5054833502386,2.61193615851836,0
0,38,11.6561319157229,-1.19672507360915,4.3074072867153,0
1,38,11.8375091533044,-0.716364860177623,3.3468433180019,0
2,38,14.5959843185806,-0.34965261082303,3.88909983700399,0
3,38,11.1118086571126,0.324579235693612,2.08030494916624,0
4,38,9.71969860629997,1.09389341389244,1.813165871059,0
-35,39,4.06246417684379,0.60798840237141,-0.524038567294263,0
-34,39,5.9304959358049,1.12797810705452,0.321343012868661,0
-33,39,4.46157940915858,1.20793068241895,1.81546649527626,0
-32,39,6.43963213919168,1.33777035973507,-0.13652627721338,0
-31,39,6.77706852071049,1.1100453840097,0.984583095856453,0
-30,39,6.37902725046137,0.520204620770797,1.24356285939398,0
-29,39,1.42193360582553,0.401803937283607,-0.402541677952691,0
-28,39,4.27456853268966,0.302772567138798,-0.544472250571091,0
-27,39,5.91211711660983,0.414785596096613,2.33479259500306,0
-26,39,6.05773633787533,0.507518855096028,1.63776719238326,0
-25,39,5.51362579443129,0.701634804651717,0.684242864582144,0
-24,39,4.33340013200265,1.20507214922761,1.234530640256,0
-23,39,6.3262554312438,1.68426617141932,1.08729746758484,0
-22,39,4.75740382267996,2.52620811747273,2.05060790823332,0
-21,39,8.61427599418328,2.61169896435596,-0.303828370574824,0
-20,39,5.79925074550205,2.93919605377512,1.72222560794089,0
-19,39,7.13084509279526,2.74812260224093,-0.70811183641035,0
-18,39,5.27691705957179,2.40056886745059,1.22425013395281,0
-17,39,5.36736268736882,1.69753987236379,-1.21824244080368,0
-16,39,4.26271665280965,1.30134871417752,2.90773143860193,0
-15,39,4.6871819416556,0.993347633480428,1.83368994637424,0
-14,39,1.1441181254291,0.941795213021119,2.58777483063964,0
-13,39,4.23473449971976,0.932041229910223,0.439369416049386,0
-12,39,3.83148693327164,1.25389740360251,1.60282102634735,0
-11,39,4.43987580002121,1.66454895241896,1.20096065709679,0
-10,39,5.928015202256,2.16073286701883,1.42052791504792,0
-9,39,6.43666428854354,2.5748520020686,2.0010083695097,0
-8,39,4.70364621315719,2.96128402586441,-1.14604986354298,0
-7,39,4.17953769504422,2.7014542424183,-0.595657775232875,0
-6,39,9.70364372595906,2.36410790017823,2.96771739475737,0
-5,39,9.44440699548731,1.82257672603666,2.7211812581432,0
-4,39,8.02144608151517,0.905483236307631,2.77141136530382,0
-3,39,2.09701794477007,0.599304235145021,0.548865149141889,0
-2,39,1.44018256179382,0.383361550158988,0.358570509764144,0
-1,39,2.27183034706614,0.450037771491226,0.127784594848975,0
0,39,-0.310478510414886,0.714369315033546,-0.527968894107131,0
1,39,1.96300461884958,1.1091469124302,-0.391821967182173,0
2,39,0.374790508373487,1.76243533880917,-0.464569579400318,0
3,39,9.27108550469603,2.52909637588186,1.01292812578048,0
4,39,6.28797900115964,3.00132730698474,0.419239937609889,0
-35,40,4.70921557412256,0.402065561937526,-1.93664630012692,0
-34,40,5.03717979035313,0.861315547680134,0.552462246918576,0
-33,40,5.44241224636782,1.16853862058816,2.71383656361128,0
-32,40,3.89242644854992,0.877038080827321,-0.447591587497592,0
-31,40,3.95199645788105,0.640277494255119,-1.70604127481573,0
-30,40,4.62234259730179,0.372498932761888,-0.818712722967462,0
-29,40,3.66715934299922,0.207079851469576,-0.830814149458224,0
-28,40,5.17440685351241,-0.396438585674623,0.72890261085412,0
-27,40,4.39850690866854,-0.794068772034273,1.9405291182821,0
-26,40,5.16583940087819,-0.636867573390103,0.0245730467402175,0
-25,40,3.5599507527349,-0.152742733218613,0.990641140825423,0
-24,40,6.11311615267361,0.472683162972339,-1.18941386684386,0
-23,40,7.60779087158973,0.730176646041415,0.11549361881578,0
-22,40,6.57850494594285,1.12319504669801,1.92859314856428,0
-21,40,5.24204315438614,1.42529193084323,-0.710608650777453,0
-20,40,7.40395382820053,1.68463793654748,0.71410578784024,0
-19,40,6.20052037813211,1.58578761936264,-0.283388920704853,0
-18,40,6.96870182611683,1.16914073944939,0.416655291460998,0
-17,40,4.97453740390036,0.584725073310105,0.96876093560327,0
-16,40,3.27312907002121,-0.104013421558507,2.96646922846716,0
-15,40,5.29332962497208,-0.419568222402204,-0.229849727534374,0
-14,40,4.85926786088414,-0.48286208976377,0.091644861569915,0
-13,40,4.21392553141072,-0.465961700624735,0.648743101527564,0
-12,40,2.59220799592555,-0.149199299560133,0.933280570737552,0
-11,40,6.85975968104965,0.313952778428912,0.590740864927158,0
-10,40,6.91212993439368,1.00423219324866,1.55798931906544,0
-9,40,6.80253964033238,1.2746410051285,0.637703010609175,0
-8,40,9.49363059179075,1.73147457223258,1.80617388390812,0
-7,40,6.56306873642619,1.57000833114807,-0.10713983394635,0
-6,40,6.10309323611827,1.05056524031649,-0.404206827020511,0
-5,40,4.59008825016921,0.712781769348527,0.0443971976310494,0
-4,40,6.78584439819296,0.544841349469739,0.167273758385207,0
-3,40,7.02477591061108,-0.161798718661894,0.910902402902106,0
-2,40,5.08084271060612,-0.549720093521095,-0.0464702239933342,0
-1,40,2.78227429622959,-0.447997096333348,-0.184113353409491,0
0,40,-0.184519851495915,-0.226620921729306,-1.30285362381477,0
1,40,7.33770239868691,0.253761734797227,0.560958509204805,0
2,40,0.307961981585281,0.748942075554884,-1.46806518454895,0
3,40,7.04339119910391,1.45138378973175,0.508613489843001,0
4,40,6.53466694251476,1.87071369097049,-0.429515696085343,0
-35,41,9.2255146589848,0.404185038072651,6.51980172225559,0
-34,41,10.5943188189555,0.835910222822062,3.28602900977463,0
-33,41,8.97020328525958,0.865379732363505,4.68188804231651,0
-32,41,11.0586152223832,1.06386278888159,4.3784307422788,0
-31,41,8.28238251037532,0.795796785382137,3.28539987759956,0
-30,41,10.475863209611,0.420207104764656,3.09104198283191,0
-29,41,5.55738886498598,-0.297057400630793,2.78794591127004,0
-28,41,8.55211573890223,-1.09155256316782,4.8241929705773,0
-27,41,3.02369832390282,-1.18411239697304,0.269621409451638,0
-26,41,4.0941071705079,-0.885807298643459,2.86006705534796,0
-25,41,4.77895661359585,-1.01139181266053,3.69136278835103,0
-24,41,7.3463261851804,-0.514971340639635,4.88163406080442,0
-23,41,2.7357387448635,-0.0858368236641123,0.817258954912205,0
-22,41,1.33373472663117,0.741644526420365,-0.0349436147381914,0
-21,41,5.51947864560553,0.962536982574344,1.10724379155639,0
-20,41,5.19006438196082,0.788118265391903,2.06880636451409,0
-19,41,4.17641242476794,0.546252274268567,1.58000899092805,0
-18,41,0.866477740996135,0.143926641993346,1.67169343253104,0
-17,41,0.0510797601703486,-0.666027387888196,-1.51597400827749,0
-16,41,-3.69552119504713,-0.904219996358131,-2.07495915462798,0
-15,41,-3.67514673934419,-0.935911390085147,-0.12712031944771,0
-14,41,-1.76974730762181,-1.10549497774698,-0.00230469836916125,0
-13,41,-1.24464885354959,-0.88442007289852,-0.434156691481617,0
-12,41,-3.42227697017686,-0.521614718136791,-2.17998410915954,0
-11,41,-3.98366771488022,-0.251692104511175,-1.9440257132701,0
-10,41,-1.38888070200388,0.31541292775961,-0.34194508240284,0
-9,41,-1.56697332486689,0.916713581833768,-1.29795981203569,0
-8,41,3.36564257821172,1.39589134760003,2.22619052457986,0
-7,41,6.5044611970873,1.54746437970588,2.40535093192303,0
-6,41,1.81052205792952,1.07256759443705,0.904879516998269,0
-5,41,2.36816842659816,0.65336769351033,1.19965744002997,0
-4,41,-0.0421520264711647,0.103552919813776,0.227296726086803,0
-3,41,4.16647759469374,0.0325616502325702,1.70405135301566,0
-2,41,11.2601217534907,-0.298445500098104,4.05201522379851,0
-1,41,9.64667260771802,-0.382945201691851,3.50229978016156,0
0,41,19.2394508430172,-0.108309145477099,5.46646590892202,0
1,41,22.353300650399,0.551411056922161,5.50885133118226,0
2,41,32.5525449281176,1.01228249644019,8.21933465982731,0
3,41,27.6624239614789,1.17035131601498,6.31510751955171,0
4,41,12.6253778169581,1.71679230256247,3.44018953132086,0
-35,42,9.28212030142174,0.30307862788397,5.04205836132196,0
-34,42,9.99330305605039,0.448436754894465,5.5887777368242,0
-33,42,8.0657152470006,0.56273976878725,4.05480264039945,0
-32,42,9.59459693900629,0.389792380260957,2.61141977023473,0
-31,42,5.07649384327885,0.20099191532409,-0.372538833582845,0
-30,42,6.86911118229726,-0.158072526360184,3.35800705340591,0
-29,42,3.8804968645112,-0.997414780838349,2.97611576347461,0
-28,42,5.35291310488887,-1.38744237201256,3.33896644043242,0
-27,42,0.605482856498058,-1.58858271061142,0.11801894069742,0
-26,42,2.87426679982862,-1.88447047551826,1.55216610434845,0
-25,42,6.48490179318642,-1.63172845389001,3.89819922522316,0
-24,42,4.53485779157601,-0.715892507214506,2.53681560463134,0
-23,42,4.26271920742806,-0.22583192936032,0.283899603202583,0
-22,42,2.83441551879157,0.260910715935297,0.38537168299859,0
-21,42,2.39628638305927,0.816802958140822,1.8854020078187,0
-20,42,4.35699800128622,1.16479363073126,-0.0109591214242744,0
-19,42,3.07765464028055,0.930589584107685,-0.294589535330064,0
-18,42,2.67656384019928,0.197815915659637,0.493111363616574,0
-17,42,-1.49713579679917,-0.341720097390077,0.390761570555183,0
-16,42,-0.970187771572854,-0.775560781347834,-2.7159079655822,0
-15,42,-2.31138539518056,-1.07952989347835,-0.1647610862238,0
-14,42,-2.25094544646803,-1.21862107519823,0.148696496130595,0
-13,42,0.657014650546485,-1.4628463234444,-2.61591833517581,0
-12,42,0.730086837740603,-1.01404197643415,-0.85019949571076,0
-11,42,-1.88637787615599,-0.556670969073011,-1.951434459795,0
-10,42,-1.33328592680385,-0.217269715832381,0.457938678152922,0
-9,42,0.749995720692547,0.121206115522066,1.15123434846566,0
-8,42,1.35243249178071,0.419866935350942,0.0198295918039307,0
-7,42,3.19026611682947,0.00717793529677369,2.45034006611944,0
-6,42,4.24461053063096,0.149726403106441,1.70926263574154,0
-5,42,0.340835977388223,-0.454061719742029,0.367222262340474,0
-4,42,1.98111396861927,-0.947377448572133,1.27155714825388,0
-3,42,2.33659308706452,-1.43240960619817,1.45888606653078,0
-2,42,10.7701736801934,-1.62645620762598,3.7103811993168,0
-1,42,13.2040777335086,-1.67754995657781,5.4082650977301,0
0,42,13.9829400739349,-1.41175922923395,4.20281314684855,0
1,42,16.357607330104,-1.19894506319871,4.38897868200804,0
2,42,27.7208948154671,-0.56621433624387,7.38404665463895,0
3,42,16.534186751926,0.178599830165798,4.4164172962393,0
4,42,5.12958307380906,0.626011587906973,1.02760438319794,0
-35,43,5.45373663394337,0.35740762123334,0.772801271955424,0
-34,43,5.76085978641458,0.646845837128552,2.40797276462629,0
-33,43,6.9173470645309,0.915296121778714,1.26731991534801,0
-32,43,7.64374940420859,0.622632910051267,0.759841123989289,0
-31,43,6.21315492721933,0.258283007033828,0.669508950131948,0
-30,43,4.31006971708554,0.228901503133672,0.510628566507608,0
-29,43,5.58158745864839,-0.191738324973356,2.51167194725135,0
-28,43,3.56832944201739,-0.457148880897968,-0.149301933595677,0
-27,43,5.23023590182708,-0.814735311437937,0.382788108688649,0
-26,43,4.72132182398099,-0.645291600616823,1.85311392172496,0
-25,43,4.75687839245097,-0.648279409141994,1.41568245366907,0
-24,43,3.73685704002217,-0.251597521283771,0.720832726998499,0
-23,43,5.70738587350691,0.00907298157456285,-0.288270473948647,0
-22,43,5.5718394203927,0.57585399740505,0.0937343284587945,0
-21,43,4.06327215222262,0.927213884208313,1.61166638309119,0
-20,43,4.99691691987608,1.06901073026331,0.727703354528926,0
-19,43,5.26322365219772,0.719517892872056,-1.81920645283773,0
-18,43,6.93343367616626,0.655081229272525,-1.06697564847809,0
-17,43,6.33813481211144,0.164760551716763,-0.211881286618992,0
-16,43,3.98521366638724,-0.107346665793666,-0.734771559838021,0
-15,43,2.02035770271562,-0.272613026663435,1.99051455401685,0
-14,43,4.26983154948751,-0.595066977407833,0.0816750997595609,0
-13,43,2.01058146730188,-0.584803664630942,-1.25979679395148,0
-12,43,3.55078214693664,-0.371225847181335,-0.371793389012926,0
-11,43,3.00527133108859,0.136113730394858,-1.77081252159998,0
-10,43,4.25480917743935,0.612347035139684,0.461538139495097,0
-9,43,3.70626472891288,1.30237579424936,-1.62135000381528,0
-8,43,7.05503560436295,1.17863203771132,1.79098947555542,0
-7,43,3.69799526302197,1.09317766328922,-1.43056879488713,0
-6,43,3.26161163671563,1.24790512232891,-1.08672888031157,0
-5,43,5.99783199582546,0.852685642496531,0.633909748964351,0
-4,43,5.17733538293774,0.391503825559108,0.567262685544031,0
-3,43,7.98155797643641,0.380535335404159,2.07691228753675,0
-2,43,4.43132842530058,0.218362673528855,0.623999645181643,0
-1,43,4.40711031114294,0.201944465159464,-1.05736696904858,0
0,43,4.89308862099913,0.202527775458973,-0.3361521901948,0
1,43,2.46190050759584,0.643078688849852,-0.61293372904591,0
2,43,6.67688952304251,1.24245735537011,0.0368240255555752,0
3,43,6.46696815036579,1.78622995688679,-0.00216574019681737,0
4,43,11.5853685965822,2.0321522934786,1.82055121078057,0
-35,44,10.1212005030891,0.66687733063148,5.41291301588891,0
-34,44,9.41133647553952,0.710656774219161,4.18910696649133,0
-33,44,10.1893077591165,0.919227430290168,5.39758301023467,0
-32,44,7.99360109319469,0.779862614610929,1.18711776623077,0
-31,44,9.2764886143311,0.606606870554209,3.4271970856396,0
-30,44,6.17236705902561,0.301953435993839,2.45169155045715,0
-29,44,7.14808479061957,0.314016650365406,1.85354914018064,0
-28,44,7.68125149961436,0.113817974945029,2.68433001741651,0
-27,44,0.235779401668802,-0.326018481735314,-2.3406256668059,0
-26,44,4.17777280528688,-0.667033238618098,-0.16965054701224,0
-25,44,6.56148367274977,-0.320274522343908,2.73281701422752,0
-24,44,6.81344771204497,-0.046743037093318,2.96072530190983,0
-23,44,4.731741769578,0.525496244157172,-0.574939992374843,0
-22,44,2.17233531663511,0.807188860960802,-2.0444114323269,0
-21,44,4.31341149951884,1.52174915783697,2.54159871537481,0
-20,44,5.81964600787474,1.0879825497116,0.386605370595607,0
-19,44,5.36021740762305,0.852738295445232,-1.18388602961356,0
-18,44,2.65513210035641,0.467227642440373,0.317901281580059,0
-17,44,3.50086021953937,-0.0620495332822735,-2.86871869760001,0
-16,44,-0.823770057237275,-0.437199089831179,-2.31272318699297,0
-15,44,-0.84009561297056,-0.92055323332107,-1.73853599997501,0
-14,44,0.792063217753123,-0.746446650862324,-2.8420632385185,0
-13,44,1.71050733781074,-0.42312014046086,-3.19939493739508,0
-12,44,0.48411643481045,-0.12685062102675,-2.63179622881896,0
-11,44,0.0451584267321106,0.408276830013163,-4.52470098396898,0
-10,44,1.34169475953973,0.704472922344413,-1.79128257276538,0
-9,44,0.658914194822491,1.45637516874453,-1.02956791001172,0
-8,44,3.07523690260166,1.72768538657204,2.00743574310982,0
-7,44,7.79069075833555,1.8568227737732,1.79102919006566,0
-6,44,4.12277388988557,1.38079332457988,1.31643328236106,0
-5,44,-2.10052362033071,1.08114113388039,-1.18987611355463,0
-4,44,-1.45450382550789,0.30137958238793,-1.43148998530889,0
-3,44,2.83390573838599,-0.242159538988869,0.802729692610906,0
-2,44,7.67727050889477,-0.85449633917568,2.09469069019428,0
-1,44,18.184722000696,-0.634979426864987,5.32178258472231,0
0,44,15.3256402172934,-0.757274791567861,3.92634699661163,0
1,44,16.3795209995006,-0.453081878016529,3.48367067811286,0
2,44,25.7987875864305,0.273874479060631,5.25018812515046,0
3,44,20.5903838826222,0.699454476663113,4.10915409198289,0
4,44,5.44639887766393,1.13257073673412,1.1291299160273,0
-35,45,5.07826937912127,0.556720776342928,0.146964545035602,0
-34,45,5.89466948723244,0.945731659944919,-0.959475874224604,0
-33,45,4.5511359484299,1.14923816481331,-0.809682424583651,0
-32,45,6.92900828498148,0.920267192531945,0.860047963170493,0
-31,45,4.77595211913913,0.658148671818527,-1.09556205299828,0
-30,45,4.10263063435227,0.15220577087517,-1.28467655562759,0
-29,45,7.82460273241851,-0.310918498605723,2.29246344597952,0
-28,45,3.30989394341952,-0.60359637512351,-0.552763645132279,0
-27,45,2.46741091173866,-1.00041717816711,-1.64962427439404,0
-26,45,3.89921335789647,-1.08568612572985,-0.509920704521195,0
-25,45,5.51938802621455,-0.641596050011386,0.664616198881324,0
-24,45,4.02519518866559,-0.250286869431103,-1.2169227429928,0
-23,45,5.1793793441612,0.417689892277774,-0.934417415981231,0
-22,45,5.69765448874955,0.874142557573468,0.664613114943451,0
-21,45,7.2764516649098,1.35758830759046,0.0396727301808923,0
-20,45,7.30513941556332,1.29204603536182,-1.85614914187542,0
-19,45,6.28225212475789,1.21212214147774,-1.20025851063302,0
-18,45,6.26293091806706,0.473427212900147,-1.53888816088206,0
-17,45,2.73586951225863,0.196440335717141,1.31868897207916,0
-16,45,3.97291036380614,-0.0189484464320906,0.457316278601297,0
-15,45,3.17062208651569,-0.309372061678543,0.186756858416992,0
-14,45,3.81694771745649,-0.338406557608222,1.6491830501097,0
-13,45,4.85434735204127,-0.0783367066163254,-0.90595556336115,0
-12,45,3.79344373309228,-0.113291367396378,1.02099614157483,0
-11,45,4.70003984524283,0.306177848177973,1.87531789188841,0
-10,45,6.27213801677372,0.63775904779738,2.20023802787646,0
-9,45,4.53460306289803,1.02810830088018,0.262643346170967,0
-8,45,5.43345127150431,1.09815887434572,-0.269000714358936,0
-7,45,9.22503952809812,1.22018986084745,2.65001314569781,0
-6,45,7.71064278477022,1.04009787852645,2.00730682728061,0
-5,45,8.66712579899205,0.520732224392701,1.05576950868698,0
-4,45,4.3663361399744,0.140079510354912,-1.22248512867163,0
-3,45,5.45805004657274,-0.323746297552028,0.61247058373717,0
-2,45,3.21426734120071,-0.272690769984678,-0.217189642322253,0
-1,45,5.16442092145231,-0.443050858992142,0.0238923849069256,0
0,45,3.1083470036861,-0.225893421336869,-0.282941038675555,0
1,45,3.03381200536386,0.273603280306645,-0.568657823109041,0
2,45,6.65571359159133,0.692908226172116,1.14699587976701,0
3,45,6.13473863777933,0.951751782777722,0.333884772033051,0
4,45,-0.669212745875906,1.12556075979671,-1.74711339528267,0
-35,46,11.3565235781525,0.337312013090021,4.37809840816707,0
-34,46,10.5414748399758,0.603888209413465,4.94494648263706,0
-33,46,10.8725702731416,0.921988881340374,4.99131704612211,0
-32,46,10.3209501190282,0.500128618085336,1.81046764663355,0
-31,46,8.23663415132952,0.433033875699838,4.02787265512814,0
-30,46,7.25437259767148,-0.0694306430173497,2.34635494926859,0
-29,46,7.7201497630726,-0.323164779046765,4.49460261115844,0
-28,46,4.12072247465138,-0.5794124951632,2.01722910231816,0
-27,46,1.05168325584971,-1.09983738324806,-0.218896119066822,0
-26,46,4.39534388235857,-0.945879824070539,1.57590563534527,0
-25,46,9.56120454012115,-0.636496063534601,1.82054920227681,0
-24,46,6.29416434627067,-0.247700635468001,4.27920947786228,0
-23,46,3.01513848239433,-0.083640749181243,-1.17522532357396,0
-22,46,1.68188109105887,0.305702346498339,-1.43273137142454,0
-21,46,5.55594827021456,0.993932773770984,-0.930121790058119,0
-20,46,3.33256116288431,0.887793639317809,-0.578956770805314,0
-19,46,3.80023781223978,1.14266119842663,1.04824065805617,0
-18,46,2.14276408493599,0.867858466892959,-0.557923282049271,0
-17,46,3.29904699210259,0.64226336126569,-3.27188239351309,0
-16,46,0.43799056265505,0.115338178041551,-4.47840868696182,0
-15,46,-1.30407077552947,-0.48446905833905,-1.88156326780255,0
-14,46,-0.432502576108296,-0.491228844930136,-1.22386247497775,0
-13,46,1.40113023337322,-0.662642940697542,-2.02790482135841,0
-12,46,0.910268889965223,-0.471989702285935,-2.41161390135361,0
-11,46,-1.30003501955166,-0.15406180786668,-3.14693612550806,0
-10,46,0.752318457501571,0.185968348105324,-1.94581714999293,0
-9,46,1.54868443395312,0.35659154878224,0.360998600698168,0
-8,46,0.124871655183619,0.318323430664906,-0.109393890610314,0
-7,46,3.81238448883215,0.52909923868325,1.0190056139546,0
-6,46,3.34586615070188,0.48962226020878,1.81078169600593,0
-5,46,3.55079973656559,-0.0042728791875051,2.21682841033723,0
-4,46,2.67459789555876,-0.117009749782024,2.07529342774082,0
-3,46,7.78131701334649,-0.941385835804796,2.91918416321026,0
-2,46,8.84938945013622,-0.871729716391754,2.54774958767581,0
-1,46,13.5317416996821,-0.833242028598062,4.25154211021925,0
0,46,21.4113637926688,-0.533932245431939,6.08180343167301,0
1,46,19.7155282634839,-0.316447774704702,5.22917225758289,0
2,46,30.973760980459,-0.0646066940250664,7.52519942274856,0
3,46,18.98979910243,0.390214160963469,3.84027675182239,0
4,46,17.0215823397623,0.794598985432695,4.08059165838966,0
-35,47,8.59125005911874,0.578378949413749,5.62036938508293,0
-34,47,11.4280791094787,1.30743448972383,3.75384723244328,0
-33,47,11.0988330828349,1.30602830488844,3.82071963791242,0
-32,47,7.82734238044729,1.13296010066662,2.06048707914869,0
-31,47,9.69634045873124,0.940488607707537,1.85303725690209,0
-30,47,6.39900197308381,0.770644677897291,1.08876806649985,0
-29,47,6.87154652185423,-0.0881924441689986,1.41342376603948,0
-28,47,7.29808065185186,-0.897852935661698,1.99538477929578,0
-27,47,2.37746956483165,-0.876643211317605,-0.436815159204888,0
-26,47,3.22828823597198,-0.771831006603209,0.353520862466893,0
-25,47,6.03442769753308,-0.679697412625834,4.40399284115411,0
-24,47,6.94932167579913,-0.0689606416841888,2.78075719233587,0
-23,47,3.75111745513459,-0.0655682534632157,0.0102531920829587,0
-22,47,1.35636080929072,0.381138887501273,-1.72460869665069,0
-21,47,4.91557157855118,0.758940906467033,-0.377210844116941,0
-20,47,6.22717896588727,1.22438024379659,-2.02737046467314,0
-19,47,5.47956509227873,1.01315245588192,1.09353982451444,0
-18,47,5.51869435274389,0.401589226873004,-2.87803599226448,0
-17,47,3.37342382662327,-0.409075156041647,-1.68942473447787,0
-16,47,1.0424076836302,-1.41312171950084,-4.62385565482104,0
-15,47,1.80143776576723,-1.70560595238412,-3.04915720326373,0
-14,47,2.30842148091492,-1.61326203139946,-3.341453573793,0
-13,47,0.403188582507846,-1.61398563213056,-1.70791766040033,0
-12,47,0.181217617750864,-1.45922150785808,-1.63767685323317,0
-11,47,0.56018137433371,-1.08282712471379,-1.77825898300284,0
-10,47,1.50598897734681,-0.51337553458418,0.424638745688959,0
-9,47,1.77025432735938,-0.259155386589411,-1.15544165451909,0
-8,47,3.94446084608712,-0.353525923521366,-1.17552433046976,0
-7,47,6.79262489377306,-0.259355806477947,0.919135373093933,0
-6,47,1.80260486828717,-0.813481595068184,-0.657135073139963,0
-5,47,1.08205722933444,-1.28360879979277,-0.114627770790371,0
-4,47,-0.673574196707095,-1.78966928468945,-1.59770362574359,0
-3,47,0.889201687942421,-2.29350986851257,-0.286518266500009,0
-2,47,6.32522001649404,-2.38823253901868,1.65743314359621,0
-1,47,11.5332562333437,-2.22333927722128,2.66644635105667,0
0,47,19.9345655056068,-1.98226251158684,5.15842856818794,0
1,47,17.9219675987069,-1.35870589964339,4.23842826252007,0
2,47,20.9421741494139,-1.01143464145888,4.40681981699572,0
3,47,15.0753622677556,-0.6603272812101,2.84327021334908,0
4,47,8.3358481974147,-0.61435808465221,1.4377961084039,0
-35,48,8.97183149917415,0.576471446332304,3.18962944141222,0
-34,48,7.65314408133684,0.806792497322871,5.44605490441299,0
-33,48,9.4010000968506,1.089946426204,3.51384117176767,0
-32,48,8.44478556068964,1.210276650336,1.04581984408365,0
-31,48,8.71468331717579,1.02410671181693,3.19567028965666,0
-30,48,8.70620292902653,0.58326717782093,3.72069637316875,0
-29,48,4.5731394140649,0.181808060080501,-0.0743232898490485,0
-28,48,5.84179208194813,-0.358183067375612,2.47373221221566,0
-27,48,3.35954235394107,-0.735488520687911,-0.689774303983511,0
-26,48,5.12678862430635,-0.818299259920369,1.27530056591638,0
-25,48,6.56042853846119,-0.340531464440233,2.27318612540445,0
-24,48,6.29811278265994,0.185513116327057,2.29940464159787,0
-23,48,5.61808657898735,0.463311569485996,-0.744507856455367,0
-22,48,2.32217130198398,0.717073517187436,0.777696955068326,0
-21,48,3.21163860751815,1.23404398999821,1.1928820547328,0
-20,48,6.6515976894558,1.22619291427648,-0.306183998169398,0
-19,48,2.5222917379839,0.986315283522433,0.648303402638129,0
-18,48,3.4953526913587,0.848672123786226,0.194695316068917,0
-17,48,1.55371985096848,0.378439571613925,1.46700516508096,0
-16,48,0.459698502195972,-0.0929730628047832,-1.87049126103998,0
-15,48,-0.530036518065784,-0.196586608044613,1.93933697392924,0
-14,48,3.05833400178728,-0.700922687045525,-0.68848076289149,0
-13,48,-0.158659879739834,-0.704292954820326,-1.08391456115963,0
-12,48,-0.0713916064333526,-0.0726327478347006,-0.530869111099017,0
-11,48,-0.637605960153749,0.457123742038387,-2.71079643443748,0
-10,48,1.09397165970686,0.968176657165645,1.39688250262194,0
-9,48,1.30900705971041,1.03275628777198,0.048536632207463,0
-8,48,3.04700897684462,0.769838281317921,2.32431481594672,0
-7,48,2.96742209391579,0.494402113873305,-0.167882062868425,0
-6,48,2.38936427987554,0.701552400276203,1.27578004636887,0
-5,48,0.772983947562119,0.351815485629236,0.649030413999339,0
-4,48,0.882266150716172,-0.356338119319543,0.138694135968398,0
-3,48,8.94436598969651,-1.12759927771417,3.93472290973289,0
-2,48,7.14399321075713,-1.17330901372857,3.14139045430321,0
-1,48,6.28387850434274,-0.985208147029296,2.0643828009731,0
0,48,14.4413941912992,-0.598311835284544,3.48814474742267,0
1,48,12.6711263367436,-0.49063132605252,3.11704534760859,0
2,48,14.3835499097641,0.129313563514021,3.60488971535094,0
3,48,12.3580746551623,0.757396756949256,2.53780883920409,0
4,48,9.09717663323662,1.33373381836006,2.35458030195867,0
-35,49,6.34439010148223,0.199705109233156,3.87592926364875,0
-34,49,9.29673647685307,1.02380915238621,1.57704936065905,0
-33,49,10.2337081312638,1.2059153210071,4.15714750001191,0
-32,49,8.63534894817415,1.2607263132515,2.12041888924644,0
-31,49,7.40249511783001,1.3070387244034,1.32161668469738,0
-30,49,6.29922537309767,0.689874487392714,3.47938373840883,0
-29,49,6.98652880452985,0.357674093266209,1.83788765545512,0
-28,49,6.67600073080492,0.0203314024117621,1.23568033080449,0
-27,49,4.06762383692817,-0.129998777171132,1.19722636225673,0
-26,49,3.65477424049903,-0.0644357586442879,0.722379137609878,0
-25,49,8.0232373214347,0.359851105044813,4.26801899550726,0
-24,49,6.56669359521258,0.747202371148419,1.42410695422659,0
-23,49,4.77322610071211,1.61770681844692,-2.24244146271651,0
-22,49,2.10638347065413,2.33349479164475,0.0167432771439504,0
-21,49,7.44971764112763,2.5530666138402,-0.395180518570073,0
-20,49,6.14862513279503,2.81554433625115,1.7425877893105,0
-19,49,5.52447827054318,1.96670745664036,1.87548751671708,0
-18,49,1.93362108642874,1.70923792447297,2.14910253386104,0
-17,49,3.53950576230504,1.19933616684395,-0.0490843164742231,0
-16,49,0.0868468309060405,0.685159551860867,-1.42772937663955,0
-15,49,-1.05647104025367,0.15599347649552,-0.0489875563276299,0
-14,49,1.41286605740768,-0.0361105051431024,-0.0130265825446649,0
-13,49,2.35139898536397,0.44501362959473,0.849524306157977,0
-12,49,0.578984784269563,0.910133361418174,-2.35467406167876,0
-11,49,0.460120516206102,1.15126113022808,-1.464425286748,0
-10,49,1.39337950479612,1.51082955777055,2.51142833479059,0
-9,49,3.381531512172,2.38370915561212,-1.15107945435202,0
-8,49,5.0320268677002,2.5380284539478,1.52626260687047,0
-7,49,4.21277350881619,2.21457028329207,-0.339832472348314,0
-6,49,5.45017803065865,2.21183396649737,1.34145946555115,0
-5,49,0.89672901508989,1.65474519195632,0.733053631093009,0
-4,49,0.502846654206046,1.1979405638911,-0.383723010635884,0
-3,49,6.84016526962269,0.804200927506688,2.26025420357033,0
-2,49,9.21315482582756,0.75219436580722,2.84664898291645,0
-1,49,10.2791093471379,0.366957058283268,2.66875982176368,0
0,49,15.9260483987473,0.667494617757467,4.55400523281451,0
1,49,18.7474307781809,1.0400735267029,4.6919629187624,0
2,49,19.9146290087797,1.67339164685005,4.90002210758154,0
3,49,27.1314673051007,2.02696288672402,6.32866122015832,0
4,49,8.27255070856229,2.36730148394511,1.29301440557947,0
-35,50,9.31079289481141,0.685581530318481,3.20639300584228,0
-34,50,10.6506503115398,1.14612168892269,4.22694782156032,0
-33,50,9.32593058901361,1.37815646747244,0.854526887691168,0
-32,50,9.77746309733833,1.23332501957257,0.772003135021083,0
-31,50,7.18115107908977,0.741759379970121,3.73719603189069,0
-30,50,6.07786521258,0.16148189386843,3.37720985403178,0
-29,50,5.1791389097894,-0.451552961117864,2.19479089870321,0
-28,50,6.16332408313373,-0.546196127342054,2.50283924336671,0
-27,50,2.42005307285285,-0.931585642501974,2.4771228730313,0
-26,50,4.1059230793103,-0.549130675391045,0.210329643035247,0
-25,50,7.28553167911797,-0.131475227709183,2.86967126577432,0
-24,50,6.75390979641465,0.495918888923574,1.26922820158239,0
-23,50,3.37590713383882,0.781292691207288,-0.600675589107141,0
-22,50,4.45812899879718,1.21874765981643,-0.780528642513859,0
-21,50,3.90269676520502,1.17765415430395,0.269281553183448,0
-20,50,5.97748147306313,0.952058855711813,1.40408294616725,0
-19,50,4.34270652667071,0.622434788648414,0.263327793439909,0
-18,50,2.81775614557209,0.219939065617441,-0.354105756456271,0
-17,50,2.34678029238492,-0.141124651513991,-0.164161302020148,0
-16,50,0.0875684694785672,-0.447912954075407,-1.09972656563112,0
-15,50,-0.577410975813243,-0.728702844037973,1.88887021995293,0
-14,50,0.576479168264202,-0.944093249813499,1.83060212280944,0
-13,50,0.761168673209565,-0.840225789292066,0.30095664997102,0
-12,50,0.804024855139588,-0.477627833437131,0.518808195797679,0
-11,50,0.791822854846266,0.0780506023316585,-1.1054304491493,0
-10,50,1.59740181848894,0.669959402565965,-0.234306676161758,0
-9,50,0.799449757104041,1.016577380922,-1.01520401017039,0
-8,50,3.82675826152561,1.50011474192401,1.5598963107944,0
-7,50,5.67486270176066,1.23667253832923,1.84349826024167,0
-6,50,2.04001960713892,0.795098070769679,0.522939120799318,0
-5,50,3.52308936873927,0.19762385728933,1.36946053269818,0
-4,50,2.65998349011007,-0.345244661316046,0.601187995233154,0
-3,50,-1.03624970724618,-1.11437736325091,0.298927111756084,0
-2,50,5.54886278634467,-1.30115701053324,2.89669754854094,0
-1,50,5.88561747498043,-1.2359627763875,2.46057354269783,0
0,50,15.5793584237459,-1.35759734493403,4.81782051413346,0
1,50,14.6220755945647,-0.70580592375582,4.38242245284582,0
2,50,6.14917111101814,-0.353549193898915,1.22750401613578,0
3,50,13.1969126151274,0.0321910104504209,2.91479494837639,0
4,50,7.09085563424899,0.509920355662971,1.8092804750052,0
-35,51,3.479208410925,0.671726702630844,0.996663123885948,0
-34,51,6.41609075209099,0.93100974176193,0.380146873867687,0
-33,51,5.90865751321649,1.07494519217999,0.492525007539731,0
-32,51,6.28465288524518,1.11749383216279,-0.145298119774314,0
-31,51,8.6450532264155,0.864994291012169,2.57209181393298,0
-30,51,7.35734449119915,0.54272924613097,2.19046067371465,0
-29,51,5.00687503100051,0.197869671373461,0.143308088526655,0
-28,51,4.92473042703611,-0.400054458940717,0.640097201125646,0
-27,51,4.83923094232998,-1.11552296219866,-0.147127645037483,0
-26,51,2.53129061230466,-1.15215031378461,-0.266207865119229,0
-25,51,4.64833545681771,-0.644397208569092,0.394916496107169,0
-24,51,7.1944158539992,-0.128879913014693,0.73483323009962,0
-23,51,5.66651876996757,0.256317823231549,0.87165096449811,0
-22,51,6.1205137247849,0.774798925370545,1.35465383073617,0
-21,51,5.40238366486151,0.915836052287525,-0.576011755793256,0
-20,51,8.87665821891157,1.2891233191395,-0.109692546782318,0
-19,51,5.94296447082413,0.948237828075706,-0.37850766362783,0
-18,51,6.69509394922903,0.338081309627116,1.02763431180289,0
-17,51,3.92627577505292,-0.309594837914973,-0.469197749869695,0
-16,51,4.1033696578828,-0.590075292223462,-1.42366152346466,0
-15,51,0.919134506793275,-1.29258543876874,1.64677658403827,0
-14,51,1.74010061359349,-1.62658919408024,0.926576561575646,0
-13,51,2.05353652735207,-1.59414747363881,0.863978121671741,0
-12,51,1.08998041640192,-1.54675213637987,0.316972481900534,0
-11,51,1.29493699507768,-1.36912686184825,1.26653222387436,0
-10,51,3.15914705782346,-0.860493815142274,1.64254364803021,0
-9,51,5.0472948069107,-0.219863814324605,-0.56109609589959,0
-8,51,2.86793198423147,-0.104790510389504,-0.476995319276158,0
-7,51,3.79318920180066,-0.197992782690645,0.779573448365285,0
-6,51,4.93814646216538,-0.362073614646573,0.891079921456001,0
-5,51,3.92802766897909,-1.28967428591155,0.446223110422181,0
-4,51,3.37807301876777,-1.38821933250262,0.0461254286573527,0
-3,51,1.34478602951775,-1.89370103639612,0.0212482129489836,0
-2,51,0.376911981074714,-2.28014541296467,-0.105046466158999,0
-1,51,8.14980906577755,-1.79280985562689,2.67150403542065,0
0,51,2.77625941200897,-1.53226620862485,-0.234093299821305,0
1,51,8.9871311558044,-1.16899886652751,1.99399239274152,0
2,51,8.6191214285522,-0.613321328351817,2.07070015370593,0
3,51,7.7651150562839,-0.338649014101901,1.33748205717058,0
4,51,7.67386551606298,-0.0123894578997453,1.08295737218324,0
-35,52,5.28998675419149,0.553696261076009,1.53258394361408,0
-34,52,5.90182728964343,0.662694549918885,0.459379819297831,0
-33,52,5.14743068058701,0.846996924376535,0.918703296692718,0
-32,52,5.80977903253484,0.64812798800953,-1.08917887563065,0
-31,52,6.9448403487825,0.346447866674295,1.97740835124291,0
-30,52,4.31298360711937,-0.221835107557586,-0.0497731821821699,0
-29,52,3.42056512693569,-0.828203576152287,1.45365729339867,0
-28,52,5.24368253859585,-1.12404191565843,1.85978982350016,0
-27,52,4.6543310621215,-1.28064274884831,2.98127428274191,0
-26,52,4.29042458769212,-1.09895066687848,2.43745353439737,0
-25,52,4.67760103006571,-0.885006198990573,0.31867057707657,0
-24,52,3.39359434663982,-0.333176068395974,-0.131756969195301,0
-23,52,5.69342788460202,0.0331597580353714,1.48930242273501,0
-22,52,4.28096055563933,0.655078438949526,3.3378613928354,0
-21,52,5.20829868511567,1.13856642843781,1.04286259049734,0
-20,52,3.82843579919219,0.849788589123632,1.14858696329803,0
-19,52,1.96747867579277,0.564198085730714,1.13781745557505,0
-18,52,3.52105655870442,0.290361918292823,-0.0162227316687689,0
-17,52,2.46346280429005,0.017901107185025,0.430616667694065,0
-16,52,1.44566430165518,-0.274853599783121,1.5202412076112,0
-15,52,0.0163334467282518,-0.526371432583957,1.04213292716488,0
-14,52,2.00378371429553,-0.68345603435501,2.49624591944808,0
-13,52,0.837025013476578,-0.991353231882756,2.04509793948445,0
-12,52,0.401591395038527,-0.89210368046201,1.50063780963566,0
-11,52,2.44618705598734,-0.509334166455588,1.1743513103296,0
-10,52,2.96300449553312,-0.00601009461514379,2.40578328689898,0
-9,52,0.415361398499949,0.729046367524114,0.622253955300997,0
-8,52,4.66930656473469,0.859777287205731,0.735485618513985,0
-7,52,7.50040361573747,0.934939391767357,2.29457623422773,0
-6,52,0.632205735668286,0.728365719905566,-0.646410417441889,0
-5,52,3.27614822111716,0.160367080698264,1.66485356676917,0
-4,52,6.03166759137867,-0.20807267632628,1.38643316351839,0
-3,52,2.82219751536377,-0.776279546047398,0.685837312678101,0
-2,52,2.73975458586078,-1.064557737364,1.6869166656634,0
-1,52,-1.37759216489187,-0.993822897412182,0.0669721245875728,0
0,52,0.188010373663523,-0.928639405643148,0.668483086445967,0
1,52,0.0189119544150396,-0.567069890222639,-0.177880766308995,0
2,52,3.55977275588907,0.0129558153265801,1.31060208644145,0
3,52,5.13008122034591,0.615523605225197,1.14603693140049,0
4,52,8.26384952336803,1.03007457246763,2.01298780768341,0
-35,53,2.47472242555611,0.420409874561932,-1.68388737432433,0
-34,53,3.93021525861961,0.708073425006027,-1.1414483419791,0
-33,53,3.37069670472481,1.04638108851342,-1.5561169835828,0
-32,53,6.17299946211926,0.901954259269843,0.896748228802548,0
-31,53,5.55122365062033,0.749548206992499,-0.323441707466734,0
-30,53,5.45196501460683,0.636378700597934,1.42110702739269,0
-29,53,3.55912813659344,-0.223715020807487,0.646144091835669,0
-28,53,0.797096701858143,-0.295833672552986,-0.10250709008379,0
-27,53,6.09618450440092,-0.567247134375923,1.17305537940145,0
-26,53,4.06459841522705,-1.13013230904237,2.21448255532954,0
-25,53,2.41399356750082,-0.919176749493597,2.17712276438545,0
-24,53,3.88585993482993,-0.485224899597145,1.10433220517348,0
-23,53,3.48639095840819,0.0462900221961857,-0.499161878230118,0
-22,53,4.89845831750923,0.579912403865025,1.60868367097281,0
-21,53,5.22604718413104,0.853408450924889,2.46154233161398,0
-20,53,6.23368264190333,1.03831655784018,1.00267020937734,0
-19,53,2.92429962025523,0.905249338529806,1.93202853548061,0
-18,53,1.98246104657317,0.323881689655588,3.48907450805459,0
-17,53,1.33893720847343,-0.0859482002637695,4.40380834191827,0
-16,53,-0.216410156984646,-0.687104274128175,3.7969722859146,0
-15,53,0.747908114597138,-1.35341753949797,1.25090413909787,0
-14,53,-0.141558232111843,-1.485761046104,3.75941899451318,0
-13,53,2.41830124587759,-1.30203783976333,2.19888504922802,0
-12,53,0.84991772367852,-1.02835985029017,1.2066326400477,0
-11,53,0.677055762891941,-0.416080350832316,2.49603265220095,0
-10,53,3.91149240940388,0.0348097843505634,3.34871308503022,0
-9,53,3.6892174581396,0.414149202181837,2.16576356136161,0
-8,53,4.24445486151013,0.50209099792538,2.68476871709491,0
-7,53,5.32708958263746,0.821522679967641,2.49423536311305,0
-6,53,4.29102439540421,0.548513566653582,1.29447318485811,0
-5,53,7.31893540425497,0.399300276512297,3.84445117256349,0
-4,53,3.29735091224651,-0.537121132358168,1.43194703941085,0
-3,53,4.72013099307504,-0.948951846045003,2.06622570881426,0
-2,53,-4.47149429876262,-0.980714991330536,-1.24572924610154,0
-1,53,-2.7855385176626,-1.15242525500072,-0.506512189251931,0
0,53,-1.2663706718985,-0.675087781816975,0.241434963325,0
1,53,1.21295426678699,-0.546368234678954,0.152230217944352,0
2,53,-5.69378282553494,-0.000322693077752095,-0.57123090316323,0
3,53,-5.34840104849939,0.388373856959355,-1.5456165973998,0
4,53,9.58993656372348,0.627368998278663,2.38924221545224,0
