date,unit,y,treat
2010-02-01,watches,-0.305937230795307,0
2010-03-01,watches,0.528070293405317,0
2010-04-01,watches,-0.278775171361756,0
2010-05-01,watches,0.0451918564732128,0
2010-06-01,watches,-0.0275276114822942,0
2010-07-01,watches,0.141881355950019,0
2010-08-01,watches,-0.0953840613792445,0
2010-09-01,watches,0.222104871454269,0
2010-10-01,watches,0.121036091473743,0
2010-11-01,watches,0.176266102849727,0
2010-12-01,watches,-0.0470713236062732,0
2011-01-01,watches,-0.206153015209941,0
2011-02-01,watches,0.0964070196871765,0
2011-03-01,watches,0.259574449553351,0
2011-04-01,watches,-0.0190068944322195,0
2011-05-01,watches,0.0588401819169051,0
2011-06-01,watches,0.0566363593186825,0
2011-07-01,watches,0.160762563765596,0
2011-08-01,watches,-0.338750918347617,0
2011-09-01,watches,0.159961595000993,0
2011-10-01,watches,0.259070707123898,0
2011-11-01,watches,-0.117565293833846,0
2011-12-01,watches,0.0823154967186772,0
2012-01-01,watches,-0.577281634947364,0
2012-02-01,watches,0.288711777238867,0
2012-03-01,watches,0.190275763964713,0
2012-04-01,watches,-0.041595753098302,0
2012-05-01,watches,0.0796510645083091,0
2012-06-01,watches,-0.15795399360869,0
2012-07-01,watches,-0.0904240952266497,0
2012-08-01,watches,-0.0689114062860336,0
2012-09-01,watches,0.14127607840031,0
2012-10-01,watches,0.0770310379760035,0
2012-11-01,watches,-0.0052842900945213,0
2012-12-01,watches,-0.137224659517334,0
2013-01-01,watches,-0.420459664753795,1
2013-02-01,watches,-0.174223378249776,1
2013-03-01,watches,0.16987442256751,1
2013-04-01,watches,-0.0021465882544791,1
2013-05-01,watches,0.179710988417274,1
2013-06-01,watches,-0.0536651981651977,1
2013-07-01,watches,-0.015836919958244,1
2013-08-01,watches,-0.1560966417239,1
2013-09-01,watches,-0.135808687399639,1
2013-10-01,watches,0.296597809562703,1
2013-11-01,watches,-0.0601828325392892,1
2013-12-01,watches,0.243099351553844,1
2014-01-01,watches,-0.54100253886092,1
2014-02-01,watches,0.220795621121545,1
2014-03-01,watches,-0.188211816799316,1
2014-04-01,watches,0.0821694100570021,1
2014-05-01,watches,0.0676487367311682,1
2014-06-01,watches,-0.188220039487153,1
2014-07-01,watches,0.554831523234403,1
2014-08-01,watches,-0.475112412535834,1
2014-09-01,watches,0.0345306483933423,1
2014-10-01,watches,0.125050584118372,1
2014-11-01,watches,-0.142333072745724,1
2014-12-01,watches,0.152913299664207,1
2015-01-01,watches,-0.123155198548413,1
2015-02-01,watches,-0.122655433070934,1
2015-03-01,watches,0.218726257335186,1
2015-04-01,watches,0.27011152061504,1
2015-05-01,watches,-0.261103978999373,1
2015-06-01,watches,-0.0802683581487451,1
2015-07-01,watches,0.0892445986215429,1
2015-08-01,watches,-0.295905557255817,1
2015-09-01,watches,-0.0311245625711067,1
2015-10-01,watches,0.465825269856595,1
2015-11-01,watches,0.0500144261650313,1
2015-12-01,watches,-0.332924519565692,1
2010-02-01,C1,-0.0822540559547642,0
2010-03-01,C1,0.115828421921453,0
2010-04-01,C1,-0.601273952964437,0
2010-05-01,C1,-0.488309806314766,0
2010-06-01,C1,-0.0924643656162267,0
2010-07-01,C1,0.336530155113717,0
2010-08-01,C1,1.13685674166121,0
2010-09-01,C1,-0.974441083562894,0
2010-10-01,C1,0.847374669100434,0
2010-11-01,C1,-0.213670854379839,0
2010-12-01,C1,0.46354993423428,0
2011-01-01,C1,-1.26594014489857,0
2011-02-01,C1,0.783760037384352,0
2011-03-01,C1,0.0042530716506186,0
2011-04-01,C1,0.608667432361444,0
2011-05-01,C1,-0.652452664861412,0
2011-06-01,C1,0.45029347411162,0
2011-07-01,C1,-0.0563895849136156,0
2011-08-01,C1,-0.110787423215463,0
2011-09-01,C1,0.550180944553245,0
2011-10-01,C1,-0.871712458683561,0
2011-11-01,C1,0.437012626443519,0
2011-12-01,C1,0.555020131985701,0
2012-01-01,C1,-0.776227380755579,0
2012-02-01,C1,0.329079451783823,0
2012-03-01,C1,-0.0662774560341819,0
2012-04-01,C1,0.137265198280695,0
2012-05-01,C1,0.0568567664860979,0
2012-06-01,C1,-0.0488616586823301,0
2012-07-01,C1,-0.50617434138922,0
2012-08-01,C1,0.929791312898005,0
2012-09-01,C1,-0.489130976167929,0
2012-10-01,C1,-0.384991885896111,0
2012-11-01,C1,0.655569166445166,0
2012-12-01,C1,0.138057870700634,0
2013-01-01,C1,-0.33124383522622,0
2013-02-01,C1,0.0949558220194264,0
2013-03-01,C1,-0.405213987961637,0
2013-04-01,C1,-0.383404520122419,0
2013-05-01,C1,0.056828773526945,0
2013-06-01,C1,0.907630315230788,0
2013-07-01,C1,-0.531272091680645,0
2013-08-01,C1,-0.416454342589647,0
2013-09-01,C1,0.819368797241595,0
2013-10-01,C1,-0.359166741642394,0
2013-11-01,C1,0.561719515689825,0
2013-12-01,C1,-0.341495675952349,0
2014-01-01,C1,0.369744320465648,0
2014-02-01,C1,-0.916322923897453,0
2014-03-01,C1,0.151312894559291,0
2014-04-01,C1,1.01972984653559,0
2014-05-01,C1,-0.511286727590281,0
2014-06-01,C1,0.167022510755689,0
2014-07-01,C1,-0.441832858356396,0
2014-08-01,C1,1.39444822486885,0
2014-09-01,C1,-0.337533754577616,0
2014-10-01,C1,-0.607908861338084,0
2014-11-01,C1,-0.398821028654621,0
2014-12-01,C1,0.977588223656546,0
2015-01-01,C1,-0.333115724830817,0
2015-02-01,C1,-1.9471154209781,0
2015-03-01,C1,0.565861877110403,0
2015-04-01,C1,0.424197782058153,0
2015-05-01,C1,0.0771379499516374,0
2015-06-01,C1,0.273223622648964,0
2015-07-01,C1,0.0190537548322598,0
2015-08-01,C1,0.611617569545309,0
2015-09-01,C1,-0.792391709875233,0
2015-10-01,C1,-0.116243452177705,0
2015-11-01,C1,0.130882033409726,0
2015-12-01,C1,-0.290753892680134,0
2010-02-01,C2,-0.299010390128016,0
2010-03-01,C2,0.257312000691578,0
2010-04-01,C2,0.156731428683021,0
2010-05-01,C2,0.0767286939681782,0
2010-06-01,C2,0.183277947171827,0
2010-07-01,C2,0.0217618504986268,0
2010-08-01,C2,-0.0898088456155577,0
2010-09-01,C2,0.211876408862571,0
2010-10-01,C2,0.23150517564637,0
2010-11-01,C2,-0.12853134805211,0
2010-12-01,C2,0.0939702703376026,0
2011-01-01,C2,-0.0506749200250036,0
2011-02-01,C2,-0.211477409682669,0
2011-03-01,C2,0.167687938236661,0
2011-04-01,C2,-0.212895449052947,0
2011-05-01,C2,0.167441604198993,0
2011-06-01,C2,0.0830283489316743,0
2011-07-01,C2,0.225774578841383,0
2011-08-01,C2,0.106350172193348,0
2011-09-01,C2,0.112473108228829,0
2011-10-01,C2,0.111585146286215,0
2011-11-01,C2,0.0466311294697066,0
2011-12-01,C2,-0.329996712801337,0
2012-01-01,C2,-0.0133850516133593,0
2012-02-01,C2,-0.020195469783113,0
2012-03-01,C2,0.128872876571597,0
2012-04-01,C2,-0.0178346760140426,0
2012-05-01,C2,0.103426873953087,0
2012-06-01,C2,-0.136708295295391,0
2012-07-01,C2,0.118912389480835,0
2012-08-01,C2,0.0120588411855422,0
2012-09-01,C2,0.0758420789326664,0
2012-10-01,C2,0.113712752318641,0
2012-11-01,C2,0.0830793300163322,0
2012-12-01,C2,-0.0138395566856326,0
2013-01-01,C2,-0.0881583378806257,0
2013-02-01,C2,0.111086330885798,0
2013-03-01,C2,-0.020358187443704,0
2013-04-01,C2,-0.0674814535912374,0
2013-05-01,C2,-0.0539025067190355,0
2013-06-01,C2,0.0397128514495844,0
2013-07-01,C2,0.040198087637763,0
2013-08-01,C2,-0.0925266330422394,0
2013-09-01,C2,0.10403582869082,0
2013-10-01,C2,0.0320013071571585,0
2013-11-01,C2,0.0911535286209091,0
2013-12-01,C2,-0.139210734184489,0
2014-01-01,C2,0.0844483306126884,0
2014-02-01,C2,-0.0481253701456765,0
2014-03-01,C2,-0.0445998497899103,0
2014-04-01,C2,0.0692197267769838,0
2014-05-01,C2,-0.0616179353851196,0
2014-06-01,C2,0.0021257060985231,0
2014-07-01,C2,0.0157640844570794,0
2014-08-01,C2,-0.0952246031381367,0
2014-09-01,C2,0.139331698017315,0
2014-10-01,C2,0.0475428310834944,0
2014-11-01,C2,0.0207931794482477,0
2014-12-01,C2,0.0337229270262807,0
2015-01-01,C2,-0.23965738918671,0
2015-02-01,C2,0.101325144102184,0
2015-03-01,C2,0.099301788021644,0
2015-04-01,C2,-0.079931639762215,0
2015-05-01,C2,0.0449578037149658,0
2015-06-01,C2,0.127802158611811,0
2015-07-01,C2,0.0633419883503157,0
2015-08-01,C2,-0.0024821653709175,0
2015-09-01,C2,0.143056146576894,0
2015-10-01,C2,-0.0247104175832016,0
2015-11-01,C2,0.049405034089288,0
2015-12-01,C2,-0.0670731989856845,0
2010-02-01,C3,0.216594601995411,0
2010-03-01,C3,0.0088420051038795,0
2010-04-01,C3,-0.138142310731228,0
2010-05-01,C3,0.206929042555889,0
2010-06-01,C3,0.169717547124129,0
2010-07-01,C3,-0.196423058041747,0
2010-08-01,C3,0.142880097923997,0
2010-09-01,C3,0.252792214066031,0
2010-10-01,C3,0.07002027691368,0
2010-11-01,C3,-0.049468478947623,0
2010-12-01,C3,-0.0675591939322508,0
2011-01-01,C3,-0.122217319362137,0
2011-02-01,C3,0.0383442386785111,0
2011-03-01,C3,0.166095731227858,0
2011-04-01,C3,-0.173800093706367,0
2011-05-01,C3,0.185677473518755,0
2011-06-01,C3,-0.173258043118115,0
2011-07-01,C3,0.0974387474982867,0
2011-08-01,C3,0.343199655901113,0
2011-09-01,C3,0.0183001047544007,0
2011-10-01,C3,-0.0400852779575747,0
2011-11-01,C3,-0.123398078609392,0
2011-12-01,C3,-0.284313141621585,0
2012-01-01,C3,-0.129013997494083,0
2012-02-01,C3,0.21829439931883,0
2012-03-01,C3,-0.0883819578897089,0
2012-04-01,C3,0.0267954153055143,0
2012-05-01,C3,0.172179394341391,0
2012-06-01,C3,0.0136391950498602,0
2012-07-01,C3,-0.113372720742015,0
2012-08-01,C3,0.184410503246356,0
2012-09-01,C3,0.036496417187692,0
2012-10-01,C3,0.0150540479059833,0
2012-11-01,C3,-0.0396705068325227,0
2012-12-01,C3,-0.118180551458312,0
2013-01-01,C3,0.155436498913722,0
2013-02-01,C3,0.164133014778431,0
2013-03-01,C3,0.107534473668491,0
2013-04-01,C3,-0.0954723596121667,0
2013-05-01,C3,0.0162286792612578,0
2013-06-01,C3,-0.198647653172447,0
2013-07-01,C3,0.166088545536965,0
2013-08-01,C3,0.0848780814499595,0
2013-09-01,C3,0.20733340854884,0
2013-10-01,C3,-0.0958467858154401,0
2013-11-01,C3,-0.134972318918556,0
2013-12-01,C3,-0.132899828920748,0
2014-01-01,C3,-0.0896614236336761,0
2014-02-01,C3,0.167132274028129,0
2014-03-01,C3,0.190848835719272,0
2014-04-01,C3,-0.0585946122130334,0
2014-05-01,C3,-0.100100213276058,0
2014-06-01,C3,-0.0945699377536506,0
2014-07-01,C3,0.0442549470209244,0
2014-08-01,C3,0.110290493248399,0
2014-09-01,C3,0.110289895308848,0
2014-10-01,C3,2.84270398527298e-05,0
2014-11-01,C3,-0.340990847917714,0
2014-12-01,C3,-0.0107036834455752,0
2015-01-01,C3,-0.372546592823129,0
2015-02-01,C3,0.107016684872181,0
2015-03-01,C3,0.151057089108938,0
2015-04-01,C3,-0.104622907647371,0
2015-05-01,C3,0.0356323859628747,0
2015-06-01,C3,-0.0331332862585745,0
2015-07-01,C3,0.0546920774129473,0
2015-08-01,C3,0.222087599027577,0
2015-09-01,C3,0.0335441512572237,0
2015-10-01,C3,-0.109802825474339,0
2015-11-01,C3,-0.0156501451713673,0
2015-12-01,C3,-0.233828189470076,0
2010-02-01,C4,-0.305429381909965,0
2010-03-01,C4,0.254128408332451,0
2010-04-01,C4,0.0807558345688459,0
2010-05-01,C4,-0.0036334768379031,0
2010-06-01,C4,-0.0121121027502289,0
2010-07-01,C4,0.0001719609066732,0
2010-08-01,C4,-0.764536206767002,0
2010-09-01,C4,0.562056405930679,0
2010-10-01,C4,0.468034195958118,0
2010-11-01,C4,-0.127874924187354,0
2010-12-01,C4,0.326810105634151,0
2011-01-01,C4,-0.0922622982417227,0
2011-02-01,C4,0.150300809367635,0
2011-03-01,C4,0.0210624680097826,0
2011-04-01,C4,-0.281402563455782,0
2011-05-01,C4,-0.030433722369251,0
2011-06-01,C4,-0.135387692537802,0
2011-07-01,C4,0.0479064173191386,0
2011-08-01,C4,-0.20955111121138,0
2011-09-01,C4,0.183777173985914,0
2011-10-01,C4,0.306488238025653,0
2011-11-01,C4,0.0303500631807792,0
2011-12-01,C4,0.289349913748069,0
2012-01-01,C4,0.0345540151347059,0
2012-02-01,C4,-0.213117535975589,0
2012-03-01,C4,-0.0063531608316251,0
2012-04-01,C4,-0.135700439803343,0
2012-05-01,C4,0.0136997874177514,0
2012-06-01,C4,0.0002040348675977,0
2012-07-01,C4,-0.0178938520128966,0
2012-08-01,C4,-0.20280140957676,0
2012-09-01,C4,0.151185069677705,0
2012-10-01,C4,0.0541248667613923,0
2012-11-01,C4,0.357063685871823,0
2012-12-01,C4,0.165036976032238,0
2013-01-01,C4,-0.158549504641376,0
2013-02-01,C4,0.104555619737779,0
2013-03-01,C4,-0.100170949818425,0
2013-04-01,C4,-0.126783406360004,0
2013-05-01,C4,0.158359795896624,0
2013-06-01,C4,-0.0060409930748077,0
2013-07-01,C4,0.0248650088468541,0
2013-08-01,C4,-0.0708262075889907,0
2013-09-01,C4,0.364758806726657,0
2013-10-01,C4,0.389573937867294,0
2013-11-01,C4,0.0869143559333052,0
2013-12-01,C4,0.13727456511239,0
2014-01-01,C4,-0.0993131511247327,0
2014-02-01,C4,-0.11851737181132,0
2014-03-01,C4,-0.897769883454773,0
2014-04-01,C4,0.616615087905891,0
2014-05-01,C4,-0.134432182885146,0
2014-06-01,C4,-0.158427299756396,0
2014-07-01,C4,-0.0962371803231417,0
2014-08-01,C4,-0.337429229843382,0
2014-09-01,C4,0.131717053143071,0
2014-10-01,C4,0.0291563384170601,0
2014-11-01,C4,0.026810688286381,0
2014-12-01,C4,0.34100263346468,0
2015-01-01,C4,-0.507771279605624,0
2015-02-01,C4,-0.103830905694363,0
2015-03-01,C4,0.244097181934647,0
2015-04-01,C4,-0.0512657457039953,0
2015-05-01,C4,0.0565391515584484,0
2015-06-01,C4,0.0767077891978207,0
2015-07-01,C4,-0.128732292966174,0
2015-08-01,C4,-0.0804578536346847,0
2015-09-01,C4,0.0045354995957316,0
2015-10-01,C4,0.182197141110584,0
2015-11-01,C4,0.197990336828013,0
2015-12-01,C4,0.174159679726663,0
2010-02-01,C5,0.13833756426689,0
2010-03-01,C5,0.231801993544456,0
2010-04-01,C5,-0.142176978497774,0
2010-05-01,C5,-0.130682679058711,0
2010-06-01,C5,0.0163825577771539,0
2010-07-01,C5,0.0209137121421485,0
2010-08-01,C5,-0.307973825056031,0
2010-09-01,C5,-0.016304669883485,0
2010-10-01,C5,0.482244612388742,0
2010-11-01,C5,-0.0017475269113198,0
2010-12-01,C5,0.0148134121298833,0
2011-01-01,C5,0.05367273078968,0
2011-02-01,C5,0.0876760910860908,0
2011-03-01,C5,0.269329948474814,0
2011-04-01,C5,-0.0942439401355966,0
2011-05-01,C5,0.0732661182236196,0
2011-06-01,C5,-0.2586179489372,0
2011-07-01,C5,-0.0762304220931451,0
2011-08-01,C5,0.195806146969168,0
2011-09-01,C5,-0.164738270324083,0
2011-10-01,C5,0.244920904249326,0
2011-11-01,C5,0.0660394472163102,0
2011-12-01,C5,0.0804399527540838,0
2012-01-01,C5,-0.30116326258404,0
2012-02-01,C5,0.450539191136733,0
2012-03-01,C5,-0.204517324356817,0
2012-04-01,C5,-0.23234482456239,0
2012-05-01,C5,0.144486348307439,0
2012-06-01,C5,-0.147121061714982,0
2012-07-01,C5,-0.128771199945168,0
2012-08-01,C5,-0.0201521880403766,0
2012-09-01,C5,0.007308318378727,0
2012-10-01,C5,0.13374671167721,0
2012-11-01,C5,0.136589516178864,0
2012-12-01,C5,-0.0898997081910151,0
2013-01-01,C5,0.137062710637131,0
2013-02-01,C5,-0.0431759119335773,0
2013-03-01,C5,0.245301417595347,0
2013-04-01,C5,-0.157169660454186,0
2013-05-01,C5,0.0044446458361573,0
2013-06-01,C5,0.0539272089405385,0
2013-07-01,C5,-0.0896673328936579,0
2013-08-01,C5,-0.141370049160627,0
2013-09-01,C5,-0.150193318147843,0
2013-10-01,C5,0.215306740636813,0
2013-11-01,C5,0.017874972420846,0
2013-12-01,C5,-0.0417749472752371,0
2014-01-01,C5,0.137847233880359,0
2014-02-01,C5,-0.0977890926530938,0
2014-03-01,C5,0.0145100523003761,0
2014-04-01,C5,0.158384961249221,0
2014-05-01,C5,-0.104999249115064,0
2014-06-01,C5,-0.111828514458698,0
2014-07-01,C5,0.0160560173644502,0
2014-08-01,C5,-0.115099018435196,0
2014-09-01,C5,0.039869715144107,0
2014-10-01,C5,0.0575983282827828,0
2014-11-01,C5,0.0950286555023734,0
2014-12-01,C5,0.0986372224197556,0
2015-01-01,C5,-0.181694755504123,0
2015-02-01,C5,0.0054022881352704,0
2015-03-01,C5,0.113436615149765,0
2015-04-01,C5,-0.051498648077013,0
2015-05-01,C5,0.0256654846510269,0
2015-06-01,C5,0.0674572515015788,0
2015-07-01,C5,-0.161225630190809,0
2015-08-01,C5,-0.0179963859025793,0
2015-09-01,C5,0.0482678528438401,0
2015-10-01,C5,-0.0664583099146201,0
2015-11-01,C5,0.0230735952074488,0
2015-12-01,C5,0.138826892541489,0
2010-02-01,C6,0.323776329588309,0
2010-03-01,C6,0.601702397932941,0
2010-04-01,C6,0.0891525114587068,0
2010-05-01,C6,0.221122985690299,0
2010-06-01,C6,0.0991761300573231,0
2010-07-01,C6,0.223277864150047,0
2010-08-01,C6,-0.696899457372691,0
2010-09-01,C6,-0.195242394076469,0
2010-10-01,C6,0.392432505181853,0
2010-11-01,C6,-0.844085241552289,0
2010-12-01,C6,0.0264830163320677,0
2011-01-01,C6,-0.0880144570986916,0
2011-02-01,C6,0.566608604831181,0
2011-03-01,C6,0.477081724763218,0
2011-04-01,C6,0.186669874587714,0
2011-05-01,C6,0.0188868633672485,0
2011-06-01,C6,0.369067505946024,0
2011-07-01,C6,0.14935254442364,0
2011-08-01,C6,-0.398533385782948,0
2011-09-01,C6,-0.0947787074719475,0
2011-10-01,C6,-0.611058817148367,0
2011-11-01,C6,-0.102980683720641,0
2011-12-01,C6,0.199370349591542,0
2012-01-01,C6,-0.529855548026178,0
2012-02-01,C6,0.475216819448474,0
2012-03-01,C6,0.388502399670946,0
2012-04-01,C6,0.105152142598529,0
2012-05-01,C6,-0.0657419946619333,0
2012-06-01,C6,0.186270684715399,0
2012-07-01,C6,0.253761473289341,0
2012-08-01,C6,0.29874351719295,0
2012-09-01,C6,-0.759310672716206,0
2012-10-01,C6,-0.23088147972116,0
2012-11-01,C6,0.190571686608668,0
2012-12-01,C6,0.0278069073622702,0
2013-01-01,C6,0.0348347190179648,0
2013-02-01,C6,1.3803009184965e-05,0
2013-03-01,C6,0.152055548728552,0
2013-04-01,C6,0.217809091317235,0
2013-05-01,C6,0.0571722814299149,0
2013-06-01,C6,-0.0997368726284891,0
2013-07-01,C6,0.213810579487196,0
2013-08-01,C6,0.338928621948425,0
2013-09-01,C6,-0.373169354220917,0
2013-10-01,C6,-0.60188938547323,0
2013-11-01,C6,0.0139311860717704,0
2013-12-01,C6,0.182710056986142,0
2014-01-01,C6,-0.270824849818466,0
2014-02-01,C6,0.511321249673986,0
2014-03-01,C6,-0.0119144582654007,0
2014-04-01,C6,0.0488547941532786,0
2014-05-01,C6,-0.0674010812536712,0
2014-06-01,C6,0.0195995676950873,0
2014-07-01,C6,0.392981429186464,0
2014-08-01,C6,0.14899620661126,0
2014-09-01,C6,-0.0662832181164217,0
2014-10-01,C6,-0.707516456035482,0
2014-11-01,C6,-0.368804105098004,0
2014-12-01,C6,0.363990724607323,0
2015-01-01,C6,0.048653449443933,0
2015-02-01,C6,0.316677955535795,0
2015-03-01,C6,0.291727974504368,0
2015-04-01,C6,-0.414836274348524,0
2015-05-01,C6,-0.0453990579402821,0
2015-06-01,C6,0.0012617523389773,0
2015-07-01,C6,0.506160852435915,0
2015-08-01,C6,0.150609477983262,0
2015-09-01,C6,-0.282694098810485,0
2015-10-01,C6,-0.410175753323714,0
2015-11-01,C6,-0.588234782267937,0
2015-12-01,C6,0.377426751047433,0
2010-02-01,C7,0.179241601571161,0
2010-03-01,C7,0.258040606769383,0
2010-04-01,C7,0.127990074778003,0
2010-05-01,C7,-0.474751518621389,0
2010-06-01,C7,-0.0383926205426022,0
2010-07-01,C7,-0.43729654009384,0
2010-08-01,C7,-0.256803074100691,0
2010-09-01,C7,0.335960193139079,0
2010-10-01,C7,-0.147368937751726,0
2010-11-01,C7,0.203108554250557,0
2010-12-01,C7,0.370978409557839,0
2011-01-01,C7,-0.0656840948671347,0
2011-02-01,C7,0.276957467919538,0
2011-03-01,C7,0.0851359705252168,0
2011-04-01,C7,-1.13017572392736,0
2011-05-01,C7,1.21022311141115,0
2011-06-01,C7,-1.17142830094024,0
2011-07-01,C7,0.695527846103293,0
2011-08-01,C7,0.381738496637945,0
2011-09-01,C7,-0.48895308928398,0
2011-10-01,C7,0.262933962129467,0
2011-11-01,C7,-0.0053660134372206,0
2011-12-01,C7,0.652953624251026,0
2012-01-01,C7,-0.738208829443382,0
2012-02-01,C7,0.52314196573378,0
2012-03-01,C7,-1.09930690333321,0
2012-04-01,C7,0.920325044705351,0
2012-05-01,C7,-0.0760565744101314,0
2012-06-01,C7,-0.709598778698256,0
2012-07-01,C7,-0.0235757639924286,0
2012-08-01,C7,1.02148352312532,0
2012-09-01,C7,-0.820487584627585,0
2012-10-01,C7,0.670336351567029,0
2012-11-01,C7,-0.0915941885913627,0
2012-12-01,C7,0.0969649113721989,0
2013-01-01,C7,-0.0970420579893982,0
2013-02-01,C7,0.133739091507325,0
2013-03-01,C7,0.217900621607438,0
2013-04-01,C7,-0.793340223482931,0
2013-05-01,C7,0.714835210835806,0
2013-06-01,C7,-0.734366296424406,0
2013-07-01,C7,0.594035728727063,0
2013-08-01,C7,-0.387482995516154,0
2013-09-01,C7,0.691034622576209,0
2013-10-01,C7,-0.131602091393209,0
2013-11-01,C7,-0.338987237443616,0
2013-12-01,C7,0.662948318183879,0
2014-01-01,C7,-0.201561736411231,0
2014-02-01,C7,0.12043623440811,0
2014-03-01,C7,-0.0537069287211862,0
2014-04-01,C7,-1.05108221589297,0
2014-05-01,C7,0.532240265216259,0
2014-06-01,C7,-0.0187477693517559,0
2014-07-01,C7,-0.0244400793918755,0
2014-08-01,C7,0.349252515569701,0
2014-09-01,C7,-0.291712956113629,0
2014-10-01,C7,-0.0068444215661376,0
2014-11-01,C7,0.0515913903264051,0
2014-12-01,C7,0.566222488300397,0
2015-01-01,C7,-0.363129438493607,0
2015-02-01,C7,0.19769920912109,0
2015-03-01,C7,-1.89384514732459,0
2015-04-01,C7,0.280552036010141,0
2015-05-01,C7,-0.172603383403773,0
2015-06-01,C7,-0.44771183891185,0
2015-07-01,C7,-0.204457287131227,0
2015-08-01,C7,-0.623921637198571,0
2015-09-01,C7,1.3893795051216,0
2015-10-01,C7,-0.367842406707153,0
2015-11-01,C7,0.316406521428758,0
2015-12-01,C7,-0.172467709881234,0
2010-02-01,C8,-0.384692090934848,0
2010-03-01,C8,-0.0908070984679634,0
2010-04-01,C8,0.323090334019117,0
2010-05-01,C8,0.176273690637131,0
2010-06-01,C8,-0.673902257754183,0
2010-07-01,C8,0.173696154935314,0
2010-08-01,C8,0.135696701753528,0
2010-09-01,C8,-0.12306523184008,0
2010-10-01,C8,0.275560393788497,0
2010-11-01,C8,0.377542221641886,0
2010-12-01,C8,-0.168323725633549,0
2011-01-01,C8,0.395731607813349,0
2011-02-01,C8,-0.710228272665199,0
2011-03-01,C8,0.120077766668144,0
2011-04-01,C8,0.278281464408136,0
2011-05-01,C8,0.156970118616413,0
2011-06-01,C8,-0.275904516345689,0
2011-07-01,C8,-0.242345000843663,0
2011-08-01,C8,0.489172227378766,0
2011-09-01,C8,-0.4633034866756,0
2011-10-01,C8,0.727945817719132,0
2011-11-01,C8,-0.121946159362401,0
2011-12-01,C8,-0.0110042631612357,0
2012-01-01,C8,0.295218355337115,0
2012-02-01,C8,-0.543272453676398,0
2012-03-01,C8,0.146080812797609,0
2012-04-01,C8,0.356501331098785,0
2012-05-01,C8,-0.16647163090672,0
2012-06-01,C8,-0.628809749238483,0
2012-07-01,C8,0.248852281089679,0
2012-08-01,C8,0.218943460906289,0
2012-09-01,C8,-0.2338204104688,0
2012-10-01,C8,0.194067695781643,0
2012-11-01,C8,0.114895415115456,0
2012-12-01,C8,0.119447523320487,0
2013-01-01,C8,0.496336472961366,0
2013-02-01,C8,-0.65953599601499,0
2013-03-01,C8,0.0968439592274271,0
2013-04-01,C8,0.172671368860153,0
2013-05-01,C8,-0.0927254890438087,0
2013-06-01,C8,-0.153399451542347,0
2013-07-01,C8,-0.36857233201408,0
2013-08-01,C8,0.247188089738787,0
2013-09-01,C8,-0.050444606102098,0
2013-10-01,C8,-0.0383024015890934,0
2013-11-01,C8,0.245295433166074,0
2013-12-01,C8,0.337602951763898,0
2014-01-01,C8,0.445851963859589,0
2014-02-01,C8,-0.743850865327747,0
2014-03-01,C8,0.0110640565423035,0
2014-04-01,C8,0.335656530744203,0
2014-05-01,C8,-0.0964078759929023,0
2014-06-01,C8,-0.0416469783734446,0
2014-07-01,C8,-0.0896280568269798,0
2014-08-01,C8,0.0462976093440721,0
2014-09-01,C8,-0.547069461115662,0
2014-10-01,C8,0.0838181591789464,0
2014-11-01,C8,0.0656180099353714,0
2014-12-01,C8,0.768081252284611,0
2015-01-01,C8,0.275221693726216,0
2015-02-01,C8,-0.50332783286682,0
2015-03-01,C8,-0.206861139227473,0
2015-04-01,C8,0.252383628364288,0
2015-05-01,C8,-0.126761622694353,0
2015-06-01,C8,-0.305901083733274,0
2015-07-01,C8,0.0411238315657192,0
2015-08-01,C8,-0.0401591059158912,0
2015-09-01,C8,-0.265152756857352,0
2015-10-01,C8,-0.107456020617017,0
2015-11-01,C8,-0.016227089339913,0
2015-12-01,C8,0.677514337525534,0
2010-02-01,C9,-0.140919175857451,0
2010-03-01,C9,0.333174383724701,0
2010-04-01,C9,-0.321238260322835,0
2010-05-01,C9,0.29278522798636,0
2010-06-01,C9,-0.158323829872398,0
2010-07-01,C9,-0.253828595772828,0
2010-08-01,C9,-0.0503905577344237,0
2010-09-01,C9,-0.0688748735352982,0
2010-10-01,C9,0.455307541035,0
2010-11-01,C9,-0.210942423749601,0
2010-12-01,C9,0.242637625452538,0
2011-01-01,C9,-0.0028691739657604,0
2011-02-01,C9,0.102727430033327,0
2011-03-01,C9,0.118748258294963,0
2011-04-01,C9,-0.0186715026902595,0
2011-05-01,C9,0.137575406025021,0
2011-06-01,C9,-0.237642062599799,0
2011-07-01,C9,2.35937963344313e-05,0
2011-08-01,C9,-0.0201000946404433,0
2011-09-01,C9,0.0017793286949223,0
2011-10-01,C9,0.193011236919092,0
2011-11-01,C9,0.286166366485781,0
2011-12-01,C9,-0.242923953925662,0
2012-01-01,C9,-0.124356704916107,0
2012-02-01,C9,0.147944166095306,0
2012-03-01,C9,0.539839446010552,0
2012-04-01,C9,-0.344996764711984,0
2012-05-01,C9,-0.0700981906994285,0
2012-06-01,C9,-0.187196306962817,0
2012-07-01,C9,0.121442254824958,0
2012-08-01,C9,0.0863060696416951,0
2012-09-01,C9,-0.0971453202739148,0
2012-10-01,C9,-0.067627149336797,0
2012-11-01,C9,0.0622926125075569,0
2012-12-01,C9,-0.0306678569667014,0
2013-01-01,C9,-0.0105296850981031,0
2013-02-01,C9,-0.186918850083424,0
2013-03-01,C9,0.0945930024351522,0
2013-04-01,C9,0.14522935764374,0
2013-05-01,C9,-0.140459544844297,0
2013-06-01,C9,0.0633565611132956,0
2013-07-01,C9,0.209996120451127,0
2013-08-01,C9,0.0678124422576882,0
2013-09-01,C9,-0.183662368594799,0
2013-10-01,C9,0.154021753737065,0
2013-11-01,C9,0.0351285864355226,0
2013-12-01,C9,0.1777415484504,0
2014-01-01,C9,-0.268729933211937,0
2014-02-01,C9,-0.117391924778106,0
2014-03-01,C9,0.173094412628885,0
2014-04-01,C9,0.109876662395423,0
2014-05-01,C9,0.202306356221832,0
2014-06-01,C9,-0.329265971407924,0
2014-07-01,C9,-0.0364044891081456,0
2014-08-01,C9,0.389415679832788,0
2014-09-01,C9,-0.1690733090743,0
2014-10-01,C9,-0.0711073122171815,0
2014-11-01,C9,-0.377712686583501,0
2014-12-01,C9,0.338773374180177,0
2015-01-01,C9,-0.259636190871246,0
2015-02-01,C9,-0.0835348630697004,0
2015-03-01,C9,0.0238807438887814,0
2015-04-01,C9,0.218665628097924,0
2015-05-01,C9,0.204888425902671,0
2015-06-01,C9,-0.129521900037233,0
2015-07-01,C9,0.319189192088459,0
2015-08-01,C9,-0.259957985533891,0
2015-09-01,C9,-0.0755613128096466,0
2015-10-01,C9,0.0491898477748136,0
2015-11-01,C9,-0.162561067026455,0
2015-12-01,C9,-0.0134942777962861,0
2010-02-01,C10,-0.0559013755329199,0
2010-03-01,C10,0.646229596436467,0
2010-04-01,C10,-0.0149387624272155,0
2010-05-01,C10,-1.12779178098258,0
2010-06-01,C10,0.463207217457717,0
2010-07-01,C10,1.56965804610491,0
2010-08-01,C10,-0.54032106590107,0
2010-09-01,C10,-0.516512414514204,0
2010-10-01,C10,-1.59353615580256,0
2010-11-01,C10,1.27912240521951,0
2010-12-01,C10,0.235360639458298,0
2011-01-01,C10,0.0339048236664041,0
2011-02-01,C10,0.0544226903823715,0
2011-03-01,C10,0.625816683697714,0
2011-04-01,C10,-0.554480728732209,0
2011-05-01,C10,1.03928131260215,0
2011-06-01,C10,-1.21748617557189,0
2011-07-01,C10,0.763414116481935,0
2011-08-01,C10,-0.25706745376827,0
2011-09-01,C10,0.405142505986414,0
2011-10-01,C10,-1.09194844350057,0
2011-11-01,C10,1.64802303737539,0
2011-12-01,C10,0.145825594751334,0
2012-01-01,C10,-0.698945373846256,0
2012-02-01,C10,0.421106964396247,0
2012-03-01,C10,-0.342536548857924,0
2012-04-01,C10,-0.0335617513377535,0
2012-05-01,C10,0.418977888911725,0
2012-06-01,C10,-0.106605393470066,0
2012-07-01,C10,0.0686840282023908,0
2012-08-01,C10,-0.0420328927497193,0
2012-09-01,C10,0.0896820674403802,0
2012-10-01,C10,-0.82765897510288,0
2012-11-01,C10,0.150186743072334,0
2012-12-01,C10,0.427628480089285,0
2013-01-01,C10,0.056622969099501,0
2013-02-01,C10,0.099627060535302,0
2013-03-01,C10,0.167506516653269,0
2013-04-01,C10,-0.536848230325813,0
2013-05-01,C10,-0.333164627043946,0
2013-06-01,C10,0.1687147161492,0
2013-07-01,C10,0.542651551889426,0
2013-08-01,C10,0.193985471009982,0
2013-09-01,C10,0.584648096805657,0
2013-10-01,C10,-0.24056443617406,0
2013-11-01,C10,0.155375514466216,0
2013-12-01,C10,-0.0878091951940725,0
2014-01-01,C10,-0.0927746876922422,0
2014-02-01,C10,-0.502899789278907,0
2014-03-01,C10,-0.153738414614335,0
2014-04-01,C10,0.307957313418451,0
2014-05-01,C10,-0.278871676219771,0
2014-06-01,C10,-0.824309773067467,0
2014-07-01,C10,1.22254880724704,0
2014-08-01,C10,-0.247711007993525,0
2014-09-01,C10,0.0383835706937088,0
2014-10-01,C10,0.353469509152108,0
2014-11-01,C10,0.11893481381114,0
2014-12-01,C10,-0.0672957194813817,0
2015-01-01,C10,0.0399162091872567,0
2015-02-01,C10,-0.108769087258199,0
2015-03-01,C10,0.233077823268476,0
2015-04-01,C10,-0.0097837444020587,0
2015-05-01,C10,0.230612139350894,0
2015-06-01,C10,-0.598245859896073,0
2015-07-01,C10,0.687461067352967,0
2015-08-01,C10,-0.320731234323569,0
2015-09-01,C10,0.111168968445502,0
2015-10-01,C10,-0.451641791732869,0
2015-11-01,C10,-0.0527678443611999,0
2015-12-01,C10,-0.452122698814726,0
2010-02-01,C11,-0.0241637868592961,0
2010-03-01,C11,0.105094959866561,0
2010-04-01,C11,-0.0126113216442283,0
2010-05-01,C11,-0.126486154026313,0
2010-06-01,C11,-0.174668281624796,0
2010-07-01,C11,-0.0846997932361657,0
2010-08-01,C11,-0.139201344750516,0
2010-09-01,C11,0.291179234408768,0
2010-10-01,C11,0.195088919998987,0
2010-11-01,C11,0.277187513420159,0
2010-12-01,C11,-0.0988646702219182,0
2011-01-01,C11,-0.509050088707558,0
2011-02-01,C11,0.167390546632968,0
2011-03-01,C11,0.66818834988944,0
2011-04-01,C11,-0.333896087364233,0
2011-05-01,C11,-0.185582792788683,0
2011-06-01,C11,-0.388586998494141,0
2011-07-01,C11,-0.232295002467531,0
2011-08-01,C11,0.637099885148075,0
2011-09-01,C11,-0.0822068435852557,0
2011-10-01,C11,-0.0759206562193033,0
2011-11-01,C11,-0.0375592769615607,0
2011-12-01,C11,-0.111533789725275,0
2012-01-01,C11,-0.117026760739303,0
2012-02-01,C11,0.117408170145214,0
2012-03-01,C11,0.175800390784881,0
2012-04-01,C11,-0.0592258621720578,0
2012-05-01,C11,0.0696970259886966,0
2012-06-01,C11,-0.0472482132927841,0
2012-07-01,C11,0.283594385589938,0
2012-08-01,C11,-0.0791496196981019,0
2012-09-01,C11,-0.19240462077291,0
2012-10-01,C11,0.214029353741367,0
2012-11-01,C11,0.120104018541457,0
2012-12-01,C11,-0.334475378253154,0
2013-01-01,C11,0.370413664847286,0
2013-02-01,C11,0.0444890182913005,0
2013-03-01,C11,0.194622553038143,0
2013-04-01,C11,-0.329679045361105,0
2013-05-01,C11,-0.0238191205323472,0
2013-06-01,C11,-0.207662000029162,0
2013-07-01,C11,0.439142474406515,0
2013-08-01,C11,0.19881562321553,0
2013-09-01,C11,0.230963510013193,0
2013-10-01,C11,0.103366960134156,0
2013-11-01,C11,0.019670231942575,0
2013-12-01,C11,-0.13039599287858,0
2014-01-01,C11,-0.168616584538708,0
2014-02-01,C11,0.101216184831374,0
2014-03-01,C11,0.0480738967319319,0
2014-04-01,C11,-0.43270113285686,0
2014-05-01,C11,-0.167466536953027,0
2014-06-01,C11,0.118133301448965,0
2014-07-01,C11,0.448046589117215,0
2014-08-01,C11,-0.0606155865143503,0
2014-09-01,C11,0.288761824979892,0
2014-10-01,C11,0.0353717332296535,0
2014-11-01,C11,-0.276593896960613,0
2014-12-01,C11,-0.0125840693988994,0
2015-01-01,C11,-0.271159440527753,0
2015-02-01,C11,-0.0069199653376479,0
2015-03-01,C11,-1.5696890540576,0
2015-04-01,C11,0.245940947486856,0
2015-05-01,C11,0.180265608252661,0
2015-06-01,C11,0.193114620204456,0
2015-07-01,C11,-0.132915085281849,0
2015-08-01,C11,-0.005797390652547,0
2015-09-01,C11,-0.0788656086894255,0
2015-10-01,C11,-0.0266021643766021,0
2015-11-01,C11,-0.461513992015731,0
2015-12-01,C11,0.217381956787468,0
2010-02-01,C12,-0.287318650455161,0
2010-03-01,C12,0.277736388199129,0
2010-04-01,C12,0.386524555143607,0
2010-05-01,C12,0.0642256858681352,0
2010-06-01,C12,-0.247705610548702,0
2010-07-01,C12,-0.0424070670821335,0
2010-08-01,C12,-0.0189477027634064,0
2010-09-01,C12,-0.216136129072561,0
2010-10-01,C12,0.593603088851419,0
2010-11-01,C12,0.0173500767074666,0
2010-12-01,C12,-0.34804725218865,0
2011-01-01,C12,-0.137691616352273,0
2011-02-01,C12,0.087546534227366,0
2011-03-01,C12,0.101836855823064,0
2011-04-01,C12,0.251330825550414,0
2011-05-01,C12,0.0325462073207925,0
2011-06-01,C12,-0.12468638698561,0
2011-07-01,C12,-0.0948431809029309,0
2011-08-01,C12,-0.0009328296524691,0
2011-09-01,C12,0.0995666828779722,0
2011-10-01,C12,0.232137936189678,0
2011-11-01,C12,-0.043532116742135,0
2011-12-01,C12,-0.401547069255421,0
2012-01-01,C12,0.0590973817811253,0
2012-02-01,C12,-0.0522493970751983,0
2012-03-01,C12,0.335980436912726,0
2012-04-01,C12,-0.0473762294797684,0
2012-05-01,C12,0.525003764300203,0
2012-06-01,C12,-0.425354277134574,0
2012-07-01,C12,-0.0045158823187421,0
2012-08-01,C12,-0.173722619979245,0
2012-09-01,C12,-0.225240747636478,0
2012-10-01,C12,0.754759600356019,0
2012-11-01,C12,-0.183472121684101,0
2012-12-01,C12,-0.376287176661389,0
2013-01-01,C12,-0.0890271930900148,0
2013-02-01,C12,0.0354695798468487,0
2013-03-01,C12,-0.0282766142624489,0
2013-04-01,C12,0.596343950724506,0
2013-05-01,C12,0.186486950095727,0
2013-06-01,C12,-0.314030381877721,0
2013-07-01,C12,-0.2387371814823,0
2013-08-01,C12,0.0844691030643618,0
2013-09-01,C12,-0.161381061644825,0
2013-10-01,C12,0.553312501512488,0
2013-11-01,C12,-0.0438398053283784,0
2013-12-01,C12,-0.333692851008186,0
2014-01-01,C12,-0.0178250188881188,0
2014-02-01,C12,0.184075890839527,0
2014-03-01,C12,0.139113377954402,0
2014-04-01,C12,-0.0156432954972754,0
2014-05-01,C12,0.0395617564114126,0
2014-06-01,C12,-0.138672339720729,0
2014-07-01,C12,-0.197011113813556,0
2014-08-01,C12,-0.171955706423648,0
2014-09-01,C12,-0.343008410057865,0
2014-10-01,C12,0.756333129934804,0
2014-11-01,C12,0.0550000332750979,0
2014-12-01,C12,-0.300411684675344,0
2015-01-01,C12,-0.221955809661515,0
2015-02-01,C12,-0.302457266072645,0
2015-03-01,C12,0.388212018166873,0
2015-04-01,C12,0.133227262740027,0
2015-05-01,C12,0.295879543241377,0
2015-06-01,C12,0.0011070051119119,0
2015-07-01,C12,-0.198077759179885,0
2015-08-01,C12,-0.467276311802455,0
2015-09-01,C12,0.0519361179296434,0
2015-10-01,C12,0.666747289500456,0
2015-11-01,C12,-0.247260133652583,0
2015-12-01,C12,-0.472131503771506,0
2010-02-01,C13,-0.0652674150359642,0
2010-03-01,C13,-0.176252865945668,0
2010-04-01,C13,0.0053335971953729,0
2010-05-01,C13,-0.133304002192159,0
2010-06-01,C13,0.0473770226228427,0
2010-07-01,C13,0.287005489369226,0
2010-08-01,C13,-0.564262681385548,0
2010-09-01,C13,-0.0611440216456289,0
2010-10-01,C13,0.257748132040921,0
2010-11-01,C13,0.0909326861227777,0
2010-12-01,C13,0.207904849116489,0
2011-01-01,C13,0.302740373961559,0
2011-02-01,C13,0.0109482641794862,0
2011-03-01,C13,0.366396441894079,0
2011-04-01,C13,-0.0789136150330672,0
2011-05-01,C13,0.0520100347244488,0
2011-06-01,C13,0.0493032905438606,0
2011-07-01,C13,0.192762046325272,0
2011-08-01,C13,-0.0682676161908145,0
2011-09-01,C13,-0.0815253332733672,0
2011-10-01,C13,0.0548245678398405,0
2011-11-01,C13,-0.0487112524029785,0
2011-12-01,C13,0.419362864907387,0
2012-01-01,C13,-0.145911679985803,0
2012-02-01,C13,0.144851848459135,0
2012-03-01,C13,0.623892561002932,0
2012-04-01,C13,-0.0142437697320172,0
2012-05-01,C13,-0.430427244986313,0
2012-06-01,C13,0.197140527980389,0
2012-07-01,C13,-0.4128740938069,0
2012-08-01,C13,-0.191981861150198,0
2012-09-01,C13,-0.206066545662157,0
2012-10-01,C13,-0.159552156101221,0
2012-11-01,C13,0.206679727856686,0
2012-12-01,C13,0.461453365795863,0
2013-01-01,C13,0.154048186278851,0
2013-02-01,C13,0.0080283418595708,0
2013-03-01,C13,-0.149799346495104,0
2013-04-01,C13,-0.134458597728655,0
2013-05-01,C13,0.22493605817622,0
2013-06-01,C13,-0.100816452279861,0
2013-07-01,C13,-0.569654229996084,0
2013-08-01,C13,0.193872908052288,0
2013-09-01,C13,0.0671857335660566,0
2013-10-01,C13,0.0470736653637327,0
2013-11-01,C13,0.192874909444395,0
2013-12-01,C13,0.137639926849489,0
2014-01-01,C13,-0.256551518434263,0
2014-02-01,C13,-0.433718443157009,0
2014-03-01,C13,0.246605493480268,0
2014-04-01,C13,0.305897556477485,0
2014-05-01,C13,-0.258018381696611,0
2014-06-01,C13,0.0604237414086888,0
2014-07-01,C13,-0.340458755774317,0
2014-08-01,C13,-0.239557011299294,0
2014-09-01,C13,0.114432667159616,0
2014-10-01,C13,0.212714395042828,0
2014-11-01,C13,0.154200250275254,0
2014-12-01,C13,0.155561389301364,0
2015-01-01,C13,-0.12118967831623,0
2015-02-01,C13,-0.188358132401012,0
2015-03-01,C13,0.204673479804926,0
2015-04-01,C13,0.161691417482074,0
2015-05-01,C13,-0.151163655980221,0
2015-06-01,C13,0.0788895983945661,0
2015-07-01,C13,-0.235914274944894,0
2015-08-01,C13,-0.270460442446026,0
2015-09-01,C13,-0.0625516810940345,0
2015-10-01,C13,0.0547732700442389,0
2015-11-01,C13,0.270938855521775,0
2015-12-01,C13,-0.0819777941046604,0
2010-02-01,C14,0.0247592332874769,0
2010-03-01,C14,0.0219951956640401,0
2010-04-01,C14,0.527802233508535,0
2010-05-01,C14,-0.982349683324354,0
2010-06-01,C14,-0.385945251695661,0
2010-07-01,C14,0.0163027510489162,0
2010-08-01,C14,0.500375680594141,0
2010-09-01,C14,-0.41698769539591,0
2010-10-01,C14,-0.259616584684702,0
2010-11-01,C14,2.17932638959566,0
2010-12-01,C14,0.0438144540463465,0
2011-01-01,C14,-0.131809360833572,0
2011-02-01,C14,-0.464672145997991,0
2011-03-01,C14,-0.112211333396866,0
2011-04-01,C14,-0.855912484168188,0
2011-05-01,C14,0.254725306441308,0
2011-06-01,C14,-0.103061604874551,0
2011-07-01,C14,-0.397422874423454,0
2011-08-01,C14,0.160419668862965,0
2011-09-01,C14,0.0885522395968148,0
2011-10-01,C14,-0.375954354514171,0
2011-11-01,C14,0.0803189439592367,0
2011-12-01,C14,-0.109478539969663,0
2012-01-01,C14,0.579219483126011,0
2012-02-01,C14,-0.191183307191208,0
2012-03-01,C14,0.446236122131691,0
2012-04-01,C14,-0.456566106552194,0
2012-05-01,C14,0.0804901023317068,0
2012-06-01,C14,-0.112741308726121,0
2012-07-01,C14,-0.507944579544776,0
2012-08-01,C14,0.139977872773341,0
2012-09-01,C14,0.0975088752327624,0
2012-10-01,C14,-0.0199016799471377,0
2012-11-01,C14,0.248491398174202,0
2012-12-01,C14,0.448136610397751,0
2013-01-01,C14,-0.39526147061554,0
2013-02-01,C14,0.183912762237584,0
2013-03-01,C14,0.109274179242139,0
2013-04-01,C14,-0.0360074999178703,0
2013-05-01,C14,-0.298498885997755,0
2013-06-01,C14,-0.297015448062594,0
2013-07-01,C14,-0.0149349147127882,0
2013-08-01,C14,0.131172986628975,0
2013-09-01,C14,-0.281050537514353,0
2013-10-01,C14,0.206664420331026,0
2013-11-01,C14,0.31414139915934,0
2013-12-01,C14,0.44928730790886,0
2014-01-01,C14,-0.199389201350073,0
2014-02-01,C14,-0.507072008364617,0
2014-03-01,C14,0.283781686747252,0
2014-04-01,C14,0.110594200559253,0
2014-05-01,C14,-0.0713293272832161,0
2014-06-01,C14,-0.133769995278786,0
2014-07-01,C14,-0.828828796522621,0
2014-08-01,C14,2.16838326942763,0
2014-09-01,C14,-1.09179482280873,0
2014-10-01,C14,-0.0466097581996356,0
2014-11-01,C14,-0.340316192976607,0
2014-12-01,C14,0.331092514084709,0
2015-01-01,C14,-0.189457199510115,0
2015-02-01,C14,0.190488609032154,0
2015-03-01,C14,0.103844142791507,0
2015-04-01,C14,-0.106308552575372,0
2015-05-01,C14,-0.0824429337872341,0
2015-06-01,C14,-0.159299008516245,0
2015-07-01,C14,-0.190212246686731,0
2015-08-01,C14,-0.159454366085181,0
2015-09-01,C14,0.1208320587113,0
2015-10-01,C14,0.0237065003201622,0
2015-11-01,C14,0.0672760153678968,0
2015-12-01,C14,0.413477093624843,0
2010-02-01,C15,-0.279103751192439,0
2010-03-01,C15,0.536596714653993,0
2010-04-01,C15,-0.244582776092331,0
2010-05-01,C15,-0.202097003877675,0
2010-06-01,C15,0.586800971568309,0
2010-07-01,C15,-0.132555721823458,0
2010-08-01,C15,-0.282212991783184,0
2010-09-01,C15,0.0089641914185794,0
2010-10-01,C15,0.235240354303543,0
2010-11-01,C15,0.290646412821297,0
2010-12-01,C15,-0.268106991899733,0
2011-01-01,C15,-0.284166005931498,0
2011-02-01,C15,0.0397143587141668,0
2011-03-01,C15,0.320850050931337,0
2011-04-01,C15,-0.0632850667753635,0
2011-05-01,C15,0.237933477999302,0
2011-06-01,C15,0.109728508313932,0
2011-07-01,C15,-0.169928688819677,0
2011-08-01,C15,0.114522204279674,0
2011-09-01,C15,-0.0026339239641153,0
2011-10-01,C15,0.12489778365808,0
2011-11-01,C15,-0.223384280713653,0
2011-12-01,C15,-0.0843395994796055,0
2012-01-01,C15,-0.414940332403766,0
2012-02-01,C15,0.222272753843179,0
2012-03-01,C15,0.0147225216283156,0
2012-04-01,C15,0.175129556079172,0
2012-05-01,C15,0.123516792078219,0
2012-06-01,C15,-0.0347303754635764,0
2012-07-01,C15,0.116063009550667,0
2012-08-01,C15,-0.101980756985989,0
2012-09-01,C15,0.143200723413095,0
2012-10-01,C15,-0.0386613755617704,0
2012-11-01,C15,0.0497381146453426,0
2012-12-01,C15,0.14916039570306,0
2013-01-01,C15,-0.485500242191359,0
2013-02-01,C15,0.422477750900098,0
2013-03-01,C15,-0.0096204149539858,0
2013-04-01,C15,0.0225940839796257,0
2013-05-01,C15,0.117483290226093,0
2013-06-01,C15,-0.130486329414375,0
2013-07-01,C15,-0.210210203238794,0
2013-08-01,C15,-0.115561590275757,0
2013-09-01,C15,-0.0709977080720776,0
2013-10-01,C15,0.520836252186442,0
2013-11-01,C15,-0.0471482820777611,0
2013-12-01,C15,-0.189409301846493,0
2014-01-01,C15,-0.128980468159862,0
2014-02-01,C15,0.0215610789478768,0
2014-03-01,C15,-0.0197326796692865,0
2014-04-01,C15,-0.111418705179446,0
2014-05-01,C15,0.150877752112426,0
2014-06-01,C15,0.0013957119888141,0
2014-07-01,C15,-0.317877682868414,0
2014-08-01,C15,-0.120001679476864,0
2014-09-01,C15,0.0133466204231389,0
2014-10-01,C15,0.0903210720684866,0
2014-11-01,C15,-0.282594331164027,0
2014-12-01,C15,0.0516031422731933,0
2015-01-01,C15,-0.227731656661886,0
2015-02-01,C15,-0.390149187465785,0
2015-03-01,C15,0.0316504530197133,0
2015-04-01,C15,0.732704666617313,0
2015-05-01,C15,-2.69767516503094e-05,0
2015-06-01,C15,-0.144485536138375,0
2015-07-01,C15,0.0026870203668245,0
2015-08-01,C15,-0.415184295779735,0
2015-09-01,C15,0.217020403613231,0
2015-10-01,C15,-0.328483111388691,0
2015-11-01,C15,0.163137227739232,0
2015-12-01,C15,-0.211706129553111,0
2010-02-01,C16,0.13934600373483,0
2010-03-01,C16,0.744732344734289,0
2010-04-01,C16,-0.191914674473444,0
2010-05-01,C16,0.0099298352855976,0
2010-06-01,C16,0.484402318470077,0
2010-07-01,C16,-0.716265980174241,0
2010-08-01,C16,0.0666403652872796,0
2010-09-01,C16,-0.0659928813214363,0
2010-10-01,C16,0.296375516268218,0
2010-11-01,C16,0.149143382782716,0
2010-12-01,C16,0.124084668807496,0
2011-01-01,C16,-0.52523483632936,0
2011-02-01,C16,0.367705922029259,0
2011-03-01,C16,0.22998428348492,0
2011-04-01,C16,-0.206424783599091,0
2011-05-01,C16,0.174310988093973,0
2011-06-01,C16,0.170674753791137,0
2011-07-01,C16,0.0598135776056763,0
2011-08-01,C16,-0.0225121726370108,0
2011-09-01,C16,-0.135094643698325,0
2011-10-01,C16,-0.246453033824207,0
2011-11-01,C16,-0.0123037437268887,0
2011-12-01,C16,-0.0452378683024741,0
2012-01-01,C16,-0.300837275436614,0
2012-02-01,C16,0.124913117049597,0
2012-03-01,C16,0.144519585742036,0
2012-04-01,C16,-0.319731876278949,0
2012-05-01,C16,0.436260191055499,0
2012-06-01,C16,-0.0165648358992807,0
2012-07-01,C16,0.152764651922721,0
2012-08-01,C16,0.14500010778239,0
2012-09-01,C16,0.0427046672315452,0
2012-10-01,C16,0.0522595166248587,0
2012-11-01,C16,-0.257591616914652,0
2012-12-01,C16,0.187246283983768,0
2013-01-01,C16,-0.126652384344646,0
2013-02-01,C16,0.0685398492392486,0
2013-03-01,C16,-0.270436157190608,0
2013-04-01,C16,-0.0225758557136273,0
2013-05-01,C16,0.120092404121228,0
2013-06-01,C16,0.101340181894747,0
2013-07-01,C16,-0.116541254321074,0
2013-08-01,C16,0.0419500320154498,0
2013-09-01,C16,0.0366391050756616,0
2013-10-01,C16,0.0590343761675993,0
2013-11-01,C16,-0.1043845097279,0
2013-12-01,C16,0.0001651047476238,0
2014-01-01,C16,-0.225875009372342,0
2014-02-01,C16,-0.197206917908098,0
2014-03-01,C16,0.585258507405021,0
2014-04-01,C16,-0.135617651217011,0
2014-05-01,C16,-0.136269354540467,0
2014-06-01,C16,0.0824335168129804,0
2014-07-01,C16,0.0943218641130947,0
2014-08-01,C16,0.124539409485704,0
2014-09-01,C16,0.000692503003957,0
2014-10-01,C16,-0.0194764010154902,0
2014-11-01,C16,-0.159910196562602,0
2014-12-01,C16,0.242151472386712,0
2015-01-01,C16,-0.550820699499168,0
2015-02-01,C16,0.124206604251635,0
2015-03-01,C16,-0.048769980366496,0
2015-04-01,C16,-0.274043340336262,0
2015-05-01,C16,0.450939423179384,0
2015-06-01,C16,-0.318673185238702,0
2015-07-01,C16,0.0410910241160174,0
2015-08-01,C16,-0.14628522888006,0
2015-09-01,C16,0.211950608140192,0
2015-10-01,C16,-0.24241248987164,0
2015-11-01,C16,0.0514454863066796,0
2015-12-01,C16,0.0102226329665602,0
2010-02-01,C17,0.0195388765486419,0
2010-03-01,C17,0.165529674380146,0
2010-04-01,C17,-0.200128771504502,0
2010-05-01,C17,1.89881817146807,0
2010-06-01,C17,0.0141484088583175,0
2010-07-01,C17,-0.0264558190073521,0
2010-08-01,C17,0.362695661091655,0
2010-09-01,C17,-0.236866817318863,0
2010-10-01,C17,-1.54896019773589,0
2010-11-01,C17,1.0790268397176,0
2010-12-01,C17,-0.57443961977976,0
2011-01-01,C17,-0.758183221841966,0
2011-02-01,C17,-0.0584756852786561,0
2011-03-01,C17,0.0605199691346874,0
2011-04-01,C17,0.292478637077677,0
2011-05-01,C17,0.92708595268144,0
2011-06-01,C17,0.203090423151453,0
2011-07-01,C17,1.11804579628249,0
2011-08-01,C17,0.407178498324551,0
2011-09-01,C17,-0.102461370483975,0
2011-10-01,C17,-0.176980752988332,0
2011-11-01,C17,-0.337646607660213,0
2011-12-01,C17,-1.34126361844436,0
2012-01-01,C17,-0.637379328724191,0
2012-02-01,C17,1.25938225852702,0
2012-03-01,C17,0.137903316712247,0
2012-04-01,C17,0.0282753932034181,0
2012-05-01,C17,0.479513556087723,0
2012-06-01,C17,0.339941860184617,0
2012-07-01,C17,0.28188359612885,0
2012-08-01,C17,0.0218445950181305,0
2012-09-01,C17,-0.910209380672211,0
2012-10-01,C17,0.393672780581284,0
2012-11-01,C17,-0.333830702799522,0
2012-12-01,C17,-0.302051401947413,0
2013-01-01,C17,-0.0607924181950752,0
2013-02-01,C17,0.11126684877016,0
2013-03-01,C17,0.0903950541724434,0
2013-04-01,C17,0.126388059593993,0
2013-05-01,C17,-0.120139161013686,0
2013-06-01,C17,0.54582067542767,0
2013-07-01,C17,-0.0606767991852832,0
2013-08-01,C17,0.776911383990833,0
2013-09-01,C17,-0.463754619827274,0
2013-10-01,C17,-0.244226439284101,0
2013-11-01,C17,-0.385990363403693,0
2013-12-01,C17,-0.0534326793924551,0
2014-01-01,C17,0.094242619385855,0
2014-02-01,C17,-0.547114300010183,0
2014-03-01,C17,-0.157677229858737,0
2014-04-01,C17,-0.215139307549452,0
2014-05-01,C17,0.352992712076321,0
2014-06-01,C17,0.10103419400482,0
2014-07-01,C17,0.505886224324814,0
2014-08-01,C17,-0.0396950012889672,0
2014-09-01,C17,-0.150951651197676,0
2014-10-01,C17,0.131381411983424,0
2014-11-01,C17,0.160261959108596,0
2014-12-01,C17,-0.0318422241501084,0
2015-01-01,C17,-0.530246866872597,0
2015-02-01,C17,0.486429403821993,0
2015-03-01,C17,-0.0330961037691528,0
2015-04-01,C17,-0.408958002380975,0
2015-05-01,C17,-0.053149879205618,0
2015-06-01,C17,-0.598152746976751,0
2015-07-01,C17,0.455259686707629,0
2015-08-01,C17,0.464396573075939,0
2015-09-01,C17,-0.659996008906162,0
2015-10-01,C17,0.632917328328181,0
2015-11-01,C17,-0.473298575640371,0
2015-12-01,C17,0.0918383087923793,0
2010-02-01,C18,-0.280231332799661,0
2010-03-01,C18,0.131250814695069,0
2010-04-01,C18,-0.0225230362973909,0
2010-05-01,C18,0.451028176251019,0
2010-06-01,C18,0.276203937240897,0
2010-07-01,C18,-0.0670853667339397,0
2010-08-01,C18,-0.175524180518486,0
2010-09-01,C18,-0.0054114218794572,0
2010-10-01,C18,0.378072857073402,0
2010-11-01,C18,-0.0798344668977298,0
2010-12-01,C18,-0.143848313307751,0
2011-01-01,C18,-0.562231978721877,0
2011-02-01,C18,0.396487488184638,0
2011-03-01,C18,-0.131787889130578,0
2011-04-01,C18,0.312199660885602,0
2011-05-01,C18,0.22372643996791,0
2011-06-01,C18,0.121512534700491,0
2011-07-01,C18,0.0967430773213751,0
2011-08-01,C18,-0.0068726388693551,0
2011-09-01,C18,-0.0602449634479942,0
2011-10-01,C18,0.198093613672646,0
2011-11-01,C18,-0.0205912041075527,0
2011-12-01,C18,-0.396072581091636,0
2012-01-01,C18,-0.520425468165837,0
2012-02-01,C18,0.194644079626101,0
2012-03-01,C18,0.147674651552139,0
2012-04-01,C18,0.0490014920647432,0
2012-05-01,C18,0.160685403585815,0
2012-06-01,C18,0.0271138910431805,0
2012-07-01,C18,0.285378260061627,0
2012-08-01,C18,0.195610721922308,0
2012-09-01,C18,0.0661076253818038,0
2012-10-01,C18,-0.0573931930514942,0
2012-11-01,C18,-0.150121918016236,0
2012-12-01,C18,-0.135335367215439,0
2013-01-01,C18,-0.360762114079821,0
2013-02-01,C18,0.0305650179801793,0
2013-03-01,C18,-0.155985652305272,0
2013-04-01,C18,0.291817536158026,0
2013-05-01,C18,0.145442309442918,0
2013-06-01,C18,0.171599472531932,0
2013-07-01,C18,0.109615768331079,0
2013-08-01,C18,0.069742540696617,0
2013-09-01,C18,0.0729921325505334,0
2013-10-01,C18,0.0686261929168239,0
2013-11-01,C18,-0.224937559057971,0
2013-12-01,C18,-0.348418406953467,0
2014-01-01,C18,-0.134628056054176,0
2014-02-01,C18,-0.193329903341099,0
2014-03-01,C18,0.133850250792192,0
2014-04-01,C18,0.163053001753672,0
2014-05-01,C18,0.100764455421733,0
2014-06-01,C18,0.601220465674539,0
2014-07-01,C18,-0.105014768405124,0
2014-08-01,C18,0.265492278100517,0
2014-09-01,C18,0.0577395596707069,0
2014-10-01,C18,-0.0334909743640965,0
2014-11-01,C18,-0.270233451010625,0
2014-12-01,C18,-0.138628510079896,0
2015-01-01,C18,-0.462712344473428,0
2015-02-01,C18,-0.435919985355988,0
2015-03-01,C18,0.402922762799113,0
2015-04-01,C18,0.031454567302629,0
2015-05-01,C18,0.23827908518629,0
2015-06-01,C18,-0.0329594764416328,0
2015-07-01,C18,0.236351806628216,0
2015-08-01,C18,0.130469033668651,0
2015-09-01,C18,0.205572620127905,0
2015-10-01,C18,0.0646027641969695,0
2015-11-01,C18,-0.414449290008038,0
2015-12-01,C18,-0.23012461796803,0
2010-02-01,C19,0.0664216217681695,0
2010-03-01,C19,0.479439779934887,0
2010-04-01,C19,-0.125949130418312,0
2010-05-01,C19,0.152322290384099,0
2010-06-01,C19,-0.811825341852042,0
2010-07-01,C19,0.532728065506645,0
2010-08-01,C19,-0.258229168601854,0
2010-09-01,C19,0.192633571831876,0
2010-10-01,C19,0.340185088431184,0
2010-11-01,C19,-0.342435923108716,0
2010-12-01,C19,-0.189221259119068,0
2011-01-01,C19,0.367946186100599,0
2011-02-01,C19,-0.126894647800206,0
2011-03-01,C19,0.1059521000416,0
2011-04-01,C19,-0.314951732911432,0
2011-05-01,C19,0.493661776019493,0
2011-06-01,C19,-0.0755447485601701,0
2011-07-01,C19,0.0133537599646312,0
2011-08-01,C19,0.0475944337943703,0
2011-09-01,C19,0.183233061078965,0
2011-10-01,C19,-0.0022950097126264,0
2011-11-01,C19,-0.244187024905366,0
2011-12-01,C19,0.116651578816536,0
2012-01-01,C19,-0.139423850570917,0
2012-02-01,C19,0.251027970941948,0
2012-03-01,C19,0.187830778076751,0
2012-04-01,C19,-0.444198314132239,0
2012-05-01,C19,0.412798832469505,0
2012-06-01,C19,-0.0643296865952196,0
2012-07-01,C19,-0.378349326226649,0
2012-08-01,C19,0.225755835140436,0
2012-09-01,C19,0.0590540848349033,0
2012-10-01,C19,0.3155177572283,0
2012-11-01,C19,-0.264860973057904,0
2012-12-01,C19,-0.107014756485906,0
2013-01-01,C19,0.306342398003768,0
2013-02-01,C19,0.0492033535452583,0
2013-03-01,C19,-0.0014144153210136,0
2013-04-01,C19,-0.200651444905638,0
2013-05-01,C19,0.115073549700527,0
2013-06-01,C19,-0.0424676474018844,0
2013-07-01,C19,0.219543641373696,0
2013-08-01,C19,0.0604060157220871,0
2013-09-01,C19,-0.005129077381297,0
2013-10-01,C19,0.124868655959413,0
2013-11-01,C19,-0.119059779480278,0
2013-12-01,C19,0.0275349701242034,0
2014-01-01,C19,-0.332936021195548,0
2014-02-01,C19,0.172646429870812,0
2014-03-01,C19,-0.155454044318328,0
2014-04-01,C19,0.262519838003128,0
2014-05-01,C19,-0.081051025247409,0
2014-06-01,C19,-0.0530049809945448,0
2014-07-01,C19,0.238713168762946,0
2014-08-01,C19,-0.16580090513205,0
2014-09-01,C19,0.137315416761082,0
2014-10-01,C19,-0.0356310300267202,0
2014-11-01,C19,0.0355011799797822,0
2014-12-01,C19,-0.0314649596110641,0
2015-01-01,C19,-0.151300235108859,0
2015-02-01,C19,-0.0495043457369828,0
2015-03-01,C19,0.125774975702039,0
2015-04-01,C19,0.0876315325594783,0
2015-05-01,C19,0.0036333750256725,0
2015-06-01,C19,0.0388224036379574,0
2015-07-01,C19,0.0736733900882705,0
2015-08-01,C19,-0.0706014516131175,0
2015-09-01,C19,0.167395708963547,0
2015-10-01,C19,0.0119263070162265,0
2015-11-01,C19,0.0701894658743294,0
2015-12-01,C19,-0.146399096620275,0
2010-02-01,C20,0.202021484136281,0
2010-03-01,C20,-0.0537680929595066,0
2010-04-01,C20,0.036994370055913,0
2010-05-01,C20,-0.0757602640838448,0
2010-06-01,C20,0.164842414693608,0
2010-07-01,C20,-0.0753469252362913,0
2010-08-01,C20,-0.0923437236226565,0
2010-09-01,C20,0.0387284151285465,0
2010-10-01,C20,0.331955620055926,0
2010-11-01,C20,-0.147093968756291,0
2010-12-01,C20,-0.0446794229951841,0
2011-01-01,C20,0.107936462551121,0
2011-02-01,C20,-0.0743386226729417,0
2011-03-01,C20,0.244385231179002,0
2011-04-01,C20,-0.0861436079533897,0
2011-05-01,C20,0.0723230078356827,0
2011-06-01,C20,-0.154069706646506,0
2011-07-01,C20,-0.0755915009572532,0
2011-08-01,C20,0.030638336418007,0
2011-09-01,C20,-0.0679858723110058,0
2011-10-01,C20,0.11426861238177,0
2011-11-01,C20,0.23828822814118,0
2011-12-01,C20,-0.1532727651416,0
2012-01-01,C20,-0.277577239983775,0
2012-02-01,C20,0.209377773712588,0
2012-03-01,C20,0.252323980973401,0
2012-04-01,C20,-0.192654993017116,0
2012-05-01,C20,0.290859574772702,0
2012-06-01,C20,-0.207762600189493,0
2012-07-01,C20,-0.116350783106474,0
2012-08-01,C20,0.202462587515256,0
2012-09-01,C20,-0.154497250534438,0
2012-10-01,C20,0.12367048615309,0
2012-11-01,C20,-0.0599564257748271,0
2012-12-01,C20,-0.0039124102198919,0
2013-01-01,C20,-0.211227665382121,0
2013-02-01,C20,0.0951476781620899,0
2013-03-01,C20,0.142283784722129,0
2013-04-01,C20,0.0640858297335485,0
2013-05-01,C20,-0.025884644170751,0
2013-06-01,C20,0.0619312632236504,0
2013-07-01,C20,-0.229591321068245,0
2013-08-01,C20,0.0177613587414216,0
2013-09-01,C20,0.113373012107377,0
2013-10-01,C20,0.0859540095272768,0
2013-11-01,C20,0.154912643304691,0
2013-12-01,C20,-0.0758632590757919,0
2014-01-01,C20,-0.273549003647446,0
2014-02-01,C20,-0.0215983528498849,0
2014-03-01,C20,0.264066084814286,0
2014-04-01,C20,0.166142682459606,0
2014-05-01,C20,-0.0586762866413038,0
2014-06-01,C20,-0.0055753025794382,0
2014-07-01,C20,-0.217924392716395,0
2014-08-01,C20,-0.10008042505952,0
2014-09-01,C20,0.093993897950424,0
2014-10-01,C20,0.102784870918592,0
2014-11-01,C20,-0.0995125820200817,0
2014-12-01,C20,0.151533971385312,0
2015-01-01,C20,-0.351718238339422,0
2015-02-01,C20,-0.0413336802431554,0
2015-03-01,C20,0.326053953625308,0
2015-04-01,C20,0.112812001190461,0
2015-05-01,C20,0.0668551733022857,0
2015-06-01,C20,-0.0416292507785743,0
2015-07-01,C20,-0.029512157742051,0
2015-08-01,C20,-0.0977209122265217,0
2015-09-01,C20,0.0865079458006317,0
2015-10-01,C20,0.0707936292023037,0
2015-11-01,C20,0.0053077679228721,0
2015-12-01,C20,-0.121759570895862,0
2010-02-01,C21,-0.136158955912773,0
2010-03-01,C21,0.33605910201801,0
2010-04-01,C21,-0.0404917091101424,0
2010-05-01,C21,0.115331296347859,0
2010-06-01,C21,0.0519279597904676,0
2010-07-01,C21,0.186138506489423,0
2010-08-01,C21,-0.378487354042847,0
2010-09-01,C21,-0.0185801824279341,0
2010-10-01,C21,0.443368509194667,0
2010-11-01,C21,-0.476516291448283,0
2010-12-01,C21,0.437064464716851,0
2011-01-01,C21,-0.626437062842687,0
2011-02-01,C21,0.43054655005762,0
2011-03-01,C21,0.294982524219217,0
2011-04-01,C21,-0.111039148925922,0
2011-05-01,C21,-0.0394019298512962,0
2011-06-01,C21,0.136150163445882,0
2011-07-01,C21,0.146920909363416,0
2011-08-01,C21,-0.190568763069024,0
2011-09-01,C21,-0.089212078350112,0
2011-10-01,C21,0.304722307274634,0
2011-11-01,C21,-0.0731057486285751,0
2011-12-01,C21,0.102737135689548,0
2012-01-01,C21,-0.685539647958946,0
2012-02-01,C21,0.620793133169218,0
2012-03-01,C21,-0.369410845477224,0
2012-04-01,C21,0.41246068266822,0
2012-05-01,C21,-0.165699877247552,0
2012-06-01,C21,0.0641217299789174,0
2012-07-01,C21,-0.0748978266426059,0
2012-08-01,C21,-0.0608582504857456,0
2012-09-01,C21,-0.0174811884758581,0
2012-10-01,C21,0.0377261333080305,0
2012-11-01,C21,-0.0619285187820484,0
2012-12-01,C21,-0.134692008991841,0
2013-01-01,C21,0.289033628492672,0
2013-02-01,C21,0.0948364486449096,0
2013-03-01,C21,0.178093691198454,0
2013-04-01,C21,-0.0942290333646767,0
2013-05-01,C21,0.121650370201968,0
2013-06-01,C21,-0.0801203912595456,0
2013-07-01,C21,0.0855711062129485,0
2013-08-01,C21,-0.0103017451035781,0
2013-09-01,C21,-0.143496622668676,0
2013-10-01,C21,0.303325369869815,0
2013-11-01,C21,-0.0903390202713261,0
2013-12-01,C21,-0.0076967369206961,0
2014-01-01,C21,-0.163993600080551,0
2014-02-01,C21,0.0239387763045684,0
2014-03-01,C21,0.184479019135081,0
2014-04-01,C21,-0.0653176736743388,0
2014-05-01,C21,0.120444195813302,0
2014-06-01,C21,-0.116431633386868,0
2014-07-01,C21,-0.0389109230891718,0
2014-08-01,C21,-0.0133693483150754,0
2014-09-01,C21,0.0108440275049766,0
2014-10-01,C21,0.145657924041011,0
2014-11-01,C21,-0.101740997892028,0
2014-12-01,C21,0.0737701678812028,0
2015-01-01,C21,-0.140836802629842,0
2015-02-01,C21,-0.132175659406594,0
2015-03-01,C21,0.266506837256912,0
2015-04-01,C21,0.0752295565460654,0
2015-05-01,C21,-0.0462739783298538,0
2015-06-01,C21,0.0366878939418127,0
2015-07-01,C21,-0.039648459946358,0
2015-08-01,C21,-0.067448108427465,0
2015-09-01,C21,0.104382853349122,0
2015-10-01,C21,0.0231361810841468,0
2015-11-01,C21,0.0588703351342872,0
2015-12-01,C21,0.0310954812776645,0
2010-02-01,C23,-0.0143058213748271,0
2010-03-01,C23,0.0306092298023808,0
2010-04-01,C23,-0.151304896518258,0
2010-05-01,C23,0.09502953430475,0
2010-06-01,C23,0.409856875092468,0
2010-07-01,C23,0.046971130932941,0
2010-08-01,C23,-0.462205137072958,0
2010-09-01,C23,0.0632134815293375,0
2010-10-01,C23,-0.519444831089036,0
2010-11-01,C23,-0.0561633928698759,0
2010-12-01,C23,0.199868469580436,0
2011-01-01,C23,0.0421685814389265,0
2011-02-01,C23,0.339743261721533,0
2011-03-01,C23,0.124613205834976,0
2011-04-01,C23,-0.0579022163036331,0
2011-05-01,C23,0.289636863956938,0
2011-06-01,C23,-0.0397410715847109,0
2011-07-01,C23,-0.167548172560373,0
2011-08-01,C23,-0.255098433366816,0
2011-09-01,C23,-0.0352310018610291,0
2011-10-01,C23,-0.156604566879194,0
2011-11-01,C23,0.107299125989845,0
2011-12-01,C23,-0.081810351362777,0
2012-01-01,C23,0.217086462814185,0
2012-02-01,C23,0.0386801288764831,0
2012-03-01,C23,0.0079985004930636,0
2012-04-01,C23,-0.0696286040165894,0
2012-05-01,C23,-0.136297109824278,0
2012-06-01,C23,0.550922726720673,0
2012-07-01,C23,0.0147843601331861,0
2012-08-01,C23,-0.486634459051069,0
2012-09-01,C23,-0.213760269150106,0
2012-10-01,C23,0.181719413033737,0
2012-11-01,C23,-0.347029799638412,0
2012-12-01,C23,0.139184605679674,0
2013-01-01,C23,0.0655053539363211,0
2013-02-01,C23,0.0312251188655832,0
2013-03-01,C23,0.288717357347423,0
2013-04-01,C23,0.307530813512311,0
2013-05-01,C23,-0.278699662095224,0
2013-06-01,C23,0.214912194114321,0
2013-07-01,C23,0.206668305252096,0
2013-08-01,C23,0.222537041717058,0
2013-09-01,C23,-0.27373707490034,0
2013-10-01,C23,-0.0721385454846377,0
2013-11-01,C23,-0.106439639252204,0
2013-12-01,C23,0.341902219976397,0
2014-01-01,C23,-0.0767964562911398,0
2014-02-01,C23,0.0168328263432596,0
2014-03-01,C23,0.0002475889378414,0
2014-04-01,C23,-0.252081646485238,0
2014-05-01,C23,0.0728073328446062,0
2014-06-01,C23,0.242333609735144,0
2014-07-01,C23,0.0280500147594616,0
2014-08-01,C23,-0.413041590814831,0
2014-09-01,C23,-0.754742620812443,0
2014-10-01,C23,-0.183647345506714,0
2014-11-01,C23,0.494966702140347,0
2014-12-01,C23,0.108904961856826,0
2015-01-01,C23,-0.107463933371934,0
2015-02-01,C23,0.174161752072173,0
2015-03-01,C23,0.163327741071012,0
2015-04-01,C23,0.0473193555407114,0
2015-05-01,C23,0.577496850901688,0
2015-06-01,C23,0.160798167949693,0
2015-07-01,C23,-0.196713221986513,0
2015-08-01,C23,-0.32021792668312,0
2015-09-01,C23,-0.2109222303221,0
2015-10-01,C23,0.102553049730123,0
2015-11-01,C23,-0.129946609304002,0
2015-12-01,C23,-0.577083229656902,0
2010-02-01,C25,0.131192562433619,0
2010-03-01,C25,0.149724087014765,0
2010-04-01,C25,0.0992586020060813,0
2010-05-01,C25,0.0889036180051868,0
2010-06-01,C25,0.0782468213127503,0
2010-07-01,C25,0.0644375780516153,0
2010-08-01,C25,-0.265986697396028,0
2010-09-01,C25,-0.207027198113967,0
2010-10-01,C25,0.450812455280273,0
2010-11-01,C25,-0.0798756909383123,0
2010-12-01,C25,-0.0897148312490526,0
2011-01-01,C25,0.0576447444316583,0
2011-02-01,C25,-0.155846628413799,0
2011-03-01,C25,0.315659269723501,0
2011-04-01,C25,0.139083753532541,0
2011-05-01,C25,0.0746476542461929,0
2011-06-01,C25,0.160687930380738,0
2011-07-01,C25,-0.204415363184591,0
2011-08-01,C25,-0.0173104932468764,0
2011-09-01,C25,-0.094163783846243,0
2011-10-01,C25,0.0027214080727953,0
2011-11-01,C25,0.146654523657646,0
2011-12-01,C25,-0.147385474534997,0
2012-01-01,C25,-0.0305077955966429,0
2012-02-01,C25,-0.207723277631705,0
2012-03-01,C25,0.275455271677093,0
2012-04-01,C25,0.0678247427061338,0
2012-05-01,C25,0.190200218444858,0
2012-06-01,C25,-0.0074378181416348,0
2012-07-01,C25,-0.135309123189605,0
2012-08-01,C25,-0.0463832693277588,0
2012-09-01,C25,-0.0389834909399882,0
2012-10-01,C25,0.1061337232869,0
2012-11-01,C25,0.0401232177648509,0
2012-12-01,C25,-0.193706748330671,0
2013-01-01,C25,0.0304666112185661,0
2013-02-01,C25,-0.0018399524520971,0
2013-03-01,C25,0.0462804135916564,0
2013-04-01,C25,0.183761877049458,0
2013-05-01,C25,0.135770053901127,0
2013-06-01,C25,-0.0553506991353245,0
2013-07-01,C25,0.0496389592814035,0
2013-08-01,C25,-0.281590165152765,0
2013-09-01,C25,0.0042248139380891,0
2013-10-01,C25,0.130478566081943,0
2013-11-01,C25,-0.0756848848151712,0
2013-12-01,C25,-0.0042486277099804,0
2014-01-01,C25,0.0359267701959576,0
2014-02-01,C25,-0.346572267105437,0
2014-03-01,C25,0.337057100166071,0
2014-04-01,C25,0.0678647409036417,0
2014-05-01,C25,0.112835447399968,0
2014-06-01,C25,-0.112741483358179,0
2014-07-01,C25,0.0469937099649398,0
2014-08-01,C25,-0.228718643203776,0
2014-09-01,C25,-0.008981718254069,0
2014-10-01,C25,0.0572179975767009,0
2014-11-01,C25,-0.0923203646683532,0
2014-12-01,C25,0.0435550745276778,0
2015-01-01,C25,-0.208369088440849,0
2015-02-01,C25,-0.116285941860002,0
2015-03-01,C25,0.104156414079269,0
2015-04-01,C25,0.142588645451309,0
2015-05-01,C25,0.149960416799272,0
2015-06-01,C25,-0.0258103509411489,0
2015-07-01,C25,0.0044438316280377,0
2015-08-01,C25,-0.196556081418089,0
2015-09-01,C25,0.0382781872128337,0
2015-10-01,C25,-0.0603160564058252,0
2015-11-01,C25,-0.0581336392925955,0
2015-12-01,C25,-0.013237821894271,0
2010-02-01,C26,0.0817288610020999,0
2010-03-01,C26,0.1051608002241,0
2010-04-01,C26,-0.602794941920099,0
2010-05-01,C26,0.0249178398156493,0
2010-06-01,C26,0.196953965105478,0
2010-07-01,C26,0.861948541462388,0
2010-08-01,C26,0.0252515542801444,0
2010-09-01,C26,0.0914750105308144,0
2010-10-01,C26,0.0033841399710024,0
2010-11-01,C26,-0.0064629320386302,0
2010-12-01,C26,0.168814451255001,0
2011-01-01,C26,-0.240040998221316,0
2011-02-01,C26,-0.0803618229416561,0
2011-03-01,C26,0.253727535964684,0
2011-04-01,C26,0.014529944325897,0
2011-05-01,C26,0.110953594310198,0
2011-06-01,C26,0.0204398047035941,0
2011-07-01,C26,-0.0188412741937878,0
2011-08-01,C26,0.102500109457893,0
2011-09-01,C26,0.0082039586962547,0
2011-10-01,C26,-0.0534787049055989,0
2011-11-01,C26,-0.129149074800496,0
2011-12-01,C26,0.139615880811947,0
2012-01-01,C26,-0.344505191159611,0
2012-02-01,C26,0.0338776304753363,0
2012-03-01,C26,0.155742835490296,0
2012-04-01,C26,-0.0915991195877695,0
2012-05-01,C26,0.168933583442307,0
2012-06-01,C26,-0.104133987085207,0
2012-07-01,C26,0.0383503066395114,0
2012-08-01,C26,-0.0825477069509422,0
2012-09-01,C26,-0.0515809394125366,0
2012-10-01,C26,0.153903382216182,0
2012-11-01,C26,-0.0721636939434287,0
2012-12-01,C26,0.0841043476471039,0
2013-01-01,C26,-0.0256669681531125,0
2013-02-01,C26,-0.0509636185916964,0
2013-03-01,C26,0.145138449144731,0
2013-04-01,C26,-0.0353965548820572,0
2013-05-01,C26,0.0883930480380251,0
2013-06-01,C26,-0.136727161508544,0
2013-07-01,C26,-0.0086274023635635,0
2013-08-01,C26,0.135417815462745,0
2013-09-01,C26,0.0061190245938043,0
2013-10-01,C26,0.114575115377797,0
2013-11-01,C26,-0.063709382607799,0
2013-12-01,C26,0.0942740939507622,0
2014-01-01,C26,-0.165122564549465,0
2014-02-01,C26,-0.114975836930938,0
2014-03-01,C26,0.0532926258812605,0
2014-04-01,C26,0.0437182739865634,0
2014-05-01,C26,0.0024604920935722,0
2014-06-01,C26,-0.0796159039549273,0
2014-07-01,C26,-0.0095579269273091,0
2014-08-01,C26,0.0371001371671262,0
2014-09-01,C26,0.0058427620103085,0
2014-10-01,C26,-0.0917707405882009,0
2014-11-01,C26,-0.0182738051379854,0
2014-12-01,C26,-0.0536671551124357,0
2015-01-01,C26,-0.331841850977241,0
2015-02-01,C26,-0.0249453714350452,0
2015-03-01,C26,0.0033856142848272,0
2015-04-01,C26,-0.139994891921429,0
2015-05-01,C26,0.0947868998528634,0
2015-06-01,C26,0.147368718148083,0
2015-07-01,C26,-0.0817355393301273,0
2015-08-01,C26,-0.0030722523097424,0
2015-09-01,C26,0.0909055737901081,0
2015-10-01,C26,-0.111813709864144,0
2015-11-01,C26,-0.0706389410057131,0
2015-12-01,C26,-0.0251396141620415,0
2010-02-01,C27,-0.239453554388691,0
2010-03-01,C27,-0.0029474360860755,0
2010-04-01,C27,0.125855354867339,0
2010-05-01,C27,0.0095044796154999,0
2010-06-01,C27,-0.232814252327395,0
2010-07-01,C27,0.399541364196376,0
2010-08-01,C27,-0.227111100874954,0
2010-09-01,C27,0.218980571746252,0
2010-10-01,C27,0.0152507668401016,0
2010-11-01,C27,0.128186177140908,0
2010-12-01,C27,0.0891624084791633,0
2011-01-01,C27,0.0329014544318227,0
2011-02-01,C27,-0.15586666808254,0
2011-03-01,C27,0.127985320304353,0
2011-04-01,C27,-0.205076839649612,0
2011-05-01,C27,0.111719539302115,0
2011-06-01,C27,0.258526999970297,0
2011-07-01,C27,-0.434038962021145,0
2011-08-01,C27,0.401429528779163,0
2011-09-01,C27,-0.0961600785972561,0
2011-10-01,C27,0.119170227063497,0
2011-11-01,C27,-0.009136830941987,0
2011-12-01,C27,0.106429168836829,0
2012-01-01,C27,0.0281632603965978,0
2012-02-01,C27,-0.0071007910311369,0
2012-03-01,C27,0.0937405723866114,0
2012-04-01,C27,0.0177419997100383,0
2012-05-01,C27,0.000803362365211,0
2012-06-01,C27,-0.144978659483959,0
2012-07-01,C27,-0.216584650513989,0
2012-08-01,C27,0.079682589845536,0
2012-09-01,C27,0.101813782812776,0
2012-10-01,C27,0.121892467812792,0
2012-11-01,C27,0.128067944589077,0
2012-12-01,C27,0.263398617443935,0
2013-01-01,C27,-0.175140489430586,0
2013-02-01,C27,-0.0101811567157917,0
2013-03-01,C27,0.234505829652061,0
2013-04-01,C27,-0.117074967449787,0
2013-05-01,C27,0.0330627079626691,0
2013-06-01,C27,-0.0538230856139368,0
2013-07-01,C27,-0.0143036647276933,0
2013-08-01,C27,0.0079558125237788,0
2013-09-01,C27,0.0597573139952612,0
2013-10-01,C27,-0.0529184198827082,0
2013-11-01,C27,0.278921564503863,0
2013-12-01,C27,0.0149877009504422,0
2014-01-01,C27,0.122873813789749,0
2014-02-01,C27,-0.119319445477116,0
2014-03-01,C27,-0.0326527841991719,0
2014-04-01,C27,-0.010840183674043,0
2014-05-01,C27,-0.108238560140395,0
2014-06-01,C27,0.0396081104505939,0
2014-07-01,C27,0.0732567012314043,0
2014-08-01,C27,-0.201974762742257,0
2014-09-01,C27,0.0198834529050345,0
2014-10-01,C27,-3.41259066409805e-05,0
2014-11-01,C27,-0.184315617574496,0
2014-12-01,C27,-0.140926344825616,0
2015-01-01,C27,-0.388196928052212,0
2015-02-01,C27,-0.0465618030829429,0
2015-03-01,C27,0.0693690972711529,0
2015-04-01,C27,0.0520867466447843,0
2015-05-01,C27,0.104285657436725,0
2015-06-01,C27,0.0754447864073722,0
2015-07-01,C27,-0.179425457291746,0
2015-08-01,C27,-0.306608610403472,0
2015-09-01,C27,-0.0630737180771863,0
2015-10-01,C27,0.361614322601738,0
2015-11-01,C27,-0.0924621049009975,0
2015-12-01,C27,-0.0015194205316824,0
2010-02-01,C28,-0.239186127158945,0
2010-03-01,C28,0.344249977657028,0
2010-04-01,C28,0.026582782608652,0
2010-05-01,C28,-0.0439132263502886,0
2010-06-01,C28,0.182590833315929,0
2010-07-01,C28,-0.240137893322879,0
2010-08-01,C28,-0.203271824304894,0
2010-09-01,C28,0.0716135596872149,0
2010-10-01,C28,0.256027738667047,0
2010-11-01,C28,0.0203471237066264,0
2010-12-01,C28,0.130290235628993,0
2011-01-01,C28,-0.155221021315699,0
2011-02-01,C28,0.0859658991529608,0
2011-03-01,C28,0.0999595020493356,0
2011-04-01,C28,0.0025239173218176,0
2011-05-01,C28,0.0422012831525134,0
2011-06-01,C28,-0.113531775311566,0
2011-07-01,C28,0.10878003305754,0
2011-08-01,C28,-0.0831201309682204,0
2011-09-01,C28,-0.031539029572917,0
2011-10-01,C28,0.0415441877345675,0
2011-11-01,C28,-0.0746806279880223,0
2011-12-01,C28,-0.0076304377524074,0
2012-01-01,C28,-0.0265037977730325,0
2012-02-01,C28,0.0736220182243468,0
2012-03-01,C28,0.303955579680338,0
2012-04-01,C28,-0.012869175370092,0
2012-05-01,C28,-0.243867022635436,0
2012-06-01,C28,-0.155908391898644,0
2012-07-01,C28,-0.0357731068497245,0
2012-08-01,C28,0.151828270097193,0
2012-09-01,C28,0.281768812661465,0
2012-10-01,C28,-0.0466353859896538,0
2012-11-01,C28,-0.210214360101467,0
2012-12-01,C28,0.541378500410422,0
2013-01-01,C28,-0.694721468625029,0
2013-02-01,C28,-0.0155884361093346,0
2013-03-01,C28,0.118580855519377,0
2013-04-01,C28,-0.141261464809818,0
2013-05-01,C28,0.0304846553338285,0
2013-06-01,C28,0.0263561272225825,0
2013-07-01,C28,0.0460042581704263,0
2013-08-01,C28,-0.0597602222350408,0
2013-09-01,C28,-0.132389969563791,0
2013-10-01,C28,0.556790177117991,0
2013-11-01,C28,-0.356966081351862,0
2013-12-01,C28,0.0484716140581565,0
2014-01-01,C28,-0.0641285963332354,0
2014-02-01,C28,-0.0819303992026388,0
2014-03-01,C28,0.430083055594734,0
2014-04-01,C28,-0.0744699391842252,0
2014-05-01,C28,0.0699784947283595,0
2014-06-01,C28,-0.280433261981703,0
2014-07-01,C28,0.0729069777798808,0
2014-08-01,C28,0.121389691945238,0
2014-09-01,C28,-0.0376760387640163,0
2014-10-01,C28,-0.107831170339286,0
2014-11-01,C28,0.204155772395723,0
2014-12-01,C28,0.105500486606156,0
2015-01-01,C28,-0.477944650387023,0
2015-02-01,C28,0.0361821052731441,0
2015-03-01,C28,0.251872615645212,0
2015-04-01,C28,-0.187245043817614,0
2015-05-01,C28,-0.0593762150177621,0
2015-06-01,C28,0.122120612080273,0
2015-07-01,C28,-0.0688667292481959,0
2015-08-01,C28,0.103854125724099,0
2015-09-01,C28,-0.0063849991757543,0
2015-10-01,C28,-0.187247987775284,0
2015-11-01,C28,0.0581301607383846,0
2015-12-01,C28,0.051078655683896,0
2010-02-01,C29,0.0089985820960816,0
2010-03-01,C29,0.0896264317142466,0
2010-04-01,C29,-0.182853091488446,0
2010-05-01,C29,-0.0300297504033669,0
2010-06-01,C29,-0.0275477705369402,0
2010-07-01,C29,0.0085315900941793,0
2010-08-01,C29,-0.0801770752531157,0
2010-09-01,C29,-0.0037858866693412,0
2010-10-01,C29,0.206199328565707,0
2010-11-01,C29,0.208080232697649,0
2010-12-01,C29,0.0528512350795669,0
2011-01-01,C29,-0.0817332121935808,0
2011-02-01,C29,-0.0421479985879243,0
2011-03-01,C29,0.15645142051895,0
2011-04-01,C29,-0.230161273877245,0
2011-05-01,C29,0.0450952108996665,0
2011-06-01,C29,-0.0219547384598231,0
2011-07-01,C29,0.0418676096063066,0
2011-08-01,C29,0.189946454702012,0
2011-09-01,C29,-0.0287874676563957,0
2011-10-01,C29,0.0877208625505874,0
2011-11-01,C29,-0.112032035995283,0
2011-12-01,C29,0.140829976002644,0
2012-01-01,C29,-0.110596003682917,0
2012-02-01,C29,-0.115776859390216,0
2012-03-01,C29,0.123420357507046,0
2012-04-01,C29,-0.180997491813526,0
2012-05-01,C29,0.0224068574515783,0
2012-06-01,C29,-0.0250211631969304,0
2012-07-01,C29,0.0130371480592988,0
2012-08-01,C29,0.060634419731616,0
2012-09-01,C29,-0.0258792421735148,0
2012-10-01,C29,0.0701429362501269,0
2012-11-01,C29,0.0498883796228,0
2012-12-01,C29,0.0644703182987687,0
2013-01-01,C29,0.388000974344976,0
2013-02-01,C29,-0.0633788241065503,0
2013-03-01,C29,0.0371007201190814,0
2013-04-01,C29,-0.0306546699423258,0
2013-05-01,C29,-0.0883150623345514,0
2013-06-01,C29,-0.0017567388746613,0
2013-07-01,C29,0.0084789414761932,0
2013-08-01,C29,0.128613498932852,0
2013-09-01,C29,-0.129871838162575,0
2013-10-01,C29,0.103106715922038,0
2013-11-01,C29,-0.0329984048979952,0
2013-12-01,C29,0.094131218050693,0
2014-01-01,C29,-0.355748609294404,0
2014-02-01,C29,-0.0726183946179955,0
2014-03-01,C29,-0.0464280201792659,0
2014-04-01,C29,-0.0659960666092303,0
2014-05-01,C29,-0.0095750468201076,0
2014-06-01,C29,-0.090764151702448,0
2014-07-01,C29,0.0768418003061244,0
2014-08-01,C29,-0.0695830112471896,0
2014-09-01,C29,-0.0414973247796837,0
2014-10-01,C29,0.066772742982959,0
2014-11-01,C29,-0.111635667006948,0
2014-12-01,C29,0.238517868844534,0
2015-01-01,C29,-0.153901903536973,0
2015-02-01,C29,-0.15166403519989,0
2015-03-01,C29,0.011952186158851,0
2015-04-01,C29,-0.0094779596112868,0
2015-05-01,C29,0.0348047779480858,0
2015-06-01,C29,-0.0777564276284473,0
2015-07-01,C29,0.0399617750058585,0
2015-08-01,C29,-0.118110729929598,0
2015-09-01,C29,-0.0834531728449779,0
2015-10-01,C29,0.160797264966649,0
2015-11-01,C29,-0.137468002798712,0
2015-12-01,C29,0.0824473942809059,0
2010-02-01,C30,-0.262908993262112,0
2010-03-01,C30,0.498542701021804,0
2010-04-01,C30,-0.211362001829094,0
2010-05-01,C30,0.0241328065116555,0
2010-06-01,C30,-0.0138959013575457,0
2010-07-01,C30,0.310400779652036,0
2010-08-01,C30,-0.681745014753496,0
2010-09-01,C30,0.046172454145351,0
2010-10-01,C30,0.392664898628666,0
2010-11-01,C30,0.0843726897800625,0
2010-12-01,C30,-0.02796078872242,0
2011-01-01,C30,0.0791964068087152,0
2011-02-01,C30,0.0812979169790387,0
2011-03-01,C30,0.258902527194976,0
2011-04-01,C30,-0.177175427533275,0
2011-05-01,C30,0.105085024470209,0
2011-06-01,C30,0.0186524607609275,0
2011-07-01,C30,0.0385798851599803,0
2011-08-01,C30,-0.0156864657627525,0
2011-09-01,C30,-0.111364633925456,0
2011-10-01,C30,0.0799971709012128,0
2011-11-01,C30,0.0050958767594329,0
2011-12-01,C30,0.18083009584219,0
2012-01-01,C30,-0.134106032493839,0
2012-02-01,C30,-0.0101760085792293,0
2012-03-01,C30,0.0484057699417937,0
2012-04-01,C30,-0.116040540707646,0
2012-05-01,C30,0.143078740512682,0
2012-06-01,C30,0.259142742262823,0
2012-07-01,C30,-0.119238445788628,0
2012-08-01,C30,-0.0815279459626792,0
2012-09-01,C30,-0.0123279641001863,0
2012-10-01,C30,0.273256002417297,0
2012-11-01,C30,-0.260740763949491,0
2012-12-01,C30,0.10468153169599,0
2013-01-01,C30,-0.0012666508748093,0
2013-02-01,C30,-0.0811962625058902,0
2013-03-01,C30,0.134390367768987,0
2013-04-01,C30,0.107271380047073,0
2013-05-01,C30,-0.0913032818762032,0
2013-06-01,C30,-0.0644858073999401,0
2013-07-01,C30,-0.0639022786151706,0
2013-08-01,C30,0.03243234617692,0
2013-09-01,C30,-0.189461333856187,0
2013-10-01,C30,0.180346720255963,0
2013-11-01,C30,0.203510875996018,0
2013-12-01,C30,0.0190987844694952,0
2014-01-01,C30,-0.270589278223354,0
2014-02-01,C30,0.148935012685833,0
2014-03-01,C30,0.21571808999574,0
2014-04-01,C30,-0.347403112601233,0
2014-05-01,C30,0.334078653133923,0
2014-06-01,C30,-0.134661039229755,0
2014-07-01,C30,0.155512120963768,0
2014-08-01,C30,-0.121186501449,0
2014-09-01,C30,-0.211787335843602,0
2014-10-01,C30,0.317308877708082,0
2014-11-01,C30,-0.227058231407611,0
2014-12-01,C30,0.189386506904964,0
2015-01-01,C30,-0.200451744673276,0
2015-02-01,C30,-0.216762255443173,0
2015-03-01,C30,0.49972077443222,0
2015-04-01,C30,-0.0520808287604257,0
2015-05-01,C30,-0.0660643430285246,0
2015-06-01,C30,0.0585532017664807,0
2015-07-01,C30,0.0816532866358726,0
2015-08-01,C30,-0.192699178751555,0
2015-09-01,C30,0.0315205390536031,0
2015-10-01,C30,0.260677545028567,0
2015-11-01,C30,-0.140240246512273,0
2015-12-01,C30,-0.0220051708994333,0
2010-02-01,C31,-0.219297649875818,0
2010-03-01,C31,0.468464784328338,0
2010-04-01,C31,-1.43274666048078,0
2010-05-01,C31,0.783945064608137,0
2010-06-01,C31,-0.0188393802272353,0
2010-07-01,C31,-0.62325995156647,0
2010-08-01,C31,0.401687812125596,0
2010-09-01,C31,0.698209217627929,0
2010-10-01,C31,-0.266126118821617,0
2010-11-01,C31,0.212257009413023,0
2010-12-01,C31,-0.159022153474416,0
2011-01-01,C31,-0.529034036606646,0
2011-02-01,C31,0.763846237956333,0
2011-03-01,C31,0.393561977723012,0
2011-04-01,C31,-0.225545455104241,0
2011-05-01,C31,0.270174322385466,0
2011-06-01,C31,-0.898079343193935,0
2011-07-01,C31,1.10340460135454,0
2011-08-01,C31,-0.0337676312104769,0
2011-09-01,C31,-0.464023992627866,0
2011-10-01,C31,0.161874862850497,0
2011-11-01,C31,-0.0727580796013978,0
2011-12-01,C31,0.248394832638104,0
2012-01-01,C31,-1.01518792542961,0
2012-02-01,C31,0.129220995694156,0
2012-03-01,C31,-0.0724283543341242,0
2012-04-01,C31,1.58697613272104,0
2012-05-01,C31,-0.424722821961006,0
2012-06-01,C31,0.342890081126066,0
2012-07-01,C31,-0.935567558929054,0
2012-08-01,C31,-0.741041483965912,0
2012-09-01,C31,-0.270433534801153,0
2012-10-01,C31,-0.316624325257649,0
2012-11-01,C31,-0.406646758894094,0
2012-12-01,C31,1.28311865137332,0
2013-01-01,C31,1.14135348510433,0
2013-02-01,C31,0.611367504539169,0
2013-03-01,C31,-0.531203105145228,0
2013-04-01,C31,-0.413767285816374,0
2013-05-01,C31,0.241417208801125,0
2013-06-01,C31,-0.0617052783435827,0
2013-07-01,C31,-0.304928968345495,0
2013-08-01,C31,-0.304823005025514,0
2013-09-01,C31,0.162860529630017,0
2013-10-01,C31,0.15776493962669,0
2013-11-01,C31,0.154637450609834,0
2013-12-01,C31,0.0001561707227697,0
2014-01-01,C31,0.0263491545578614,0
2014-02-01,C31,0.116888417518638,0
2014-03-01,C31,0.231478809755989,0
2014-04-01,C31,-0.0450606136259255,0
2014-05-01,C31,-0.417179778066682,0
2014-06-01,C31,-0.170181116189569,0
2014-07-01,C31,0.0520791063688879,0
2014-08-01,C31,0.286391437937,0
2014-09-01,C31,-0.408425409977882,0
2014-10-01,C31,0.379395861813861,0
2014-11-01,C31,0.0157553177305649,0
2014-12-01,C31,0.342168875121865,0
2015-01-01,C31,-0.666862591324704,0
2015-02-01,C31,-0.0406886244859148,0
2015-03-01,C31,-0.485774515969685,0
2015-04-01,C31,0.724322249599154,0
2015-05-01,C31,0.141944841744869,0
2015-06-01,C31,-0.230026930944943,0
2015-07-01,C31,0.0448883231044226,0
2015-08-01,C31,0.111591513613591,0
2015-09-01,C31,-0.63910081048668,0
2015-10-01,C31,0.998367354711542,0
2015-11-01,C31,-0.372539476782986,0
2015-12-01,C31,-0.0495418024589611,0
2010-02-01,C32,0.0422868872576858,0
2010-03-01,C32,0.174810852022281,0
2010-04-01,C32,-0.0145559431710369,0
2010-05-01,C32,-0.0128332704739407,0
2010-06-01,C32,0.0228533106549698,0
2010-07-01,C32,0.0888485105062804,0
2010-08-01,C32,-0.262377176373526,0
2010-09-01,C32,0.0235661209732854,0
2010-10-01,C32,0.244954816675585,0
2010-11-01,C32,0.00694508182361,0
2010-12-01,C32,0.036281590859514,0
2011-01-01,C32,-0.0320453784515005,0
2011-02-01,C32,0.0394842061174501,0
2011-03-01,C32,0.13368497787403,0
2011-04-01,C32,-0.0046773790814631,0
2011-05-01,C32,0.0205901114439833,0
2011-06-01,C32,-0.0410612362675193,0
2011-07-01,C32,-0.196870602551996,0
2011-08-01,C32,0.251051023633977,0
2011-09-01,C32,-0.136992726369677,0
2011-10-01,C32,-0.0355119484862119,0
2011-11-01,C32,-0.197090560962824,0
2011-12-01,C32,-0.0149241993003493,0
2012-01-01,C32,-0.22252037285979,0
2012-02-01,C32,0.143863097235128,0
2012-03-01,C32,0.245379153343582,0
2012-04-01,C32,-0.0703984144327441,0
2012-05-01,C32,0.0433716372243182,0
2012-06-01,C32,-0.015572554968645,0
2012-07-01,C32,0.0059216459200808,0
2012-08-01,C32,-0.108458984471723,0
2012-09-01,C32,-0.0198863732982995,0
2012-10-01,C32,0.0902333416783927,0
2012-11-01,C32,-0.0457031161439927,0
2012-12-01,C32,-0.141060736323428,0
2013-01-01,C32,0.255234446270751,0
2013-02-01,C32,-0.0773707299946906,0
2013-03-01,C32,0.07624500213708,0
2013-04-01,C32,0.115871714382038,0
2013-05-01,C32,0.0148478606261362,0
2013-06-01,C32,0.0536955783071473,0
2013-07-01,C32,-0.0428841724850688,0
2013-08-01,C32,-0.0544007883050632,0
2013-09-01,C32,-0.0096344470433713,0
2013-10-01,C32,0.0062009280689689,0
2013-11-01,C32,0.017276688976116,0
2013-12-01,C32,-0.0877940179277914,0
2014-01-01,C32,-0.124784824822198,0
2014-02-01,C32,0.0239745245881311,0
2014-03-01,C32,0.0588154429767238,0
2014-04-01,C32,0.0389132629314162,0
2014-05-01,C32,0.0171377280155633,0
2014-06-01,C32,-0.0645664065019327,0
2014-07-01,C32,0.107033335572697,0
2014-08-01,C32,-0.162165412046468,0
2014-09-01,C32,-0.0222250556688559,0
2014-10-01,C32,0.0667810225102157,0
2014-11-01,C32,-0.0824283182722025,0
2014-12-01,C32,-0.032702425074941,0
2015-01-01,C32,-0.0709292878675045,0
2015-02-01,C32,-0.0446566304848561,0
2015-03-01,C32,0.165539838066098,0
2015-04-01,C32,-0.101645637722306,0
2015-05-01,C32,0.0229551635991827,0
2015-06-01,C32,0.0360163154530779,0
2015-07-01,C32,-0.0117521622059167,0
2015-08-01,C32,-0.162135623787166,0
2015-09-01,C32,-0.0191484628400955,0
2015-10-01,C32,0.1024389202628,0
2015-11-01,C32,-0.0651484942493097,0
2015-12-01,C32,0.0551901268689363,0
2010-02-01,C34,0.0743419227684932,0
2010-03-01,C34,0.175574901457055,0
2010-04-01,C34,-0.0413410950806394,0
2010-05-01,C34,0.0391290981643557,0
2010-06-01,C34,-0.0145528481874537,0
2010-07-01,C34,0.0105571004678069,0
2010-08-01,C34,-0.35188709907498,0
2010-09-01,C34,-0.0054703848251458,0
2010-10-01,C34,0.344145590055509,0
2010-11-01,C34,0.0496626475624078,0
2010-12-01,C34,0.0891771593951027,0
2011-01-01,C34,-0.0698780525023261,0
2011-02-01,C34,0.059593026492883,0
2011-03-01,C34,0.126138716407007,0
2011-04-01,C34,0.0215277913175562,0
2011-05-01,C34,0.0307577058449153,0
2011-06-01,C34,-0.0606719644704992,0
2011-07-01,C34,-0.360395388747518,0
2011-08-01,C34,0.24983457441387,0
2011-09-01,C34,-0.102964465583194,0
2011-10-01,C34,0.0822677071590796,0
2011-11-01,C34,0.0035371230126486,0
2011-12-01,C34,-0.0431642453172314,0
2012-01-01,C34,-0.110943374033655,0
2012-02-01,C34,0.0530542838690788,0
2012-03-01,C34,0.149082109097185,0
2012-04-01,C34,0.0143769756055221,0
2012-05-01,C34,0.100238325760442,0
2012-06-01,C34,-0.0355699570681756,0
2012-07-01,C34,-0.0926075244824487,0
2012-08-01,C34,0.0184422089643146,0
2012-09-01,C34,-0.103466167953782,0
2012-10-01,C34,0.249935445134434,0
2012-11-01,C34,-0.090724945401802,0
2012-12-01,C34,-0.123585489142517,0
2013-01-01,C34,0.219185297420792,0
2013-02-01,C34,-0.0504241192581025,0
2013-03-01,C34,0.0506543317303505,0
2013-04-01,C34,0.122033023267836,0
2013-05-01,C34,-0.010007731518793,0
2013-06-01,C34,-0.12241170015808,0
2013-07-01,C34,0.0998123816466592,0
2013-08-01,C34,-0.0152943348239534,0
2013-09-01,C34,-0.152170589518866,0
2013-10-01,C34,0.132281380056538,0
2013-11-01,C34,0.0112260796167218,0
2013-12-01,C34,0.0207054771691748,0
2014-01-01,C34,-0.0302708961711202,0
2014-02-01,C34,-0.002039948457881,0
2014-03-01,C34,-0.0800312769901224,0
2014-04-01,C34,0.0922153657090288,0
2014-05-01,C34,0.0083609078555335,0
2014-06-01,C34,0.0256842318221588,0
2014-07-01,C34,-0.0403093687899414,0
2014-08-01,C34,-0.0357943307412389,0
2014-09-01,C34,-0.054449233843525,0
2014-10-01,C34,0.123772060997427,0
2014-11-01,C34,-0.152896908200175,0
2014-12-01,C34,-0.0200351906351273,0
2015-01-01,C34,0.0421812769362662,0
2015-02-01,C34,-0.065332060923061,0
2015-03-01,C34,0.0927846190811499,0
2015-04-01,C34,-0.0096722978565315,0
2015-05-01,C34,-0.0764427156320515,0
2015-06-01,C34,0.0850690365458426,0
2015-07-01,C34,0.0684189668794097,0
2015-08-01,C34,-0.143326364462068,0
2015-09-01,C34,-0.0409500073474609,0
2015-10-01,C34,0.0443671840909996,0
2015-11-01,C34,-0.0673400418756511,0
2015-12-01,C34,0.0760092317980847,0
2010-02-01,C35,-0.0711559282650027,0
2010-03-01,C35,0.162395470440336,0
2010-04-01,C35,-0.0869206909917644,0
2010-05-01,C35,0.0522303519696123,0
2010-06-01,C35,0.0897646537922361,0
2010-07-01,C35,-0.0195305383595734,0
2010-08-01,C35,-0.270794934049602,0
2010-09-01,C35,-0.0037420950254212,0
2010-10-01,C35,0.308803530022558,0
2010-11-01,C35,0.0597139039732522,0
2010-12-01,C35,-0.0203116054962003,0
2011-01-01,C35,-0.005191608702602,0
2011-02-01,C35,0.0485707033612606,0
2011-03-01,C35,0.117754848497548,0
2011-04-01,C35,0.0236417380966749,0
2011-05-01,C35,0.0272632054705939,0
2011-06-01,C35,-0.107600167297925,0
2011-07-01,C35,-0.104889064677741,0
2011-08-01,C35,0.259031473094144,0
2011-09-01,C35,-0.0914268801408671,0
2011-10-01,C35,0.08999107492492,0
2011-11-01,C35,-0.0437893074316911,0
2011-12-01,C35,-0.0694334787847328,0
2012-01-01,C35,-0.189128503875932,0
2012-02-01,C35,0.0594833971002506,0
2012-03-01,C35,0.163355679468851,0
2012-04-01,C35,0.0830311535730335,0
2012-05-01,C35,0.032054181723649,0
2012-06-01,C35,-0.0388757577987251,0
2012-07-01,C35,0.0448704621901568,0
2012-08-01,C35,-0.11825915139099,0
2012-09-01,C35,0.0756245061755623,0
2012-10-01,C35,0.144979441033114,0
2012-11-01,C35,0.0055472695516938,0
2012-12-01,C35,-0.116107595839905,0
2013-01-01,C35,-0.0205314304291528,0
2013-02-01,C35,-0.132480259668281,0
2013-03-01,C35,0.189330653256401,0
2013-04-01,C35,0.0929663180985294,0
2013-05-01,C35,-0.0002795533798858,0
2013-06-01,C35,-0.0248621079568032,0
2013-07-01,C35,-0.0557229733494076,0
2013-08-01,C35,-0.013295302433626,0
2013-09-01,C35,0.0790398652017581,0
2013-10-01,C35,-0.0540434590790566,0
2013-11-01,C35,0.0541507206386012,0
2013-12-01,C35,0.042500833106649,0
2014-01-01,C35,-0.156016756430755,0
2014-02-01,C35,0.0445330964913575,0
2014-03-01,C35,-0.125237026688846,0
2014-04-01,C35,0.158173907290506,0
2014-05-01,C35,0.0253382278219716,0
2014-06-01,C35,-0.0123491072947877,0
2014-07-01,C35,0.0461736461011482,0
2014-08-01,C35,-0.032217450054147,0
2014-09-01,C35,-0.0386735416493602,0
2014-10-01,C35,0.164787026294885,0
2014-11-01,C35,-0.0586472586501889,0
2014-12-01,C35,-0.114104863489905,0
2015-01-01,C35,-0.114199602897424,0
2015-02-01,C35,-0.0469785426323348,0
2015-03-01,C35,0.0501367165789377,0
2015-04-01,C35,0.0881516082132379,0
2015-05-01,C35,-0.071542833932484,0
2015-06-01,C35,0.0399111832329107,0
2015-07-01,C35,-0.0966739054499488,0
2015-08-01,C35,-0.0676205803238821,0
2015-09-01,C35,0.109899353841544,0
2015-10-01,C35,0.0372912372455314,0
2015-11-01,C35,-0.0395753101908181,0
2015-12-01,C35,-0.036239815926284,0
2010-02-01,C36,0.199911304374135,0
2010-03-01,C36,0.408023037812514,0
2010-04-01,C36,-0.657778013885461,0
2010-05-01,C36,-0.38372532912533,0
2010-06-01,C36,0.299814990743709,0
2010-07-01,C36,-0.0230201713130049,0
2010-08-01,C36,-0.104100198201293,0
2010-09-01,C36,-0.313652645486632,0
2010-10-01,C36,0.857121264832453,0
2010-11-01,C36,0.0702065371941716,0
2010-12-01,C36,0.401503566067373,0
2011-01-01,C36,-0.50380085687741,0
2011-02-01,C36,0.113263235910571,0
2011-03-01,C36,0.358017696516224,0
2011-04-01,C36,-0.278609001478946,0
2011-05-01,C36,-0.104211534717749,0
2011-06-01,C36,-0.0803042504382065,0
2011-07-01,C36,-0.0150781193848837,0
2011-08-01,C36,0.373492880480778,0
2011-09-01,C36,-0.10431568466896,0
2011-10-01,C36,-0.0593137445019041,0
2011-11-01,C36,0.22355922809286,0
2011-12-01,C36,-0.114997069852822,0
2012-01-01,C36,-0.383662475658128,0
2012-02-01,C36,0.176954245015211,0
2012-03-01,C36,0.0470990087658301,0
2012-04-01,C36,-0.230988770702245,0
2012-05-01,C36,0.214179834900642,0
2012-06-01,C36,-0.0595346093444347,0
2012-07-01,C36,0.218423858659018,0
2012-08-01,C36,-0.0297803222233877,0
2012-09-01,C36,-0.194715375954416,0
2012-10-01,C36,-0.0172734323233339,0
2012-11-01,C36,-0.0979915858607097,0
2012-12-01,C36,-0.0725918534510561,0
2013-01-01,C36,0.258899678195731,0
2013-02-01,C36,0.0341778039745755,0
2013-03-01,C36,-0.0528946200131184,0
2013-04-01,C36,0.12209983863217,0
2013-05-01,C36,0.0334242611662474,0
2013-06-01,C36,-0.320240670181835,0
2013-07-01,C36,0.426984721048089,0
2013-08-01,C36,-0.165577096735764,0
2013-09-01,C36,-0.170755219744546,0
2013-10-01,C36,0.282922319902643,0
2013-11-01,C36,-0.0166591712041861,0
2013-12-01,C36,0.125771390816526,0
2014-01-01,C36,-0.329851538067067,0
2014-02-01,C36,0.417167731177437,0
2014-03-01,C36,-0.204996456501719,0
2014-04-01,C36,0.246735591455411,0
2014-05-01,C36,-0.372781250657634,0
2014-06-01,C36,-0.0035364818821941,0
2014-07-01,C36,0.145445840816733,0
2014-08-01,C36,-0.0127358936517288,0
2014-09-01,C36,0.008260693962272,0
2014-10-01,C36,0.213290053038972,0
2014-11-01,C36,-0.138215626565913,0
2014-12-01,C36,0.0629742759543817,0
2015-01-01,C36,-0.324438018664034,0
2015-02-01,C36,-0.0234644567472428,0
2015-03-01,C36,0.578715269766032,0
2015-04-01,C36,-0.181023331836949,0
2015-05-01,C36,-0.323874580326509,0
2015-06-01,C36,-0.0421782655630478,0
2015-07-01,C36,0.221463791054207,0
2015-08-01,C36,0.0326548364457868,0
2015-09-01,C36,-0.136636901092992,0
2015-10-01,C36,0.0171423456642525,0
2015-11-01,C36,0.413342464244406,0
2015-12-01,C36,-0.0584035212273077,0
2010-02-01,C37,-0.12733888890888,0
2010-03-01,C37,0.213840757791567,0
2010-04-01,C37,-0.0657805854514395,0
2010-05-01,C37,-0.0109518746875592,0
2010-06-01,C37,0.0057792286891151,0
2010-07-01,C37,-0.0388480243951514,0
2010-08-01,C37,-0.0681390858959716,0
2010-09-01,C37,-0.0471056520982245,0
2010-10-01,C37,0.0922744825321136,0
2010-11-01,C37,-0.0615610631573151,0
2010-12-01,C37,0.0971578203655215,0
2011-01-01,C37,-0.229377530838171,0
2011-02-01,C37,0.197966742819335,0
2011-03-01,C37,0.147526977225376,0
2011-04-01,C37,-0.0733875746368957,0
2011-05-01,C37,-0.0122742846625661,0
2011-06-01,C37,0.0898671388059258,0
2011-07-01,C37,-0.72218183469799,0
2011-08-01,C37,0.725987283554184,0
2011-09-01,C37,-0.0814761726806363,0
2011-10-01,C37,-0.0347948101642723,0
2011-11-01,C37,0.113088365024199,0
2011-12-01,C37,-0.0261545874535036,0
2012-01-01,C37,-0.231722784910692,0
2012-02-01,C37,0.164488147822391,0
2012-03-01,C37,0.0801340269757898,0
2012-04-01,C37,-0.0859646316079976,0
2012-05-01,C37,0.130961594233851,0
2012-06-01,C37,-0.0705123405914563,0
2012-07-01,C37,0.0191413783677499,0
2012-08-01,C37,0.0194706597264052,0
2012-09-01,C37,-0.0979898663099075,0
2012-10-01,C37,0.145168161176079,0
2012-11-01,C37,-0.0540524687778623,0
2012-12-01,C37,-0.0643490638832089,0
2013-01-01,C37,0.143407523597363,0
2013-02-01,C37,-0.112532442998334,0
2013-03-01,C37,0.222576673306727,0
2013-04-01,C37,-0.0839991820145114,0
2013-05-01,C37,0.0372667497601658,0
2013-06-01,C37,-0.102256663296143,0
2013-07-01,C37,0.0550235528080281,0
2013-08-01,C37,-0.0191459556022853,0
2013-09-01,C37,-0.0834934775970275,0
2013-10-01,C37,-0.0088644647786262,0
2013-11-01,C37,0.191121225367866,0
2013-12-01,C37,-0.0687890879334496,0
2014-01-01,C37,-0.324661688523134,0
2014-02-01,C37,0.190860347411263,0
2014-03-01,C37,-0.0553400628655636,0
2014-04-01,C37,0.0047816086160432,0
2014-05-01,C37,-0.0451085621063774,0
2014-06-01,C37,0.144342109809101,0
2014-07-01,C37,-0.111545665133099,0
2014-08-01,C37,0.0154530739987244,0
2014-09-01,C37,0.0054231911678011,0
2014-10-01,C37,0.0079905072755934,0
2014-11-01,C37,0.028498818011033,0
2014-12-01,C37,0.0647264622414365,0
2015-01-01,C37,-0.266402680066629,0
2015-02-01,C37,0.0212773097110199,0
2015-03-01,C37,0.190713490707463,0
2015-04-01,C37,-0.0836390179575464,0
2015-05-01,C37,-0.0212746388716356,0
2015-06-01,C37,0.0998963549920209,0
2015-07-01,C37,-0.0943232470769608,0
2015-08-01,C37,0.0271332775120046,0
2015-09-01,C37,-0.024163787429603,0
2015-10-01,C37,0.0150478350381427,0
2015-11-01,C37,-0.0041186705449378,0
2015-12-01,C37,-0.0911864008136556,0
2010-02-01,C38,0.0074246974236702,0
2010-03-01,C38,0.193280978191987,0
2010-04-01,C38,-0.0741754943177355,0
2010-05-01,C38,0.0512665623256776,0
2010-06-01,C38,0.0335654441673787,0
2010-07-01,C38,-0.0626691235929409,0
2010-08-01,C38,-0.207887410596995,0
2010-09-01,C38,-0.0355614615436251,0
2010-10-01,C38,0.225193089430968,0
2010-11-01,C38,0.0317449023404421,0
2010-12-01,C38,0.107766324342714,0
2011-01-01,C38,-0.148067767488506,0
2011-02-01,C38,0.0796203749545565,0
2011-03-01,C38,0.192074496430459,0
2011-04-01,C38,-0.0524317402252432,0
2011-05-01,C38,0.0623843962664337,0
2011-06-01,C38,-0.0014867405250464,0
2011-07-01,C38,-0.161540071014478,0
2011-08-01,C38,0.0761634662879782,0
2011-09-01,C38,-0.0980512057061222,0
2011-10-01,C38,0.0354728122507533,0
2011-11-01,C38,-0.0105166332990532,0
2011-12-01,C38,-0.0075636827829921,0
2012-01-01,C38,-0.154123522886707,0
2012-02-01,C38,0.244869138861246,0
2012-03-01,C38,0.133617285279716,0
2012-04-01,C38,-0.152918950840266,0
2012-05-01,C38,0.021050612392326,0
2012-06-01,C38,0.0633779944851396,0
2012-07-01,C38,-0.184884503952524,0
2012-08-01,C38,0.0613610494552761,0
2012-09-01,C38,-0.0429511431192209,0
2012-10-01,C38,0.130558659174386,0
2012-11-01,C38,0.0533980595015136,0
2012-12-01,C38,-0.05425509083328,0
2013-01-01,C38,0.0210553891934548,0
2013-02-01,C38,0.07545663832913,0
2013-03-01,C38,0.0154505033731338,0
2013-04-01,C38,0.0367208397228316,0
2013-05-01,C38,-0.0157647082427834,0
2013-06-01,C38,0.171150428264357,0
2013-07-01,C38,-0.194425729597608,0
2013-08-01,C38,0.0357833441197508,0
2013-09-01,C38,-0.176014694195991,0
2013-10-01,C38,0.101007738902334,0
2013-11-01,C38,0.0417390052852005,0
2013-12-01,C38,0.26282684534628,0
2014-01-01,C38,-0.278425903480716,0
2014-02-01,C38,0.0097706645648854,0
2014-03-01,C38,0.104840845739366,0
2014-04-01,C38,-0.0684793722063812,0
2014-05-01,C38,0.0133412927477963,0
2014-06-01,C38,0.009020136902035,0
2014-07-01,C38,-0.0628263028578013,0
2014-08-01,C38,0.0393990418353161,0
2014-09-01,C38,0.0097863300968388,0
2014-10-01,C38,0.0578690945387406,0
2014-11-01,C38,-0.216563374955058,0
2014-12-01,C38,0.102731337258855,0
2015-01-01,C38,-0.143390721666664,0
2015-02-01,C38,-0.096719503856491,0
2015-03-01,C38,0.165504033585379,0
2015-04-01,C38,-0.0441307924572847,0
2015-05-01,C38,-0.0838134936713173,0
2015-06-01,C38,0.0778631642481749,0
2015-07-01,C38,-0.0327083571257916,0
2015-08-01,C38,-0.110554633943047,0
2015-09-01,C38,0.0171728981023564,0
2015-10-01,C38,0.0762491311697335,0
2015-11-01,C38,-0.0257144490258927,0
2015-12-01,C38,0.030206780839225,0
2010-02-01,C39,-0.115141027262565,0
2010-03-01,C39,0.215827681569369,0
2010-04-01,C39,-0.0524491935580791,0
2010-05-01,C39,0.0003489184677611,0
2010-06-01,C39,-0.0005571908461128,0
2010-07-01,C39,0.0098956602880413,0
2010-08-01,C39,-0.124644320613825,0
2010-09-01,C39,-0.0518279336127279,0
2010-10-01,C39,0.207827255949594,0
2010-11-01,C39,0.0626884917087907,0
2010-12-01,C39,0.0099177801010199,0
2011-01-01,C39,-0.0924659644780945,0
2011-02-01,C39,0.0163069674004284,0
2011-03-01,C39,0.157335901389926,0
2011-04-01,C39,-0.132371223026174,0
2011-05-01,C39,0.0382045301986764,0
2011-06-01,C39,-0.0275990300149864,0
2011-07-01,C39,0.0735250808540524,0
2011-08-01,C39,0.0020184304449077,0
2011-09-01,C39,-0.0658993336204361,0
2011-10-01,C39,0.0420114443070219,0
2011-11-01,C39,-0.076314910848712,0
2011-12-01,C39,0.0144604605176735,0
2012-01-01,C39,-0.180426508599819,0
2012-02-01,C39,0.179333859282892,0
2012-03-01,C39,0.0501811521307047,0
2012-04-01,C39,-0.0689042147063841,0
2012-05-01,C39,0.0621763030413529,0
2012-06-01,C39,0.0035173025068342,0
2012-07-01,C39,0.018479588960103,0
2012-08-01,C39,0.0263927213214146,0
2012-09-01,C39,-0.111875122822335,0
2012-10-01,C39,0.0708467362558629,0
2012-11-01,C39,-0.0224175446365873,0
2012-12-01,C39,-0.0487426104199908,0
2013-01-01,C39,0.203428721113271,0
2013-02-01,C39,-0.120978023684797,0
2013-03-01,C39,0.122687168926689,0
2013-04-01,C39,0.034211147977512,0
2013-05-01,C39,0.0634639451144086,0
2013-06-01,C39,-0.0597610450585027,0
2013-07-01,C39,0.03411358302235,0
2013-08-01,C39,0.025516330038295,0
2013-09-01,C39,-0.070749522227425,0
2013-10-01,C39,-0.0908256631792828,0
2013-11-01,C39,0.170607367912247,0
2013-12-01,C39,0.0486900869234077,0
2014-01-01,C39,-0.274656625926312,0
2014-02-01,C39,-0.0234424422102908,0
2014-03-01,C39,0.0610266015803695,0
2014-04-01,C39,0.007866965372278,0
2014-05-01,C39,0.0012864487582042,0
2014-06-01,C39,-0.0307326038712894,0
2014-07-01,C39,0.0809199535029226,0
2014-08-01,C39,-0.0689142925658874,0
2014-09-01,C39,-0.0185860123914576,0
2014-10-01,C39,0.0035442935237046,0
2014-11-01,C39,-0.079319608536542,0
2014-12-01,C39,0.0283730547984664,0
2015-01-01,C39,-0.0636276035254628,0
2015-02-01,C39,-0.117686920248813,0
2015-03-01,C39,0.106753768237553,0
2015-04-01,C39,-0.0447795725055524,0
2015-05-01,C39,-0.0448021533386989,0
2015-06-01,C39,0.0521258563996625,0
2015-07-01,C39,0.0236783804357596,0
2015-08-01,C39,-0.0929326104746728,0
2015-09-01,C39,0.009490187006353,0
2015-10-01,C39,0.0350251113623425,0
2015-11-01,C39,-0.0860652654514933,0
2015-12-01,C39,0.0136690080714086,0
2010-02-01,C40,0.0459092675966941,0
2010-03-01,C40,0.0841741794309439,0
2010-04-01,C40,-0.187821406855115,0
2010-05-01,C40,0.0172108849983728,0
2010-06-01,C40,0.0299023386354502,0
2010-07-01,C40,-0.0230725071751712,0
2010-08-01,C40,-0.0576419810523907,0
2010-09-01,C40,0.0273117795742417,0
2010-10-01,C40,0.214361858076456,0
2010-11-01,C40,0.0825024092656275,0
2010-12-01,C40,0.0109514399519455,0
2011-01-01,C40,0.0412516376900021,0
2011-02-01,C40,0.102794516741156,0
2011-03-01,C40,0.175247229129017,0
2011-04-01,C40,-0.310765075199766,0
2011-05-01,C40,-0.0749436384660953,0
2011-06-01,C40,0.0553451697229992,0
2011-07-01,C40,0.102842716936464,0
2011-08-01,C40,0.15679395891695,0
2011-09-01,C40,0.263588193906283,0
2011-10-01,C40,-0.0999412335929719,0
2011-11-01,C40,-0.3581728764013,0
2011-12-01,C40,0.0955760811440109,0
2012-01-01,C40,-0.268874292665052,0
2012-02-01,C40,0.176285209510267,0
2012-03-01,C40,0.143817902053874,0
2012-04-01,C40,-0.111506708774096,0
2012-05-01,C40,-0.0201739177332589,0
2012-06-01,C40,-0.0627360980726905,0
2012-07-01,C40,0.0488848777123874,0
2012-08-01,C40,-0.0481384104437765,0
2012-09-01,C40,-0.0652347012927796,0
2012-10-01,C40,0.14560873955071,0
2012-11-01,C40,-0.042644104738093,0
2012-12-01,C40,0.111971275243046,0
2013-01-01,C40,0.0475793546455829,0
2013-02-01,C40,0.108231786659469,0
2013-03-01,C40,0.0653017748627418,0
2013-04-01,C40,-0.151891795262975,0
2013-05-01,C40,-0.0963653028823339,0
2013-06-01,C40,-0.158733247344425,0
2013-07-01,C40,0.0731854227545208,0
2013-08-01,C40,-0.0196048885948752,0
2013-09-01,C40,-0.0139980840189979,0
2013-10-01,C40,0.271073816462879,0
2013-11-01,C40,0.0524777924700173,0
2013-12-01,C40,0.0222851900647782,0
2014-01-01,C40,-0.240507638089735,0
2014-02-01,C40,0.0324118301945147,0
2014-03-01,C40,-0.0488227018688878,0
2014-04-01,C40,-0.183715749715115,0
2014-05-01,C40,-0.0405729662998446,0
2014-06-01,C40,-0.0306968643471022,0
2014-07-01,C40,-0.0440602273514488,0
2014-08-01,C40,0.0981976142893197,0
2014-09-01,C40,0.0075867136477487,0
2014-10-01,C40,0.0858825061077351,0
2014-11-01,C40,-0.172710004990225,0
2014-12-01,C40,0.0179788718775278,0
2015-01-01,C40,-0.209954344863122,0
2015-02-01,C40,0.0065381006940308,0
2015-03-01,C40,-0.303368602882927,0
2015-04-01,C40,0.0278196626087732,0
2015-05-01,C40,0.0135881337884713,0
2015-06-01,C40,-0.0302813132621296,0
2015-07-01,C40,-0.048568585089912,0
2015-08-01,C40,-0.162671582800366,0
2015-09-01,C40,0.031310891795016,0
2015-10-01,C40,0.0740887708459672,0
2015-11-01,C40,-0.031369771855724,0
2015-12-01,C40,-0.0154310651351128,0
2010-02-01,C41,0.0355891986724437,0
2010-03-01,C41,0.338842692431055,0
2010-04-01,C41,-0.0481887188528525,0
2010-05-01,C41,0.0076330767964192,0
2010-06-01,C41,0.0062038995141788,0
2010-07-01,C41,0.0843216638692263,0
2010-08-01,C41,-0.277020157589024,0
2010-09-01,C41,-0.0579666669613577,0
2010-10-01,C41,0.253478480943708,0
2010-11-01,C41,0.0527860152874258,0
2010-12-01,C41,0.0026455398766325,0
2011-01-01,C41,-0.0744206550045563,0
2011-02-01,C41,0.0230867990751227,0
2011-03-01,C41,0.257327023900256,0
2011-04-01,C41,-0.0660877994331281,0
2011-05-01,C41,0.0869498688177703,0
2011-06-01,C41,-0.0790397030175214,0
2011-07-01,C41,0.04611259853516,0
2011-08-01,C41,-0.0432490513697914,0
2011-09-01,C41,-0.134045282310099,0
2011-10-01,C41,0.140941480056719,0
2011-11-01,C41,0.046282781048629,0
2011-12-01,C41,-0.0867687871488894,0
2012-01-01,C41,-0.246762878074413,0
2012-02-01,C41,0.189045891502076,0
2012-03-01,C41,0.0980056377917178,0
2012-04-01,C41,-0.0318625033902808,0
2012-05-01,C41,0.0397437933170846,0
2012-06-01,C41,-0.0671691882487035,0
2012-07-01,C41,0.0477333113488498,0
2012-08-01,C41,-0.0723733683847918,0
2012-09-01,C41,-0.0953945862207233,0
2012-10-01,C41,0.101807825375483,0
2012-11-01,C41,0.094131560798461,0
2012-12-01,C41,-0.0812449795524675,0
2013-01-01,C41,0.034078160578864,0
2013-02-01,C41,-0.0447775017772924,0
2013-03-01,C41,0.172483237699958,0
2013-04-01,C41,0.0830285764264529,0
2013-05-01,C41,0.0906213153695488,0
2013-06-01,C41,-0.17465567860862,0
2013-07-01,C41,0.0772730120520198,0
2013-08-01,C41,-0.144506651134471,0
2013-09-01,C41,-0.0315126870854794,0
2013-10-01,C41,-0.0971960950803128,0
2013-11-01,C41,0.271933209920163,0
2013-12-01,C41,-0.0959480139740529,0
2014-01-01,C41,-0.139639177832318,0
2014-02-01,C41,0.0706679451907153,0
2014-03-01,C41,0.111839223716876,0
2014-04-01,C41,0.0048526473517114,0
2014-05-01,C41,0.0087797798455211,0
2014-06-01,C41,-0.0544402167794154,0
2014-07-01,C41,0.0607646083119482,0
2014-08-01,C41,-0.114214903072124,0
2014-09-01,C41,-0.0611753136932558,0
2014-10-01,C41,0.177568684924601,0
2014-11-01,C41,-0.0298311714816357,0
2014-12-01,C41,0.0200081542745467,0
2015-01-01,C41,-0.30788986396002,0
2015-02-01,C41,0.0769240909641926,0
2015-03-01,C41,0.197029145273012,0
2015-04-01,C41,-0.0430105221139669,0
2015-05-01,C41,-0.0722136473456612,0
2015-06-01,C41,-0.116832046154051,0
2015-07-01,C41,0.0001967639677724,0
2015-08-01,C41,-0.122620079040895,0
2015-09-01,C41,-0.0897249534677789,0
2015-10-01,C41,0.166146588603228,0
2015-11-01,C41,-0.0674910544633454,0
2015-12-01,C41,-0.0164145253968035,0
2010-02-01,C44,0.202925053094245,0
2010-03-01,C44,0.185475968956404,0
2010-04-01,C44,0.0188997151763708,0
2010-05-01,C44,0.0547100837978176,0
2010-06-01,C44,0.0480005516509889,0
2010-07-01,C44,0.0469460098746834,0
2010-08-01,C44,-0.11360601046619,0
2010-09-01,C44,0.0260495241059964,0
2010-10-01,C44,0.125182616701328,0
2010-11-01,C44,0.138752249612556,0
2010-12-01,C44,-0.059336481526409,0
2011-01-01,C44,-0.152256296341878,0
2011-02-01,C44,0.264396188797444,0
2011-03-01,C44,0.220196202723576,0
2011-04-01,C44,-0.0241080100801145,0
2011-05-01,C44,0.131786401379202,0
2011-06-01,C44,-0.0552918188604634,0
2011-07-01,C44,-0.136917815917325,0
2011-08-01,C44,0.0242098517531968,0
2011-09-01,C44,-0.0694282299121669,0
2011-10-01,C44,0.0581186969673695,0
2011-11-01,C44,-0.157051365415212,0
2011-12-01,C44,-0.182961876717244,0
2012-01-01,C44,0.0674903467063626,0
2012-02-01,C44,0.0616808152469952,0
2012-03-01,C44,0.240682429389998,0
2012-04-01,C44,-0.167961978416074,0
2012-05-01,C44,-0.0300096119993043,0
2012-06-01,C44,0.0552005609631658,0
2012-07-01,C44,-0.0441353633184871,0
2012-08-01,C44,-0.084568119356133,0
2012-09-01,C44,0.0540299010660217,0
2012-10-01,C44,0.199726275436774,0
2012-11-01,C44,-0.0423637860195845,0
2012-12-01,C44,0.0252783710753199,0
2013-01-01,C44,0.0901405599821681,0
2013-02-01,C44,0.197175342024752,0
2013-03-01,C44,0.14551367980568,0
2013-04-01,C44,0.0897728358461665,0
2013-05-01,C44,-0.0067390169539329,0
2013-06-01,C44,-0.0710195436516434,0
2013-07-01,C44,0.074891865778163,0
2013-08-01,C44,-0.0725592804607924,0
2013-09-01,C44,-0.0190878442278821,0
2013-10-01,C44,0.185638135692463,0
2013-11-01,C44,-0.0700226005036448,0
2013-12-01,C44,-0.0253892825595532,0
2014-01-01,C44,-0.0459151886138507,0
2014-02-01,C44,0.088788242997877,0
2014-03-01,C44,-0.0552509888697692,0
2014-04-01,C44,0.211563941654101,0
2014-05-01,C44,-0.0365246788875337,0
2014-06-01,C44,-0.0996060166512445,0
2014-07-01,C44,-0.083090830377559,0
2014-08-01,C44,-0.0760124696107205,0
2014-09-01,C44,0.0787344573100626,0
2014-10-01,C44,0.0880381679282252,0
2014-11-01,C44,-0.154352853207424,0
2014-12-01,C44,-0.0260803746892302,0
2015-01-01,C44,-0.259550109424148,0
2015-02-01,C44,0.203095977634718,0
2015-03-01,C44,0.0808149954512123,0
2015-04-01,C44,-0.0211899691694333,0
2015-05-01,C44,-0.156785791530735,0
2015-06-01,C44,0.0265267673413776,0
2015-07-01,C44,-0.164113101551848,0
2015-08-01,C44,-0.133839543970405,0
2015-09-01,C44,0.0596634060481502,0
2015-10-01,C44,0.0850562702522897,0
2015-11-01,C44,0.106297892896531,0
2015-12-01,C44,-0.0915557440498711,0
2010-02-01,C45,-0.0286880198340109,0
2010-03-01,C45,0.161194240641273,0
2010-04-01,C45,-0.483482811265773,0
2010-05-01,C45,0.204025667314277,0
2010-06-01,C45,-0.415179964865767,0
2010-07-01,C45,0.759746214488389,0
2010-08-01,C45,-0.682270877396907,0
2010-09-01,C45,-0.34356980785756,0
2010-10-01,C45,0.805776429900555,0
2010-11-01,C45,0.010782826618583,0
2010-12-01,C45,-0.0327980911724124,0
2011-01-01,C45,-0.467135975722118,0
2011-02-01,C45,0.382294563025942,0
2011-03-01,C45,-0.110749284553689,0
2011-04-01,C45,0.205854194131048,0
2011-05-01,C45,0.220912833744936,0
2011-06-01,C45,0.0719610695421409,0
2011-07-01,C45,0.309826984108851,0
2011-08-01,C45,-0.955930080349307,0
2011-09-01,C45,0.493118133201591,0
2011-10-01,C45,-0.0028183102319618,0
2011-11-01,C45,0.0917555272832833,0
2011-12-01,C45,-0.0309196655505954,0
2012-01-01,C45,-0.327738005395177,0
2012-02-01,C45,0.0234670896577271,0
2012-03-01,C45,-0.0637597589867576,0
2012-04-01,C45,-0.0099805834516286,0
2012-05-01,C45,-0.0221463601501732,0
2012-06-01,C45,0.204806085960283,0
2012-07-01,C45,-0.0215684018740285,0
2012-08-01,C45,-0.630564808933405,0
2012-09-01,C45,0.735129389237407,0
2012-10-01,C45,0.140940641606371,0
2012-11-01,C45,-0.343588299859664,0
2012-12-01,C45,0.209893246315575,0
2013-01-01,C45,-0.343334169318817,0
2013-02-01,C45,0.137233773821083,0
2013-03-01,C45,-0.0062409873351185,0
2013-04-01,C45,-0.149270917714177,0
2013-05-01,C45,0.252071411370186,0
2013-06-01,C45,-0.308390833930326,0
2013-07-01,C45,-0.12660964304659,0
2013-08-01,C45,-0.375545492745188,0
2013-09-01,C45,0.370007700777014,0
2013-10-01,C45,0.398789136023252,0
2013-11-01,C45,0.0741476653131412,0
2013-12-01,C45,-0.110560965646327,0
2014-01-01,C45,-0.298571058069536,0
2014-02-01,C45,-0.104324065716609,0
2014-03-01,C45,0.0433228886248931,0
2014-04-01,C45,0.484658118212547,0
2014-05-01,C45,-0.161816349862185,0
2014-06-01,C45,0.0947140978351797,0
2014-07-01,C45,0.0907656824000496,0
2014-08-01,C45,-0.754514286698929,0
2014-09-01,C45,0.43309815782723,0
2014-10-01,C45,0.430583865374149,0
2014-11-01,C45,0.15494769376961,0
2014-12-01,C45,-0.113799068379395,0
2015-01-01,C45,-0.770903750450023,0
2015-02-01,C45,0.389339118426379,0
2015-03-01,C45,0.0064056804648453,0
2015-04-01,C45,-0.0563924472838386,0
2015-05-01,C45,-0.0569470475094864,0
2015-06-01,C45,0.116254878657519,0
2015-07-01,C45,0.429213906793677,0
2015-08-01,C45,-0.950120285105606,0
2015-09-01,C45,0.333269985999301,0
2015-10-01,C45,0.40069580003282,0
2015-11-01,C45,-0.039912308562938,0
2015-12-01,C45,0.0862301242204193,0
2010-02-01,C46,-0.270195547860669,0
2010-03-01,C46,0.378372970219377,0
2010-04-01,C46,-0.818074800040874,0
2010-05-01,C46,0.50067283619778,0
2010-06-01,C46,0.11446789820265,0
2010-07-01,C46,-0.553786876597673,0
2010-08-01,C46,-0.676245138131175,0
2010-09-01,C46,0.0767379345400812,0
2010-10-01,C46,0.564568944924348,0
2010-11-01,C46,0.451511747949976,0
2010-12-01,C46,0.062296109233596,0
2011-01-01,C46,-0.505342605342908,0
2011-02-01,C46,-0.722184648449361,0
2011-03-01,C46,1.26105031627965,0
2011-04-01,C46,-0.299989026200227,0
2011-05-01,C46,-0.84679368521965,0
2011-06-01,C46,-0.103700893007791,0
2011-07-01,C46,0.449925041242657,0
2011-08-01,C46,1.07603438884735,0
2011-09-01,C46,-1.68406975823408,0
2011-10-01,C46,1.21008574433702,0
2011-11-01,C46,-0.509641166131752,0
2011-12-01,C46,-0.0632956561899951,0
2012-01-01,C46,-0.179951234201768,0
2012-02-01,C46,0.924324807229007,0
2012-03-01,C46,-1.22662648640644,0
2012-04-01,C46,1.19240352718408,0
2012-05-01,C46,-0.346559533989154,0
2012-06-01,C46,-0.180617247053471,0
2012-07-01,C46,1.15038668553599,0
2012-08-01,C46,1.1911492552697,0
2012-09-01,C46,-1.82123389442386,0
2012-10-01,C46,-0.393771860675951,0
2012-11-01,C46,0.910580560509241,0
2012-12-01,C46,-1.04613821274741,0
2013-01-01,C46,0.574606811474757,0
2013-02-01,C46,-1.05922377932859,0
2013-03-01,C46,0.914872404409871,0
2013-04-01,C46,-0.128640908633263,0
2013-05-01,C46,-0.730160102915184,0
2013-06-01,C46,0.53450266228508,0
2013-07-01,C46,0.341046196940726,0
2013-08-01,C46,-0.505070305396346,0
2013-09-01,C46,1.21771744648632,0
2013-10-01,C46,-0.893916881781176,0
2013-11-01,C46,-0.1216310009907,0
2013-12-01,C46,0.177370260583111,0
2014-01-01,C46,-1.15762316440897,0
2014-02-01,C46,1.15182489297534,0
2014-03-01,C46,0.232964400474467,0
2014-04-01,C46,-0.407398629848329,0
2014-05-01,C46,0.327337447679105,0
2014-06-01,C46,-0.316630274188557,0
2014-07-01,C46,0.0911901046459257,0
2014-08-01,C46,-0.708684140680846,0
2014-09-01,C46,0.596122288449362,0
2014-10-01,C46,0.757170843635109,0
2014-11-01,C46,-0.359111961752853,0
2014-12-01,C46,-0.201437643852179,0
2015-01-01,C46,-0.281232301260039,0
2015-02-01,C46,-0.0499735929097154,0
2015-03-01,C46,-0.232809752757887,0
2015-04-01,C46,-0.263388798276217,0
2015-05-01,C46,0.708217627349708,0
2015-06-01,C46,-0.490880910650801,0
2015-07-01,C46,0.412036578986433,0
2015-08-01,C46,-1.74195282190691,0
2015-09-01,C46,1.36229209152898,0
2015-10-01,C46,0.47367006537463,0
2015-11-01,C46,0.0275930081950585,0
2015-12-01,C46,-0.639212866226926,0
2010-02-01,C47,0.0406039261164288,0
2010-03-01,C47,0.0510730121243768,0
2010-04-01,C47,-0.0452685503904915,0
2010-05-01,C47,-0.0217678685130043,0
2010-06-01,C47,-0.0090410293524056,0
2010-07-01,C47,0.0207093000744818,0
2010-08-01,C47,-0.228230690934309,0
2010-09-01,C47,0.152366295110457,0
2010-10-01,C47,0.309704939313256,0
2010-11-01,C47,-0.0061601160580622,0
2010-12-01,C47,0.158784742806048,0
2011-01-01,C47,5.38989346132723e-05,0
2011-02-01,C47,-0.114477898467076,0
2011-03-01,C47,0.228015446598749,0
2011-04-01,C47,-0.0970384227348973,0
2011-05-01,C47,-0.0984613695681151,0
2011-06-01,C47,-0.0603958536738203,0
2011-07-01,C47,0.0620930254930938,0
2011-08-01,C47,0.113282008844625,0
2011-09-01,C47,0.0721673210413041,0
2011-10-01,C47,-0.0895191601043992,0
2011-11-01,C47,-0.183048598242494,0
2011-12-01,C47,0.22328486749462,0
2012-01-01,C47,0.0315541850651284,0
2012-02-01,C47,-0.0528826024757496,0
2012-03-01,C47,0.0148971820769175,0
2012-04-01,C47,-0.163307911994186,0
2012-05-01,C47,-0.0135573248511314,0
2012-06-01,C47,-0.0540883943745243,0
2012-07-01,C47,0.01912487174768,0
2012-08-01,C47,-0.176234348512315,0
2012-09-01,C47,0.111544301032884,0
2012-10-01,C47,0.141576759881275,0
2012-11-01,C47,-0.0249065791579568,0
2012-12-01,C47,0.0048522310737642,0
2013-01-01,C47,0.119280903709784,0
2013-02-01,C47,-0.0027633224671008,0
2013-03-01,C47,0.0546791726969671,0
2013-04-01,C47,-0.0076886234058646,0
2013-05-01,C47,-0.0903608681859147,0
2013-06-01,C47,-0.0429929354577387,0
2013-07-01,C47,0.090509796139254,0
2013-08-01,C47,0.0151667750520703,0
2013-09-01,C47,-0.087110186283347,0
2013-10-01,C47,0.20709501013843,0
2013-11-01,C47,-0.105372562879589,0
2013-12-01,C47,0.0491610264806388,0
2014-01-01,C47,0.0484080594907894,0
2014-02-01,C47,-0.17572069699055,0
2014-03-01,C47,-0.000565794644376,0
2014-04-01,C47,0.0993977823016383,0
2014-05-01,C47,-0.0326734721337152,0
2014-06-01,C47,-0.0865938655662273,0
2014-07-01,C47,0.05519869057414,0
2014-08-01,C47,-0.0568877177077116,0
2014-09-01,C47,0.0679931010000097,0
2014-10-01,C47,0.0098793453903676,0
2014-11-01,C47,-0.0452074225063495,0
2014-12-01,C47,-0.0104714636483259,0
2015-01-01,C47,-0.0426030327617095,0
2015-02-01,C47,-0.131520613310022,0
2015-03-01,C47,0.0738775948313846,0
2015-04-01,C47,0.0915325464522061,0
2015-05-01,C47,-0.0901123044220906,0
2015-06-01,C47,0.124765165270616,0
2015-07-01,C47,-0.0282921052273801,0
2015-08-01,C47,-0.0878365093088584,0
2015-09-01,C47,0.0628871428450832,0
2015-10-01,C47,-0.0624016924893986,0
2015-11-01,C47,-0.0417376620785213,0
2015-12-01,C47,0.0221244863070655,0
2010-02-01,C48,0.08530672357944,0
2010-03-01,C48,0.152336050748067,0
2010-04-01,C48,-0.025745893774757,0
2010-05-01,C48,-0.0403761805545528,0
2010-06-01,C48,0.0594493586384548,0
2010-07-01,C48,-0.0594054947528848,0
2010-08-01,C48,-0.341800483028736,0
2010-09-01,C48,-0.0001026581056828,0
2010-10-01,C48,0.334740637002946,0
2010-11-01,C48,0.0533991823960021,0
2010-12-01,C48,-0.0417681307322386,0
2011-01-01,C48,-0.0322803889079086,0
2011-02-01,C48,0.106070080368423,0
2011-03-01,C48,0.188996503762921,0
2011-04-01,C48,-0.0494221588693389,0
2011-05-01,C48,0.0030333567620699,0
2011-06-01,C48,-0.0481466316011874,0
2011-07-01,C48,-0.0617560865779767,0
2011-08-01,C48,0.0218314450049206,0
2011-09-01,C48,-0.0843959574772652,0
2011-10-01,C48,-0.0166794298167767,0
2011-11-01,C48,0.0276406004800798,0
2011-12-01,C48,-0.10626272700015,0
2012-01-01,C48,-0.0650304905499484,0
2012-02-01,C48,0.136623566847319,0
2012-03-01,C48,0.0502829862773533,0
2012-04-01,C48,0.004269671992362,0
2012-05-01,C48,0.0740068482682368,0
2012-06-01,C48,-0.0614037326285155,0
2012-07-01,C48,-0.0066414199829241,0
2012-08-01,C48,-0.0161870106374806,0
2012-09-01,C48,-0.0953073334037358,0
2012-10-01,C48,0.0355830005021582,0
2012-11-01,C48,0.0186241718378284,0
2012-12-01,C48,-0.0826570641923734,0
2013-01-01,C48,0.12195708960061,0
2013-02-01,C48,0.0105096778162599,0
2013-03-01,C48,0.0623800627390025,0
2013-04-01,C48,0.0312117883553187,0
2013-05-01,C48,0.0215222146790328,0
2013-06-01,C48,-0.0546071519799636,0
2013-07-01,C48,0.0216573268030418,0
2013-08-01,C48,-0.113498674399549,0
2013-09-01,C48,0.0141651599096617,0
2013-10-01,C48,0.0134668009038164,0
2013-11-01,C48,0.059961182759924,0
2013-12-01,C48,-0.0307105827353986,0
2014-01-01,C48,-8.01583400535932e-05,0
2014-02-01,C48,-0.120232747017408,0
2014-03-01,C48,0.101618408043999,0
2014-04-01,C48,-0.0105545098772968,0
2014-05-01,C48,-0.0019338904778978,0
2014-06-01,C48,-0.0736442095333141,0
2014-07-01,C48,0.117265833885742,0
2014-08-01,C48,-0.165494946191243,0
2014-09-01,C48,0.0333733233613751,0
2014-10-01,C48,0.0517945241905888,0
2014-11-01,C48,-0.138778546042917,0
2014-12-01,C48,0.0410540744280601,0
2015-01-01,C48,-0.0735461654922274,0
2015-02-01,C48,-0.0863489962684545,0
2015-03-01,C48,0.1699805951591,0
2015-04-01,C48,-0.0063730786124409,0
2015-05-01,C48,-0.0632158462904897,0
2015-06-01,C48,0.0363250295170587,0
2015-07-01,C48,-0.0066746342830761,0
2015-08-01,C48,-0.174677150792007,0
2015-09-01,C48,0.0660178337218067,0
2015-10-01,C48,0.0701785165223479,0
2015-11-01,C48,-0.0726272492018758,0
2015-12-01,C48,0.0003515127784607,0
2010-02-01,C49,-0.114940592265982,0
2010-03-01,C49,0.435384342777363,0
2010-04-01,C49,-0.23924745876082,0
2010-05-01,C49,0.0238168587025589,0
2010-06-01,C49,-0.0243360729064737,0
2010-07-01,C49,0.0346848605331322,0
2010-08-01,C49,-0.234224098378524,0
2010-09-01,C49,-0.0064798278030666,0
2010-10-01,C49,0.202531715601938,0
2010-11-01,C49,-0.0485392851514233,0
2010-12-01,C49,0.115802734229955,0
2011-01-01,C49,-0.252931221544832,0
2011-02-01,C49,-0.172195313486517,0
2011-03-01,C49,0.314198893316457,0
2011-04-01,C49,-0.0144208515541369,0
2011-05-01,C49,0.0630429271232487,0
2011-06-01,C49,0.0454212614227494,0
2011-07-01,C49,0.157978344466938,0
2011-08-01,C49,-0.0532389176035259,0
2011-09-01,C49,-0.0269078984000464,0
2011-10-01,C49,0.0346153559186897,0
2011-11-01,C49,0.193466538366779,0
2011-12-01,C49,-0.0137577511401954,0
2012-01-01,C49,-0.603221955705023,0
2012-02-01,C49,0.268536396379517,0
2012-03-01,C49,0.0329780165366804,0
2012-04-01,C49,-0.0450685995821027,0
2012-05-01,C49,-0.0142532150429018,0
2012-06-01,C49,0.0949572453545358,0
2012-07-01,C49,0.0617070956358665,0
2012-08-01,C49,0.140207356547443,0
2012-09-01,C49,-0.250962787651221,0
2012-10-01,C49,-0.0146809032326134,0
2012-11-01,C49,-0.0812786739706501,0
2012-12-01,C49,0.0704505793760823,0
2013-01-01,C49,-0.0274416234288601,0
2013-02-01,C49,-0.199842597625433,0
2013-03-01,C49,0.242297161609542,0
2013-04-01,C49,-0.123173789570354,0
2013-05-01,C49,-0.0547958206308543,0
2013-06-01,C49,0.301017231062142,0
2013-07-01,C49,-0.151680773000852,0
2013-08-01,C49,-0.000724080625444,0
2013-09-01,C49,0.0025710495687345,0
2013-10-01,C49,-0.152354921447208,0
2013-11-01,C49,0.197227388999866,0
2013-12-01,C49,0.123035207333717,0
2014-01-01,C49,-0.315222715520942,0
2014-02-01,C49,0.171767528112495,0
2014-03-01,C49,-0.0725100341327369,0
2014-04-01,C49,0.412796859778031,0
2014-05-01,C49,-0.429460269475326,0
2014-06-01,C49,0.168649867723079,0
2014-07-01,C49,0.0089437663947524,0
2014-08-01,C49,0.0657670457139821,0
2014-09-01,C49,-0.10881871628799,0
2014-10-01,C49,0.0273071958164124,0
2014-11-01,C49,-0.166048002781131,0
2014-12-01,C49,0.324093929429454,0
2015-01-01,C49,0.488595864842085,0
2015-02-01,C49,-0.890610941471051,0
2015-03-01,C49,0.235758415023635,0
2015-04-01,C49,-0.269442064562812,0
2015-05-01,C49,0.142877614393977,0
2015-06-01,C49,0.0607257667292291,0
2015-07-01,C49,0.0171373521836893,0
2015-08-01,C49,0.147071040024096,0
2015-09-01,C49,0.0334706756525813,0
2015-10-01,C49,0.0282044352243433,0
2015-11-01,C49,-0.199877232040468,0
2015-12-01,C49,0.254857224822575,0
2010-02-01,C50,0.0836737346457395,0
2010-03-01,C50,0.361249445754332,0
2010-04-01,C50,-0.249339062880085,0
2010-05-01,C50,-0.285292547652379,0
2010-06-01,C50,0.294981271070855,0
2010-07-01,C50,-0.0569241876680331,0
2010-08-01,C50,0.022526895192382,0
2010-09-01,C50,-0.215914745410576,0
2010-10-01,C50,0.237297005062011,0
2010-11-01,C50,0.413977888795402,0
2010-12-01,C50,-0.16954344036933,0
2011-01-01,C50,-0.275618817889278,0
2011-02-01,C50,-0.234730005854967,0
2011-03-01,C50,0.78838335049073,0
2011-04-01,C50,-0.798914301291837,0
2011-05-01,C50,0.0804014080932545,0
2011-06-01,C50,-0.140599906435585,0
2011-07-01,C50,0.183873350980888,0
2011-08-01,C50,-0.28073227701558,0
2011-09-01,C50,-0.0573189709727715,0
2011-10-01,C50,0.456554357668116,0
2011-11-01,C50,0.110546778307681,0
2011-12-01,C50,-0.303085757199027,0
2012-01-01,C50,-0.575900924729292,0
2012-02-01,C50,0.244962082429811,0
2012-03-01,C50,0.167040715200593,0
2012-04-01,C50,0.148606879780833,0
2012-05-01,C50,-0.114989026559611,0
2012-06-01,C50,-0.286956464532318,0
2012-07-01,C50,0.18216109991636,0
2012-08-01,C50,-0.103137880172608,0
2012-09-01,C50,-0.127444990150599,0
2012-10-01,C50,0.329905599946435,0
2012-11-01,C50,0.133094667727483,0
2012-12-01,C50,-0.176216870864829,0
2013-01-01,C50,-0.227192576970523,0
2013-02-01,C50,-0.442757667127754,0
2013-03-01,C50,0.389452771784482,0
2013-04-01,C50,0.253594717911914,0
2013-05-01,C50,0.0188086513568373,0
2013-06-01,C50,-0.381445460530502,0
2013-07-01,C50,0.318166414264781,0
2013-08-01,C50,0.081782629166955,0
2013-09-01,C50,-0.427973801956647,0
2013-10-01,C50,-0.334767690438698,0
2013-11-01,C50,0.800533141644773,0
2013-12-01,C50,-0.167713912069832,0
2014-01-01,C50,-0.368003571238965,0
2014-02-01,C50,-0.392759336130357,0
2014-03-01,C50,0.424069802485293,0
2014-04-01,C50,0.152618752944649,0
2014-05-01,C50,-0.0759774948844427,0
2014-06-01,C50,-0.124856539815998,0
2014-07-01,C50,-0.0195110447343338,0
2014-08-01,C50,0.176432286390162,0
2014-09-01,C50,-0.114480595099051,0
2014-10-01,C50,0.0357635095616278,0
2014-11-01,C50,0.277514136399149,0
2014-12-01,C50,-0.151903666032763,0
2015-01-01,C50,-0.264769482392012,0
2015-02-01,C50,-0.560509934332202,0
2015-03-01,C50,0.480718672831012,0
2015-04-01,C50,0.0805174337092427,0
2015-05-01,C50,-0.128348394357288,0
2015-06-01,C50,0.141152888544057,0
2015-07-01,C50,-0.0497811984548417,0
2015-08-01,C50,0.0078630996683846,0
2015-09-01,C50,-0.193841380858273,0
2015-10-01,C50,0.395326198931232,0
2015-11-01,C50,0.108190417969996,0
2015-12-01,C50,0.0800196100124819,0
2010-02-01,C51,0.288143721299173,0
2010-03-01,C51,0.333681369860514,0
2010-04-01,C51,-0.603157079397981,0
2010-05-01,C51,-0.0682226741904906,0
2010-06-01,C51,0.0461307755805835,0
2010-07-01,C51,0.504952560065702,0
2010-08-01,C51,-0.638873387562266,0
2010-09-01,C51,0.0465158413680378,0
2010-10-01,C51,0.424632068832879,0
2010-11-01,C51,0.170960039560391,0
2010-12-01,C51,0.033358044753709,0
2011-01-01,C51,-0.364983077547139,0
2011-02-01,C51,0.44752395991263,0
2011-03-01,C51,0.30926960181667,0
2011-04-01,C51,0.0164479739194032,0
2011-05-01,C51,-0.094571791124574,0
2011-06-01,C51,-0.0943700306852531,0
2011-07-01,C51,-0.126456512058687,0
2011-08-01,C51,-0.2483065012425,0
2011-09-01,C51,0.0583704930821298,0
2011-10-01,C51,0.297808146329403,0
2011-11-01,C51,-0.153127708130352,0
2011-12-01,C51,-0.0970477956826805,0
2012-01-01,C51,-0.144629429514965,0
2012-02-01,C51,0.259579135406237,0
2012-03-01,C51,0.313069495622199,0
2012-04-01,C51,-0.0045015186057026,0
2012-05-01,C51,-0.126542239082934,0
2012-06-01,C51,-0.184635540936136,0
2012-07-01,C51,-0.0546955423153825,0
2012-08-01,C51,-0.395262540409353,0
2012-09-01,C51,0.0623868593375558,0
2012-10-01,C51,0.306658578036159,0
2012-11-01,C51,0.238315479973951,0
2012-12-01,C51,-0.139020300655587,0
2013-01-01,C51,-0.307879883368953,0
2013-02-01,C51,0.352636755340187,0
2013-03-01,C51,0.223794821015269,0
2013-04-01,C51,-0.0721559330459476,0
2013-05-01,C51,-0.0270162422383979,0
2013-06-01,C51,-0.174212133916357,0
2013-07-01,C51,-0.0382613285938822,0
2013-08-01,C51,-0.322029404751236,0
2013-09-01,C51,0.0792347454777884,0
2013-10-01,C51,0.234122793175086,0
2013-11-01,C51,0.0555181779087413,0
2013-12-01,C51,-0.232474755968581,0
2014-01-01,C51,-0.210919048277844,0
2014-02-01,C51,0.187609018568883,0
2014-03-01,C51,0.141461840223605,0
2014-04-01,C51,0.16867109154478,0
2014-05-01,C51,0.0151067482675433,0
2014-06-01,C51,-0.0985343664526193,0
2014-07-01,C51,-0.0248986341165631,0
2014-08-01,C51,-0.245371183213292,0
2014-09-01,C51,0.113214749012959,0
2014-10-01,C51,0.115422582665722,0
2014-11-01,C51,-0.0567446502503914,0
2014-12-01,C51,0.020595584389226,0
2015-01-01,C51,-0.574421491339238,0
2015-02-01,C51,0.533653278782822,0
2015-03-01,C51,0.193798512044393,0
2015-04-01,C51,0.0434917910171455,0
2015-05-01,C51,0.0770619590190735,0
2015-06-01,C51,-0.0031363810839657,0
2015-07-01,C51,-0.200225450460481,0
2015-08-01,C51,-0.433577433915471,0
2015-09-01,C51,0.0761276833497009,0
2015-10-01,C51,0.0743162626739595,0
2015-11-01,C51,-0.154742213715337,0
2015-12-01,C51,0.171283746727244,0
2010-02-01,C52,-0.0912558076372072,0
2010-03-01,C52,0.336729330356051,0
2010-04-01,C52,-0.112799940119202,0
2010-05-01,C52,-0.0746228328680267,0
2010-06-01,C52,0.0289620700691815,0
2010-07-01,C52,0.372274203836874,0
2010-08-01,C52,-0.123595266646191,0
2010-09-01,C52,-0.481756915921802,0
2010-10-01,C52,0.232380900043925,0
2010-11-01,C52,0.393356845173889,0
2010-12-01,C52,0.14825051413522,0
2011-01-01,C52,-0.0315852928764668,0
2011-02-01,C52,0.0506065000222344,0
2011-03-01,C52,0.0283557605320794,0
2011-04-01,C52,-0.229844893549821,0
2011-05-01,C52,-0.0326740095974021,0
2011-06-01,C52,0.0424894037244732,0
2011-07-01,C52,0.198190900208959,0
2011-08-01,C52,-0.0485166240777257,0
2011-09-01,C52,0.146131142905282,0
2011-10-01,C52,0.237515832880708,0
2011-11-01,C52,0.378660754882612,0
2011-12-01,C52,-0.343067131442576,0
2012-01-01,C52,0.158554064883691,0
2012-02-01,C52,0.12192260960959,0
2012-03-01,C52,-0.264747310234437,0
2012-04-01,C52,-0.0046733933645555,0
2012-05-01,C52,-0.031006382403171,0
2012-06-01,C52,-0.14941932039632,0
2012-07-01,C52,-0.111343747567848,0
2012-08-01,C52,-0.104942078661549,0
2012-09-01,C52,0.0668730548173775,0
2012-10-01,C52,0.0726278394925597,0
2012-11-01,C52,0.18774285318792,0
2012-12-01,C52,0.0283161234282145,0
2013-01-01,C52,0.0736656561454447,0
2013-02-01,C52,-0.0352430614844774,0
2013-03-01,C52,-0.180842809565,0
2013-04-01,C52,-0.0969087642106992,0
2013-05-01,C52,0.170955504701968,0
2013-06-01,C52,-0.0617889185222928,0
2013-07-01,C52,0.0292769132580144,0
2013-08-01,C52,-0.188976141195533,0
2013-09-01,C52,-0.123445497268179,0
2013-10-01,C52,-0.0657295433186444,0
2013-11-01,C52,0.571556095277055,0
2013-12-01,C52,-0.156353633561296,0
2014-01-01,C52,-0.165525170888501,0
2014-02-01,C52,-0.26022870454699,0
2014-03-01,C52,0.156024872409517,0
2014-04-01,C52,-0.124682948966386,0
2014-05-01,C52,0.0220574716480906,0
2014-06-01,C52,0.0398965534691813,0
2014-07-01,C52,-0.182818990559582,0
2014-08-01,C52,-0.154057748431695,0
2014-09-01,C52,0.0131475064476856,0
2014-10-01,C52,0.0725026253377559,0
2014-11-01,C52,0.162049864357592,0
2014-12-01,C52,-0.0162478221045959,0
2015-01-01,C52,-0.23731044045182,0
2015-02-01,C52,-0.0272974469370704,0
2015-03-01,C52,0.148107667876552,0
2015-04-01,C52,-0.0996857408255298,0
2015-05-01,C52,-0.0149049954006424,0
2015-06-01,C52,-0.0349965291740348,0
2015-07-01,C52,-0.0667980842359652,0
2015-08-01,C52,-0.0975321486203411,0
2015-09-01,C52,-0.14268552709495,0
2015-10-01,C52,0.143728803498421,0
2015-11-01,C52,-0.0378822927037827,0
2015-12-01,C52,-0.0533591692517685,0
2010-02-01,C53,-0.143972067812907,0
2010-03-01,C53,-0.0347271900409649,0
2010-04-01,C53,0.124169474127528,0
2010-05-01,C53,-0.0737245634344657,0
2010-06-01,C53,0.307031328781001,0
2010-07-01,C53,-0.342291405902922,0
2010-08-01,C53,-0.703858009047186,0
2010-09-01,C53,0.197412012339474,0
2010-10-01,C53,0.784598557653456,0
2010-11-01,C53,0.499588802880881,0
2010-12-01,C53,0.0419025268410103,0
2011-01-01,C53,-0.244312868234546,0
2011-02-01,C53,-0.357660139943586,0
2011-03-01,C53,0.619256477826597,0
2011-04-01,C53,-0.0861206466752229,0
2011-05-01,C53,0.0234735689629799,0
2011-06-01,C53,-0.548612531892731,0
2011-07-01,C53,0.301714015842612,0
2011-08-01,C53,-0.731231923829835,0
2011-09-01,C53,0.175924777968973,0
2011-10-01,C53,0.205534434413523,0
2011-11-01,C53,0.103077741746896,0
2011-12-01,C53,-0.345769469565793,0
2012-01-01,C53,0.0442155913547562,0
2012-02-01,C53,0.323495443650119,0
2012-03-01,C53,0.246914789599922,0
2012-04-01,C53,-0.0324246640542061,0
2012-05-01,C53,-0.205605565967016,0
2012-06-01,C53,-0.397313026591483,0
2012-07-01,C53,0.183438764754865,0
2012-08-01,C53,-0.0849668096763025,0
2012-09-01,C53,-0.105033296018403,0
2012-10-01,C53,0.346042479202441,0
2012-11-01,C53,0.268923361250453,0
2012-12-01,C53,-0.0582072191678469,0
2013-01-01,C53,0.0127584417088036,0
2013-02-01,C53,0.155380826689526,0
2013-03-01,C53,-0.15641195763409,0
2013-04-01,C53,0.268705197471563,0
2013-05-01,C53,-0.275067988713958,0
2013-06-01,C53,-0.0995720891018967,0
2013-07-01,C53,0.343886543640503,0
2013-08-01,C53,-0.949085744341582,0
2013-09-01,C53,0.293983943632945,0
2013-10-01,C53,0.310122898997514,0
2013-11-01,C53,0.411938099740629,0
2013-12-01,C53,-0.0004198698436992,0
2014-01-01,C53,-0.0458479960615303,0
2014-02-01,C53,0.0229525980115843,0
2014-03-01,C53,0.0914792204346888,0
2014-04-01,C53,0.18327127669917,0
2014-05-01,C53,-0.239651565461452,0
2014-06-01,C53,0.0358243220703187,0
2014-07-01,C53,-0.126772469122693,0
2014-08-01,C53,-0.199497065694022,0
2014-09-01,C53,-0.0733975382884804,0
2014-10-01,C53,0.407959197761238,0
2014-11-01,C53,-0.009236541023867,0
2014-12-01,C53,0.183038800463535,0
2015-01-01,C53,-0.332382730273195,0
2015-02-01,C53,0.0291422278083644,0
2015-03-01,C53,-0.0629606671189515,0
2015-04-01,C53,0.189825429583223,0
2015-05-01,C53,-0.348780308650054,0
2015-06-01,C53,0.334716287187061,0
2015-07-01,C53,-0.165839808434108,0
2015-08-01,C53,-0.646988006943626,0
2015-09-01,C53,0.388544918951751,0
2015-10-01,C53,0.249559803214178,0
2015-11-01,C53,0.151174741508908,0
2015-12-01,C53,0.0663311307890275,0
2010-02-01,C54,-0.238933031853192,0
2010-03-01,C54,0.286235197010466,0
2010-04-01,C54,0.0599058248280597,0
2010-05-01,C54,0.0838632953839511,0
2010-06-01,C54,0.0666559774591233,0
2010-07-01,C54,-0.0831439040406305,0
2010-08-01,C54,-0.209473552249369,0
2010-09-01,C54,-0.095804404373764,0
2010-10-01,C54,0.222155543164484,0
2010-11-01,C54,0.0098393935913954,0
2010-12-01,C54,0.0223881809279227,0
2011-01-01,C54,-0.297552275440315,0
2011-02-01,C54,0.0161969087111071,0
2011-03-01,C54,0.25973956170111,0
2011-04-01,C54,0.0637424773557305,0
2011-05-01,C54,0.0296132123450077,0
2011-06-01,C54,-0.0216886816058119,0
2011-07-01,C54,0.0246616989033077,0
2011-08-01,C54,-0.122228353362324,0
2011-09-01,C54,-0.0187876956033568,0
2011-10-01,C54,0.0344687352781499,0
2011-11-01,C54,0.0343044568965256,0
2011-12-01,C54,-0.0744836462499014,0
2012-01-01,C54,-0.36112214653908,0
2012-02-01,C54,0.263707535850764,0
2012-03-01,C54,0.146928763002105,0
2012-04-01,C54,-0.0228544434131237,0
2012-05-01,C54,0.003602401130216,0
2012-06-01,C54,0.0153867483566872,0
2012-07-01,C54,-0.0734285642436463,0
2012-08-01,C54,-0.0215931620316487,0
2012-09-01,C54,-0.0624666919582131,0
2012-10-01,C54,0.133708666414289,0
2012-11-01,C54,-0.0522905694416931,0
2012-12-01,C54,-0.0470262126497154,0
2013-01-01,C54,0.0213726578305407,0
2013-02-01,C54,-0.0851887397345745,0
2013-03-01,C54,0.314223736241484,0
2013-04-01,C54,0.0687046086815224,0
2013-05-01,C54,0.0370320055959725,0
2013-06-01,C54,-0.0684982391609212,0
2013-07-01,C54,-0.0088567841865767,0
2013-08-01,C54,-0.118891083107349,0
2013-09-01,C54,-0.0472441285330296,0
2013-10-01,C54,-0.17414984516301,0
2013-11-01,C54,0.357522517980549,0
2013-12-01,C54,-0.0549094871845117,0
2014-01-01,C54,-0.386478335655318,0
2014-02-01,C54,0.17348929089186,0
2014-03-01,C54,0.125401717149349,0
2014-04-01,C54,0.0396938528692194,0
2014-05-01,C54,0.0021443331138666,0
2014-06-01,C54,-0.0075355886669799,0
2014-07-01,C54,0.0185457171733452,0
2014-08-01,C54,-0.16762858958953,0
2014-09-01,C54,-0.0259330027365481,0
2014-10-01,C54,0.158403666563417,0
2014-11-01,C54,-0.109710306851177,0
2014-12-01,C54,0.0653143846606419,0
2015-01-01,C54,-0.346888401815672,0
2015-02-01,C54,-0.24122862769635,0
2015-03-01,C54,0.259056682535809,0
2015-04-01,C54,0.0508482725944281,0
2015-05-01,C54,-0.0029125390164379,0
2015-06-01,C54,-0.0106347041380452,0
2015-07-01,C54,-0.0017114139267366,0
2015-08-01,C54,-0.20572232786524,0
2015-09-01,C54,0.0527084699779845,0
2015-10-01,C54,0.135261024477859,0
2015-11-01,C54,-0.0455818885840218,0
2015-12-01,C54,0.0358734995226264,0
2010-02-01,C55,0.0725605815462407,0
2010-03-01,C55,0.249505665092132,0
2010-04-01,C55,-0.0423602703084258,0
2010-05-01,C55,0.0033864547790827,0
2010-06-01,C55,0.142942270080968,0
2010-07-01,C55,-0.125793767327564,0
2010-08-01,C55,-0.145610832392721,0
2010-09-01,C55,-0.057665410066785,0
2010-10-01,C55,0.263509283655067,0
2010-11-01,C55,-0.0271228390901106,0
2010-12-01,C55,0.01175278789675,0
2011-01-01,C55,-0.0865617453006449,0
2011-02-01,C55,0.0572224209305672,0
2011-03-01,C55,0.267529745627445,0
2011-04-01,C55,-0.0581495209278202,0
2011-05-01,C55,-0.0068343138318329,0
2011-06-01,C55,0.0300060631360495,0
2011-07-01,C55,-0.0367860219390073,0
2011-08-01,C55,-0.0180179998222361,0
2011-09-01,C55,-0.0297948458116446,0
2011-10-01,C55,0.0866297848872772,0
2011-11-01,C55,0.0238823925021201,0
2011-12-01,C55,-0.0560634692395743,0
2012-01-01,C55,-0.157345340472337,0
2012-02-01,C55,0.0603759844250717,0
2012-03-01,C55,0.214160622384134,0
2012-04-01,C55,-0.143676303430052,0
2012-05-01,C55,0.0466195006662087,0
2012-06-01,C55,0.0030605259220353,0
2012-07-01,C55,-0.0073366420497285,0
2012-08-01,C55,-0.129173863875167,0
2012-09-01,C55,-0.040708533062193,0
2012-10-01,C55,-0.0880138988939416,0
2012-11-01,C55,0.0639410850815674,0
2012-12-01,C55,0.0463161920532942,0
2013-01-01,C55,0.0913691129559,0
2013-02-01,C55,-0.119163369820923,0
2013-03-01,C55,0.208050730162809,0
2013-04-01,C55,0.0539018285644515,0
2013-05-01,C55,0.0656064711112982,0
2013-06-01,C55,-0.086172246364792,0
2013-07-01,C55,0.111437031210957,0
2013-08-01,C55,-0.15823089110111,0
2013-09-01,C55,-0.107145061552274,0
2013-10-01,C55,-0.0352064994783294,0
2013-11-01,C55,0.228067054443689,0
2013-12-01,C55,-0.204306123677876,0
2014-01-01,C55,-0.0843999138440745,0
2014-02-01,C55,0.0393500850423747,0
2014-03-01,C55,0.129105760237546,0
2014-04-01,C55,-0.0608986694671296,0
2014-05-01,C55,0.0550876827053113,0
2014-06-01,C55,-0.102784561740585,0
2014-07-01,C55,0.142261089576802,0
2014-08-01,C55,-0.251693693059608,0
2014-09-01,C55,0.04968663943417,0
2014-10-01,C55,0.0192557592849276,0
2014-11-01,C55,-0.099908980499996,0
2014-12-01,C55,0.0394865667222959,0
2015-01-01,C55,-0.0992046880149147,0
2015-02-01,C55,-0.278330781449849,0
2015-03-01,C55,0.135724826048132,0
2015-04-01,C55,0.118271068395061,0
2015-05-01,C55,0.0197856644910201,0
2015-06-01,C55,-0.0792169132991418,0
2015-07-01,C55,-0.0211634838658759,0
2015-08-01,C55,0.048976250038355,0
2015-09-01,C55,-0.0732799689846608,0
2015-10-01,C55,-0.0144276011036943,0
2015-11-01,C55,-0.0236554905404711,0
2015-12-01,C55,0.0114723210371439,0
2010-02-01,C56,0.0013535444293939,0
2010-03-01,C56,0.208591544429178,0
2010-04-01,C56,-0.0764218918810284,0
2010-05-01,C56,0.0273500774583706,0
2010-06-01,C56,0.0380405688035124,0
2010-07-01,C56,0.007677815104417,0
2010-08-01,C56,-0.253326181193938,0
2010-09-01,C56,0.0053939200148622,0
2010-10-01,C56,0.282122734562297,0
2010-11-01,C56,-0.111425571820049,0
2010-12-01,C56,0.008607669789173,0
2011-01-01,C56,-0.0842260128701957,0
2011-02-01,C56,-0.0061393658533175,0
2011-03-01,C56,0.145789378789749,0
2011-04-01,C56,-0.0818798015291682,0
2011-05-01,C56,0.114453492358646,0
2011-06-01,C56,0.0564495814625534,0
2011-07-01,C56,0.0340283489126332,0
2011-08-01,C56,0.0354942101550639,0
2011-09-01,C56,0.03651904475268,0
2011-10-01,C56,-0.257302041751649,0
2011-11-01,C56,-0.0387581024478969,0
2011-12-01,C56,-0.0051628161851571,0
2012-01-01,C56,-0.077056490168828,0
2012-02-01,C56,0.155794244642963,0
2012-03-01,C56,0.0511710728823482,0
2012-04-01,C56,0.0637863626432544,0
2012-05-01,C56,0.0648738339982815,0
2012-06-01,C56,0.017757845102226,0
2012-07-01,C56,-0.0375892471787775,0
2012-08-01,C56,-0.0446461184775995,0
2012-09-01,C56,0.009294483038567,0
2012-10-01,C56,-0.111915309468866,0
2012-11-01,C56,-0.0669958056628097,0
2012-12-01,C56,-0.0007328002993807,0
2013-01-01,C56,0.0942046448054672,0
2013-02-01,C56,-0.0497015756608032,0
2013-03-01,C56,0.242271446085147,0
2013-04-01,C56,0.12796978255164,0
2013-05-01,C56,-0.0230493647558907,0
2013-06-01,C56,-0.084859118514343,0
2013-07-01,C56,-0.0773363928533559,0
2013-08-01,C56,0.0388710116375535,0
2013-09-01,C56,-0.0383412307743649,0
2013-10-01,C56,-0.0196504768300754,0
2013-11-01,C56,0.0608251258273249,0
2013-12-01,C56,-0.0272352708929819,0
2014-01-01,C56,-0.203014540580757,0
2014-02-01,C56,0.0250038177537979,0
2014-03-01,C56,0.020673291413364,0
2014-04-01,C56,-0.0139591172242133,0
2014-05-01,C56,0.102221906169215,0
2014-06-01,C56,-0.0388184577127353,0
2014-07-01,C56,0.064453679178194,0
2014-08-01,C56,-0.0689356943628097,0
2014-09-01,C56,0.0140857622187287,0
2014-10-01,C56,0.0727475699267597,0
2014-11-01,C56,-0.141821285246903,0
2014-12-01,C56,0.01824845180907,0
2015-01-01,C56,-0.0817858539287002,0
2015-02-01,C56,-0.0881388949810678,0
2015-03-01,C56,0.157167270876555,0
2015-04-01,C56,-0.0925118253997788,0
2015-05-01,C56,-0.0297918625274178,0
2015-06-01,C56,0.0638959553733809,0
2015-07-01,C56,-0.0227569199957767,0
2015-08-01,C56,-0.209794195352533,0
2015-09-01,C56,0.136261075742371,0
2015-10-01,C56,0.0743023571340036,0
2015-11-01,C56,-0.061386305185394,0
2015-12-01,C56,0.167365227993548,0
2010-02-01,C57,0.0447203544631103,0
2010-03-01,C57,-0.0639206824452043,0
2010-04-01,C57,0.0427567260759676,0
2010-05-01,C57,0.0117412048985326,0
2010-06-01,C57,0.330036923302701,0
2010-07-01,C57,-0.339208553011992,0
2010-08-01,C57,-0.437570693115499,0
2010-09-01,C57,0.0996218539479699,0
2010-10-01,C57,0.400231706334124,0
2010-11-01,C57,-0.095937057393447,0
2010-12-01,C57,-0.0633679435650287,0
2011-01-01,C57,0.0064681571507487,0
2011-02-01,C57,-0.0606341990006585,0
2011-03-01,C57,0.261760605703298,0
2011-04-01,C57,-0.129266435344935,0
2011-05-01,C57,0.196921770007622,0
2011-06-01,C57,0.0406342869530634,0
2011-07-01,C57,-0.198785080783193,0
2011-08-01,C57,0.200787923655056,0
2011-09-01,C57,-0.115654438965916,0
2011-10-01,C57,-0.0804252570463797,0
2011-11-01,C57,0.114660956580273,0
2011-12-01,C57,-0.0656988279020165,0
2012-01-01,C57,0.0050325119446821,0
2012-02-01,C57,0.161447160138944,0
2012-03-01,C57,0.120435472544556,0
2012-04-01,C57,0.006704900063351,0
2012-05-01,C57,0.199319044125912,0
2012-06-01,C57,-0.117216711959095,0
2012-07-01,C57,-0.0816011118361186,0
2012-08-01,C57,0.0741908196109229,0
2012-09-01,C57,-0.436555567051422,0
2012-10-01,C57,0.297463962304568,0
2012-11-01,C57,0.0603626250983327,0
2012-12-01,C57,-0.180330867295753,0
2013-01-01,C57,0.155564885894213,0
2013-02-01,C57,-0.0113339224582787,0
2013-03-01,C57,0.110632654840635,0
2013-04-01,C57,0.0908209417157915,0
2013-05-01,C57,0.136759841056952,0
2013-06-01,C57,-0.0691454678465693,0
2013-07-01,C57,0.0805777527448597,0
2013-08-01,C57,-0.322425412301241,0
2013-09-01,C57,0.0650234136580252,0
2013-10-01,C57,0.0849122609830006,0
2013-11-01,C57,0.0638348138035778,0
2013-12-01,C57,-0.186436838069013,0
2014-01-01,C57,0.0025648559453967,0
2014-02-01,C57,0.109406697695237,0
2014-03-01,C57,-0.224301212783268,0
2014-04-01,C57,0.138290302436008,0
2014-05-01,C57,0.027819162524521,0
2014-06-01,C57,-0.118213465287967,0
2014-07-01,C57,0.131697042090805,0
2014-08-01,C57,-0.201988033709761,0
2014-09-01,C57,0.118931592455941,0
2014-10-01,C57,0.0207589693701244,0
2014-11-01,C57,-0.0839810008150708,0
2014-12-01,C57,0.0086086279197066,0
2015-01-01,C57,-0.275868574143869,0
2015-02-01,C57,-0.083974300909853,0
2015-03-01,C57,0.274936008145815,0
2015-04-01,C57,-0.206156196445886,0
2015-05-01,C57,0.0228921425252042,0
2015-06-01,C57,0.101259690027642,0
2015-07-01,C57,0.0187990753128933,0
2015-08-01,C57,0.0106699907765959,0
2015-09-01,C57,-0.153050990858627,0
2015-10-01,C57,0.0828804049175145,0
2015-11-01,C57,-0.227514056575438,0
2015-12-01,C57,0.164957228888988,0
2010-02-01,C58,-0.2076841226812,0
2010-03-01,C58,0.479408314822465,0
2010-04-01,C58,0.0889691607108865,0
2010-05-01,C58,-0.0034213185374598,0
2010-06-01,C58,0.0118014168132206,0
2010-07-01,C58,-0.0906164349346801,0
2010-08-01,C58,-0.263309645765132,0
2010-09-01,C58,0.0520223677095233,0
2010-10-01,C58,0.235705240482515,0
2010-11-01,C58,-0.0752416788334638,0
2010-12-01,C58,-0.0271870665707947,0
2011-01-01,C58,-0.268046978987798,0
2011-02-01,C58,-0.0338553881605606,0
2011-03-01,C58,0.444185179922923,0
2011-04-01,C58,0.0130198021876735,0
2011-05-01,C58,0.0024335920841069,0
2011-06-01,C58,-0.0333518513871933,0
2011-07-01,C58,-0.0874993534054576,0
2011-08-01,C58,-0.105052659006053,0
2011-09-01,C58,-0.0073116643712034,0
2011-10-01,C58,0.164289487093212,0
2011-11-01,C58,-0.0015082289727343,0
2011-12-01,C58,-0.140700000811267,0
2012-01-01,C58,-0.433982560993744,0
2012-02-01,C58,0.35836251549207,0
2012-03-01,C58,0.276810795115182,0
2012-04-01,C58,-0.0789289529439596,0
2012-05-01,C58,0.0815415041910486,0
2012-06-01,C58,-0.0470061267254089,0
2012-07-01,C58,-0.000479354136031,0
2012-08-01,C58,-0.049207211218973,0
2012-09-01,C58,-0.140252759998812,0
2012-10-01,C58,0.0900459117066958,0
2012-11-01,C58,0.0169221184100792,0
2012-12-01,C58,-0.082033198970727,0
2013-01-01,C58,-0.0173632142593014,0
2013-02-01,C58,-0.245325649983944,0
2013-03-01,C58,0.461075376426633,0
2013-04-01,C58,0.0783387714312775,0
2013-05-01,C58,0.0415700473255294,0
2013-06-01,C58,-0.103093808040928,0
2013-07-01,C58,0.0553222805512288,0
2013-08-01,C58,-0.139778863937402,0
2013-09-01,C58,-0.0763483578400703,0
2013-10-01,C58,-0.590360776388371,0
2013-11-01,C58,0.717437607200573,0
2013-12-01,C58,-0.0169046214280586,0
2014-01-01,C58,-0.354452125207438,0
2014-02-01,C58,0.0543730802663909,0
2014-03-01,C58,0.22585401004127,0
2014-04-01,C58,0.185999937830912,0
2014-05-01,C58,-0.041020624968251,0
2014-06-01,C58,-0.111454606804455,0
2014-07-01,C58,0.0287246997683299,0
2014-08-01,C58,-0.096808007816759,0
2014-09-01,C58,0.0091991560278059,0
2014-10-01,C58,0.109424104938673,0
2014-11-01,C58,-0.145710715384652,0
2014-12-01,C58,0.0235727963393972,0
2015-01-01,C58,-0.252702959374855,0
2015-02-01,C58,-0.330314848405886,0
2015-03-01,C58,0.449781556939034,0
2015-04-01,C58,0.0918026393425984,0
2015-05-01,C58,-0.0590096030056673,0
2015-06-01,C58,-0.0016122750891205,0
2015-07-01,C58,-0.0155785551723451,0
2015-08-01,C58,-0.151545603956221,0
2015-09-01,C58,0.0765472049625604,0
2015-10-01,C58,0.172681424066832,0
2015-11-01,C58,-0.129813336978509,0
2015-12-01,C58,-0.0324380738584864,0
2010-02-01,C59,0.0179724189370267,0
2010-03-01,C59,0.336459026979735,0
2010-04-01,C59,0.0470084762418654,0
2010-05-01,C59,0.0513997075466097,0
2010-06-01,C59,-0.012457559179909,0
2010-07-01,C59,-0.0987377044743987,0
2010-08-01,C59,-0.355754590378942,0
2010-09-01,C59,0.100038098900909,0
2010-10-01,C59,0.278846313833575,0
2010-11-01,C59,0.0386969848585901,0
2010-12-01,C59,-0.0716807239819941,0
2011-01-01,C59,-0.22115622390992,0
2011-02-01,C59,0.100827453180609,0
2011-03-01,C59,0.305430840803968,0
2011-04-01,C59,-0.0666451928547449,0
2011-05-01,C59,0.0233551012782458,0
2011-06-01,C59,-0.0608525003882505,0
2011-07-01,C59,-0.0349447520573616,0
2011-08-01,C59,-0.0927175722980973,0
2011-09-01,C59,0.0654852630101139,0
2011-10-01,C59,0.0591452756654505,0
2011-11-01,C59,-0.0307629889483882,0
2011-12-01,C59,-0.074522712124403,0
2012-01-01,C59,-0.267852665919525,0
2012-02-01,C59,0.219740600519478,0
2012-03-01,C59,0.170994643565911,0
2012-04-01,C59,-0.0315430980926541,0
2012-05-01,C59,-0.0162900744661618,0
2012-06-01,C59,-0.0230114178924596,0
2012-07-01,C59,-0.0415017277528715,0
2012-08-01,C59,-0.0699935530970297,0
2012-09-01,C59,-0.0656085774103694,0
2012-10-01,C59,0.219615180070752,0
2012-11-01,C59,-0.0775163513270636,0
2012-12-01,C59,-0.101828628966726,0
2013-01-01,C59,0.134636996986369,0
2013-02-01,C59,-0.131116552904444,0
2013-03-01,C59,0.286889693826112,0
2013-04-01,C59,0.10848960847924,0
2013-05-01,C59,-0.0540304413301618,0
2013-06-01,C59,-0.128193893671561,0
2013-07-01,C59,0.112033434858881,0
2013-08-01,C59,-0.142967269046046,0
2013-09-01,C59,0.0535467762511743,0
2013-10-01,C59,-0.0690366621795953,0
2013-11-01,C59,0.180972012740301,0
2013-12-01,C59,-0.0962915655577294,0
2014-01-01,C59,-0.190810127407794,0
2014-02-01,C59,0.123873992480728,0
2014-03-01,C59,0.167315682093376,0
2014-04-01,C59,-0.0634030912777543,0
2014-05-01,C59,-0.0019923227045479,0
2014-06-01,C59,-0.0459846354255991,0
2014-07-01,C59,0.0583735052495271,0
2014-08-01,C59,-0.220902798521489,0
2014-09-01,C59,0.241382797040118,0
2014-10-01,C59,0.133256999467369,0
2014-11-01,C59,-0.191621701843983,0
2014-12-01,C59,-0.0686361790994257,0
2015-01-01,C59,-0.262183044387659,0
2015-02-01,C59,-0.12826459232383,0
2015-03-01,C59,0.27690702157054,0
2015-04-01,C59,-0.0242922383950539,0
2015-05-01,C59,-0.146382173152823,0
2015-06-01,C59,0.0722527118840084,0
2015-07-01,C59,-0.0246282152691135,0
2015-08-01,C59,-0.178498078436877,0
2015-09-01,C59,0.098232359515813,0
2015-10-01,C59,0.168662374556015,0
2015-11-01,C59,-0.120592523336356,0
2015-12-01,C59,0.0822891421765739,0
2010-02-01,C60,-0.32990997603933,0
2010-03-01,C60,0.619575462441184,0
2010-04-01,C60,0.0549449877194457,0
2010-05-01,C60,0.0706283129203751,0
2010-06-01,C60,0.04410543533825,0
2010-07-01,C60,-0.0134438218516983,0
2010-08-01,C60,-0.185284532336186,0
2010-09-01,C60,-0.0210707611169454,0
2010-10-01,C60,0.135205829327476,0
2010-11-01,C60,0.020707841615307,0
2010-12-01,C60,-0.0555942431081133,0
2011-01-01,C60,-0.286161862518727,0
2011-02-01,C60,-0.112332747529723,0
2011-03-01,C60,0.456549224989939,0
2011-04-01,C60,0.0490749674622997,0
2011-05-01,C60,0.0173311413862356,0
2011-06-01,C60,-0.0091205704129091,0
2011-07-01,C60,0.02764118307367,0
2011-08-01,C60,-0.147858986999934,0
2011-09-01,C60,-0.0555564575512912,0
2011-10-01,C60,0.119890215853401,0
2011-11-01,C60,-0.0199277283076134,0
2011-12-01,C60,-0.105234648907379,0
2012-01-01,C60,-0.531191395598753,0
2012-02-01,C60,0.315846927993516,0
2012-03-01,C60,0.298745728441657,0
2012-04-01,C60,-0.0310786898640742,0
2012-05-01,C60,0.052466993520726,0
2012-06-01,C60,-0.000364872171513,0
2012-07-01,C60,-0.0520222891341637,0
2012-08-01,C60,-0.0885760894296874,0
2012-09-01,C60,-0.0594843401390461,0
2012-10-01,C60,0.0897030872855344,0
2012-11-01,C60,-0.0063976560337915,0
2012-12-01,C60,-0.0477923444231445,0
2013-01-01,C60,0.0765714622263198,0
2013-02-01,C60,-0.305201087715271,0
2013-03-01,C60,0.540677182746207,0
2013-04-01,C60,0.0449106424097625,0
2013-05-01,C60,0.0253710323398657,0
2013-06-01,C60,-0.125205249260966,0
2013-07-01,C60,0.102577064521501,0
2013-08-01,C60,-0.0950341831778694,0
2013-09-01,C60,-0.213272932445149,0
2013-10-01,C60,-0.457266227948834,0
2013-11-01,C60,0.695646790696604,0
2013-12-01,C60,-0.0982236346203296,0
2014-01-01,C60,-0.633934552922734,0
2014-02-01,C60,-0.0228177793227866,0
2014-03-01,C60,0.368695797209436,0
2014-04-01,C60,0.0303950139218374,0
2014-05-01,C60,0.115024477834661,0
2014-06-01,C60,-0.172487325738351,0
2014-07-01,C60,0.0953357083427466,0
2014-08-01,C60,-0.22070949071774,0
2014-09-01,C60,0.005579103254421,0
2014-10-01,C60,0.0701384973795465,0
2014-11-01,C60,-0.0750009671686049,0
2014-12-01,C60,0.0476156752008077,0
2015-01-01,C60,-0.267675411044309,0
2015-02-01,C60,-0.315290470147936,0
2015-03-01,C60,0.520266540623756,0
2015-04-01,C60,0.115010910259779,0
2015-05-01,C60,-0.110711909689212,0
2015-06-01,C60,-0.0619418233122966,0
2015-07-01,C60,0.108019599846725,0
2015-08-01,C60,-0.206264807079197,0
2015-09-01,C60,-0.0166441439659986,0
2015-10-01,C60,0.106865204973852,0
2015-11-01,C60,-0.0595190606495652,0
2015-12-01,C60,0.0922099403612675,0
2010-02-01,C61,-0.0386511935197662,0
2010-03-01,C61,0.121721800384782,0
2010-04-01,C61,-0.337887041740202,0
2010-05-01,C61,0.100449046508413,0
2010-06-01,C61,0.114026585354601,0
2010-07-01,C61,-0.198494206345773,0
2010-08-01,C61,-0.148731453117635,0
2010-09-01,C61,-0.0489734696062927,0
2010-10-01,C61,0.001999159455611,0
2010-11-01,C61,-0.0121299791149836,0
2010-12-01,C61,0.239513676292396,0
2011-01-01,C61,-0.0399027524354523,0
2011-02-01,C61,0.0287384210309876,0
2011-03-01,C61,0.190744734150659,0
2011-04-01,C61,-0.398271107970459,0
2011-05-01,C61,0.126706489990272,0
2011-06-01,C61,0.110444751800033,0
2011-07-01,C61,0.340009903931137,0
2011-08-01,C61,0.113723285903489,0
2011-09-01,C61,-0.249603371439107,0
2011-10-01,C61,0.0076022741572225,0
2011-11-01,C61,0.0234185630476729,0
2011-12-01,C61,-0.149953734588083,0
2012-01-01,C61,0.0891339717446487,0
2012-02-01,C61,0.116990093536706,0
2012-03-01,C61,-0.0616290037728335,0
2012-04-01,C61,-0.38508652223291,0
2012-05-01,C61,0.136545662661429,0
2012-06-01,C61,0.128330232822525,0
2012-07-01,C61,0.262831350460358,0
2012-08-01,C61,1.07658821259604,0
2012-09-01,C61,-1.27629712957902,0
2012-10-01,C61,0.0023416727601404,0
2012-11-01,C61,-0.123921666225787,0
2012-12-01,C61,0.116158598109134,0
2013-01-01,C61,0.348851927858724,0
2013-02-01,C61,-0.345281970199425,0
2013-03-01,C61,0.253512474463338,0
2013-04-01,C61,-0.339217702839721,0
2013-05-01,C61,0.103584001619598,0
2013-06-01,C61,0.131659494355462,0
2013-07-01,C61,0.307532366986516,0
2013-08-01,C61,0.0220424851765415,0
2013-09-01,C61,-0.0783618487043887,0
2013-10-01,C61,-0.319764995635597,0
2013-11-01,C61,0.268415544621059,0
2013-12-01,C61,0.046828924639299,0
2014-01-01,C61,-0.0399877895881353,0
2014-02-01,C61,0.023568010416434,0
2014-03-01,C61,-0.0630124886850751,0
2014-04-01,C61,-0.246633789545145,0
2014-05-01,C61,0.101070333797224,0
2014-06-01,C61,0.199562919026919,0
2014-07-01,C61,0.274856958906767,0
2014-08-01,C61,-0.0939166686473136,0
2014-09-01,C61,-0.197961681035503,0
2014-10-01,C61,-0.0053253367149865,0
2014-11-01,C61,-0.105166670051913,0
2014-12-01,C61,0.166763166881745,0
2015-01-01,C61,0.0412578037149798,0
2015-02-01,C61,-0.29411691739057,0
2015-03-01,C61,0.184174102428901,0
2015-04-01,C61,-0.321737707421571,0
2015-05-01,C61,0.146189058766999,0
2015-06-01,C61,0.258740770746841,0
2015-07-01,C61,0.168109538771328,0
2015-08-01,C61,-0.0854600691118135,0
2015-09-01,C61,-0.174056771722024,0
2015-10-01,C61,0.0686042722024611,0
2015-11-01,C61,-0.0397751747042978,0
2015-12-01,C61,0.138574442263864,0
2010-02-01,C62,-0.0627674544749262,0
2010-03-01,C62,-0.0290675819143562,0
2010-04-01,C62,-0.27139252597959,0
2010-05-01,C62,0.0002255478730477,0
2010-06-01,C62,0.234415098942838,0
2010-07-01,C62,0.0029769614948476,0
2010-08-01,C62,-0.239206527628903,0
2010-09-01,C62,-0.0369653157841938,0
2010-10-01,C62,0.245367872978481,0
2010-11-01,C62,-0.0063450618232625,0
2010-12-01,C62,0.0777431643783295,0
2011-01-01,C62,-0.0334512308837365,0
2011-02-01,C62,0.150305800835301,0
2011-03-01,C62,0.145331269986673,0
2011-04-01,C62,-0.435112295180636,0
2011-05-01,C62,0.141668924648496,0
2011-06-01,C62,0.323865711374268,0
2011-07-01,C62,0.12377698095926,0
2011-08-01,C62,0.0861099304837118,0
2011-09-01,C62,-0.199809245207539,0
2011-10-01,C62,0.100054099701275,0
2011-11-01,C62,-0.167754135048074,0
2011-12-01,C62,0.167168325799788,0
2012-01-01,C62,-0.0609915866726327,0
2012-02-01,C62,0.11203413621949,0
2012-03-01,C62,-0.0719416564494972,0
2012-04-01,C62,-0.402197265718053,0
2012-05-01,C62,0.233834824603745,0
2012-06-01,C62,0.276121553487845,0
2012-07-01,C62,0.0772259924206615,0
2012-08-01,C62,0.707080572361193,0
2012-09-01,C62,-0.895458464533817,0
2012-10-01,C62,0.0923387152988457,0
2012-11-01,C62,-0.102655160656351,0
2012-12-01,C62,0.0093836196089203,0
2013-01-01,C62,0.309444227159485,0
2013-02-01,C62,-0.219699823700322,0
2013-03-01,C62,0.132028188424655,0
2013-04-01,C62,-0.21765531290476,0
2013-05-01,C62,0.0716412279646068,0
2013-06-01,C62,0.246978881000592,0
2013-07-01,C62,0.167525174335925,0
2013-08-01,C62,-0.0887270686609867,0
2013-09-01,C62,-0.143224174329317,0
2013-10-01,C62,-0.127140926458499,0
2013-11-01,C62,0.0714624695209647,0
2013-12-01,C62,0.144193153763324,0
2014-01-01,C62,-0.07189830835829,0
2014-02-01,C62,0.254136166488081,0
2014-03-01,C62,-0.0861948567816473,0
2014-04-01,C62,-0.118826370257771,0
2014-05-01,C62,-0.0069496476034025,0
2014-06-01,C62,0.119670178921181,0
2014-07-01,C62,0.281488130510296,0
2014-08-01,C62,-0.227469300281469,0
2014-09-01,C62,-0.158611164394228,0
2014-10-01,C62,0.0293493209079791,0
2014-11-01,C62,-0.014679889589277,0
2014-12-01,C62,0.0629728823274611,0
2015-01-01,C62,-0.164771253922339,0
2015-02-01,C62,-0.220336291490707,0
2015-03-01,C62,0.188695339855922,0
2015-04-01,C62,-0.230607676033413,0
2015-05-01,C62,0.0821600095972661,0
2015-06-01,C62,0.199600481419511,0
2015-07-01,C62,0.232647003355044,0
2015-08-01,C62,-0.156973253024805,0
2015-09-01,C62,-0.206171319688985,0
2015-10-01,C62,0.0321350786214811,0
2015-11-01,C62,0.0878633654652994,0
2015-12-01,C62,0.0478943952100899,0
2010-02-01,C63,-0.153084714044799,0
2010-03-01,C63,0.124943030537014,0
2010-04-01,C63,-0.111969096280987,0
2010-05-01,C63,0.113883284252198,0
2010-06-01,C63,0.0824264356241113,0
2010-07-01,C63,-0.704037007291723,0
2010-08-01,C63,-0.0732196471386803,0
2010-09-01,C63,-0.0738555891179016,0
2010-10-01,C63,0.368751666674992,0
2010-11-01,C63,-0.0952334690938188,0
2010-12-01,C63,0.178685020207534,0
2011-01-01,C63,-0.113540144362081,0
2011-02-01,C63,-0.0079443927852418,0
2011-03-01,C63,0.244164248878374,0
2011-04-01,C63,-0.0235062281062595,0
2011-05-01,C63,-0.098650692830665,0
2011-06-01,C63,0.227837525002268,0
2011-07-01,C63,0.0199840405551521,0
2011-08-01,C63,-0.182482704313597,0
2011-09-01,C63,-0.0387246329799487,0
2011-10-01,C63,0.125978183781842,0
2011-11-01,C63,0.0330903063275567,0
2011-12-01,C63,-0.282692433703281,0
2012-01-01,C63,-0.108979222535646,0
2012-02-01,C63,0.141612369588874,0
2012-03-01,C63,-0.0307497022050951,0
2012-04-01,C63,0.0151241985352542,0
2012-05-01,C63,-0.0536023246542667,0
2012-06-01,C63,-0.0902696201951469,0
2012-07-01,C63,0.20690014778578,0
2012-08-01,C63,1.21834688907085,0
2012-09-01,C63,-1.50076131392355,0
2012-10-01,C63,0.289660282088925,0
2012-11-01,C63,-0.0925889041728452,0
2012-12-01,C63,0.143921652884196,0
2013-01-01,C63,0.0869347786273837,0
2013-02-01,C63,-0.0350626290201546,0
2013-03-01,C63,0.0394910616963617,0
2013-04-01,C63,0.0875696821893435,0
2013-05-01,C63,-0.102317141824813,0
2013-06-01,C63,-0.132473743270339,0
2013-07-01,C63,0.389538325303549,0
2013-08-01,C63,-0.198339080259938,0
2013-09-01,C63,-0.0007294345277726,0
2013-10-01,C63,0.0472085467846952,0
2013-11-01,C63,0.043957959597527,0
2013-12-01,C63,0.104458842901278,0
2014-01-01,C63,-0.288224204139642,0
2014-02-01,C63,-0.0303749134507498,0
2014-03-01,C63,0.28117403379955,0
2014-04-01,C63,0.0589602360831929,0
2014-05-01,C63,-0.0836237668704971,0
2014-06-01,C63,-0.027507786179485,0
2014-07-01,C63,-0.02691036908268,0
2014-08-01,C63,0.0423538444472622,0
2014-09-01,C63,0.0896003147188082,0
2014-10-01,C63,-0.0221753415575026,0
2014-11-01,C63,-0.0688708669965337,0
2014-12-01,C63,0.0239906945100805,0
2015-01-01,C63,-0.0970486948546561,0
2015-02-01,C63,-0.261040456583709,0
2015-03-01,C63,0.218315908701294,0
2015-04-01,C63,-0.0098190904028929,0
2015-05-01,C63,-0.12334123477084,0
2015-06-01,C63,0.0949257493895015,0
2015-07-01,C63,0.0011687782987692,0
2015-08-01,C63,0.0072216115206225,0
2015-09-01,C63,-0.165150480678875,0
2015-10-01,C63,0.151588373034394,0
2015-11-01,C63,-0.0495884936984714,0
2015-12-01,C63,0.0770243381901019,0
2010-02-01,C64,-0.140190061991863,0
2010-03-01,C64,0.0589138966810836,0
2010-04-01,C64,-0.120758297630187,0
2010-05-01,C64,0.0544657512908708,0
2010-06-01,C64,0.207862526870614,0
2010-07-01,C64,-0.184884849235871,0
2010-08-01,C64,-0.141322915911852,0
2010-09-01,C64,-0.0814291792635444,0
2010-10-01,C64,0.191246698799348,0
2010-11-01,C64,-0.0851249155434388,0
2010-12-01,C64,0.192021991591895,0
2011-01-01,C64,-0.0077366008315449,0
2011-02-01,C64,-0.0219167987463225,0
2011-03-01,C64,0.0474102349185186,0
2011-04-01,C64,-0.150113056418292,0
2011-05-01,C64,0.0716646413978816,0
2011-06-01,C64,0.137535909224006,0
2011-07-01,C64,0.305508242750516,0
2011-08-01,C64,0.0212185197195769,0
2011-09-01,C64,-0.177555495191846,0
2011-10-01,C64,-0.0064681214053647,0
2011-11-01,C64,-0.109845101737711,0
2011-12-01,C64,0.1961798329307,0
2012-01-01,C64,-0.206766223249622,0
2012-02-01,C64,0.307656039059463,0
2012-03-01,C64,-0.104868296732363,0
2012-04-01,C64,-0.289644902873698,0
2012-05-01,C64,-0.0004980817908029,0
2012-06-01,C64,0.188391209597391,0
2012-07-01,C64,0.285573235316948,0
2012-08-01,C64,0.780879171760917,0
2012-09-01,C64,-1.12275564112819,0
2012-10-01,C64,0.0535853669195347,0
2012-11-01,C64,-0.0407968267531826,0
2012-12-01,C64,0.116361105556436,0
2013-01-01,C64,0.268590469089544,0
2013-02-01,C64,-0.255730035343841,0
2013-03-01,C64,0.211770074755766,0
2013-04-01,C64,-0.295492223187586,0
2013-05-01,C64,0.130313534267228,0
2013-06-01,C64,0.0510101096770654,0
2013-07-01,C64,0.362182599627849,0
2013-08-01,C64,-0.107941497073056,0
2013-09-01,C64,-0.431117314205221,0
2013-10-01,C64,0.0613117522498667,0
2013-11-01,C64,0.22964205269165,0
2013-12-01,C64,0.0449005855641573,0
2014-01-01,C64,-0.0880214221347115,0
2014-02-01,C64,0.050698263578921,0
2014-03-01,C64,-0.0703583899838387,0
2014-04-01,C64,-0.133580102833317,0
2014-05-01,C64,0.0552398984174927,0
2014-06-01,C64,0.130481111770378,0
2014-07-01,C64,0.300663737411703,0
2014-08-01,C64,-0.198456902194017,0
2014-09-01,C64,-0.238825701189398,0
2014-10-01,C64,0.172147340338185,0
2014-11-01,C64,-0.242306361172635,0
2014-12-01,C64,0.0951562780475976,0
2015-01-01,C64,0.093942736964407,0
2015-02-01,C64,-0.319119338584702,0
2015-03-01,C64,0.191024530056104,0
2015-04-01,C64,-0.0885099483348979,0
2015-05-01,C64,-0.0149785330947259,0
2015-06-01,C64,0.149077308772912,0
2015-07-01,C64,0.258923608994041,0
2015-08-01,C64,-0.215311878027118,0
2015-09-01,C64,-0.216087670166954,0
2015-10-01,C64,0.166608898463688,0
2015-11-01,C64,0.0349913021071107,0
2015-12-01,C64,0.149935341413192,0
2010-02-01,C65,0.344222111961274,0
2010-03-01,C65,0.302525719398058,0
2010-04-01,C65,-0.554067861035561,0
2010-05-01,C65,-0.116715611760895,0
2010-06-01,C65,0.380344999200937,0
2010-07-01,C65,-0.471583570703713,0
2010-08-01,C65,-0.33620012705573,0
2010-09-01,C65,0.14997577351309,0
2010-10-01,C65,0.156080943000198,0
2010-11-01,C65,0.081991036701488,0
2010-12-01,C65,-0.301500754131105,0
2011-01-01,C65,0.176119911487681,0
2011-02-01,C65,-0.194852514449824,0
2011-03-01,C65,0.576391322725514,0
2011-04-01,C65,0.589055834339541,0
2011-05-01,C65,-0.942239762457994,0
2011-06-01,C65,0.314387381614714,0
2011-07-01,C65,0.0685273667969435,0
2011-08-01,C65,-0.177977778921528,0
2011-09-01,C65,0.259286130257548,0
2011-10-01,C65,-0.431397521815234,0
2011-11-01,C65,0.212924053319026,0
2011-12-01,C65,-0.116814067171424,0
2012-01-01,C65,-0.39498914439741,0
2012-02-01,C65,0.274331603406577,0
2012-03-01,C65,0.515039852774547,0
2012-04-01,C65,-0.393668730441672,0
2012-05-01,C65,0.129063682133827,0
2012-06-01,C65,0.0778596666609331,0
2012-07-01,C65,0.122443403268358,0
2012-08-01,C65,2.22495549115035,0
2012-09-01,C65,-2.35927072093256,0
2012-10-01,C65,-0.173165059524948,0
2012-11-01,C65,0.302098736443509,0
2012-12-01,C65,-0.348837508049282,0
2013-01-01,C65,0.604135831365107,0
2013-02-01,C65,-0.245800432855949,0
2013-03-01,C65,0.184898438882935,0
2013-04-01,C65,-0.146033559954623,0
2013-05-01,C65,0.0548768071794745,0
2013-06-01,C65,0.602362109512428,0
2013-07-01,C65,-0.277282511890151,0
2013-08-01,C65,0.066177583771186,0
2013-09-01,C65,-0.396344127855104,0
2013-10-01,C65,0.209924607487473,0
2013-11-01,C65,-0.135490692191289,0
2013-12-01,C65,0.153743447538774,0
2014-01-01,C65,-0.78248515644098,0
2014-02-01,C65,0.406626934763354,0
2014-03-01,C65,0.0969365871897482,0
2014-04-01,C65,0.0324494363703076,0
2014-05-01,C65,-0.221555822832,0
2014-06-01,C65,0.323256908112018,0
2014-07-01,C65,-0.0244977000563229,0
2014-08-01,C65,-0.162773716647353,0
2014-09-01,C65,0.298403391874195,0
2014-10-01,C65,0.0710258473546388,0
2014-11-01,C65,-0.116832716107406,0
2014-12-01,C65,-0.273563514276155,0
2015-01-01,C65,-0.175417361438028,0
2015-02-01,C65,0.0918058187190495,0
2015-03-01,C65,0.44067355025363,0
2015-04-01,C65,-0.276009612429105,0
2015-05-01,C65,-0.113498402907604,0
2015-06-01,C65,0.0887295949574928,0
2015-07-01,C65,0.443154464349162,0
2015-08-01,C65,-0.242191227443262,0
2015-09-01,C65,-0.187325049296907,0
2015-10-01,C65,0.283669854401648,0
2015-11-01,C65,-0.129486386820136,0
2015-12-01,C65,0.0093546293745516,0
2010-02-01,C66,0.0052396803721214,0
2010-03-01,C66,-0.127362274094179,0
2010-04-01,C66,-0.0630195253643906,0
2010-05-01,C66,-0.288819499679853,0
2010-06-01,C66,0.439899481583747,0
2010-07-01,C66,-0.267619679122593,0
2010-08-01,C66,-0.42185243930231,0
2010-09-01,C66,0.221049141951348,0
2010-10-01,C66,-0.200821503656444,0
2010-11-01,C66,0.670187445902647,0
2010-12-01,C66,-0.200744285395888,0
2011-01-01,C66,0.169491421877703,0
2011-02-01,C66,-0.257861657151418,0
2011-03-01,C66,0.273220034619299,0
2011-04-01,C66,-0.747182766099048,0
2011-05-01,C66,1.10867873218654,0
2011-06-01,C66,-0.34884153717213,0
2011-07-01,C66,-0.291773787441338,0
2011-08-01,C66,0.280413103185752,0
2011-09-01,C66,0.115892690440877,0
2011-10-01,C66,0.300101792154121,0
2011-11-01,C66,0.0115519029729615,0
2011-12-01,C66,-0.106780573748227,0
2012-01-01,C66,0.0024617728070199,0
2012-02-01,C66,-0.515232334220823,0
2012-03-01,C66,0.471618950298499,0
2012-04-01,C66,-0.16832504197909,0
2012-05-01,C66,0.411013443828959,0
2012-06-01,C66,-0.388030414811627,0
2012-07-01,C66,0.240181241938476,0
2012-08-01,C66,0.649288872886722,0
2012-09-01,C66,-1.70203071571554,0
2012-10-01,C66,0.133903699543731,0
2012-11-01,C66,0.138250936207115,0
2012-12-01,C66,0.796207890215647,0
2013-01-01,C66,-0.199816143216147,0
2013-02-01,C66,-0.537312772581706,0
2013-03-01,C66,1.33897379737552,0
2013-04-01,C66,-0.699314983688937,0
2013-05-01,C66,-0.129440062656927,0
2013-06-01,C66,-0.113035255729629,0
2013-07-01,C66,-0.167960315499747,0
2013-08-01,C66,-0.0338673461666784,0
2013-09-01,C66,0.477679871482998,0
2013-10-01,C66,-1.14768013934411,0
2013-11-01,C66,0.90350122841361,0
2013-12-01,C66,-0.0273495450320234,0
2014-01-01,C66,0.260733646497648,0
2014-02-01,C66,0.0905902605394196,0
2014-03-01,C66,0.227754023932227,0
2014-04-01,C66,-0.814101698718232,0
2014-05-01,C66,0.28578657909139,0
2014-06-01,C66,0.162506821995213,0
2014-07-01,C66,-0.0331901342790993,0
2014-08-01,C66,-0.363172408102202,0
2014-09-01,C66,0.0138709887220707,0
2014-10-01,C66,0.271882524231227,0
2014-11-01,C66,-0.26364020455727,0
2014-12-01,C66,0.60724252518392,0
2015-01-01,C66,-0.634167128743175,0
2015-02-01,C66,0.633757872350118,0
2015-03-01,C66,-0.49445505793678,0
2015-04-01,C66,-0.231253609330186,0
2015-05-01,C66,0.334007662915438,0
2015-06-01,C66,0.0646596371668752,0
2015-07-01,C66,0.133877864311615,0
2015-08-01,C66,-0.457591224466634,0
2015-09-01,C66,0.745887228713801,0
2015-10-01,C66,-0.335501733731803,0
2015-11-01,C66,-0.0450472918299925,0
2015-12-01,C66,0.355991380411897,0
2010-02-01,C67,-0.487204845456791,0
2010-03-01,C67,0.339946983008212,0
2010-04-01,C67,0.0802676033473755,0
2010-05-01,C67,0.296369383214795,0
2010-06-01,C67,0.217493297063508,0
2010-07-01,C67,-0.346683542533059,0
2010-08-01,C67,-0.302405006261055,0
2010-09-01,C67,-0.258566459208627,0
2010-10-01,C67,0.41808226460609,0
2010-11-01,C67,-0.497145511012112,0
2010-12-01,C67,1.03759176912138,0
2011-01-01,C67,0.87859829481488,0
2011-02-01,C67,-0.700640698752483,0
2011-03-01,C67,0.634315624087246,0
2011-04-01,C67,-0.137464202984442,0
2011-05-01,C67,0.132390265569792,0
2011-06-01,C67,0.523336510622844,0
2011-07-01,C67,-0.0566131777579431,0
2011-08-01,C67,-0.293223498275876,0
2011-09-01,C67,0.215969274781802,0
2011-10-01,C67,-1.16680932594182,0
2011-11-01,C67,0.728333417739603,0
2011-12-01,C67,-0.762093612430878,0
2012-01-01,C67,1.53150614835735,0
2012-02-01,C67,-1.03025194482432,0
2012-03-01,C67,1.15206118207227,0
2012-04-01,C67,-0.28458192145684,0
2012-05-01,C67,-0.391638802600145,0
2012-06-01,C67,-0.610277551933064,0
2012-07-01,C67,0.188666624444972,0
2012-08-01,C67,0.592734795698133,0
2012-09-01,C67,-0.567169921116256,0
2012-10-01,C67,0.111513011246568,0
2012-11-01,C67,0.159225496783701,0
2012-12-01,C67,0.243470409587361,0
2013-01-01,C67,0.0024884134953295,0
2013-02-01,C67,0.249951963697078,0
2013-03-01,C67,0.0411289461877797,0
2013-04-01,C67,-0.0410043684430845,0
2013-05-01,C67,0.178379694015825,0
2013-06-01,C67,-0.698115844817141,0
2013-07-01,C67,0.243070263599436,0
2013-08-01,C67,-0.0166287510877354,0
2013-09-01,C67,-0.0094765179843427,0
2013-10-01,C67,-0.406813445028944,0
2013-11-01,C67,0.190161941672408,0
2013-12-01,C67,0.498234327156371,0
2014-01-01,C67,-0.0164657409036693,0
2014-02-01,C67,-0.425773341032728,0
2014-03-01,C67,0.404346524671384,0
2014-04-01,C67,-0.084414847484334,0
2014-05-01,C67,-0.552781166090095,0
2014-06-01,C67,0.136728089008098,0
2014-07-01,C67,0.0898205256013105,0
2014-08-01,C67,-0.0271588385835426,0
2014-09-01,C67,-0.757705511009741,0
2014-10-01,C67,0.383838141425945,0
2014-11-01,C67,0.889722416025895,0
2014-12-01,C67,-0.571338798672159,0
2015-01-01,C67,0.570287962532336,0
2015-02-01,C67,-0.444444576823903,0
2015-03-01,C67,0.29186843101841,0
2015-04-01,C67,-0.139228625502048,0
2015-05-01,C67,0.169892745953461,0
2015-06-01,C67,-0.186696824718695,0
2015-07-01,C67,-0.26943210659609,0
2015-08-01,C67,-1.12566470203744,0
2015-09-01,C67,0.669757505309508,0
2015-10-01,C67,0.0959352270613811,0
2015-11-01,C67,-0.124494734712572,0
2015-12-01,C67,0.572580254367796,0
2010-02-01,C68,0.0240414392903885,0
2010-03-01,C68,0.289665347852571,0
2010-04-01,C68,-0.0619042702126205,0
2010-05-01,C68,0.0559664857925357,0
2010-06-01,C68,0.0029204070694177,0
2010-07-01,C68,0.0085609978736327,0
2010-08-01,C68,-0.36718590338568,0
2010-09-01,C68,0.108364602738162,0
2010-10-01,C68,0.273272645520406,0
2010-11-01,C68,0.0124725619770052,0
2010-12-01,C68,0.0594396133248125,0
2011-01-01,C68,-0.165646265284709,0
2011-02-01,C68,0.12211373137787,0
2011-03-01,C68,0.210470575556203,0
2011-04-01,C68,-0.113154543476671,0
2011-05-01,C68,-0.0089004169794222,0
2011-06-01,C68,0.0882061882733396,0
2011-07-01,C68,-0.0501017156027466,0
2011-08-01,C68,0.0406182935260171,0
2011-09-01,C68,-0.285199733777884,0
2011-10-01,C68,0.250435526492989,0
2011-11-01,C68,-0.0045533878559451,0
2011-12-01,C68,-0.0407540838692428,0
2012-01-01,C68,-0.341426912576854,0
2012-02-01,C68,0.25411712868079,0
2012-03-01,C68,0.0706917181191544,0
2012-04-01,C68,-0.086113613308159,0
2012-05-01,C68,0.0906641253716316,0
2012-06-01,C68,0.0001664954914302,0
2012-07-01,C68,-0.0272462418138133,0
2012-08-01,C68,0.0895044795527964,0
2012-09-01,C68,-0.167907609323609,0
2012-10-01,C68,0.152812926960943,0
2012-11-01,C68,-0.0577198480384293,0
2012-12-01,C68,-0.0921989278358417,0
2013-01-01,C68,0.0461612231527759,0
2013-02-01,C68,-0.0464314146568006,0
2013-03-01,C68,0.239848472909698,0
2013-04-01,C68,-0.109543666697856,0
2013-05-01,C68,0.103078715460122,0
2013-06-01,C68,-0.0595147975382009,0
2013-07-01,C68,0.0069630467885097,0
2013-08-01,C68,-0.129523950996658,0
2013-09-01,C68,0.108818203751032,0
2013-10-01,C68,0.0797743983366379,0
2013-11-01,C68,-0.0187667377050387,0
2013-12-01,C68,0.0474853314657331,0
2014-01-01,C68,-0.137632543165739,0
2014-02-01,C68,0.133110726838306,0
2014-03-01,C68,-0.0739425711809778,0
2014-04-01,C68,0.0492067435372041,0
2014-05-01,C68,0.0652987143294288,0
2014-06-01,C68,-0.0992277005345166,0
2014-07-01,C68,0.128995994631556,0
2014-08-01,C68,-0.211709310783173,0
2014-09-01,C68,0.112580881944816,0
2014-10-01,C68,0.0994021742090272,0
2014-11-01,C68,-0.0899336757147333,0
2014-12-01,C68,-0.0120828586418664,0
2015-01-01,C68,-0.21362662124953,0
2015-02-01,C68,-0.0187767774781458,0
2015-03-01,C68,0.274468074108159,0
2015-04-01,C68,-0.0929538981826408,0
2015-05-01,C68,-0.0498883958631584,0
2015-06-01,C68,0.0495684356200767,0
2015-07-01,C68,-0.0363508677355053,0
2015-08-01,C68,-0.105724377605038,0
2015-09-01,C68,-0.0126013820635533,0
2015-10-01,C68,0.0843190088118542,0
2015-11-01,C68,-0.0078829605955474,0
2015-12-01,C68,0.0599405042297434,0
2010-02-01,C69,0.119171857037784,0
2010-03-01,C69,0.140078051731319,0
2010-04-01,C69,-0.0540583088044029,0
2010-05-01,C69,-0.0421487931591251,0
2010-06-01,C69,0.126815203058411,0
2010-07-01,C69,-0.108618081050554,0
2010-08-01,C69,-0.552520412734151,0
2010-09-01,C69,0.0176015464498898,0
2010-10-01,C69,0.546907945571278,0
2010-11-01,C69,0.089378373116956,0
2010-12-01,C69,-0.0601064416003094,0
2011-01-01,C69,-0.205802597877287,0
2011-02-01,C69,0.366970329013442,0
2011-03-01,C69,-0.046505485409357,0
2011-04-01,C69,-0.188382808390634,0
2011-05-01,C69,0.233471596812969,0
2011-06-01,C69,0.0070441097051308,0
2011-07-01,C69,0.0623882949336387,0
2011-08-01,C69,-0.046441731213184,0
2011-09-01,C69,-0.183081032023218,0
2011-10-01,C69,0.0594841386777309,0
2011-11-01,C69,0.0648436541326562,0
2011-12-01,C69,-0.0758151600229811,0
2012-01-01,C69,-0.234151753830674,0
2012-02-01,C69,0.326315196478503,0
2012-03-01,C69,-0.0994719552385606,0
2012-04-01,C69,-0.182993313900524,0
2012-05-01,C69,0.152451276696526,0
2012-06-01,C69,-0.018317477925156,0
2012-07-01,C69,0.0201058139562562,0
2012-08-01,C69,0.556354004348447,0
2012-09-01,C69,-0.716789472420229,0
2012-10-01,C69,0.0858123386112224,0
2012-11-01,C69,0.0036631138789733,0
2012-12-01,C69,-0.102938670209116,0
2013-01-01,C69,0.120347333463354,0
2013-02-01,C69,-0.049615442638471,0
2013-03-01,C69,0.0798594967777442,0
2013-04-01,C69,0.111849839862707,0
2013-05-01,C69,-0.114792814780853,0
2013-06-01,C69,0.0477334258959008,0
2013-07-01,C69,0.0051096600049334,0
2013-08-01,C69,0.0950412018560662,0
2013-09-01,C69,-0.12538466151701,0
2013-10-01,C69,0.018074042095388,0
2013-11-01,C69,0.0192821142523156,0
2013-12-01,C69,-0.0522850706262226,0
2014-01-01,C69,-0.0641501305378824,0
2014-02-01,C69,-0.047618215502796,0
2014-03-01,C69,0.16113628817961,0
2014-04-01,C69,-0.100049254127318,0
2014-05-01,C69,0.143884789911246,0
2014-06-01,C69,-0.0165958579530479,0
2014-07-01,C69,0.0233093794018124,0
2014-08-01,C69,-0.126342646771582,0
2014-09-01,C69,0.0240598115291419,0
2014-10-01,C69,-0.0871417399843741,0
2014-11-01,C69,-0.0485049772587471,0
2014-12-01,C69,0.236342157219759,0
2015-01-01,C69,-0.326094237038456,0
2015-02-01,C69,-0.161195920964576,0
2015-03-01,C69,0.243427582546179,0
2015-04-01,C69,0.0152136417457669,0
2015-05-01,C69,0.0540718187781515,0
2015-06-01,C69,-0.0377391351906526,0
2015-07-01,C69,0.107795311483936,0
2015-08-01,C69,-0.188733901668016,0
2015-09-01,C69,-0.134137449267802,0
2015-10-01,C69,0.180752292134192,0
2015-11-01,C69,-0.117300208035126,0
2015-12-01,C69,0.153487869165004,0
2010-02-01,C70,-0.0343851377868889,0
2010-03-01,C70,0.247570573903264,0
2010-04-01,C70,-0.0677898842862827,0
2010-05-01,C70,-0.0632332979311032,0
2010-06-01,C70,0.0875613992586368,0
2010-07-01,C70,0.0500260449066632,0
2010-08-01,C70,-0.165499151253775,0
2010-09-01,C70,-0.0088482646694307,0
2010-10-01,C70,0.212673510427032,0
2010-11-01,C70,0.0601656888233855,0
2010-12-01,C70,0.00249255682691,0
2011-01-01,C70,-0.182731802454634,0
2011-02-01,C70,0.0390664994334511,0
2011-03-01,C70,0.249838971113955,0
2011-04-01,C70,-0.10951754541539,0
2011-05-01,C70,0.0946581548282648,0
2011-06-01,C70,0.0109232820862584,0
2011-07-01,C70,0.0509984331070914,0
2011-08-01,C70,-0.0654342360251983,0
2011-09-01,C70,-0.125356913064564,0
2011-10-01,C70,0.0489617461514129,0
2011-11-01,C70,0.0991831561029448,0
2011-12-01,C70,-0.139888818897363,0
2012-01-01,C70,-0.147124913115311,0
2012-02-01,C70,0.109972870259596,0
2012-03-01,C70,0.141545596769237,0
2012-04-01,C70,-0.162623483048795,0
2012-05-01,C70,0.0635943315015766,0
2012-06-01,C70,0.129295271327178,0
2012-07-01,C70,-0.0856549393023061,0
2012-08-01,C70,0.18137272946305,0
2012-09-01,C70,-0.042789575205358,0
2012-10-01,C70,0.0709679508764927,0
2012-11-01,C70,-0.0130933397338842,0
2012-12-01,C70,0.131342871943946,0
2013-01-01,C70,-0.193457489618514,0
2013-02-01,C70,-0.197898408685175,0
2013-03-01,C70,0.26264004909068,0
2013-04-01,C70,0.265400560593926,0
2013-05-01,C70,-0.204274714229677,0
2013-06-01,C70,0.0354491962275967,0
2013-07-01,C70,-0.0039152045995072,0
2013-08-01,C70,0.20674701809807,0
2013-09-01,C70,-0.154691399959996,0
2013-10-01,C70,-0.420851766830663,0
2013-11-01,C70,0.496260025007501,0
2013-12-01,C70,-0.055964931645601,0
2014-01-01,C70,-0.284918311607247,0
2014-02-01,C70,-0.0199741361849171,0
2014-03-01,C70,0.181576789824353,0
2014-04-01,C70,-0.0118235693319351,0
2014-05-01,C70,0.112139829762368,0
2014-06-01,C70,0.0373699050605092,0
2014-07-01,C70,-0.0712396449277017,0
2014-08-01,C70,-0.0511041533833421,0
2014-09-01,C70,0.134427083588456,0
2014-10-01,C70,-0.0023477208053295,0
2014-11-01,C70,-0.259974417668855,0
2014-12-01,C70,0.0947422304297296,0
2015-01-01,C70,-0.127606220275537,0
2015-02-01,C70,-0.264925909260912,0
2015-03-01,C70,0.207382399303227,0
2015-04-01,C70,0.0237782881639044,0
2015-05-01,C70,-0.0056950703855456,0
2015-06-01,C70,0.0221437627624361,0
2015-07-01,C70,0.0202863572221883,0
2015-08-01,C70,-0.15516831381516,0
2015-09-01,C70,0.16302299754492,0
2015-10-01,C70,0.0316634766731054,0
2015-11-01,C70,0.0531850454447458,0
2015-12-01,C70,0.0053498608057536,0
2010-02-01,C72,0.0126669513036664,0
2010-03-01,C72,0.187278601161271,0
2010-04-01,C72,-0.0515621835299314,0
2010-05-01,C72,-0.0762756128072866,0
2010-06-01,C72,0.0950021489582982,0
2010-07-01,C72,-0.0582358371958094,0
2010-08-01,C72,-0.250807624629614,0
2010-09-01,C72,0.0753159390137101,0
2010-10-01,C72,0.198474347550475,0
2010-11-01,C72,0.100348269149444,0
2010-12-01,C72,-0.0394609310079073,0
2011-01-01,C72,-0.052423409572075,0
2011-02-01,C72,0.110579106143343,0
2011-03-01,C72,0.183385144888433,0
2011-04-01,C72,-0.171121420831854,0
2011-05-01,C72,0.0725419604211055,0
2011-06-01,C72,-0.0037301064294244,0
2011-07-01,C72,-0.0464191336117583,0
2011-08-01,C72,0.0177174352959391,0
2011-09-01,C72,0.0627589854644253,0
2011-10-01,C72,-0.129309587771941,0
2011-11-01,C72,0.0454224175304621,0
2011-12-01,C72,-0.142116823095501,0
2012-01-01,C72,-0.114786726895582,0
2012-02-01,C72,0.130971499491142,0
2012-03-01,C72,0.0812099484318116,0
2012-04-01,C72,-0.176619079704909,0
2012-05-01,C72,0.103100705607844,0
2012-06-01,C72,-0.0304702169995448,0
2012-07-01,C72,0.0248802627416422,0
2012-08-01,C72,-0.0955845683995165,0
2012-09-01,C72,-0.0384638120561904,0
2012-10-01,C72,0.113871451473912,0
2012-11-01,C72,-0.0105372174737113,0
2012-12-01,C72,-0.0191852676027642,0
2013-01-01,C72,-0.0320409528162386,0
2013-02-01,C72,0.0736743867919314,0
2013-03-01,C72,0.065497042182967,0
2013-04-01,C72,-0.0486396125058306,0
2013-05-01,C72,-0.0507107257378063,0
2013-06-01,C72,0.0115952496711298,0
2013-07-01,C72,0.024303158817637,0
2013-08-01,C72,-0.0064816117050874,0
2013-09-01,C72,0.0305765205697339,0
2013-10-01,C72,0.0916458882289035,0
2013-11-01,C72,0.0021933129842848,0
2013-12-01,C72,-0.0683584336938621,0
2014-01-01,C72,-0.251169497189424,0
2014-02-01,C72,0.0488116485415588,0
2014-03-01,C72,0.0215139368377644,0
2014-04-01,C72,-0.0364015082552127,0
2014-05-01,C72,-0.040583393505127,0
2014-06-01,C72,0.0968733361615293,0
2014-07-01,C72,0.0145576650956718,0
2014-08-01,C72,-0.126529025807829,0
2014-09-01,C72,0.0868421694027113,0
2014-10-01,C72,0.0024314676665353,0
2014-11-01,C72,-0.108155356657495,0
2014-12-01,C72,0.0724266583745896,0
2015-01-01,C72,-0.143577916084248,0
2015-02-01,C72,-0.125904788507189,0
2015-03-01,C72,0.227894493499242,0
2015-04-01,C72,-0.0502709182357544,0
2015-05-01,C72,0.0411591013210435,0
2015-06-01,C72,-0.0287693835577345,0
2015-07-01,C72,-0.114844385011058,0
2015-08-01,C72,-0.19613496282055,0
2015-09-01,C72,0.0403910150741513,0
2015-10-01,C72,0.0809772704302523,0
2015-11-01,C72,-0.124007473618115,0
2015-12-01,C72,-0.0836901803591683,0
2010-02-01,C73,0.157953030313,0
2010-03-01,C73,0.140743063572756,0
2010-04-01,C73,-0.0083800770739097,0
2010-05-01,C73,-0.223298635944754,0
2010-06-01,C73,0.0913539062723077,0
2010-07-01,C73,-0.0078568381997303,0
2010-08-01,C73,-0.554501529470226,0
2010-09-01,C73,0.0608024003421379,0
2010-10-01,C73,0.477670255551319,0
2010-11-01,C73,-0.0540287191697422,0
2010-12-01,C73,0.10651202261405,0
2011-01-01,C73,-0.133769970643975,0
2011-02-01,C73,0.161094503437946,0
2011-03-01,C73,0.134166284316703,0
2011-04-01,C73,-0.131968209829812,0
2011-05-01,C73,0.0280922616335948,0
2011-06-01,C73,-0.103865601879406,0
2011-07-01,C73,0.094907994945153,0
2011-08-01,C73,-0.107463915734989,0
2011-09-01,C73,0.0295284284346806,0
2011-10-01,C73,-0.0087839077013853,0
2011-11-01,C73,0.0384049335230765,0
2011-12-01,C73,0.154227716659835,0
2012-01-01,C73,-0.376087151904456,0
2012-02-01,C73,0.200161679316052,0
2012-03-01,C73,0.0679457880642476,0
2012-04-01,C73,-0.0862958294474767,0
2012-05-01,C73,0.004424847047419,0
2012-06-01,C73,-0.0089425621194738,0
2012-07-01,C73,0.021619550401657,0
2012-08-01,C73,0.205870126874869,0
2012-09-01,C73,-0.236138677580799,0
2012-10-01,C73,0.0307895308061621,0
2012-11-01,C73,-0.0607719830626285,0
2012-12-01,C73,-0.0417235427158262,0
2013-01-01,C73,0.0608795882012503,0
2013-02-01,C73,0.0239472430662362,0
2013-03-01,C73,0.173429762120523,0
2013-04-01,C73,0.0176235571697552,0
2013-05-01,C73,-0.0492940950882481,0
2013-06-01,C73,-0.0434505029212362,0
2013-07-01,C73,0.187874561001148,0
2013-08-01,C73,-0.0525508388613121,0
2013-09-01,C73,-0.0133483086092969,0
2013-10-01,C73,0.117809093171467,0
2013-11-01,C73,0.0009966674230534,0
2013-12-01,C73,0.138270393681744,0
2014-01-01,C73,-0.310697778296025,0
2014-02-01,C73,0.0478972758120868,0
2014-03-01,C73,0.0396182603885311,0
2014-04-01,C73,0.0467575243938176,0
2014-05-01,C73,-0.125174776334259,0
2014-06-01,C73,0.0804240364045077,0
2014-07-01,C73,0.0849320001201566,0
2014-08-01,C73,-0.143880925057219,0
2014-09-01,C73,-0.0632257966226701,0
2014-10-01,C73,0.156635804306481,0
2014-11-01,C73,-0.120292909234291,0
2014-12-01,C73,0.062528594671889,0
2015-01-01,C73,-0.208389771485813,0
2015-02-01,C73,0.0498242508044164,0
2015-03-01,C73,-0.0069028075254475,0
2015-04-01,C73,-0.13574379863734,0
2015-05-01,C73,-0.0318802691880391,0
2015-06-01,C73,0.0556248377337267,0
2015-07-01,C73,-0.0019174889952848,0
2015-08-01,C73,-0.108377986398452,0
2015-09-01,C73,0.0715442501798895,0
2015-10-01,C73,0.0641291681025686,0
2015-11-01,C73,0.0007011725425982,0
2015-12-01,C73,0.0746319309286463,0
2010-02-01,C74,0.0847543819269578,0
2010-03-01,C74,0.227148664718184,0
2010-04-01,C74,-0.328700139945446,0
2010-05-01,C74,-0.0841494476720852,0
2010-06-01,C74,0.0092885647232403,0
2010-07-01,C74,0.10907675090467,0
2010-08-01,C74,-0.118377599810425,0
2010-09-01,C74,0.007494445795297,0
2010-10-01,C74,0.055186881033837,0
2010-11-01,C74,0.056655679117819,0
2010-12-01,C74,0.174082161026289,0
2011-01-01,C74,-0.182576245138852,0
2011-02-01,C74,-0.0309141982257541,0
2011-03-01,C74,0.219924125507371,0
2011-04-01,C74,-0.187771265573185,0
2011-05-01,C74,0.0951549675749641,0
2011-06-01,C74,0.125857247002568,0
2011-07-01,C74,0.10950066946025,0
2011-08-01,C74,0.0525672320967434,0
2011-09-01,C74,0.0498404830226136,0
2011-10-01,C74,-0.150212665073225,0
2011-11-01,C74,0.132725233577402,0
2011-12-01,C74,0.107947443251376,0
2012-01-01,C74,-0.154631490063871,0
2012-02-01,C74,-0.0789814956836032,0
2012-03-01,C74,-0.0685945272400872,0
2012-04-01,C74,-0.0610419928341148,0
2012-05-01,C74,0.183201793987067,0
2012-06-01,C74,-0.188688236293011,0
2012-07-01,C74,-0.0317094580663078,0
2012-08-01,C74,0.0275436206921569,0
2012-09-01,C74,-0.0380807860303687,0
2012-10-01,C74,0.0921117195408598,0
2012-11-01,C74,-0.366143438791209,0
2012-12-01,C74,0.103949634126648,0
2013-01-01,C74,0.193039680034207,0
2013-02-01,C74,-0.14815507478519,0
2013-03-01,C74,0.0135769663958119,0
2013-04-01,C74,0.0512721450012608,0
2013-05-01,C74,0.13545002675284,0
2013-06-01,C74,-0.137100548709885,0
2013-07-01,C74,0.158579640401717,0
2013-08-01,C74,0.160696931657712,0
2013-09-01,C74,-0.102480926682871,0
2013-10-01,C74,0.0992265038380289,0
2013-11-01,C74,-0.0779243809025658,0
2013-12-01,C74,0.138470360524602,0
2014-01-01,C74,-0.335630422662337,0
2014-02-01,C74,0.0864508495085783,0
2014-03-01,C74,-0.157224175301504,0
2014-04-01,C74,-0.150369513458254,0
2014-05-01,C74,0.123344022021817,0
2014-06-01,C74,0.0232192316142861,0
2014-07-01,C74,0.0709880046218183,0
2014-08-01,C74,0.0307421203141836,0
2014-09-01,C74,0.0636340891895166,0
2014-10-01,C74,-0.0303811412675703,0
2014-11-01,C74,-0.0431263434595088,0
2014-12-01,C74,-0.0476685230500031,0
2015-01-01,C74,-0.210566019376665,0
2015-02-01,C74,-0.111311459344619,0
2015-03-01,C74,0.258370270391718,0
2015-04-01,C74,-0.151141816629663,0
2015-05-01,C74,-0.0232496956200015,0
2015-06-01,C74,0.0295949505843716,0
2015-07-01,C74,-0.0904613342120859,0
2015-08-01,C74,0.0590032379560208,0
2015-09-01,C74,0.100850758793511,0
2015-10-01,C74,-0.0550221915889919,0
2015-11-01,C74,-0.0565855220006091,0
2015-12-01,C74,-0.0565041501319969,0
2010-02-01,C75,-0.0534057058474504,0
2010-03-01,C75,-0.0117313389436928,0
2010-04-01,C75,-0.114501285786634,0
2010-05-01,C75,-0.0663798416488772,0
2010-06-01,C75,0.295135673598801,0
2010-07-01,C75,0.0007895385231089,0
2010-08-01,C75,-0.539278725947227,0
2010-09-01,C75,0.469111215319119,0
2010-10-01,C75,0.127753440701311,0
2010-11-01,C75,0.139765720086551,0
2010-12-01,C75,-0.0273131899549375,0
2011-01-01,C75,-0.250051904824733,0
2011-02-01,C75,0.180785754247348,0
2011-03-01,C75,0.166958515182027,0
2011-04-01,C75,-0.21690884867623,0
2011-05-01,C75,-0.010242241539312,0
2011-06-01,C75,0.0858548627142373,0
2011-07-01,C75,-0.130029896140605,0
2011-08-01,C75,0.0398470762455334,0
2011-09-01,C75,-0.0355504283231394,0
2011-10-01,C75,0.0639344391344077,0
2011-11-01,C75,0.178623848514761,0
2011-12-01,C75,-0.350935057540928,0
2012-01-01,C75,-0.0071319905377338,0
2012-02-01,C75,0.0715223521938526,0
2012-03-01,C75,-0.224064344809157,0
2012-04-01,C75,0.166693282243196,0
2012-05-01,C75,-0.194624896739325,0
2012-06-01,C75,0.155252701728477,0
2012-07-01,C75,-0.161532077854814,0
2012-08-01,C75,-0.247388602771684,0
2012-09-01,C75,0.0996766447436848,0
2012-10-01,C75,0.0837567823153655,0
2012-11-01,C75,0.0805112175945242,0
2012-12-01,C75,0.015883028566658,0
2013-01-01,C75,-0.0989433781651829,0
2013-02-01,C75,0.24805511793963,0
2013-03-01,C75,-0.23523507670264,0
2013-04-01,C75,0.220737322693029,0
2013-05-01,C75,-0.0693016895084062,0
2013-06-01,C75,0.0234493817578416,0
2013-07-01,C75,-0.0759649182627271,0
2013-08-01,C75,-0.429264609293756,0
2013-09-01,C75,0.188447421480966,0
2013-10-01,C75,-0.0392000597658138,0
2013-11-01,C75,0.384678775372223,0
2013-12-01,C75,-0.536378218127175,0
2014-01-01,C75,-0.231298098628771,0
2014-02-01,C75,0.394335729867144,0
2014-03-01,C75,-0.17095891783088,0
2014-04-01,C75,-0.0580381301892388,0
2014-05-01,C75,0.419098028466188,0
2014-06-01,C75,-0.159062929196411,0
2014-07-01,C75,0.0270275794657824,0
2014-08-01,C75,-0.256852721281222,0
2014-09-01,C75,-0.128233330729193,0
2014-10-01,C75,0.22089990586479,0
2014-11-01,C75,0.135202637440672,0
2014-12-01,C75,-0.0756862444604796,0
2015-01-01,C75,0.124469382644736,0
2015-02-01,C75,-0.496529215095609,0
2015-03-01,C75,0.77536239813498,0
2015-04-01,C75,0.442059627070271,0
2015-05-01,C75,0.242752304123092,0
2015-06-01,C75,-0.208118474856241,0
2015-07-01,C75,-0.601038323074646,0
2015-08-01,C75,0.110515429482335,0
2015-09-01,C75,0.0112908062850785,0
2015-10-01,C75,0.114150392786556,0
2015-11-01,C75,-0.550406406807379,0
2015-12-01,C75,0.817877750521512,0
2010-02-01,C76,0.0940106112187182,0
2010-03-01,C76,0.106408675166603,0
2010-04-01,C76,-0.0448120499081286,0
2010-05-01,C76,-0.0116932636123668,0
2010-06-01,C76,0.0180993690892759,0
2010-07-01,C76,-0.0225620292494906,0
2010-08-01,C76,-0.191590433166077,0
2010-09-01,C76,-0.0032610776815627,0
2010-10-01,C76,0.247637567135209,0
2010-11-01,C76,-0.0311109243602656,0
2010-12-01,C76,0.0589217689367283,0
2011-01-01,C76,-0.107208337906148,0
2011-02-01,C76,0.145079461474966,0
2011-03-01,C76,0.12419361201644,0
2011-04-01,C76,-0.0492326676168631,0
2011-05-01,C76,-0.0030315172480008,0
2011-06-01,C76,-0.0150561076970774,0
2011-07-01,C76,0.0636073120694887,0
2011-08-01,C76,0.0351876028045632,0
2011-09-01,C76,-0.0129513798795005,0
2011-10-01,C76,-0.0476752082513201,0
2011-11-01,C76,-0.0485938533938066,0
2011-12-01,C76,-0.0588053753141704,0
2012-01-01,C76,-0.0726709344708052,0
2012-02-01,C76,0.0439718221349175,0
2012-03-01,C76,0.0413234723293225,0
2012-04-01,C76,-0.0206843227937465,0
2012-05-01,C76,0.086703135142975,0
2012-06-01,C76,-0.0744866405990514,0
2012-07-01,C76,0.101497252906796,0
2012-08-01,C76,-0.0099569867391675,0
2012-09-01,C76,-0.0711340266080809,0
2012-10-01,C76,0.0232147805902301,0
2012-11-01,C76,-0.0047852825788732,0
2012-12-01,C76,-0.0914180537191278,0
2013-01-01,C76,-0.0378369068279039,0
2013-02-01,C76,0.0471695727160286,0
2013-03-01,C76,0.0453889611135789,0
2013-04-01,C76,-0.0760370350426847,0
2013-05-01,C76,0.0575344932614543,0
2013-06-01,C76,-0.0128580147123483,0
2013-07-01,C76,0.0866568791953277,0
2013-08-01,C76,0.0310891353616185,0
2013-09-01,C76,-0.0776925650347922,0
2013-10-01,C76,0.0180565255166032,0
2013-11-01,C76,0.0743379227746503,0
2013-12-01,C76,0.007580999113923,0
2014-01-01,C76,-0.280507803654792,0
2014-02-01,C76,-0.067512023216783,0
2014-03-01,C76,0.0781367256792267,0
2014-04-01,C76,-0.0835632958290935,0
2014-05-01,C76,0.0275846966705897,0
2014-06-01,C76,-0.0236300674131424,0
2014-07-01,C76,0.0888005949122794,0
2014-08-01,C76,-0.0632710447234945,0
2014-09-01,C76,0.0351644860929241,0
2014-10-01,C76,0.0660786107012834,0
2014-11-01,C76,-0.0936983456502904,0
2014-12-01,C76,-0.002262384335272,0
2015-01-01,C76,-0.221392349238606,0
2015-02-01,C76,0.0002108185456801,0
2015-03-01,C76,0.130683914385731,0
2015-04-01,C76,-0.0413623921099662,0
2015-05-01,C76,-0.0252936444658545,0
2015-06-01,C76,0.0827385533271174,0
2015-07-01,C76,0.0423853843176705,0
2015-08-01,C76,-0.185965029945864,0
2015-09-01,C76,-0.0616267704878508,0
2015-10-01,C76,0.0130005822350556,0
2015-11-01,C76,-0.0751795480261794,0
2015-12-01,C76,0.0133387913635685,0
2010-02-01,C78,-0.130375962369955,0
2010-03-01,C78,1.03680105174903,0
2010-04-01,C78,-1.41834714975327,0
2010-05-01,C78,-0.0686299872039777,0
2010-06-01,C78,-0.497923053745268,0
2010-07-01,C78,1.44354164754609,0
2010-08-01,C78,-0.216496521989808,0
2010-09-01,C78,-0.473607052086089,0
2010-10-01,C78,0.138479944069873,0
2010-11-01,C78,-0.0171645886626441,0
2010-12-01,C78,1.04364678619638,0
2011-01-01,C78,-1.26460146359002,0
2011-02-01,C78,1.72507605233593,0
2011-03-01,C78,-1.02495264699684,0
2011-04-01,C78,-0.239763757519692,0
2011-05-01,C78,-0.293420118819763,0
2011-06-01,C78,0.261643324072264,0
2011-07-01,C78,0.134839217094485,0
2011-08-01,C78,0.596574665445125,0
2011-09-01,C78,-1.12526303480622,0
2011-10-01,C78,0.258882683014553,0
2011-11-01,C78,-0.0568767711930342,0
2011-12-01,C78,-0.305803114764784,0
2012-01-01,C78,0.451530511038761,0
2012-02-01,C78,0.480320815917393,0
2012-03-01,C78,-0.0017727809395458,0
2012-04-01,C78,0.417250840532013,0
2012-05-01,C78,-0.219448810808909,0
2012-06-01,C78,0.252252906081259,0
2012-07-01,C78,-0.0474385988357331,0
2012-08-01,C78,-1.00928319529526,0
2012-09-01,C78,0.828925449420881,0
2012-10-01,C78,-0.207469144574671,0
2012-11-01,C78,0.608905740036106,0
2012-12-01,C78,-0.418954673208282,0
2013-01-01,C78,-1.52004820931878,0
2013-02-01,C78,0.0935543769768628,0
2013-03-01,C78,0.549973034380263,0
2013-04-01,C78,-0.355464614256505,0
2013-05-01,C78,0.162180536254836,0
2013-06-01,C78,0.246111804715768,0
2013-07-01,C78,0.293086846073716,0
2013-08-01,C78,0.0882601021863394,0
2013-09-01,C78,-0.260175483562304,0
2013-10-01,C78,0.135694729944057,0
2013-11-01,C78,-0.0421945106159112,0
2013-12-01,C78,0.0134186196543493,0
2014-01-01,C78,-0.399583953301515,0
2014-02-01,C78,-0.617837132787116,0
2014-03-01,C78,0.352493848049295,0
2014-04-01,C78,0.0412355448118904,0
2014-05-01,C78,-0.139842740231241,0
2014-06-01,C78,-0.0660188287426586,0
2014-07-01,C78,1.31092771000706,0
2014-08-01,C78,-0.399789317086165,0
2014-09-01,C78,0.157737499537328,0
2014-10-01,C78,0.387519023646068,0
2014-11-01,C78,0.0052949096653618,0
2014-12-01,C78,-0.289118022150632,0
2015-01-01,C78,-1.35942862586012,0
2015-02-01,C78,1.12601023408389,0
2015-03-01,C78,-0.0816418178572036,0
2015-04-01,C78,-0.028649612519561,0
2015-05-01,C78,-0.769268397319881,0
2015-06-01,C78,0.423610851234563,0
2015-07-01,C78,0.337813172323993,0
2015-08-01,C78,-0.038669106050552,0
2015-09-01,C78,0.0272063271483152,0
2015-10-01,C78,-0.464076977560926,0
2015-11-01,C78,-0.221227635323868,0
2015-12-01,C78,0.102566587860845,0
2010-02-01,C79,-0.248068585421596,0
2010-03-01,C79,0.455502236895194,0
2010-04-01,C79,-0.295295852105324,0
2010-05-01,C79,-0.104102324009852,0
2010-06-01,C79,-0.0135513637109037,0
2010-07-01,C79,0.329471037920344,0
2010-08-01,C79,-0.222479378869775,0
2010-09-01,C79,-0.140575439502351,0
2010-10-01,C79,0.0535804593967111,0
2010-11-01,C79,0.253645420656117,0
2010-12-01,C79,0.0667249218951458,0
2011-01-01,C79,-0.0819552339684506,0
2011-02-01,C79,0.114482529710892,0
2011-03-01,C79,0.0571127913850171,0
2011-04-01,C79,-0.0807529153404216,0
2011-05-01,C79,0.0919915041539179,0
2011-06-01,C79,-0.290241651867245,0
2011-07-01,C79,0.114675401138573,0
2011-08-01,C79,-0.033306523150463,0
2011-09-01,C79,0.0396439284323078,0
2011-10-01,C79,-0.187366271398659,0
2011-11-01,C79,0.537637577058278,0
2011-12-01,C79,-0.143725159325763,0
2012-01-01,C79,0.106911947511882,0
2012-02-01,C79,-0.143164961205469,0
2012-03-01,C79,0.136005905482348,0
2012-04-01,C79,-0.40877781230042,0
2012-05-01,C79,0.446776338545996,0
2012-06-01,C79,-0.0345488227874533,0
2012-07-01,C79,0.552068708968457,0
2012-08-01,C79,-0.53529226604072,0
2012-09-01,C79,0.265333015947141,0
2012-10-01,C79,0.236272308469889,0
2012-11-01,C79,-0.422672009877611,0
2012-12-01,C79,0.359754486527032,0
2013-01-01,C79,-0.651753956131335,0
2013-02-01,C79,0.0297616368009015,0
2013-03-01,C79,0.0939811173571243,0
2013-04-01,C79,0.0568531549775013,0
2013-05-01,C79,-0.419954453420029,0
2013-06-01,C79,0.312709911256199,0
2013-07-01,C79,0.376743161142286,0
2013-08-01,C79,0.0261426237209834,0
2013-09-01,C79,0.403626192015825,0
2013-10-01,C79,-0.209395095813249,0
2013-11-01,C79,-0.0480672400706856,0
2013-12-01,C79,0.185019283042328,0
2014-01-01,C79,-0.594505605671126,0
2014-02-01,C79,0.201243189875772,0
2014-03-01,C79,0.0426357739420498,0
2014-04-01,C79,-0.180896170468875,0
2014-05-01,C79,-0.0385363740035505,0
2014-06-01,C79,-0.217503156677838,0
2014-07-01,C79,-0.127310527212873,0
2014-08-01,C79,-0.205187490109496,0
2014-09-01,C79,0.0207508186193461,0
2014-10-01,C79,0.0696365919670416,0
2014-11-01,C79,0.172101986945099,0
2014-12-01,C79,0.0958978386767519,0
2015-01-01,C79,-0.0258143741581351,0
2015-02-01,C79,-0.0960512194159264,0
2015-03-01,C79,0.13138167625214,0
2015-04-01,C79,-0.242327539755627,0
2015-05-01,C79,-0.242399107344876,0
2015-06-01,C79,0.189792174751231,0
2015-07-01,C79,0.132289258205245,0
2015-08-01,C79,-0.390599280855863,0
2015-09-01,C79,0.892993309048614,0
2015-10-01,C79,0.003689787598601,0
2015-11-01,C79,-0.305169053419287,0
2015-12-01,C79,-0.0080712894645245,0
2010-02-01,C80,-0.351788968131472,0
2010-03-01,C80,0.223485275261222,0
2010-04-01,C80,-0.182890895737331,0
2010-05-01,C80,0.144987989052282,0
2010-06-01,C80,0.191554530539006,0
2010-07-01,C80,0.0152672243548411,0
2010-08-01,C80,-0.229520636605031,0
2010-09-01,C80,-0.283551407165636,0
2010-10-01,C80,0.172961533428415,0
2010-11-01,C80,-0.0305409454428358,0
2010-12-01,C80,-0.218702390059392,0
2011-01-01,C80,0.475842054827563,0
2011-02-01,C80,-0.0757538132824527,0
2011-03-01,C80,-0.253636782402468,0
2011-04-01,C80,0.734305826475745,0
2011-05-01,C80,-0.315154530710658,0
2011-06-01,C80,0.110771127584906,0
2011-07-01,C80,0.120865872362694,0
2011-08-01,C80,0.278138850347326,0
2011-09-01,C80,0.956735445910164,0
2011-10-01,C80,-0.465152315185843,0
2011-11-01,C80,-0.0028566660074762,0
2011-12-01,C80,-0.246637297198672,0
2012-01-01,C80,-0.135966153115912,0
2012-02-01,C80,-0.211532059323456,0
2012-03-01,C80,-0.45496444890798,0
2012-04-01,C80,-0.0922589849111941,0
2012-05-01,C80,0.407460089276226,0
2012-06-01,C80,0.268387587850211,0
2012-07-01,C80,0.0518758434123665,0
2012-08-01,C80,0.0265460396125166,0
2012-09-01,C80,-0.686971163420504,0
2012-10-01,C80,0.415927627065618,0
2012-11-01,C80,-0.297725038625904,0
2012-12-01,C80,0.0112887881837755,0
2013-01-01,C80,0.369143784079761,0
2013-02-01,C80,-0.581470389978202,0
2013-03-01,C80,0.366660886515759,0
2013-04-01,C80,-0.106427600890505,0
2013-05-01,C80,-0.167723765818949,0
2013-06-01,C80,-0.159828723109165,0
2013-07-01,C80,-0.0594611735876813,0
2013-08-01,C80,0.0205546900923559,0
2013-09-01,C80,-0.130926281845437,0
2013-10-01,C80,-0.0776546656541663,0
2013-11-01,C80,0.496748991747315,0
2013-12-01,C80,-0.148304632880848,0
2014-01-01,C80,-0.0688840441128593,0
2014-02-01,C80,0.0741894123279483,0
2014-03-01,C80,0.0989585402726112,0
2014-04-01,C80,-0.302833600475504,0
2014-05-01,C80,-0.102722339463699,0
2014-06-01,C80,0.0136891128928971,0
2014-07-01,C80,-0.0235249501292376,0
2014-08-01,C80,0.356387188605794,0
2014-09-01,C80,-0.472817722852776,0
2014-10-01,C80,0.0311221806502595,0
2014-11-01,C80,0.0543543254709116,0
2014-12-01,C80,0.0051419004370836,0
2015-01-01,C80,0.521289171406735,0
2015-02-01,C80,-0.157561486381595,0
2015-03-01,C80,0.303079691989045,0
2015-04-01,C80,-0.361249320003198,0
2015-05-01,C80,-0.0852677924437906,0
2015-06-01,C80,0.0156653197673022,0
2015-07-01,C80,0.063900302650183,0
2015-08-01,C80,-0.210243675753431,0
2015-09-01,C80,0.0723714651295531,0
2015-10-01,C80,-0.249041182602407,0
2015-11-01,C80,0.14747662385316,0
2015-12-01,C80,-0.0196559770352756,0
2010-02-01,C81,-0.302571848608568,0
2010-03-01,C81,0.335992445057841,0
2010-04-01,C81,-0.0151167395852276,0
2010-05-01,C81,-0.0816160758690225,0
2010-06-01,C81,0.347196832996192,0
2010-07-01,C81,0.195725040893815,0
2010-08-01,C81,-0.186510916174077,0
2010-09-01,C81,-0.0188093738451114,0
2010-10-01,C81,0.290036804946446,0
2010-11-01,C81,-0.246090788497437,0
2010-12-01,C81,0.103126962789148,0
2011-01-01,C81,-0.20771870957551,0
2011-02-01,C81,-0.134293402953019,0
2011-03-01,C81,0.283764146295217,0
2011-04-01,C81,-0.170330831809636,0
2011-05-01,C81,-0.0172270674755906,0
2011-06-01,C81,0.044348546639446,0
2011-07-01,C81,-0.0944518564540191,0
2011-08-01,C81,-0.0913835202857136,0
2011-09-01,C81,0.0163481085002033,0
2011-10-01,C81,0.19266378123663,0
2011-11-01,C81,-0.315304484800238,0
2011-12-01,C81,0.284893754965109,0
2012-01-01,C81,-0.470493045901316,0
2012-02-01,C81,0.3293765485528,0
2012-03-01,C81,0.27815390276066,0
2012-04-01,C81,-0.315125738495593,0
2012-05-01,C81,0.0141309702443264,0
2012-06-01,C81,-0.180524930399686,0
2012-07-01,C81,0.296553934668492,0
2012-08-01,C81,0.0424141972026524,0
2012-09-01,C81,-0.26568688266565,0
2012-10-01,C81,0.113543692479976,0
2012-11-01,C81,-0.124539084321006,0
2012-12-01,C81,-0.020100436807363,0
2013-01-01,C81,0.18925646719732,0
2013-02-01,C81,-0.0198164509250995,0
2013-03-01,C81,0.0256573243305516,0
2013-04-01,C81,-0.0033781741290939,0
2013-05-01,C81,0.0404692825849233,0
2013-06-01,C81,0.093485416695386,0
2013-07-01,C81,-0.0432616869570852,0
2013-08-01,C81,-0.118663286426958,0
2013-09-01,C81,0.0084497029211547,0
2013-10-01,C81,-0.0413366283873522,0
2013-11-01,C81,-0.132815496515988,0
2013-12-01,C81,0.473577347360298,0
2014-01-01,C81,-0.70552004388496,0
2014-02-01,C81,0.327457252646274,0
2014-03-01,C81,0.263739566376449,0
2014-04-01,C81,-0.162781974612843,0
2014-05-01,C81,-0.0488518667721047,0
2014-06-01,C81,0.485114862160406,0
2014-07-01,C81,-0.433624003480164,0
2014-08-01,C81,-0.037476242168986,0
2014-09-01,C81,0.0534171861827852,0
2014-10-01,C81,-0.002792506586922,0
2014-11-01,C81,0.578258973426192,0
2014-12-01,C81,-0.480509449273057,0
2015-01-01,C81,-0.175996052111884,0
2015-02-01,C81,-0.323474154048661,0
2015-03-01,C81,0.420123110187214,0
2015-04-01,C81,-0.0680193137523677,0
2015-05-01,C81,0.048327582888402,0
2015-06-01,C81,0.432349840333033,0
2015-07-01,C81,-0.298296344878482,0
2015-08-01,C81,-0.341811756634481,0
2015-09-01,C81,0.0318613442893527,0
2015-10-01,C81,0.135224099039086,0
2015-11-01,C81,0.197999059504135,0
2015-12-01,C81,-0.266115435955998,0
2010-02-01,C82,-0.0972634342431542,0
2010-03-01,C82,0.290618779176094,0
2010-04-01,C82,-0.155947546379187,0
2010-05-01,C82,0.0198129585903439,0
2010-06-01,C82,0.0732838587600915,0
2010-07-01,C82,0.0009478179922428,0
2010-08-01,C82,-0.337694984112472,0
2010-09-01,C82,0.0954320205981647,0
2010-10-01,C82,0.3138214616334,0
2010-11-01,C82,0.0399340668781871,0
2010-12-01,C82,-0.0257318342375781,0
2011-01-01,C82,-0.11049858708381,0
2011-02-01,C82,0.133564292101631,0
2011-03-01,C82,0.108878632886909,0
2011-04-01,C82,0.0158711617515754,0
2011-05-01,C82,-0.091140772853727,0
2011-06-01,C82,-0.0479086802401829,0
2011-07-01,C82,0.0593591898391344,0
2011-08-01,C82,-0.0815101635887894,0
2011-09-01,C82,-0.0398724849150449,0
2011-10-01,C82,0.0457458938060675,0
2011-11-01,C82,0.0634852776117159,0
2011-12-01,C82,-0.0421699651796343,0
2012-01-01,C82,-0.283401252234357,0
2012-02-01,C82,0.214759416074103,0
2012-03-01,C82,0.158411267964774,0
2012-04-01,C82,-0.0596666404973751,0
2012-05-01,C82,0.0377446433178106,0
2012-06-01,C82,0.0542191418144737,0
2012-07-01,C82,-0.0107501221944784,0
2012-08-01,C82,0.0786113422981165,0
2012-09-01,C82,-0.134856404667931,0
2012-10-01,C82,0.0135431143317142,0
2012-11-01,C82,-0.0620847390735539,0
2012-12-01,C82,0.0612526790620755,0
2013-01-01,C82,0.0162855597135438,0
2013-02-01,C82,-0.0613230695297542,0
2013-03-01,C82,0.25725889828326,0
2013-04-01,C82,-0.247377483650017,0
2013-05-01,C82,0.102298114379852,0
2013-06-01,C82,-0.0146311935410308,0
2013-07-01,C82,-0.0565292534135535,0
2013-08-01,C82,0.0104552117714993,0
2013-09-01,C82,-0.121854144340648,0
2013-10-01,C82,0.465766220016742,0
2013-11-01,C82,-0.263217866351319,0
2013-12-01,C82,-0.0283819584059648,0
2014-01-01,C82,-0.237171676907183,0
2014-02-01,C82,0.274326676316687,0
2014-03-01,C82,0.0016666990817935,0
2014-04-01,C82,0.0101850874906688,0
2014-05-01,C82,0.055018890198566,0
2014-06-01,C82,-0.0676519432146057,0
2014-07-01,C82,0.113262866378756,0
2014-08-01,C82,-0.221654529751046,0
2014-09-01,C82,0.0099921761320205,0
2014-10-01,C82,0.137106809829223,0
2014-11-01,C82,-0.102578857154925,0
2014-12-01,C82,0.0860398333182699,0
2015-01-01,C82,-0.220422636756171,0
2015-02-01,C82,0.0420220371600957,0
2015-03-01,C82,0.221207660634565,0
2015-04-01,C82,-0.131389431204751,0
2015-05-01,C82,0.0586762628368023,0
2015-06-01,C82,0.0419030004339449,0
2015-07-01,C82,0.0826242026888417,0
2015-08-01,C82,-0.331598517117501,0
2015-09-01,C82,0.096251526730244,0
2015-10-01,C82,-0.0318306095418803,0
2015-11-01,C82,-0.12777985864033,0
2015-12-01,C82,0.132454187508706,0
2010-02-01,C83,-0.0225599277435293,0
2010-03-01,C83,0.201924773968366,0
2010-04-01,C83,-0.0831843075363219,0
2010-05-01,C83,-0.0322992907434729,0
2010-06-01,C83,0.0649485536504999,0
2010-07-01,C83,-0.0035184179669531,0
2010-08-01,C83,-0.476645335131506,0
2010-09-01,C83,0.0441768432677785,0
2010-10-01,C83,0.425676449235703,0
2010-11-01,C83,-0.0756969122165883,0
2010-12-01,C83,0.0187429821100062,0
2011-01-01,C83,0.0246804786885022,0
2011-02-01,C83,-0.0407825181988368,0
2011-03-01,C83,0.215075699217292,0
2011-04-01,C83,-0.049076622174975,0
2011-05-01,C83,-0.0115005944823334,0
2011-06-01,C83,0.0142344017326046,0
2011-07-01,C83,0.0955639843085088,0
2011-08-01,C83,-0.0420474080020075,0
2011-09-01,C83,0.0090792110800546,0
2011-10-01,C83,-0.0406995223140045,0
2011-11-01,C83,-0.115481100722021,0
2011-12-01,C83,-0.0055399557213942,0
2012-01-01,C83,-0.140856207407279,0
2012-02-01,C83,0.173784218993124,0
2012-03-01,C83,0.105048331857052,0
2012-04-01,C83,-0.0966165608609915,0
2012-05-01,C83,0.0704733363752243,0
2012-06-01,C83,0.0136440675139724,0
2012-07-01,C83,-0.0244015990134905,0
2012-08-01,C83,0.189864631439353,0
2012-09-01,C83,-0.276325743164309,0
2012-10-01,C83,0.0936202815123508,0
2012-11-01,C83,-0.135976365084605,0
2012-12-01,C83,-0.0821424493439196,0
2013-01-01,C83,0.255190006164011,0
2013-02-01,C83,-0.0740697706363687,0
2013-03-01,C83,0.0940094756213865,0
2013-04-01,C83,0.0293441708718261,0
2013-05-01,C83,-0.0091166397770958,0
2013-06-01,C83,-0.0280692554656019,0
2013-07-01,C83,0.145833493639189,0
2013-08-01,C83,-0.067064599051335,0
2013-09-01,C83,-0.0584634736662126,0
2013-10-01,C83,0.0685018556474564,0
2013-11-01,C83,0.079571580269036,0
2013-12-01,C83,-0.10963298875288,0
2014-01-01,C83,-0.124551692591781,0
2014-02-01,C83,-0.0133260584613444,0
2014-03-01,C83,0.141492572489556,0
2014-04-01,C83,-0.0175988118514017,0
2014-05-01,C83,0.0103611829571113,0
2014-06-01,C83,-0.0060512548682485,0
2014-07-01,C83,0.106523718099075,0
2014-08-01,C83,-0.0858771092542936,0
2014-09-01,C83,-0.0392306295227742,0
2014-10-01,C83,0.0564468868776009,0
2014-11-01,C83,-0.146483476870127,0
2014-12-01,C83,0.1066713186677,0
2015-01-01,C83,-0.165566272239317,0
2015-02-01,C83,-0.101878338709965,0
2015-03-01,C83,0.124528393589601,0
2015-04-01,C83,-0.0433524929811853,0
2015-05-01,C83,-0.0413182724488097,0
2015-06-01,C83,0.0540239769663833,0
2015-07-01,C83,-1.12993123835281e-06,0
2015-08-01,C83,-0.122313295345183,0
2015-09-01,C83,0.0450095338223271,0
2015-10-01,C83,0.0922917031772039,0
2015-11-01,C83,-0.0154477138415414,0
2015-12-01,C83,-0.0313735106645652,0
2010-02-01,C84,0.0363827445387166,0
2010-03-01,C84,0.293902326648043,0
2010-04-01,C84,-0.0688227532009584,0
2010-05-01,C84,-0.0449786415401974,0
2010-06-01,C84,0.0948383071210497,0
2010-07-01,C84,0.0400073997626684,0
2010-08-01,C84,-0.229456701002588,0
2010-09-01,C84,0.0021869024275869,0
2010-10-01,C84,0.272930230974739,0
2010-11-01,C84,0.0189473331003622,0
2010-12-01,C84,0.0667893984397647,0
2011-01-01,C84,-0.158973462645802,0
2011-02-01,C84,0.0852915641757548,0
2011-03-01,C84,0.155912750132382,0
2011-04-01,C84,-0.103323721419939,0
2011-05-01,C84,0.0504374279393573,0
2011-06-01,C84,0.0171298533920368,0
2011-07-01,C84,-0.0313378031461422,0
2011-08-01,C84,-0.0161404011190331,0
2011-09-01,C84,-0.0612531259589595,0
2011-10-01,C84,-0.0279296772869682,0
2011-11-01,C84,-0.0912544753409836,0
2011-12-01,C84,0.137531665717171,0
2012-01-01,C84,-0.27720098075179,0
2012-02-01,C84,0.184138481700957,0
2012-03-01,C84,0.0628776044057648,0
2012-04-01,C84,-0.202502409642241,0
2012-05-01,C84,0.188989769064209,0
2012-06-01,C84,-0.0484226967672772,0
2012-07-01,C84,-0.0321316102969842,0
2012-08-01,C84,0.0777267618150201,0
2012-09-01,C84,-0.06816973989838,0
2012-10-01,C84,0.0027622256455348,0
2012-11-01,C84,0.0134503962764505,0
2012-12-01,C84,-0.0245823336983086,0
2013-01-01,C84,-0.0666326732787752,0
2013-02-01,C84,-0.0152965307072463,0
2013-03-01,C84,0.192091813551974,0
2013-04-01,C84,-0.069413468448337,0
2013-05-01,C84,0.0241114087151608,0
2013-06-01,C84,0.0030849040999179,0
2013-07-01,C84,0.0738354533412231,0
2013-08-01,C84,-0.0659054163400103,0
2013-09-01,C84,-0.0936281172863058,0
2013-10-01,C84,-0.147555879772696,0
2013-11-01,C84,0.266308815404173,0
2013-12-01,C84,0.0676290219767246,0
2014-01-01,C84,-0.247032308240327,0
2014-02-01,C84,0.0331639147899789,0
2014-03-01,C84,0.105164161052596,0
2014-04-01,C84,-0.0253709549795538,0
2014-05-01,C84,0.0180883611328344,0
2014-06-01,C84,0.0227339104481032,0
2014-07-01,C84,0.0224849090971198,0
2014-08-01,C84,-0.123045186880026,0
2014-09-01,C84,0.0100937909320784,0
2014-10-01,C84,0.0840301172859927,0
2014-11-01,C84,-0.114847656120066,0
2014-12-01,C84,0.0736309190759901,0
2015-01-01,C84,-0.212594069452219,0
2015-02-01,C84,-0.130693291676142,0
2015-03-01,C84,0.196939106770772,0
2015-04-01,C84,-0.045547234132604,0
2015-05-01,C84,-0.0599653881043238,0
2015-06-01,C84,0.0749012164518561,0
2015-07-01,C84,0.106700779243065,0
2015-08-01,C84,-0.208426319186708,0
2015-09-01,C84,0.0315380775284062,0
2015-10-01,C84,0.0135728934246995,0
2015-11-01,C84,-0.0280851570004721,0
2015-12-01,C84,0.108713863390337,0
2010-02-01,C85,-0.131342385135692,0
2010-03-01,C85,0.235893713870251,0
2010-04-01,C85,-0.0084241156168705,0
2010-05-01,C85,0.0312949996428564,0
2010-06-01,C85,0.059127765964508,0
2010-07-01,C85,-0.0270055511324703,0
2010-08-01,C85,-0.0160456753039444,0
2010-09-01,C85,-0.0131947222244513,0
2010-10-01,C85,0.0909752458627207,0
2010-11-01,C85,-0.0658158310817782,0
2010-12-01,C85,-0.0716804648558576,0
2011-01-01,C85,0.0678321297097551,0
2011-02-01,C85,-0.0539940976429829,0
2011-03-01,C85,0.15462052801791,0
2011-04-01,C85,-0.157793484992867,0
2011-05-01,C85,0.046561063810314,0
2011-06-01,C85,0.0679697706745515,0
2011-07-01,C85,-0.0018413331613285,0
2011-08-01,C85,0.0479505303127379,0
2011-09-01,C85,-0.0915888811248546,0
2011-10-01,C85,0.0812480687210027,0
2011-11-01,C85,0.0035822816854125,0
2011-12-01,C85,-0.0762234357888971,0
2012-01-01,C85,-0.111707025557061,0
2012-02-01,C85,0.113916924161753,0
2012-03-01,C85,0.0103720208711113,0
2012-04-01,C85,-0.307239153597008,0
2012-05-01,C85,0.319530278822564,0
2012-06-01,C85,0.021403788609959,0
2012-07-01,C85,-0.0169201487504793,0
2012-08-01,C85,0.12468386984634,0
2012-09-01,C85,-0.0452548201401353,0
2012-10-01,C85,-0.0195351805524773,0
2012-11-01,C85,0.0302713008752384,0
2012-12-01,C85,-0.0312494748592584,0
2013-01-01,C85,0.140625673170669,0
2013-02-01,C85,-0.282664657929839,0
2013-03-01,C85,0.270340924182804,0
2013-04-01,C85,-0.0688228271260733,0
2013-05-01,C85,0.0907805449973633,0
2013-06-01,C85,-0.0817701365617935,0
2013-07-01,C85,0.121534390849378,0
2013-08-01,C85,0.0240916217107152,0
2013-09-01,C85,0.0573995963315301,0
2013-10-01,C85,-0.580975113640847,0
2013-11-01,C85,0.591316280861115,0
2013-12-01,C85,-0.0537190181986507,0
2014-01-01,C85,0.415758945374687,0
2014-02-01,C85,-0.103898932907773,0
2014-03-01,C85,0.0865715710032742,0
2014-04-01,C85,-0.0116108425819164,0
2014-05-01,C85,0.029416804662084,0
2014-06-01,C85,-0.0346958298284878,0
2014-07-01,C85,0.0564685123488875,0
2014-08-01,C85,-0.0389132810568587,0
2014-09-01,C85,0.123818658023731,0
2014-10-01,C85,0.0173914549909995,0
2014-11-01,C85,-0.0784284184876629,0
2014-12-01,C85,-0.0273780221428286,0
2015-01-01,C85,-0.60464895517114,0
2015-02-01,C85,-0.318365135770216,0
2015-03-01,C85,0.290311598759871,0
2015-04-01,C85,-0.0344029952873193,0
2015-05-01,C85,-0.0120746637666684,0
2015-06-01,C85,0.0255870503209934,0
2015-07-01,C85,0.0842404990544416,0
2015-08-01,C85,-0.066694374857093,0
2015-09-01,C85,0.109130397924684,0
2015-10-01,C85,0.0185987798569052,0
2015-11-01,C85,-0.0666032917150154,0
2015-12-01,C85,-0.0073271766556501,0
2010-02-01,C86,0.174696493624026,0
2010-03-01,C86,0.0452992044692442,0
2010-04-01,C86,-0.0530449106211535,0
2010-05-01,C86,-0.0582351791841811,0
2010-06-01,C86,0.0241548299274781,0
2010-07-01,C86,0.0592286858090949,0
2010-08-01,C86,-0.575457547649886,0
2010-09-01,C86,0.341609514943961,0
2010-10-01,C86,0.474984405688669,0
2010-11-01,C86,0.0282133917580012,0
2010-12-01,C86,-0.0378841889236101,0
2011-01-01,C86,-0.182763697263896,0
2011-02-01,C86,0.164986795750138,0
2011-03-01,C86,0.089090606770438,0
2011-04-01,C86,-0.0412121648681314,0
2011-05-01,C86,-0.100697519059095,0
2011-06-01,C86,-0.129359213113819,0
2011-07-01,C86,-0.0790054367616104,0
2011-08-01,C86,-0.205169562827759,0
2011-09-01,C86,0.156110165040364,0
2011-10-01,C86,-0.370311362911385,0
2011-11-01,C86,0.0201506523751043,0
2011-12-01,C86,-0.0832517849849204,0
2012-01-01,C86,-0.293373791072605,0
2012-02-01,C86,0.844083350573459,0
2012-03-01,C86,-0.338701192441508,0
2012-04-01,C86,-0.346234487833615,0
2012-05-01,C86,0.179267026938394,0
2012-06-01,C86,-0.328926427098742,0
2012-07-01,C86,0.289006264856015,0
2012-08-01,C86,-0.0605491879436979,0
2012-09-01,C86,-0.256587193889557,0
2012-10-01,C86,0.173560322733457,0
2012-11-01,C86,0.124842153914486,0
2012-12-01,C86,-0.178650662753296,0
2013-01-01,C86,-0.326606347876138,0
2013-02-01,C86,0.325496899411363,0
2013-03-01,C86,0.046886368674957,0
2013-04-01,C86,-0.0989663474079725,0
2013-05-01,C86,0.351061949199605,0
2013-06-01,C86,-0.216952548092981,0
2013-07-01,C86,0.25439301977357,0
2013-08-01,C86,-0.265535683088485,0
2013-09-01,C86,-0.129722538190073,0
2013-10-01,C86,0.119602234134813,0
2013-11-01,C86,0.138051796629186,0
2013-12-01,C86,0.126232524276515,0
2014-01-01,C86,-0.0558222302249867,0
2014-02-01,C86,0.2313474728969,0
2014-03-01,C86,0.132646613130574,0
2014-04-01,C86,-0.0120351304405046,0
2014-05-01,C86,-0.030569857395248,0
2014-06-01,C86,-0.0048981528352278,0
2014-07-01,C86,0.398083842263091,0
2014-08-01,C86,-0.268422833835723,0
2014-09-01,C86,-0.15001654443705,0
2014-10-01,C86,0.111872808104499,0
2014-11-01,C86,-0.0731962950604972,0
2014-12-01,C86,-0.0372806824932779,0
2015-01-01,C86,-0.0468724778253593,0
2015-02-01,C86,0.109015530668501,0
2015-03-01,C86,-0.0776554187411866,0
2015-04-01,C86,0.0239047230407792,0
2015-05-01,C86,-0.254116302716287,0
2015-06-01,C86,0.438990637686296,0
2015-07-01,C86,-0.335931589359157,0
2015-08-01,C86,-0.144094246162351,0
2015-09-01,C86,0.0351747531637665,0
2015-10-01,C86,-0.0032487365936884,0
2015-11-01,C86,-0.238139617898076,0
2015-12-01,C86,0.231969422433459,0
2010-02-01,C88,0.389332518111058,0
2010-03-01,C88,0.233529025992278,0
2010-04-01,C88,-0.257838139041509,0
2010-05-01,C88,0.166648410549618,0
2010-06-01,C88,0.150391387844564,0
2010-07-01,C88,0.289118963151594,0
2010-08-01,C88,-0.901176798447787,0
2010-09-01,C88,-0.289791503202475,0
2010-10-01,C88,0.322971149519299,0
2010-11-01,C88,0.0053799288279385,0
2010-12-01,C88,0.365815903613312,0
2011-01-01,C88,-0.18419915368539,0
2011-02-01,C88,-0.0526592945539397,0
2011-03-01,C88,0.320375836543155,0
2011-04-01,C88,-0.281430365128774,0
2011-05-01,C88,0.143718729138863,0
2011-06-01,C88,0.38177098649496,0
2011-07-01,C88,-0.0329557063863062,0
2011-08-01,C88,0.0703189183734576,0
2011-09-01,C88,-0.508083993851355,0
2011-10-01,C88,0.487807703525231,0
2011-11-01,C88,-0.210428214960309,0
2011-12-01,C88,0.32781959255423,0
2012-01-01,C88,-0.324643121909066,0
2012-02-01,C88,0.244054041744408,0
2012-03-01,C88,-0.258802203735774,0
2012-04-01,C88,0.144860595580341,0
2012-05-01,C88,-0.192542924569509,0
2012-06-01,C88,0.322500827436971,0
2012-07-01,C88,0.0706368139991387,0
2012-08-01,C88,-0.0682431670736916,0
2012-09-01,C88,0.0632790016555083,0
2012-10-01,C88,-0.238498429483265,0
2012-11-01,C88,-0.210103273675696,0
2012-12-01,C88,0.417038783025033,0
2013-01-01,C88,-0.431458298918339,0
2013-02-01,C88,-0.0877499594695719,0
2013-03-01,C88,0.648097857965205,0
2013-04-01,C88,-0.161971028616697,0
2013-05-01,C88,-0.631857995791939,0
2013-06-01,C88,0.918101038029999,0
2013-07-01,C88,-0.0046616497551372,0
2013-08-01,C88,-0.0691250337659852,0
2013-09-01,C88,-0.0092422710300095,0
2013-10-01,C88,-0.0515450011708865,0
2013-11-01,C88,-0.423164174850449,0
2013-12-01,C88,0.499924909147918,0
2014-01-01,C88,-0.488767502134774,0
2014-02-01,C88,0.060749695265101,0
2014-03-01,C88,0.312203741405496,0
2014-04-01,C88,-0.0282522683002755,0
2014-05-01,C88,0.0903566862283052,0
2014-06-01,C88,0.0162610502906428,0
2014-07-01,C88,0.201359399115786,0
2014-08-01,C88,-0.370270250450553,0
2014-09-01,C88,0.21587898943464,0
2014-10-01,C88,-0.0670589585028498,0
2014-11-01,C88,0.144967212747535,0
2014-12-01,C88,0.306115309829682,0
2015-01-01,C88,-0.514836643683424,0
2015-02-01,C88,-0.258105795427232,0
2015-03-01,C88,-0.121382837669768,0
2015-04-01,C88,0.363099993110739,0
2015-05-01,C88,-0.0964871845681285,0
2015-06-01,C88,0.466537191527157,0
2015-07-01,C88,-0.1366318145681,0
2015-08-01,C88,-0.344998607758193,0
2015-09-01,C88,0.538441127523377,0
2015-10-01,C88,-0.420859884371104,0
2015-11-01,C88,0.142000174173124,0
2015-12-01,C88,0.171271396322972,0
2010-02-01,C89,1.98442290765378,0
2010-03-01,C89,0.201411749610898,0
2010-04-01,C89,-0.213950152727857,0
2010-05-01,C89,-0.864674590551739,0
2010-06-01,C89,1.19541193628231,0
2010-07-01,C89,-0.590691208653631,0
2010-08-01,C89,0.799428269826377,0
2010-09-01,C89,-1.78459548151187,0
2010-10-01,C89,1.12105954518063,0
2010-11-01,C89,0.0085910435951714,0
2010-12-01,C89,-0.725803421401073,0
2011-01-01,C89,0.785924021749232,0
2011-02-01,C89,-0.391111774490688,0
2011-03-01,C89,-0.0209462794795754,0
2011-04-01,C89,0.34534955426096,0
2011-05-01,C89,-0.610724123171198,0
2011-06-01,C89,-0.641908688081078,0
2011-07-01,C89,1.36123311457207,0
2011-08-01,C89,-0.574038798810235,0
2011-09-01,C89,3.26134548192462,0
2011-10-01,C89,-1.75869066114971,0
2011-11-01,C89,-1.30766888020303,0
2011-12-01,C89,-0.30660516096529,0
2012-01-01,C89,0.612425758546589,0
2012-02-01,C89,1.92567300935526,0
2012-03-01,C89,-2.99251529737888,0
2012-04-01,C89,0.202954605544899,0
2012-05-01,C89,0.118340243304532,0
2012-06-01,C89,0.624795072462643,0
2012-07-01,C89,-0.114832747431591,0
2012-08-01,C89,-0.385289084660311,0
2012-09-01,C89,-0.433671298948087,0
2012-10-01,C89,1.12042205114508,0
2012-11-01,C89,-0.0089911678107799,0
2012-12-01,C89,-1.07444150131941,0
2013-01-01,C89,1.0531094449107,0
2013-02-01,C89,-0.361793270729329,0
2013-03-01,C89,1.44414691043826,0
2013-04-01,C89,0.336970307866112,0
2013-05-01,C89,-0.0568945094265088,0
2013-06-01,C89,-0.082147909925582,0
2013-07-01,C89,0.567706570969064,0
2013-08-01,C89,-0.440520740265478,0
2013-09-01,C89,-0.903030337991993,0
2013-10-01,C89,1.26803151235447,0
2013-11-01,C89,-0.166754971338636,0
2013-12-01,C89,-0.6008057031562,0
2014-01-01,C89,-1.70072846712639,0
2014-02-01,C89,1.70211125437805,0
2014-03-01,C89,-0.0525147824584291,0
2014-04-01,C89,-1.41068639904473,0
2014-05-01,C89,0.141929216195709,0
2014-06-01,C89,0.72214379236618,0
2014-07-01,C89,-0.475793831178946,0
2014-08-01,C89,0.0909315790631071,0
2014-09-01,C89,1.92788017010181,0
2014-10-01,C89,-3.08679850174651,0
2014-11-01,C89,0.204574532510866,0
2014-12-01,C89,0.494224871586491,0
2015-01-01,C89,-0.213451492511903,0
2015-02-01,C89,-0.174645312691055,0
2015-03-01,C89,0.794454835551945,0
2015-04-01,C89,1.05301580666782,0
2015-05-01,C89,-1.34273787886229,0
2015-06-01,C89,-0.252165681747032,0
2015-07-01,C89,-0.178628904976919,0
2015-08-01,C89,-0.803406817268146,0
2015-09-01,C89,3.82656557037601,0
2015-10-01,C89,-2.3427564437428,0
2015-11-01,C89,-0.793235974820769,0
2015-12-01,C89,-0.0462595569972848,0
2010-02-01,C90,-0.023831272197838,0
2010-03-01,C90,0.371912677597952,0
2010-04-01,C90,-0.105873666418962,0
2010-05-01,C90,-0.0723006630619576,0
2010-06-01,C90,0.103168679185043,0
2010-07-01,C90,0.0865331558514608,0
2010-08-01,C90,-0.224247155517697,0
2010-09-01,C90,0.0462776796090703,0
2010-10-01,C90,0.22650811997465,0
2010-11-01,C90,-0.000742288694548,0
2010-12-01,C90,0.130249657840288,0
2011-01-01,C90,-0.362374718884763,0
2011-02-01,C90,0.153339655880388,0
2011-03-01,C90,0.160771512808616,0
2011-04-01,C90,-0.0856341733906696,0
2011-05-01,C90,0.102933869063031,0
2011-06-01,C90,-0.0149031922244571,0
2011-07-01,C90,0.0995511505022773,0
2011-08-01,C90,-0.0017755867822302,0
2011-09-01,C90,-0.0760543574477452,0
2011-10-01,C90,0.0553688134917234,0
2011-11-01,C90,-0.0166642148123461,0
2011-12-01,C90,0.0214621123640999,0
2012-01-01,C90,-0.353525522447583,0
2012-02-01,C90,0.262579366185754,0
2012-03-01,C90,0.112715141694432,0
2012-04-01,C90,-0.16845414809665,0
2012-05-01,C90,0.144570678010229,0
2012-06-01,C90,0.163810741803758,0
2012-07-01,C90,-0.0831894604629451,0
2012-08-01,C90,0.0698595110562241,0
2012-09-01,C90,-0.0236037540950615,0
2012-10-01,C90,-0.0205897724103732,0
2012-11-01,C90,-0.0452458251935735,0
2012-12-01,C90,0.0440106345914302,0
2013-01-01,C90,0.152579193329391,0
2013-02-01,C90,-0.10357950956117,0
2013-03-01,C90,0.318118939516554,0
2013-04-01,C90,-0.100223329816449,0
2013-05-01,C90,0.0500058725834638,0
2013-06-01,C90,0.0290613081677709,0
2013-07-01,C90,-0.03396437438475,0
2013-08-01,C90,0.0131406581167468,0
2013-09-01,C90,-0.058448916852889,0
2013-10-01,C90,-0.0712145931658661,0
2013-11-01,C90,0.13647807623466,0
2013-12-01,C90,0.0808636905458737,0
2014-01-01,C90,-0.686677411762263,0
2014-02-01,C90,0.158446050754488,0
2014-03-01,C90,0.205605015753781,0
2014-04-01,C90,-0.0938065492300861,0
2014-05-01,C90,0.0382162251710003,0
2014-06-01,C90,0.0934081739415067,0
2014-07-01,C90,-0.0492751217247331,0
2014-08-01,C90,-0.0414928475223615,0
2014-09-01,C90,0.0369128902027249,0
2014-10-01,C90,-0.0197463518551118,0
2014-11-01,C90,-0.0639235122255588,0
2014-12-01,C90,0.135566438936646,0
2015-01-01,C90,-0.270469490799732,0
2015-02-01,C90,-0.180213256640878,0
2015-03-01,C90,0.377068063490494,0
2015-04-01,C90,-0.158069840967022,0
2015-05-01,C90,0.0056629926948552,0
2015-06-01,C90,0.0999688567835584,0
2015-07-01,C90,-0.0435311518401633,0
2015-08-01,C90,-0.0770493145522444,0
2015-09-01,C90,0.100459412876903,0
2015-10-01,C90,-0.0405344845599878,0
2015-11-01,C90,-0.0365819534253937,0
2015-12-01,C90,0.178187884916799,0
2010-02-01,C92,0.142787127743017,0
2010-03-01,C92,0.100405222074643,0
2010-04-01,C92,0.163135496743127,0
2010-05-01,C92,-0.0321649093402612,0
2010-06-01,C92,-0.0301904786974214,0
2010-07-01,C92,0.205235227002315,0
2010-08-01,C92,-0.390333640504431,0
2010-09-01,C92,0.193703284349418,0
2010-10-01,C92,-0.0166419071041637,0
2010-11-01,C92,0.0190942623843013,0
2010-12-01,C92,0.0752490405960331,0
2011-01-01,C92,-0.420789816461461,0
2011-02-01,C92,0.403031998717301,0
2011-03-01,C92,0.155790368331453,0
2011-04-01,C92,-0.227012966588804,0
2011-05-01,C92,0.161607300806009,0
2011-06-01,C92,-0.0244886980026697,0
2011-07-01,C92,0.137005477962913,0
2011-08-01,C92,-0.208859880879645,0
2011-09-01,C92,0.154264551871246,0
2011-10-01,C92,0.06980448705756,0
2011-11-01,C92,-0.0414520263880815,0
2011-12-01,C92,0.0565385478884792,0
2012-01-01,C92,-0.372757513962419,0
2012-02-01,C92,0.0897639319533878,0
2012-03-01,C92,0.196271624921621,0
2012-04-01,C92,0.0629016213293911,0
2012-05-01,C92,-0.0109169405035177,0
2012-06-01,C92,-0.0374406806604997,0
2012-07-01,C92,-0.0371423372221664,0
2012-08-01,C92,0.155941379196963,0
2012-09-01,C92,-0.135297593929306,0
2012-10-01,C92,-0.0654731256535386,0
2012-11-01,C92,0.107930231033453,0
2012-12-01,C92,-0.0273278821226648,0
2013-01-01,C92,-0.180158296401494,0
2013-02-01,C92,0.0109497143084472,0
2013-03-01,C92,0.401774121619278,0
2013-04-01,C92,-0.0393737781165631,0
2013-05-01,C92,-0.0246676317063299,0
2013-06-01,C92,0.0450902667359094,0
2013-07-01,C92,0.0425838318624834,0
2013-08-01,C92,-0.252060551277673,0
2013-09-01,C92,0.0714369719233292,0
2013-10-01,C92,0.151931080746839,0
2013-11-01,C92,-0.001001065174055,0
2013-12-01,C92,-0.0840557574999958,0
2014-01-01,C92,-0.493161189890681,0
2014-02-01,C92,0.340057298880045,0
2014-03-01,C92,0.0804613749094965,0
2014-04-01,C92,0.117893734175291,0
2014-05-01,C92,0.0160031013287281,0
2014-06-01,C92,0.110575081398105,0
2014-07-01,C92,-0.0011060262327076,0
2014-08-01,C92,-0.213383358319217,0
2014-09-01,C92,0.108184433642753,0
2014-10-01,C92,0.0210383429541561,0
2014-11-01,C92,-0.157759916012267,0
2014-12-01,C92,-0.0330715563917341,0
2015-01-01,C92,-0.155933721134026,0
2015-02-01,C92,-0.344500614324177,0
2015-03-01,C92,0.498540649995937,0
2015-04-01,C92,-0.176458840716249,0
2015-05-01,C92,0.154590497924636,0
2015-06-01,C92,0.0639892692839932,0
2015-07-01,C92,0.324648285563877,0
2015-08-01,C92,-0.664850325191103,0
2015-09-01,C92,0.49662704543833,0
2015-10-01,C92,-0.261058432240064,0
2015-11-01,C92,0.195129315706393,0
2015-12-01,C92,-0.147266291470551,0
2010-02-01,C93,-1.54476737034488,0
2010-03-01,C93,0.430742424321521,0
2010-04-01,C93,-0.194228601930561,0
2010-05-01,C93,-0.361594448060756,0
2010-06-01,C93,0.392332966075786,0
2010-07-01,C93,-0.0386414050907349,0
2010-08-01,C93,-0.569220727517699,0
2010-09-01,C93,-0.385826041517027,0
2010-10-01,C93,0.398392499635214,0
2010-11-01,C93,0.403574155429841,0
2010-12-01,C93,0.0710995871757034,0
2011-01-01,C93,-1.11810340796216,0
2011-02-01,C93,-0.784790650547788,0
2011-03-01,C93,0.204999568065946,0
2011-04-01,C93,0.558257076421417,0
2011-05-01,C93,-0.001467546048455,0
2011-06-01,C93,-0.709140175745876,0
2011-07-01,C93,-1.17881978619555,0
2011-08-01,C93,2.17323455872975,0
2011-09-01,C93,-0.267798372959727,0
2011-10-01,C93,-0.167996724750754,0
2011-11-01,C93,1.60271645408294,0
2011-12-01,C93,-0.248489129838094,0
2012-01-01,C93,-4.37426380486274,0
2012-02-01,C93,0.982065011266717,0
2012-03-01,C93,2.12968565400797,0
2012-04-01,C93,0.692511385106082,0
2012-05-01,C93,-1.54488316413611,0
2012-06-01,C93,-0.872295477732594,0
2012-07-01,C93,0.230043786568499,0
2012-08-01,C93,2.58983491689735,0
2012-09-01,C93,-1.85468833331738,0
2012-10-01,C93,1.98653568894491,0
2012-11-01,C93,0.414731930324824,0
2012-12-01,C93,-0.432888546141033,0
2013-01-01,C93,-3.2835017792287,0
2013-02-01,C93,0.722258875644935,0
2013-03-01,C93,0.968475152162638,0
2013-04-01,C93,-1.39744938385731,0
2013-05-01,C93,1.4622175657195,0
2013-06-01,C93,-0.455304480913135,0
2013-07-01,C93,-0.185606517750102,0
2013-08-01,C93,1.05672247485399,0
2013-09-01,C93,0.771621460067125,0
2013-10-01,C93,0.0189061478867678,0
2013-11-01,C93,-0.0793747469235604,0
2013-12-01,C93,-1.40433601998017,0
2014-01-01,C93,-1.29618905241954,0
2014-02-01,C93,1.79042108509583,0
2014-03-01,C93,-1.42392097047976,0
2014-04-01,C93,-0.10671259729468,0
2014-05-01,C93,1.67882335002825,0
2014-06-01,C93,-1.99453371054821,0
2014-07-01,C93,2.24118404512687,0
2014-08-01,C93,-0.0851771795729159,0
2014-09-01,C93,1.04558859951646,0
2014-10-01,C93,0.179682255922531,0
2014-11-01,C93,-1.82011189011762,0
2014-12-01,C93,0.258662751495674,0
2015-01-01,C93,-0.8192977368828,0
2015-02-01,C93,-0.524567854401839,0
2015-03-01,C93,0.688642178966312,0
2015-04-01,C93,-0.0506204223199966,0
2015-05-01,C93,0.017070577437968,0
2015-06-01,C93,-0.335498898392306,0
2015-07-01,C93,1.96499168423744,0
2015-08-01,C93,-0.639181571469652,0
2015-09-01,C93,0.978881862158972,0
2015-10-01,C93,-0.193037195534193,0
2015-11-01,C93,0.0239311815937719,0
2015-12-01,C93,0.0232815948734451,0
2010-02-01,C94,0.101190426392548,0
2010-03-01,C94,0.159056777433648,0
2010-04-01,C94,-0.125487035497137,0
2010-05-01,C94,-0.0404498705289553,0
2010-06-01,C94,0.08152011839225,0
2010-07-01,C94,-0.151029290389563,0
2010-08-01,C94,-0.392674499878676,0
2010-09-01,C94,-0.0181811775157339,0
2010-10-01,C94,0.578847019653807,0
2010-11-01,C94,0.0156516450337909,0
2010-12-01,C94,-0.0068147656736004,0
2011-01-01,C94,-0.213766995714672,0
2011-02-01,C94,0.0890381504835522,0
2011-03-01,C94,0.168094922286965,0
2011-04-01,C94,0.0129961011692625,0
2011-05-01,C94,-0.0348920978591263,0
2011-06-01,C94,0.179922425122126,0
2011-07-01,C94,-0.0099801083459345,0
2011-08-01,C94,0.0200678004356183,0
2011-09-01,C94,-0.116846312438311,0
2011-10-01,C94,0.0847789370129801,0
2011-11-01,C94,-0.0796670308003247,0
2011-12-01,C94,0.0400015894421886,0
2012-01-01,C94,-0.22530164390977,0
2012-02-01,C94,0.187912226126878,0
2012-03-01,C94,0.0463653003123889,0
2012-04-01,C94,-0.0590832041030334,0
2012-05-01,C94,-0.0343222958085061,0
2012-06-01,C94,0.0832114934125086,0
2012-07-01,C94,0.0584178068472054,0
2012-08-01,C94,0.586360831840898,0
2012-09-01,C94,-0.749377187770954,0
2012-10-01,C94,0.121427783256331,0
2012-11-01,C94,-0.0782210159369932,0
2012-12-01,C94,-0.0367104097855435,0
2013-01-01,C94,0.146595992608597,0
2013-02-01,C94,0.0361018938258519,0
2013-03-01,C94,0.105364180974321,0
2013-04-01,C94,0.0245454856963789,0
2013-05-01,C94,-0.0729845007980545,0
2013-06-01,C94,0.0172672650242163,0
2013-07-01,C94,0.17447370940331,0
2013-08-01,C94,-0.161623705117606,0
2013-09-01,C94,0.0117829842582085,0
2013-10-01,C94,0.113643036418383,0
2013-11-01,C94,-0.0270341132947296,0
2013-12-01,C94,0.0435603320016114,0
2014-01-01,C94,-0.43010558455706,0
2014-02-01,C94,0.0740951932108826,0
2014-03-01,C94,0.212270258945519,0
2014-04-01,C94,-0.0695028225295928,0
2014-05-01,C94,0.0518439412476273,0
2014-06-01,C94,0.0650626834777368,0
2014-07-01,C94,0.0820673393398019,0
2014-08-01,C94,-0.213059740796457,0
2014-09-01,C94,-0.0153122754280171,0
2014-10-01,C94,0.184967677977176,0
2014-11-01,C94,-0.178919541102442,0
2014-12-01,C94,0.077946652139274,0
2015-01-01,C94,-0.247636373745324,0
2015-02-01,C94,0.0324115146632629,0
2015-03-01,C94,0.164064474045126,0
2015-04-01,C94,-0.0816116944071146,0
2015-05-01,C94,-0.0681436468742698,0
2015-06-01,C94,0.161070512072449,0
2015-07-01,C94,-0.0412686458047187,0
2015-08-01,C94,-0.145599757256974,0
2015-09-01,C94,0.0919613410024702,0
2015-10-01,C94,0.155267283516349,0
2015-11-01,C94,-0.0738681804182226,0
2015-12-01,C94,0.0861269357361829,0
2010-02-01,C95,0.0869543243190529,0
2010-03-01,C95,0.0409275521950656,0
2010-04-01,C95,0.0855097370084819,0
2010-05-01,C95,0.0919798044878162,0
2010-06-01,C95,0.0195554878211643,0
2010-07-01,C95,-0.0329035846544787,0
2010-08-01,C95,0.0295921167882058,0
2010-09-01,C95,-0.0397140752037179,0
2010-10-01,C95,0.0881981464900505,0
2010-11-01,C95,-0.117121959419975,0
2010-12-01,C95,-0.152911089388277,0
2011-01-01,C95,-0.0887890503275282,0
2011-02-01,C95,0.0973638152207936,0
2011-03-01,C95,0.177902151741363,0
2011-04-01,C95,-0.0380071079640416,0
2011-05-01,C95,0.198097973774508,0
2011-06-01,C95,-0.261379475751252,0
2011-07-01,C95,0.0893404812305221,0
2011-08-01,C95,0.195435844715454,0
2011-09-01,C95,-0.161879959172231,0
2011-10-01,C95,0.410396029760332,0
2011-11-01,C95,-0.24616582944886,0
2011-12-01,C95,-0.0254056747354268,0
2012-01-01,C95,-0.46060396545839,0
2012-02-01,C95,0.121727768344161,0
2012-03-01,C95,-0.0519022572307,0
2012-04-01,C95,-0.238444742624942,0
2012-05-01,C95,-0.0211339440166078,0
2012-06-01,C95,0.279594173087802,0
2012-07-01,C95,0.028731787675297,0
2012-08-01,C95,0.974979309449994,0
2012-09-01,C95,-0.448591132452781,0
2012-10-01,C95,0.233828576761572,0
2012-11-01,C95,-0.120802881318726,0
2012-12-01,C95,-0.0953560635545214,0
2013-01-01,C95,-0.45382484656878,0
2013-02-01,C95,-0.300048999959001,0
2013-03-01,C95,-0.0254309033104336,0
2013-04-01,C95,-0.0177054040528946,0
2013-05-01,C95,0.065648129213784,0
2013-06-01,C95,0.167807541538058,0
2013-07-01,C95,0.0015014158112975,0
2013-08-01,C95,0.361622084938657,0
2013-09-01,C95,-0.0101956689561993,0
2013-10-01,C95,-1.6378401063883,0
2013-11-01,C95,1.74376207012881,0
2013-12-01,C95,-0.406555064616566,0
2014-01-01,C95,-0.354151224641242,0
2014-02-01,C95,0.0794765882495172,0
2014-03-01,C95,0.140776356829069,0
2014-04-01,C95,-0.032717007252292,0
2014-05-01,C95,0.0786080278662276,0
2014-06-01,C95,0.0187443960204732,0
2014-07-01,C95,0.159255833271975,0
2014-08-01,C95,0.156277371655346,0
2014-09-01,C95,-0.260819261182695,0
2014-10-01,C95,0.369570569215222,0
2014-11-01,C95,-0.289898883540863,0
2014-12-01,C95,-0.0073710272624891,0
2015-01-01,C95,-0.149514697608021,0
2015-02-01,C95,-0.40720532991854,0
2015-03-01,C95,0.188667469364032,0
2015-04-01,C95,0.0114950683046304,0
2015-05-01,C95,-0.0263651356498382,0
2015-06-01,C95,0.0430431243427556,0
2015-07-01,C95,0.0403673253694423,0
2015-08-01,C95,0.0140209904879471,0
2015-09-01,C95,0.0253303064195949,0
2015-10-01,C95,-0.0428911198981599,0
2015-11-01,C95,-0.100568726045605,0
2015-12-01,C95,-0.0752987926906581,0
2010-02-01,C96,-0.0700167507416651,0
2010-03-01,C96,0.265495672539228,0
2010-04-01,C96,0.205086407857663,0
2010-05-01,C96,0.0261057174848718,0
2010-06-01,C96,-0.0004120226388604,0
2010-07-01,C96,-0.0982324951101035,0
2010-08-01,C96,-0.305915481697502,0
2010-09-01,C96,-0.0214955799761798,0
2010-10-01,C96,0.305920967239893,0
2010-11-01,C96,-0.0141485434609177,0
2010-12-01,C96,-0.0350785689653224,0
2011-01-01,C96,-0.371011562349863,0
2011-02-01,C96,0.176421949828629,0
2011-03-01,C96,0.327615959923783,0
2011-04-01,C96,-0.0096392915104068,0
2011-05-01,C96,0.0076299317661865,0
2011-06-01,C96,-0.0585617902390174,0
2011-07-01,C96,-0.0623817280404513,0
2011-08-01,C96,-0.0044300604530249,0
2011-09-01,C96,-0.0724919550776626,0
2011-10-01,C96,0.0985707867570058,0
2011-11-01,C96,0.0529152903779355,0
2011-12-01,C96,-0.114346858700073,0
2012-01-01,C96,-0.119417472765178,0
2012-02-01,C96,0.221500072283162,0
2012-03-01,C96,0.159241484731038,0
2012-04-01,C96,0.020968397726393,0
2012-05-01,C96,-0.0128716452069595,0
2012-06-01,C96,-0.053267263770306,0
2012-07-01,C96,0.016957389954058,0
2012-08-01,C96,0.164532130034786,0
2012-09-01,C96,-0.323903614790403,0
2012-10-01,C96,0.242232550781748,0
2012-11-01,C96,-0.0222489600159106,0
2012-12-01,C96,-0.120833200886453,0
2013-01-01,C96,0.0598813261410562,0
2013-02-01,C96,-0.0288962834571374,0
2013-03-01,C96,0.24336579237553,0
2013-04-01,C96,0.0931599135231407,0
2013-05-01,C96,0.0190371943066667,0
2013-06-01,C96,-0.0403857880660361,0
2013-07-01,C96,0.0102003525213776,0
2013-08-01,C96,-0.0777159776942868,0
2013-09-01,C96,-0.121202632603019,0
2013-10-01,C96,0.0281341029197035,0
2013-11-01,C96,0.191396521292181,0
2013-12-01,C96,-0.0240457378885166,0
2014-01-01,C96,-0.252808490395667,0
2014-02-01,C96,0.266993299458901,0
2014-03-01,C96,0.0481665253223644,0
2014-04-01,C96,0.0330633586504367,0
2014-05-01,C96,0.02083470396982,0
2014-06-01,C96,-0.0485750233017246,0
2014-07-01,C96,0.013156477802224,0
2014-08-01,C96,-0.117013930249246,0
2014-09-01,C96,0.113669763444636,0
2014-10-01,C96,0.181033762066941,0
2014-11-01,C96,-0.116422452786336,0
2014-12-01,C96,0.0555974136019168,0
2015-01-01,C96,-0.0870962909378878,0
2015-02-01,C96,-0.171822127430861,0
2015-03-01,C96,0.294423865667438,0
2015-04-01,C96,0.0999831387436307,0
2015-05-01,C96,-0.0659558438230485,0
2015-06-01,C96,0.127401892554206,0
2015-07-01,C96,-0.140473410826288,0
2015-08-01,C96,-0.224167840330828,0
2015-09-01,C96,0.151992273465649,0
2015-10-01,C96,0.332755751031179,0
2015-11-01,C96,-0.217403176644026,0
2015-12-01,C96,0.158209610430201,0
