date,year,month,state,permit,permit_recheck,handgun,long_gun,other,multiple,admin,prepawn_handgun,prepawn_long_gun,prepawn_other,redemption_handgun,redemption_long_gun,redemption_other,returned_handgun,returned_long_gun,returned_other,rentals_handgun,rentals_long_gun,private_sale_handgun,private_sale_long_gun,private_sale_other,return_to_seller_handgun,return_to_seller_long_gun,return_to_seller_other,totals,population,handgun_rate,longgun_rate,month_f
2002-07-01,2002,7,Alabama,0.0,,4580.0,5127.0,,264,0.0,60.0,90.0,,1118.0,1435.0,,,,,,,,,,,,,12674,4480089.0,102.23011194643678,114.4396908186422,07
2002-08-01,2002,8,Alabama,0.0,,5352.0,8158.0,,339,0.0,67.0,76.0,,1395.0,2066.0,,,,,,,,,,,,,17453,4480089.0,119.46191247539947,182.09459678144788,08
2002-09-01,2002,9,Alabama,0.0,,4762.0,9589.0,,301,0.0,72.0,68.0,,1292.0,1877.0,,,,,,,,,,,,,17961,4480089.0,106.29253124212488,214.03592651842405,09
2002-10-01,2002,10,Alabama,0.0,,5174.0,10495.0,,316,0.0,40.0,72.0,,1265.0,2206.0,,,,,,,,,,,,,19568,4480089.0,115.48877712027594,234.25873905630002,10
2002-11-01,2002,11,Alabama,0.0,,5226.0,16567.0,,320,0.0,31.0,66.0,,1393.0,3154.0,,,,,,,,,,,,,26757,4480089.0,116.64946834761541,369.7917608333227,11
2002-12-01,2002,12,Alabama,0.0,,6610.0,23501.0,,357,0.0,50.0,76.0,,1173.0,1867.0,,,,,,,,,,,,,33634,4480089.0,147.5417117829579,524.5654718020111,12
2003-01-01,2003,1,Alabama,0.0,,6083.0,8531.0,,342,0.0,55.0,98.0,,1643.0,2427.0,,,,,,,,,,,,,19179,4503491.0,135.0729911528634,189.43082155598844,01
2003-02-01,2003,2,Alabama,0.0,,7333.0,8528.0,,400,0.0,43.0,80.0,,1650.0,2406.0,,,,,,,,,,,,,20440,4503491.0,162.82923625249836,189.36420656774933,02
2003-03-01,2003,3,Alabama,0.0,,6604.0,7424.0,,283,0.0,40.0,60.0,,1161.0,1641.0,,,,,,,,,,,,,17213,4503491.0,146.64179411039126,164.84989089575174,03
2003-04-01,2003,4,Alabama,0.0,,5191.0,5036.0,,268,0.0,56.0,65.0,,1142.0,1482.0,,,,,,,,,,,,,13240,4503491.0,115.26613464976393,111.82436025740921,04
2003-05-01,2003,5,Alabama,0.0,,5038.0,4894.0,,292,0.0,51.0,51.0,,1309.0,1540.0,,,,,,,,,,,,,13175,4503491.0,111.86877024956861,108.67125081409066,05
2003-06-01,2003,6,Alabama,0.0,,4881.0,4840.0,,237,0.0,44.0,65.0,,1145.0,1497.0,,,,,,,,,,,,,12709,4503491.0,108.38258586505447,107.47218102578643,06
2003-07-01,2003,7,Alabama,0.0,,4780.0,5391.0,,248,0.0,48.0,70.0,,1140.0,1496.0,,,,,,,,,,,,,13173,4503491.0,106.13988126100396,119.70713386570552,07
2003-08-01,2003,8,Alabama,0.0,,5276.0,8017.0,,272,0.0,40.0,68.0,,1425.0,1937.0,,,,,,,,,,,,,17035,4503491.0,117.1535593165391,178.01745357101856,08
2003-09-01,2003,9,Alabama,0.0,,4879.0,9491.0,,248,0.0,42.0,44.0,,1165.0,1772.0,,,,,,,,,,,,,17641,4503491.0,108.33817587289505,210.7476177925081,09
2003-10-01,2003,10,Alabama,0.0,,5265.0,11236.0,,301,0.0,43.0,55.0,,1370.0,2256.0,,,,,,,,,,,,,20526,4503491.0,116.90930435966233,249.49533595159846,10
2003-11-01,2003,11,Alabama,0.0,,5181.0,16188.0,,381,0.0,37.0,43.0,,1209.0,2512.0,,,,,,,,,,,,,25551,4503491.0,115.04408468896683,359.4544765383122,11
2003-12-01,2003,12,Alabama,0.0,,7474.0,24528.0,,348,0.0,34.0,61.0,,1286.0,1866.0,,,,,,,,,,,,,35597,4503491.0,165.96014069973717,544.6441438430763,12
2004-01-01,2004,1,Alabama,0.0,,6917.0,9253.0,,325,0.0,51.0,59.0,,1569.0,2312.0,,,,,,,,,,,,,20486,4530729.0,152.66858821174253,204.2276198819219,01
2004-02-01,2004,2,Alabama,0.0,,7436.0,8649.0,,357,0.0,36.0,55.0,,1578.0,2155.0,,,,,,,,,,,,,20266,4530729.0,164.123698415862,190.8964318987077,02
2004-03-01,2004,3,Alabama,0.0,,6557.0,7570.0,,307,0.0,36.0,65.0,,1109.0,1605.0,,,,,,,,,,,,,17249,4530729.0,144.72284702969435,167.0812798558466,03
2004-04-01,2004,4,Alabama,0.0,,5436.0,5490.0,,263,0.0,23.0,55.0,,1194.0,1486.0,,,,,,,,,,,,,13947,4530729.0,119.98069184892762,121.17255302623484,04
2004-05-01,2004,5,Alabama,0.0,,4731.0,4614.0,,256,0.0,43.0,62.0,,1120.0,1304.0,,,,,,,,,,,,,12130,4530729.0,104.42028203408326,101.8379161499176,05
2004-06-01,2004,6,Alabama,0.0,,5010.0,5078.0,,207,0.0,35.0,48.0,,1216.0,1438.0,,,,,,,,,,,,,13032,4530729.0,110.57823145017059,112.07909367344637,06
2004-07-01,2004,7,Alabama,0.0,,4984.0,5741.0,,271,0.0,46.0,44.0,,1344.0,1644.0,,,,,,,,,,,,,14074,4530729.0,110.00437236480046,126.71250035038511,07
2004-08-01,2004,8,Alabama,0.0,,4928.0,8023.0,,304,0.0,51.0,56.0,,1172.0,1753.0,,,,,,,,,,,,,16287,4530729.0,108.7683681809263,177.07967084325725,08
2004-09-01,2004,9,Alabama,0.0,,4597.0,9438.0,,265,0.0,36.0,37.0,,1282.0,1789.0,,,,,,,,,,,,,17444,4530729.0,101.46270059409866,208.31084798936328,09
2004-10-01,2004,10,Alabama,0.0,,5426.0,11623.0,,363,0.0,39.0,48.0,,1423.0,2254.0,,,,,,,,,,,,,21176,4530729.0,119.75997681609296,256.5370826637391,10
2004-11-01,2004,11,Alabama,0.0,,5795.0,16779.0,,331,0.0,32.0,40.0,,1191.0,2531.0,,,,,,,,,,,,,26699,4530729.0,127.90436152769234,370.3377535932959,11
2004-12-01,2004,12,Alabama,0.0,,8115.0,25434.0,,383,0.0,40.0,67.0,,1223.0,1945.0,,,,,,,,,,,,,37207,4530729.0,179.1102491453362,561.3666145117044,12
2005-01-01,2005,1,Alabama,0.0,,6891.0,8969.0,,373,0.0,23.0,72.0,,1412.0,1995.0,,,,,,,,,,,,,19735,4569805.0,150.79418049566667,196.26658030266063,01
2005-02-01,2005,2,Alabama,0.0,,7557.0,8421.0,,370,0.0,23.0,56.0,,1407.0,2003.0,,,,,,,,,,,,,19837,4569805.0,165.36810651658,184.2748213545217,02
2005-03-01,2005,3,Alabama,0.0,,7147.0,7792.0,,263,0.0,36.0,80.0,,1096.0,1500.0,,,,,,,,,,,,,17914,4569805.0,156.396170077279,170.51055789032574,03
2005-04-01,2005,4,Alabama,0.0,,5689.0,5569.0,,257,0.0,37.0,48.0,,1103.0,1396.0,,,,,,,,,,,,,14099,4569805.0,124.49108878825245,121.86515617187167,04
2005-05-01,2005,5,Alabama,0.0,,5138.0,4607.0,,225,0.0,35.0,66.0,,1026.0,1224.0,,,,,,,,,,,,,12321,4569805.0,112.43368152470401,100.81392969721902,05
2005-06-01,2005,6,Alabama,0.0,,5329.0,4927.0,,524,0.0,29.0,68.0,,1161.0,1289.0,,,,,,,,,,,,,13327,4569805.0,116.61329093911009,107.81641667423445,06
2005-07-01,2005,7,Alabama,0.0,,5130.0,5046.0,,299,0.0,34.0,47.0,,1156.0,1415.0,,,,,,,,,,,,,13127,4569805.0,112.25861935027861,110.42046651881206,07
2005-08-01,2005,8,Alabama,0.0,,5407.0,7212.0,,259,0.0,30.0,40.0,,1153.0,1437.0,,,,,,,,,,,,,15538,4569805.0,118.3201471397576,157.81855024448527,08
2005-09-01,2005,9,Alabama,0.0,,6627.0,9708.0,,381,0.0,32.0,42.0,,1448.0,1959.0,,,,,,,,,,,,,20197,4569805.0,145.01712873962893,212.43794866520562,09
2005-10-01,2005,10,Alabama,0.0,,6079.0,11045.0,,296,0.0,29.0,48.0,,1226.0,1797.0,,,,,,,,,,,,,20520,4569805.0,133.02536979149002,241.69521456604824,10
2005-11-01,2005,11,Alabama,0.0,,6313.0,17734.0,,325,0.0,28.0,42.0,,1127.0,2325.0,,,,,,,,,,,,,27894,4569805.0,138.14593839343254,388.0690751574739,11
2005-12-01,2005,12,Alabama,0.0,,9737.0,28159.0,,404,0.0,24.0,32.0,,1242.0,1766.0,,,,,,,,,,,,,41364,4569805.0,213.07254904749766,616.1969712055547,12
2006-01-01,2006,1,Alabama,0.0,,7870.0,9813.0,,379,0.0,26.0,44.0,,1466.0,1933.0,,,,,,,,,,,,,21531,4628981.0,170.01581989643077,211.9905007171125,01
2006-02-01,2006,2,Alabama,0.0,,8517.0,9318.0,,340,0.0,21.0,34.0,,1413.0,1895.0,,,,,,,,,,,,,21538,4628981.0,183.99297815221104,201.2970025152404,02
2006-03-01,2006,3,Alabama,0.0,,7656.0,8514.0,,283,0.0,21.0,22.0,,1122.0,1373.0,,,,,,,,,,,,,18991,4628981.0,165.39277218895475,183.9281690721997,03
2006-04-01,2006,4,Alabama,0.0,,5757.0,5522.0,,246,0.0,31.0,48.0,,1037.0,1110.0,,,,,,,,,,,,,13751,4628981.0,124.36862454177279,119.29191327421738,04
2006-05-01,2006,5,Alabama,0.0,,5733.0,5129.0,,262,0.0,23.0,26.0,,1143.0,1270.0,,0.0,0.0,,,,,,,,,,13586,4628981.0,123.85015190168204,110.80192379273105,05
2006-06-01,2006,6,Alabama,0.0,,6060.0,5143.0,,257,0.0,68.0,124.0,,1279.0,1401.0,,0.0,0.0,,,,,,,,,,14332,4628981.0,130.91434162291876,111.10436616611734,06
2006-07-01,2006,7,Alabama,0.0,,5798.0,5480.0,,257,0.0,47.0,104.0,,1124.0,1249.0,,0.0,0.0,,,,,,,,,,14059,4628981.0,125.2543486352612,118.38458615405852,07
2006-08-01,2006,8,Alabama,0.0,,6334.0,7611.0,,320,0.0,48.0,88.0,,1215.0,1516.0,,0.0,0.0,,,,,,,,,,17132,4628981.0,136.83357093062168,164.42063598878457,08
2006-09-01,2006,9,Alabama,0.0,,6257.0,10357.0,,322,0.0,60.0,85.0,,1306.0,1808.0,,0.0,0.0,,,,,,,,,,20195,4628981.0,135.17013787699713,223.74254722583652,09
2006-10-01,2006,10,Alabama,0.0,,6174.0,10714.0,,349,0.0,55.0,83.0,,1175.0,1657.0,,,,,,,,,,,,,20207,4628981.0,133.3770866633499,231.45482774718667,10
2006-11-01,2006,11,Alabama,0.0,,6915.0,17468.0,,409,0.0,45.0,81.0,,1162.0,2277.0,,,,,,,,,,,,,28357,4628981.0,149.38492942615233,377.3616698793968,11
2006-12-01,2006,12,Alabama,0.0,,10029.0,26008.0,,441,0.0,46.0,77.0,,1221.0,1675.0,,,,,,,,,,,,,39497,4628981.0,216.65675447792935,561.8515176450281,12
2007-01-01,2007,1,Alabama,0.0,,8823.0,9530.0,,368,0.0,52.0,72.0,,1399.0,1863.0,,,,,,,,,,,,,22107,4672840.0,188.81451108961573,203.94449628063447,01
2007-02-01,2007,2,Alabama,0.0,,9284.0,8854.0,,393,0.0,36.0,69.0,,1400.0,1861.0,,,,,,,,,,,,,21897,4672840.0,198.68003184358977,189.4779192097311,02
2007-03-01,2007,3,Alabama,0.0,,8378.0,7867.0,,356,0.0,42.0,71.0,,1142.0,1364.0,,,,,,,,,,,,,19220,4672840.0,179.29139452666902,168.35586067573468,03
2007-04-01,2007,4,Alabama,0.0,,7134.0,5365.0,,287,0.0,45.0,73.0,,1032.0,1125.0,,,,,,,,,,,,,15061,4672840.0,152.66946867429658,114.8124053038409,04
2007-05-01,2007,5,Alabama,0.0,,6806.0,4847.0,,307,0.0,56.0,98.0,,1184.0,1114.0,,,,,,,,,,,,,14412,4672840.0,145.65018275823695,103.72706961933214,05
2007-06-01,2007,6,Alabama,0.0,,6828.0,5366.0,,325,0.0,65.0,104.0,,1298.0,1376.0,,,,,,,,,,,,,15362,4672840.0,146.1209885208995,114.83380556578014,06
2007-07-01,2007,7,Alabama,0.0,,6172.0,5382.0,,329,0.0,23.0,42.0,,1118.0,1224.0,,,,,,,,,,,,,14290,4672840.0,132.08241668878028,115.17620975680742,07
2007-08-01,2007,8,Alabama,0.0,,7155.0,7975.0,,360,0.0,17.0,16.0,,1434.0,1597.0,,,,,,,,,,,,,18554,4672840.0,153.1188741750199,170.66708896516894,08
2007-09-01,2007,9,Alabama,0.0,,6361.0,9837.0,,303,0.0,11.0,14.0,,1182.0,1562.0,,,,,,,,,,,,,19270,4672840.0,136.12706619529024,210.51437669597075,09
2007-10-01,2007,10,Alabama,0.0,,6484.0,10262.0,,338,0.0,13.0,17.0,,1267.0,1741.0,,,,,,,,,,,,,20122,4672840.0,138.7592984138126,219.60948802013337,10
2007-11-01,2007,11,Alabama,0.0,,7144.0,16218.0,,426,0.0,13.0,16.0,,1289.0,2455.0,,,,,,,,,,,,,27561,4672840.0,152.88347129368864,347.06944813004515,11
2007-12-01,2007,12,Alabama,0.0,,10877.0,23192.0,,461,0.0,18.0,19.0,,1242.0,1690.0,,,,,,,,,,,,,37499,4672840.0,232.77064911274513,496.3148748940687,12
2008-01-01,2008,1,Alabama,0.0,,9304.0,9156.0,,464,0.0,18.0,26.0,,1578.0,1970.0,,,,,,,,,,,,,22516,4718206.0,197.19359434496926,194.0568088803244,01
2008-02-01,2008,2,Alabama,0.0,,10248.0,11972.0,,470,0.0,18.0,18.0,,1682.0,2157.0,,,,,,,,,,,,,26565,4718206.0,217.20119893027137,253.74051069410706,02
2008-03-01,2008,3,Alabama,3.0,,10021.0,10942.0,,399,0.0,16.0,10.0,,1080.0,1356.0,,,,,,,,,,,,,23827,4718206.0,212.39004825139045,231.9101794198897,03
2008-04-01,2008,4,Alabama,0.0,,7947.0,7434.0,,330,0.0,13.0,23.0,,1155.0,1263.0,,,,,,,,,,,,,18165,4718206.0,168.43266275359744,157.55988610925425,04
2008-05-01,2008,5,Alabama,0.0,,7993.0,7889.0,,378,2.0,17.0,20.0,,1478.0,1451.0,,,,,,,,,,,,,19228,4718206.0,169.40760958720327,167.20338196339878,05
2008-06-01,2008,6,Alabama,0.0,,7212.0,7196.0,,322,0.0,9.0,11.0,,1295.0,1409.0,,,,,,,,,,,,,17454,4718206.0,152.854707912287,152.51559597016325,06
2008-07-01,2008,7,Alabama,1.0,,7721.0,7604.0,,296,0.0,4.0,4.0,,1317.0,1365.0,,,,,,,,,,,,,18312,4718206.0,163.64270657109927,161.16295049431923,07
2008-08-01,2008,8,Alabama,23.0,,8018.0,9809.0,,438,1.0,10.0,16.0,,1451.0,1498.0,,,,,,,,,,,,,21264,4718206.0,169.93747199677165,207.89681501825058,08
2008-09-01,2008,9,Alabama,67.0,,6800.0,11200.0,,381,0.0,16.0,11.0,,1307.0,1583.0,,,,,,,,,,,,,21365,4718206.0,144.12257540260003,237.37835948663542,09
2008-10-01,2008,10,Alabama,18.0,,8671.0,12052.0,,516,0.0,11.0,14.0,,1566.0,2050.0,,,,,,,,,,,,,24898,4718206.0,183.77747813469782,255.43607040472588,10
2002-07-01,2002,7,Alaska,0.0,,802.0,1510.0,,70,0.0,0.0,6.0,,122.0,250.0,,,,,,,,,,,,,2760,642337.0,124.85657840043466,235.07909399583085,07
2002-08-01,2002,8,Alaska,0.0,,949.0,2250.0,,85,0.0,3.0,12.0,,139.0,315.0,,,,,,,,,,,,,3753,642337.0,147.7417617232076,350.28341820570824,08
2002-09-01,2002,9,Alaska,0.0,,733.0,1846.0,,62,0.0,3.0,12.0,,130.0,241.0,,,,,,,,,,,,,3027,642337.0,114.11455357545961,287.3880844478833,09
2002-10-01,2002,10,Alaska,0.0,,1183.0,2643.0,,140,0.0,7.0,8.0,,264.0,454.0,,,,,,,,,,,,,4699,642337.0,184.17123721660124,411.46625525230525,10
2002-11-01,2002,11,Alaska,0.0,,770.0,1737.0,,54,0.0,9.0,7.0,,71.0,153.0,,,,,,,,,,,,,2801,642337.0,119.87476978595348,270.41879885480677,11
2002-12-01,2002,12,Alaska,0.0,,1024.0,2330.0,,51,0.0,6.0,17.0,,80.0,145.0,,,,,,,,,,,,,3653,642337.0,159.41787566339787,362.7379397419112,12
2003-01-01,2003,1,Alaska,0.0,,839.0,1701.0,,59,0.0,5.0,11.0,,108.0,176.0,,,,,,,,,,,,,2899,648414.0,129.39264112125895,262.3323987452461,01
2003-02-01,2003,2,Alaska,0.0,,877.0,1573.0,,65,0.0,1.0,7.0,,137.0,271.0,,,,,,,,,,,,,2931,648414.0,135.25309447359248,242.59192429528048,02
2003-03-01,2003,3,Alaska,0.0,,899.0,1396.0,,55,1.0,6.0,8.0,,132.0,262.0,,,,,,,,,,,,,2759,648414.0,138.64598851968032,215.2945494699374,03
2003-04-01,2003,4,Alaska,26.0,,986.0,1708.0,,69,1.0,7.0,14.0,,126.0,229.0,,,,,,,,,,,,,3166,648414.0,152.06334224739132,263.4119559417286,04
2003-05-01,2003,5,Alaska,0.0,,863.0,1408.0,,56,0.0,5.0,12.0,,150.0,251.0,,,,,,,,,,,,,2745,648414.0,133.0939800806275,217.1452189496217,05
2003-06-01,2003,6,Alaska,5.0,,963.0,1282.0,,82,0.0,6.0,15.0,,144.0,207.0,,,,,,,,,,,,,2704,648414.0,148.51622574466313,197.71318941293677,06
2003-07-01,2003,7,Alaska,0.0,,951.0,1480.0,,82,0.0,6.0,16.0,,135.0,241.0,,,,,,,,,,,,,2911,648414.0,146.66555626497887,228.24923582772735,07
2003-08-01,2003,8,Alaska,0.0,,1045.0,2300.0,,82,0.0,4.0,8.0,,147.0,329.0,,,,,,,,,,,,,3915,648414.0,161.16246718917236,354.71165027281955,08
2003-09-01,2003,9,Alaska,0.0,,842.0,1844.0,,76,0.0,5.0,8.0,,142.0,233.0,,,,,,,,,,,,,3150,648414.0,129.85530849118004,284.38621004481706,09
2003-10-01,2003,10,Alaska,0.0,,1164.0,2220.0,,119,0.0,2.0,7.0,,227.0,371.0,,,,,,,,,,,,,4110,648414.0,179.51493952937477,342.373853741591,10
2003-11-01,2003,11,Alaska,0.0,,741.0,1464.0,,59,0.0,4.0,5.0,,85.0,148.0,,,,,,,,,,,,,2506,648414.0,114.27884037050404,225.78167652148167,11
2003-12-01,2003,12,Alaska,0.0,,971.0,2009.0,,44,0.0,5.0,7.0,,93.0,134.0,,,,,,,,,,,,,3263,648414.0,149.750005397786,309.8329153904758,12
2004-01-01,2004,1,Alaska,0.0,,747.0,1064.0,,52,0.0,10.0,4.0,,123.0,208.0,,,,,,,,,,,,,2208,659286.0,113.30439293417425,161.38671229178232,01
2004-02-01,2004,2,Alaska,0.0,,1053.0,1284.0,,80,0.0,6.0,8.0,,140.0,237.0,,,,,,,,,,,,,2808,659286.0,159.71824064214923,194.75614528444407,02
2004-03-01,2004,3,Alaska,0.0,,1115.0,1615.0,,74,0.0,3.0,15.0,,143.0,270.0,,,,,,,,,,,,,3235,659286.0,169.12235357644482,244.96197401431243,03
2004-04-01,2004,4,Alaska,0.0,,1220.0,2001.0,,75,0.0,1.0,6.0,,152.0,267.0,,,,,,,,,,,,,3722,659286.0,185.04867386839703,303.51016099234624,04
2004-05-01,2004,5,Alaska,0.0,,1046.0,1693.0,,69,0.0,2.0,7.0,,150.0,185.0,,,,,,,,,,,,,3152,659286.0,158.6564859560191,256.7929548026198,05
2004-06-01,2004,6,Alaska,0.0,,1018.0,1420.0,,69,0.0,4.0,7.0,,157.0,250.0,,,,,,,,,,,,,2925,659286.0,154.4094672114985,215.38452204354408,06
2004-07-01,2004,7,Alaska,0.0,,1169.0,1728.0,,73,0.0,5.0,3.0,,151.0,216.0,,,,,,,,,,,,,3345,659286.0,177.31303258373453,262.10172823327053,07
2004-08-01,2004,8,Alaska,0.0,,1121.0,2383.0,,77,0.0,0.0,7.0,,145.0,298.0,,,,,,,,,,,,,4031,659286.0,170.03242902169924,361.4516310068771,08
2004-09-01,2004,9,Alaska,0.0,,994.0,2215.0,,68,0.0,7.0,4.0,,141.0,204.0,,,,,,,,,,,,,3633,659286.0,150.76916543048085,335.9695185397536,09
2004-10-01,2004,10,Alaska,0.0,,1374.0,2387.0,,123,0.0,4.0,5.0,,229.0,337.0,,,,,,,,,,,,,4459,659286.0,208.40727696326027,362.05834797038005,10
2004-11-01,2004,11,Alaska,0.0,,968.0,1785.0,,58,0.0,1.0,7.0,,103.0,147.0,,,,,,,,,,,,,3069,659286.0,146.82550516771173,270.74744496318743,11
2004-12-01,2004,12,Alaska,0.0,,1201.0,2384.0,,64,0.0,1.0,9.0,,115.0,143.0,,,,,,,,,,,,,3917,659286.0,182.16676829175805,361.6033102477529,12
2005-01-01,2005,1,Alaska,0.0,,810.0,1196.0,,57,0.0,3.0,5.0,,138.0,164.0,,,,,,,,,,,,,2373,666946.0,121.4491128217277,179.32486288245224,01
2005-02-01,2005,2,Alaska,0.0,,1111.0,1380.0,,76,0.0,1.0,2.0,,178.0,244.0,,,,,,,,,,,,,2992,666946.0,166.580202894987,206.9133033259064,02
2005-03-01,2005,3,Alaska,0.0,,1305.0,1776.0,,90,0.0,4.0,4.0,,156.0,227.0,,,,,,,,,,,,,3562,666946.0,195.6680151016724,266.28842514986223,03
2005-04-01,2005,4,Alaska,0.0,,1392.0,1987.0,,88,0.0,3.0,9.0,,140.0,224.0,,,,,,,,,,,,,3843,666946.0,208.71254944178392,297.92516935404063,04
2005-05-01,2005,5,Alaska,0.0,,1219.0,1679.0,,65,0.0,3.0,6.0,,157.0,224.0,,,,,,,,,,,,,3353,666946.0,182.77341793788403,251.74451904651949,05
2005-06-01,2005,6,Alaska,0.0,,1253.0,1471.0,,88,0.0,4.0,6.0,,128.0,209.0,,,,,,,,,,,,,3159,666946.0,187.87128193287012,220.5575863713104,06
2005-07-01,2005,7,Alaska,0.0,,1373.0,1819.0,,80,0.0,1.0,3.0,,159.0,210.0,,,,,,,,,,,,,3645,666946.0,205.8637430916446,272.73572373175637,07
2005-08-01,2005,8,Alaska,0.0,,1424.0,2663.0,,90,0.0,3.0,1.0,,149.0,292.0,,,,,,,,,,,,,4622,666946.0,213.51053908412374,399.2827005484702,08
2005-09-01,2005,9,Alaska,0.0,,1193.0,2281.0,,82,0.0,4.0,6.0,,141.0,205.0,,,,,,,,,,,,,3912,666946.0,178.8750513534829,342.0066991930381,09
2005-10-01,2005,10,Alaska,0.0,,1583.0,2525.0,,170,0.0,1.0,2.0,,190.0,284.0,,,,,,,,,,,,,4755,666946.0,237.35055011949993,378.5913702158796,10
2005-11-01,2005,11,Alaska,0.0,,1161.0,1982.0,,74,0.0,3.0,7.0,,115.0,168.0,,,,,,,,,,,,,3510,666946.0,174.07706171114302,297.17548347242507,11
2005-12-01,2005,12,Alaska,0.0,,1634.0,2811.0,,92,0.0,4.0,7.0,,114.0,126.0,,,,,,,,,,,,,4788,666946.0,244.99734611197906,421.47340264429204,12
2006-01-01,2006,1,Alaska,0.0,,1046.0,1403.0,,53,0.0,4.0,8.0,,136.0,154.0,,,,,,,,,,,,,2804,675302.0,154.89366239104874,207.7588989814927,01
2006-02-01,2006,2,Alaska,0.0,,1224.0,1675.0,,86,0.0,3.0,3.0,,140.0,216.0,,,,,,,,,,,,,3347,675302.0,181.25223973866508,248.03717447897384,02
2006-03-01,2006,3,Alaska,0.0,,1520.0,1977.0,,87,0.0,2.0,6.0,,126.0,198.0,,,,,,,,,,,,,3916,675302.0,225.08448072121806,292.7579068327948,03
2006-04-01,2006,4,Alaska,0.0,,1469.0,2175.0,,92,0.0,8.0,4.0,,141.0,168.0,,,,,,,,,,,,,4057,675302.0,217.53230406544034,322.0781220846377,04
2006-05-01,2006,5,Alaska,0.0,,1347.0,1945.0,,84,0.0,5.0,8.0,,141.0,162.0,,0.0,0.0,,,,,,,,,,3692,675302.0,199.46631284965838,288.01928618603233,05
2006-06-01,2006,6,Alaska,0.0,,1479.0,1747.0,,86,0.0,3.0,2.0,,160.0,188.0,,0.0,0.0,,,,,,,,,,3665,675302.0,219.01312301755362,258.6990709341895,06
2006-07-01,2006,7,Alaska,0.0,,1489.0,1906.0,,78,0.0,5.0,5.0,,130.0,177.0,,0.0,0.0,,,,,,,,,,3790,675302.0,220.49394196966688,282.24409227279057,07
2006-08-01,2006,8,Alaska,0.0,,1410.0,2709.0,,102,0.0,0.0,7.0,,139.0,220.0,,0.0,0.0,,,,,,,,,,4587,675302.0,208.79547224797201,401.1538541274866,08
2006-09-01,2006,9,Alaska,0.0,,1182.0,2364.0,,85,0.0,3.0,3.0,,140.0,201.0,,0.0,0.0,,,,,,,,,,3978,675302.0,175.03280013978932,350.06560027957863,09
2006-10-01,2006,10,Alaska,0.0,,1481.0,2445.0,,88,0.0,6.0,13.0,,165.0,222.0,,,,,,,,,,,,,4420,675302.0,219.3092868079763,362.06023379169613,10
2006-11-01,2006,11,Alaska,0.0,,1310.0,2011.0,,79,0.0,5.0,2.0,,104.0,125.0,,,,,,,,,,,,,3636,675302.0,193.98728272683925,297.79269126997997,11
2006-12-01,2006,12,Alaska,0.0,,1991.0,2879.0,,81,0.0,8.0,5.0,,88.0,93.0,,,,,,,,,,,,,5145,675302.0,294.8310533657534,426.32777631341236,12
2007-01-01,2007,1,Alaska,0.0,,1236.0,1324.0,,83,0.0,5.0,14.0,,112.0,130.0,,,,,,,,,,,,,2904,680300.0,181.68455093341174,194.62002057915626,01
2007-02-01,2007,2,Alaska,0.0,,1401.0,1718.0,,92,0.0,4.0,9.0,,142.0,168.0,,,,,,,,,,,,,3534,680300.0,205.93855651918273,252.53564603851245,02
2007-03-01,2007,3,Alaska,0.0,,1614.0,2068.0,,97,0.0,6.0,4.0,,106.0,153.0,,,,,,,,,,,,,4048,680300.0,237.24827282081435,303.9835366749963,03
2007-04-01,2007,4,Alaska,0.0,,1607.0,2301.0,,103,0.0,4.0,8.0,,111.0,151.0,,,,,,,,,,,,,4285,680300.0,236.2193150080847,338.23313244156986,04
2007-05-01,2007,5,Alaska,0.0,,1609.0,1951.0,,106,0.0,3.0,8.0,,108.0,154.0,,,,,,,,,,,,,3939,680300.0,236.51330295457888,286.78524180508595,05
2007-06-01,2007,6,Alaska,0.0,,1565.0,1791.0,,75,0.0,12.0,9.0,,131.0,187.0,,,,,,,,,,,,,3770,680300.0,230.0455681317066,263.2662060855505,06
2007-07-01,2007,7,Alaska,0.0,,1367.0,2063.0,,94,0.0,7.0,12.0,,134.0,148.0,,,,,,,,,,,,,3825,680300.0,200.9407614287814,303.2485668087608,07
2007-08-01,2007,8,Alaska,0.0,,1499.0,2713.0,,102,0.0,7.0,14.0,,129.0,219.0,,,,,,,,,,,,,4683,680300.0,220.3439658973982,398.7946494193738,08
2007-09-01,2007,9,Alaska,0.0,,1162.0,2249.0,,71,0.0,5.0,9.0,,98.0,176.0,,,,,,,,,,,,,3770,680300.0,170.80699691312657,330.58944583272086,09
2007-10-01,2007,10,Alaska,0.0,,1589.0,2778.0,,129,0.0,11.0,15.0,,184.0,237.0,,,,,,,,,,,,,4943,680300.0,233.57342348963692,408.3492576804351,10
2007-11-01,2007,11,Alaska,0.0,,1463.0,2350.0,,74,0.0,5.0,8.0,,112.0,137.0,,,,,,,,,,,,,4149,680300.0,215.05218286050274,345.4358371306776,11
2007-12-01,2007,12,Alaska,0.0,,2227.0,3234.0,,98,0.0,5.0,5.0,,96.0,89.0,,,,,,,,,,,,,5754,680300.0,327.35557842128475,475.3785094811113,12
2008-01-01,2008,1,Alaska,0.0,,1395.0,1563.0,,84,0.0,6.0,9.0,,92.0,117.0,,,,,,,,,,,,,3266,687455.0,202.92237310078477,227.36033631292233,01
2008-02-01,2008,2,Alaska,0.0,,1609.0,1814.0,,93,0.0,3.0,8.0,,142.0,175.0,,,,,,,,,,,,,3844,687455.0,234.05168338291233,263.87181706438963,02
2008-03-01,2008,3,Alaska,0.0,,1780.0,2203.0,,118,0.0,5.0,6.0,,132.0,160.0,,,,,,,,,,,,,4404,687455.0,258.9260387952666,320.45733902582714,03
2008-04-01,2008,4,Alaska,0.0,,1788.0,2552.0,,89,0.0,6.0,10.0,,111.0,189.0,,,,,,,,,,,,,4745,687455.0,260.0897513291779,371.2242983177081,04
2008-05-01,2008,5,Alaska,0.0,,1712.0,2200.0,,106,0.0,5.0,10.0,,162.0,214.0,,,,,,,,,,,,,4409,687455.0,249.03448225702044,320.0209468256104,05
2008-06-01,2008,6,Alaska,0.0,,1523.0,1900.0,,76,0.0,6.0,12.0,,124.0,163.0,,,,,,,,,,,,,3804,687455.0,221.54177364336576,276.38172680393626,06
2008-07-01,2008,7,Alaska,0.0,,1549.0,2170.0,,86,0.0,5.0,7.0,,118.0,167.0,,,,,,,,,,,,,4102,687455.0,225.3238393785775,315.657024823443,07
2008-08-01,2008,8,Alaska,0.0,,1759.0,2967.0,,105,0.0,4.0,7.0,,137.0,222.0,,,,,,,,,,,,,5201,687455.0,255.8712933937494,431.59188601435727,08
2008-09-01,2008,9,Alaska,0.0,,2212.0,4005.0,,233,0.0,9.0,14.0,,255.0,355.0,,,,,,,,,,,,,7083,687455.0,321.76651562647737,582.5835872893498,09
2008-10-01,2008,10,Alaska,0.0,,2006.0,3502.0,,174,0.0,5.0,7.0,,107.0,125.0,,,,,,,,,,,,,5926,687455.0,291.8009178782611,509.41516171967623,10
2002-07-01,2002,7,Arizona,1504.0,,4222.0,4156.0,,164,10.0,0.0,0.0,,0.0,0.0,,,,,,,,,,,,,10056,5396255.0,78.23944568964959,77.01637524542484,07
2002-08-01,2002,8,Arizona,2349.0,,4300.0,5738.0,,209,7.0,14.0,24.0,,252.0,247.0,,,,,,,,,,,,,13140,5396255.0,79.68489257827883,106.33300316608462,08
2002-09-01,2002,9,Arizona,2262.0,,3630.0,4820.0,,203,0.0,36.0,16.0,,698.0,609.0,,,,,,,,,,,,,12274,5396255.0,67.26887443236096,89.32120516914046,09
2002-10-01,2002,10,Arizona,2466.0,,3595.0,5172.0,,190,0.0,36.0,30.0,,790.0,862.0,,,,,,,,,,,,,13141,5396255.0,66.62027646951451,95.84424753833909,10
2002-11-01,2002,11,Arizona,2303.0,,3623.0,4787.0,,197,0.0,29.0,17.0,,783.0,691.0,,,,,,,,,,,,,12430,5396255.0,67.13915483979167,88.70966994702809,11
2002-12-01,2002,12,Arizona,1451.0,,4580.0,7397.0,,188,2.0,28.0,22.0,,704.0,560.0,,,,,,,,,,,,,14932,5396255.0,84.87367628105046,137.07654660500663,12
2003-01-01,2003,1,Arizona,1727.0,,3990.0,4064.0,,234,1.0,32.0,10.0,,796.0,694.0,,,,,,,,,,,,,11548,5510364.0,72.40900964074243,73.75193362906697,01
2003-02-01,2003,2,Arizona,1877.0,,5130.0,4565.0,,288,0.0,26.0,19.0,,892.0,771.0,,,,,,,,,,,,,13568,5510364.0,93.09729810952598,82.84389198245343,02
2003-03-01,2003,3,Arizona,2117.0,,4674.0,4592.0,,241,0.0,27.0,16.0,,830.0,737.0,,,,,,,,,,,,,13234,5510364.0,84.82198272201256,83.33387776197725,03
2003-04-01,2003,4,Arizona,1929.0,,4188.0,3788.0,,210,0.0,20.0,10.0,,718.0,653.0,,,,,,,,,,,,,11516,5510364.0,76.00223869058378,68.7431901050457,04
2003-05-01,2003,5,Arizona,1846.0,,3829.0,3671.0,,223,0.0,14.0,12.0,,700.0,524.0,,,,,,,,,,,,,10819,5510364.0,69.48724258506334,66.6199183937758,05
2003-06-01,2003,6,Arizona,1499.0,,3286.0,3512.0,,185,0.0,11.0,6.0,,712.0,513.0,,,,,,,,,,,,,9724,5510364.0,59.63308413019539,63.73444658102441,06
2003-07-01,2003,7,Arizona,1525.0,,3580.0,3651.0,,182,1.0,15.0,7.0,,708.0,587.0,,,,,,,,,,,,,10256,5510364.0,64.96848484056589,66.25696596449889,07
2003-08-01,2003,8,Arizona,1462.0,,3586.0,5533.0,,244,0.0,17.0,10.0,,808.0,716.0,,,,,,,,,,,,,12376,5510364.0,65.07737056934896,100.4107895594556,08
2003-09-01,2003,9,Arizona,1217.0,,4034.0,5028.0,,217,4.0,14.0,14.0,,667.0,650.0,,,,,,,,,,,,,11845,5510364.0,73.20750498515162,91.24624072021376,09
2003-10-01,2003,10,Arizona,1477.0,,3910.0,5315.0,,208,0.0,21.0,13.0,,718.0,819.0,,,,,,,,,,,,,12481,5510364.0,70.9571999236348,96.45460808033735,10
2003-11-01,2003,11,Arizona,1388.0,,3924.0,4970.0,,173,0.0,12.0,12.0,,663.0,589.0,,,,,,,,,,,,,11731,5510364.0,71.21126662412864,90.19367867531074,11
2003-12-01,2003,12,Arizona,1289.0,,5503.0,8313.0,,221,0.0,8.0,6.0,,708.0,573.0,,,,,,,,,,,,,16621,5510364.0,99.86636091554024,150.8611772289453,12
2004-01-01,2004,1,Arizona,1591.0,,4692.0,4882.0,,240,0.0,13.0,11.0,,787.0,706.0,,,,,,,,,,,,,12922,5652404.0,83.00892859038385,86.37033021701917,01
2004-02-01,2004,2,Arizona,1634.0,,5482.0,5080.0,,270,0.0,13.0,14.0,,863.0,771.0,,,,,,,,,,,,,14127,5652404.0,96.98528272218333,89.87326454372335,02
2004-03-01,2004,3,Arizona,1930.0,,4943.0,4693.0,,275,0.0,17.0,7.0,,776.0,617.0,,,,,,,,,,,,,13258,5652404.0,87.4495170550442,83.02662017789245,03
2004-04-01,2004,4,Arizona,1768.0,,4857.0,4337.0,,247,0.0,7.0,12.0,,715.0,615.0,,,,,,,,,,,,,12558,5652404.0,85.928040529304,76.72841502482838,04
2004-05-01,2004,5,Arizona,1473.0,,4359.0,4044.0,,209,0.0,9.0,12.0,,657.0,482.0,,,,,,,,,,,,,11245,5652404.0,77.11762995001773,71.54477988480653,05
2004-06-01,2004,6,Arizona,1474.0,,3840.0,3801.0,,212,7.0,9.0,7.0,,707.0,532.0,,,,,,,,,,,,,10589,5652404.0,67.93569603305072,67.24572412021504,06
2004-07-01,2004,7,Arizona,1359.0,,4162.0,4007.0,,224,10.0,11.0,4.0,,708.0,555.0,,,,,,,,,,,,,11040,5652404.0,73.63238721082216,70.89019114698807,07
2004-08-01,2004,8,Arizona,1155.0,,4093.0,5113.0,,255,9.0,6.0,10.0,,665.0,598.0,,,,,,,,,,,,,11904,5652404.0,72.41166767272827,90.45708693150738,08
2004-09-01,2004,9,Arizona,1194.0,,4584.0,5711.0,,218,13.0,12.0,2.0,,720.0,632.0,,,,,,,,,,,,,13086,5652404.0,81.0982371394543,101.03665626165434,09
2004-10-01,2004,10,Arizona,1362.0,,4357.0,6047.0,,300,9.0,9.0,12.0,,760.0,726.0,,,,,,,,,,,,,13582,5652404.0,77.08224677500051,106.98102966454628,10
2004-11-01,2004,11,Arizona,1168.0,,4378.0,5465.0,,273,10.0,5.0,6.0,,650.0,610.0,,,,,,,,,,,,,12565,5652404.0,77.45377011268126,96.68452573453702,11
2004-12-01,2004,12,Arizona,1497.0,,6489.0,9307.0,,319,0.0,11.0,2.0,,647.0,571.0,,,,,,,,,,,,,18843,5652404.0,114.80071134335054,164.65560494260495,12
2005-01-01,2005,1,Arizona,1073.0,,5319.0,4947.0,,311,0.0,9.0,7.0,,758.0,640.0,,,,,,,,,,,,,13064,5839077.0,91.09316421071344,84.72229429411533,01
2005-02-01,2005,2,Arizona,1210.0,,6528.0,5588.0,,326,0.0,14.0,3.0,,860.0,734.0,,,,,,,,,,,,,15263,5839077.0,111.79849143965733,95.70005670416745,02
2005-03-01,2005,3,Arizona,2068.0,,5969.0,5092.0,,291,0.0,10.0,10.0,,738.0,569.0,,,,,,,,,,,,,14747,5839077.0,102.2250605703607,87.20556348203662,03
2005-04-01,2005,4,Arizona,1455.0,,5870.0,4792.0,,277,0.0,10.0,7.0,,689.0,559.0,,,,,,,,,,,,,13659,5839077.0,100.52958712481441,82.06776516219944,04
2005-05-01,2005,5,Arizona,1436.0,,4916.0,4222.0,,215,0.0,9.0,7.0,,624.0,427.0,,,,,,,,,,,,,11856,5839077.0,84.19138846773214,72.30594835450877,05
2005-06-01,2005,6,Arizona,1167.0,,4579.0,4182.0,,217,0.0,7.0,7.0,,616.0,468.0,,,,,,,,,,,,,11243,5839077.0,78.41992835511503,71.62090857853048,06
2005-07-01,2005,7,Arizona,941.0,,5099.0,4599.0,,231,0.0,9.0,7.0,,677.0,502.0,,,,,,,,,,,,,12065,5839077.0,87.32544544283283,78.76244824310417,07
2005-08-01,2005,8,Arizona,1413.0,,5397.0,6081.0,,254,0.0,15.0,3.0,,669.0,520.0,,,,,,,,,,,,,14352,5839077.0,92.4289917738711,104.14317194309992,08
2005-09-01,2005,9,Arizona,1904.0,,5796.0,6668.0,,277,0.0,14.0,4.0,,635.0,558.0,,,,,,,,,,,,,15856,5839077.0,99.26226353925458,114.19613065558134,09
2005-10-01,2005,10,Arizona,2037.0,,5660.0,6866.0,,268,0.0,7.0,8.0,,705.0,618.0,,,,,,,,,,,,,16169,5839077.0,96.93312830092837,117.58707754667391,10
2005-11-01,2005,11,Arizona,1724.0,,5327.0,6816.0,,273,0.0,8.0,7.0,,657.0,530.0,,,,,,,,,,,,,15342,5839077.0,91.2301721659091,116.73077782670103,11
2005-12-01,2005,12,Arizona,2159.0,,8093.0,11311.0,,327,0.0,12.0,8.0,,628.0,495.0,,,,,,,,,,,,,23033,5839077.0,138.60067267480804,193.71212265226163,12
2006-01-01,2006,1,Arizona,1762.0,,6256.0,6108.0,,248,0.0,12.0,7.0,,711.0,551.0,,,,,,,,,,,,,15655,6029141.0,103.76270848533812,101.30796410301235,01
2006-02-01,2006,2,Arizona,2142.0,,7505.0,6580.0,,291,0.0,17.0,8.0,,793.0,606.0,,,,,,,,,,,,,17942,6029141.0,124.47876073888469,109.1366083493486,02
2006-03-01,2006,3,Arizona,2791.0,,7057.0,6178.0,,423,0.0,11.0,5.0,,718.0,535.0,,,,,,,,,,,,,17718,6029141.0,117.04818314914182,102.46899185140968,03
2006-04-01,2006,4,Arizona,2056.0,,6946.0,5753.0,,254,0.0,5.0,3.0,,585.0,429.0,,,,,,,,,,,,,16031,6029141.0,115.20712486239749,95.41989480756877,04
2006-05-01,2006,5,Arizona,2016.0,,5663.0,4746.0,,229,0.0,9.0,5.0,,569.0,397.0,,0.0,0.0,,,,,,,,,,13634,6029141.0,93.92714484534363,78.71768134133868,05
2006-06-01,2006,6,Arizona,1936.0,,5167.0,4663.0,,238,0.0,3.0,4.0,,574.0,385.0,,0.0,0.0,,,,,,,,,,12970,6029141.0,85.70043394241402,77.34103415395327,06
2006-07-01,2006,7,Arizona,2461.0,,6342.0,5210.0,,235,0.0,8.0,2.0,,602.0,438.0,,0.0,0.0,,,,,,,,,,15298,6029141.0,105.1891140047977,86.4136367021438,07
2006-08-01,2006,8,Arizona,3174.0,,6608.0,7017.0,,302,0.0,10.0,3.0,,615.0,509.0,,0.0,0.0,,,,,,,,,,18238,6029141.0,109.60101944870755,116.38473872148619,08
2006-09-01,2006,9,Arizona,3608.0,,6370.0,6862.0,,285,0.0,10.0,4.0,,650.0,502.0,,0.0,0.0,,,,,,,,,,18291,6029141.0,105.65352510415664,113.81389156432068,09
2006-10-01,2006,10,Arizona,4638.0,,5692.0,6462.0,,291,0.0,12.0,8.0,,607.0,573.0,,,,,,,,,,,,,18283,6029141.0,94.40814205539395,107.17944728776455,10
2006-11-01,2006,11,Arizona,3233.0,,5504.0,6900.0,,265,0.0,10.0,9.0,,570.0,489.0,,,,,,,,,,,,,16980,6029141.0,91.28995324541258,114.44416377059353,11
2006-12-01,2006,12,Arizona,2365.0,,8353.0,11033.0,,345,0.0,3.0,6.0,,620.0,413.0,,,,,,,,,,,,,23138,6029141.0,138.5437826051837,182.99455925810992,12
2007-01-01,2007,1,Arizona,3041.0,,6247.0,5546.0,,247,0.0,6.0,10.0,,632.0,467.0,,,,,,,,,,,,,16196,6167681.0,101.2860425174389,89.9203444536123,01
2007-02-01,2007,2,Arizona,3193.0,,7662.0,5981.0,,315,0.0,5.0,6.0,,748.0,547.0,,,,,,,,,,,,,18457,6167681.0,124.22821478607601,96.97323840192124,02
2007-03-01,2007,3,Arizona,4026.0,,6896.0,5391.0,,310,0.0,5.0,2.0,,599.0,437.0,,,,,,,,,,,,,17666,6167681.0,111.80863601732969,87.40724431111143,03
2007-04-01,2007,4,Arizona,3125.0,,6761.0,4831.0,,224,0.0,0.0,2.0,,570.0,385.0,,,,,,,,,,,,,15898,6167681.0,109.61980686095795,78.32765669949532,04
2007-05-01,2007,5,Arizona,2207.0,,5800.0,4412.0,,257,0.0,2.0,4.0,,573.0,387.0,,,,,,,,,,,,,13642,6167681.0,94.03858597745247,71.53417954008971,05
2007-06-01,2007,6,Arizona,4098.0,,5699.0,4586.0,,256,0.0,5.0,3.0,,630.0,395.0,,,,,,,,,,,,,15672,6167681.0,92.40101749750028,74.35533711941328,06
2007-07-01,2007,7,Arizona,2600.0,,5425.0,4623.0,,240,0.0,4.0,1.0,,551.0,339.0,,,,,,,,,,,,,13783,6167681.0,87.95850498753097,74.9552384437522,07
2007-08-01,2007,8,Arizona,2604.0,,5604.0,6373.0,,278,0.0,7.0,2.0,,617.0,486.0,,,,,,,,,,,,,15971,6167681.0,90.86073031338684,103.32894973005251,08
2007-09-01,2007,9,Arizona,2165.0,,5468.0,5778.0,,255,0.0,4.0,3.0,,571.0,424.0,,,,,,,,,,,,,14668,6167681.0,88.65568760770863,93.6818878927104,09
2007-10-01,2007,10,Arizona,2279.0,,5171.0,5736.0,,251,0.0,2.0,1.0,,625.0,563.0,,,,,,,,,,,,,14628,6167681.0,83.8402634636908,93.0009188218392,10
2007-11-01,2007,11,Arizona,2369.0,,5306.0,6280.0,,272,0.0,1.0,3.0,,615.0,453.0,,,,,,,,,,,,,15299,6167681.0,86.02909262006256,101.82108964455199,11
2007-12-01,2007,12,Arizona,1888.0,,7678.0,9370.0,,331,0.0,9.0,2.0,,560.0,353.0,,,,,,,,,,,,,20191,6167681.0,124.4876315749793,151.92095700150512,12
2008-01-01,2008,1,Arizona,4499.0,,6176.0,5162.0,,305,1.0,4.0,4.0,,635.0,516.0,,,,,,,,,,,,,17302,6280362.0,98.33828050039153,82.19271436901249,01
2008-02-01,2008,2,Arizona,3810.0,,7710.0,5991.0,,338,0.0,2.0,1.0,,818.0,609.0,,,,,,,,,,,,,19279,6280362.0,122.76362413504188,95.39259042711232,02
2008-03-01,2008,3,Arizona,3696.0,,6961.0,5394.0,,339,0.0,1.0,3.0,,611.0,461.0,,,,,,,,,,,,,17466,6280362.0,110.83756000052226,85.88676894739507,03
2008-04-01,2008,4,Arizona,3539.0,,6569.0,4968.0,,261,0.0,7.0,0.0,,554.0,423.0,,,,,,,,,,,,,16321,6280362.0,104.59588157497929,79.1037204543305,04
2008-05-01,2008,5,Arizona,3411.0,,6553.0,5000.0,,260,0.0,2.0,0.0,,660.0,388.0,,,,,,,,,,,,,16274,6280362.0,104.34111919026324,79.61324522376258,05
2008-06-01,2008,6,Arizona,2631.0,,5471.0,4301.0,,229,0.0,4.0,2.0,,557.0,449.0,,,,,,,,,,,,,13644,6280362.0,87.112812923841,68.48331354148057,06
2008-07-01,2008,7,Arizona,3011.0,,5584.0,4282.0,,227,0.0,4.0,2.0,,603.0,416.0,,,,,,,,,,,,,14129,6280362.0,88.91207226589805,68.18078320963028,07
2008-08-01,2008,8,Arizona,2783.0,,5496.0,5553.0,,229,3.0,2.0,3.0,,675.0,457.0,,,,,,,,,,,,,15201,6280362.0,87.51087914995982,88.41847014551072,08
2008-09-01,2008,9,Arizona,2377.0,,5314.0,5393.0,,274,0.0,3.0,4.0,,581.0,458.0,,,,,,,,,,,,,14404,6280362.0,84.61295702381487,85.87084629835033,09
2008-10-01,2008,10,Arizona,2941.0,,5815.0,5790.0,,366,0.0,4.0,4.0,,691.0,595.0,,,,,,,,,,,,,16206,6280362.0,92.59020419523588,92.19213796911707,10
2002-07-01,2002,7,Arkansas,656.0,,2027.0,3648.0,,166,0.0,15.0,47.0,,542.0,1565.0,,,,,,,,,,,,,8666,2705927.0,74.90963355626371,134.81516685409474,07
2002-08-01,2002,8,Arkansas,252.0,,2397.0,6161.0,,213,0.0,16.0,41.0,,635.0,2177.0,,,,,,,,,,,,,11892,2705927.0,88.58332098389943,227.68537362611775,08
2002-09-01,2002,9,Arkansas,274.0,,2105.0,7131.0,,225,0.0,17.0,45.0,,598.0,2130.0,,,,,,,,,,,,,12525,2705927.0,77.7921946896572,263.5326082337033,09
2002-10-01,2002,10,Arkansas,380.0,,2495.0,9816.0,,240,1.0,15.0,39.0,,602.0,2588.0,,,,,,,,,,,,,16176,2705927.0,92.20500035662455,362.7592318639786,10
2002-11-01,2002,11,Arkansas,431.0,,2265.0,12580.0,,229,0.0,8.0,42.0,,632.0,3204.0,,,,,,,,,,,,,19391,2705927.0,83.70514060431046,464.905372539614,11
2002-12-01,2002,12,Arkansas,641.0,,2997.0,14348.0,,195,0.0,11.0,40.0,,475.0,1605.0,,,,,,,,,,,,,20312,2705927.0,110.75686816384922,530.2434248965327,12
2003-01-01,2003,1,Arkansas,255.0,,2733.0,5854.0,,268,0.0,14.0,34.0,,735.0,2247.0,,,,,,,,,,,,,12140,2724816.0,100.30035055578065,214.8401947140651,01
2003-02-01,2003,2,Arkansas,121.0,,3673.0,6081.0,,318,0.0,8.0,30.0,,799.0,2781.0,,,,,,,,,,,,,13811,2724816.0,134.7980927886507,223.1710324660454,02
2003-03-01,2003,3,Arkansas,306.0,,3209.0,5511.0,,178,0.0,12.0,46.0,,529.0,1631.0,,,,,,,,,,,,,11422,2724816.0,117.76942002689356,202.25218877164548,03
2003-04-01,2003,4,Arkansas,539.0,,2344.0,3950.0,,178,0.0,10.0,32.0,,519.0,1598.0,,,,,,,,,,,,,9170,2724816.0,86.0241572274972,144.96391682961345,04
2003-05-01,2003,5,Arkansas,106.0,,2345.0,3385.0,,173,0.0,11.0,35.0,,592.0,1529.0,,,,,,,,,,,,,8176,2724816.0,86.06085695327685,124.22857176411179,05
2003-06-01,2003,6,Arkansas,91.0,,2193.0,3361.0,,145,0.0,8.0,37.0,,574.0,1473.0,,,,,,,,,,,,,7882,2724816.0,80.4824986347702,123.3477783454002,06
2003-07-01,2003,7,Arkansas,26.0,,2064.0,3568.0,,171,0.0,9.0,24.0,,603.0,1620.0,,,,,,,,,,,,,8085,2724816.0,75.74823400919549,130.94462158178754,07
2003-08-01,2003,8,Arkansas,217.0,,2369.0,5973.0,,185,0.0,11.0,21.0,,637.0,2051.0,,,,,,,,,,,,,11464,2724816.0,86.94165037198842,219.20746208184332,08
2003-09-01,2003,9,Arkansas,67.0,,2278.0,7639.0,,210,0.0,11.0,27.0,,598.0,2086.0,,,,,,,,,,,,,12916,2724816.0,83.60197532604036,280.3492052307385,09
2003-10-01,2003,10,Arkansas,94.0,,2403.0,10053.0,,232,0.0,14.0,29.0,,661.0,2815.0,,,,,,,,,,,,,16301,2724816.0,88.18944104849649,368.94234326281116,10
2003-11-01,2003,11,Arkansas,4.0,,2274.0,11873.0,,213,0.0,15.0,28.0,,550.0,2663.0,,,,,,,,,,,,,17620,2724816.0,83.45517642292177,435.7358441817723,11
2003-12-01,2003,12,Arkansas,106.0,,3545.0,15259.0,,208,0.0,10.0,22.0,,546.0,1566.0,,,,,,,,,,,,,21262,2724816.0,130.10052788885562,560.0011156716637,12
2004-01-01,2004,1,Arkansas,122.0,,3063.0,6622.0,,252,0.0,9.0,27.0,,766.0,2168.0,,,,,,,,,,,,,13029,2749686.0,111.39453741263547,240.8274981216037,01
2004-02-01,2004,2,Arkansas,20.0,,3795.0,6474.0,,300,0.0,12.0,21.0,,750.0,2644.0,,,,,,,,,,,,,14016,2749686.0,138.01575889028783,235.44506536382698,02
2004-03-01,2004,3,Arkansas,495.0,,3128.0,5739.0,,173,0.0,10.0,16.0,,513.0,1669.0,,,,,,,,,,,,,11743,2749686.0,113.75844369138875,208.71474051946294,03
2004-04-01,2004,4,Arkansas,295.0,,2489.0,4121.0,,173,0.0,7.0,16.0,,556.0,1556.0,,,,,,,,,,,,,9213,2749686.0,90.5194265817988,149.87165807295816,04
2004-05-01,2004,5,Arkansas,650.0,,2103.0,3267.0,,164,0.0,14.0,24.0,,518.0,1310.0,,,,,,,,,,,,,8050,2749686.0,76.48146006489469,118.81356634903041,05
2004-06-01,2004,6,Arkansas,1159.0,,2062.0,3414.0,,162,0.0,6.0,21.0,,527.0,1462.0,,,,,,,,,,,,,8813,2749686.0,74.99038071983492,124.15963131790322,06
2004-07-01,2004,7,Arkansas,963.0,,2130.0,3719.0,,175,0.0,7.0,16.0,,608.0,1742.0,,,,,,,,,,,,,9360,2749686.0,77.4633903652999,135.2518069335917,07
2004-08-01,2004,8,Arkansas,1355.0,,2088.0,5745.0,,188,0.0,10.0,16.0,,592.0,1757.0,,,,,,,,,,,,,11751,2749686.0,75.93594323133624,208.93294725288632,08
2004-09-01,2004,9,Arkansas,853.0,,2311.0,7862.0,,225,0.0,5.0,12.0,,590.0,2137.0,,,,,,,,,,,,,13995,2749686.0,84.04596015690518,285.9235563624356,09
2004-10-01,2004,10,Arkansas,870.0,,2221.0,10346.0,,295,0.0,9.0,16.0,,617.0,2440.0,,,,,,,,,,,,,16814,2749686.0,80.77285915555449,376.2611439997149,10
2004-11-01,2004,11,Arkansas,682.0,,2280.0,12891.0,,210,0.0,9.0,21.0,,586.0,2912.0,,,,,,,,,,,,,19591,2749686.0,82.91855870088439,468.81716676013184,11
2004-12-01,2004,12,Arkansas,750.0,,3415.0,15276.0,,228,0.0,6.0,17.0,,561.0,1738.0,,,,,,,,,,,,,21991,2749686.0,124.19599910680711,555.5543432959254,12
2005-01-01,2005,1,Arkansas,614.0,,2917.0,6350.0,,258,0.0,8.0,25.0,,668.0,2124.0,,,,,,,,,,,,,12964,2781097.0,104.88666882169159,228.32716730124838,01
2005-02-01,2005,2,Arkansas,823.0,,3634.0,6274.0,,332,0.0,7.0,19.0,,818.0,2678.0,,,,,,,,,,,,,14585,2781097.0,130.66786235791128,225.59443270047754,02
2005-03-01,2005,3,Arkansas,1404.0,,3121.0,5513.0,,175,0.0,6.0,15.0,,517.0,1489.0,,,,,,,,,,,,,12240,2781097.0,112.22190380270807,198.2311296585484,03
2005-04-01,2005,4,Arkansas,854.0,,2550.0,4394.0,,218,0.0,10.0,22.0,,527.0,1452.0,,,,,,,,,,,,,10027,2781097.0,91.69043726270604,157.99520836561976,04
2005-05-01,2005,5,Arkansas,502.0,,2196.0,3277.0,,180,0.0,4.0,10.0,,435.0,1242.0,,,,,,,,,,,,,7846,2781097.0,78.96164714858921,117.83120114113242,05
2005-06-01,2005,6,Arkansas,1262.0,,2400.0,3655.0,,173,0.0,7.0,16.0,,552.0,1485.0,,,,,,,,,,,,,9550,2781097.0,86.29688212960569,131.42296007654534,06
2005-07-01,2005,7,Arkansas,1093.0,,2205.0,3875.0,,169,0.0,5.0,14.0,,527.0,1486.0,,,,,,,,,,,,,9374,2781097.0,79.28526045657523,139.3335076050925,07
2005-08-01,2005,8,Arkansas,995.0,,2336.0,5695.0,,193,0.0,7.0,18.0,,546.0,1796.0,,,,,,,,,,,,,11586,2781097.0,83.99563193948288,204.77530988671018,08
2005-09-01,2005,9,Arkansas,912.0,,2874.0,7707.0,,240,0.0,7.0,16.0,,719.0,2232.0,,,,,,,,,,,,,14707,2781097.0,103.34051635020282,277.1208627386963,09
2005-10-01,2005,10,Arkansas,617.0,,2559.0,9262.0,,228,0.0,5.0,9.0,,603.0,2293.0,,,,,,,,,,,,,15576,2781097.0,92.01405057069208,333.03405095183666,10
2005-11-01,2005,11,Arkansas,708.0,,2613.0,13209.0,,245,0.0,3.0,16.0,,584.0,2756.0,,,,,,,,,,,,,20134,2781097.0,93.9557304186082,474.95646502081735,11
2005-12-01,2005,12,Arkansas,1029.0,,4338.0,17520.0,,268,0.0,8.0,16.0,,572.0,1661.0,,,,,,,,,,,,,25412,2781097.0,155.98161444926228,629.9672395461215,12
2006-01-01,2006,1,Arkansas,678.0,,3528.0,6563.0,,248,0.0,4.0,14.0,,656.0,1960.0,,,,,,,,,,,,,13651,2821761.0,125.02830679139728,232.58525438547062,01
2006-02-01,2006,2,Arkansas,555.0,,4047.0,6835.0,,306,0.0,9.0,15.0,,725.0,2341.0,,,,,,,,,,,,,14833,2821761.0,143.42107641292088,242.22462497709762,02
2006-03-01,2006,3,Arkansas,1087.0,,3557.0,6184.0,,203,0.0,5.0,8.0,,518.0,1552.0,,,,,,,,,,,,,13114,2821761.0,126.05603380300458,219.15392550963742,03
2006-04-01,2006,4,Arkansas,1007.0,,2698.0,4474.0,,194,0.0,5.0,8.0,,456.0,1222.0,,,,,,,,,,,,,10064,2821761.0,95.61405094194726,158.5534706872765,04
2006-05-01,2006,5,Arkansas,1280.0,,2598.0,3634.0,,167,0.0,6.0,10.0,,505.0,1289.0,,0.0,0.0,,,,,,,,,,9489,2821761.0,92.07016469502555,128.78482621313427,05
2006-06-01,2006,6,Arkansas,993.0,,2551.0,3547.0,,195,0.0,3.0,17.0,,639.0,1510.0,,0.0,0.0,,,,,,,,,,9455,2821761.0,90.40453815897236,125.7016451783124,06
2006-07-01,2006,7,Arkansas,2746.0,,2567.0,3862.0,,179,0.0,2.0,7.0,,504.0,1372.0,,0.0,0.0,,,,,,,,,,11239,2821761.0,90.97155995847983,136.86488685611573,07
2006-08-01,2006,8,Arkansas,2198.0,,2702.0,5880.0,,225,1.0,5.0,13.0,,590.0,1658.0,,0.0,0.0,,,,,,,,,,13272,2821761.0,95.75580639182411,208.38051131899545,08
2006-09-01,2006,9,Arkansas,463.0,,2843.0,8243.0,,246,0.0,1.0,22.0,,694.0,2193.0,,0.0,0.0,,,,,,,,,,14705,2821761.0,100.75268599998368,292.12254333375506,09
2006-10-01,2006,10,Arkansas,1502.0,,2782.0,9554.0,,209,0.0,6.0,39.0,,555.0,2065.0,,,,,,,,,,,,,16712,2821761.0,98.59091538936147,338.58289203089845,10
2006-11-01,2006,11,Arkansas,775.0,,2921.0,13227.0,,247,0.0,9.0,51.0,,546.0,2689.0,,,,,,,,,,,,,20465,2821761.0,103.51691727258262,468.7498338803321,11
2006-12-01,2006,12,Arkansas,997.0,,4377.0,15462.0,,230,0.0,8.0,29.0,,526.0,1501.0,,,,,,,,,,,,,23130,2821761.0,155.11590102776245,547.955691499032,12
2007-01-01,2007,1,Arkansas,2170.0,,3705.0,6022.0,,285,1.0,14.0,45.0,,648.0,1877.0,,,,,,,,,,,,,14767,2848650.0,130.06160813016692,211.39838168957223,01
2007-02-01,2007,2,Arkansas,732.0,,4565.0,6099.0,,308,0.0,9.0,31.0,,681.0,2203.0,,,,,,,,,,,,,14628,2848650.0,160.25134712934198,214.1014164604286,02
2007-03-01,2007,3,Arkansas,1192.0,,3790.0,5122.0,,213,0.0,13.0,27.0,,489.0,1462.0,,,,,,,,,,,,,12308,2848650.0,133.04547768241096,179.80446878345882,03
2007-04-01,2007,4,Arkansas,1519.0,,3171.0,3846.0,,190,0.0,10.0,24.0,,457.0,1253.0,,,,,,,,,,,,,10470,2848650.0,111.31588647253963,135.01132115212468,04
2007-05-01,2007,5,Arkansas,1570.0,,2805.0,3315.0,,168,2.0,14.0,23.0,,507.0,1275.0,,,,,,,,,,,,,9679,2848650.0,98.4676952240535,116.37091253751777,05
2007-06-01,2007,6,Arkansas,1946.0,,2887.0,3371.0,,193,5.0,10.0,38.0,,600.0,1312.0,,,,,,,,,,,,,10362,2848650.0,101.34625173327716,118.3367560072315,06
2007-07-01,2007,7,Arkansas,2167.0,,2915.0,3566.0,,155,0.0,9.0,23.0,,470.0,1262.0,,,,,,,,,,,,,10567,2848650.0,102.32917346813403,125.18210380355607,07
2007-08-01,2007,8,Arkansas,1268.0,,2948.0,5478.0,,285,1.0,19.0,19.0,,632.0,1798.0,,,,,,,,,,,,,12448,2848650.0,103.48761694135818,192.30161655521036,08
2007-09-01,2007,9,Arkansas,1350.0,,2715.0,7149.0,,212,0.0,12.0,15.0,,535.0,1761.0,,,,,,,,,,,,,13749,2848650.0,95.30830393344215,250.96098151756095,09
2007-10-01,2007,10,Arkansas,1678.0,,2845.0,8662.0,,295,2.0,8.0,39.0,,534.0,2111.0,,,,,,,,,,,,,16174,2848650.0,99.87186913099188,304.073859547505,10
2007-11-01,2007,11,Arkansas,3056.0,,2973.0,11585.0,,239,1.0,6.0,29.0,,623.0,2726.0,,,,,,,,,,,,,21238,2848650.0,104.36522563319467,406.68386779702666,11
2007-12-01,2007,12,Arkansas,2555.0,,4741.0,13939.0,,247,7.0,4.0,14.0,,574.0,1353.0,,,,,,,,,,,,,23434,2848650.0,166.42971231987082,489.31950222035,12
2008-01-01,2008,1,Arkansas,1542.0,,3696.0,5681.0,,285,2.0,5.0,22.0,,672.0,1889.0,,,,,,,,,,,,,13794,2874554.0,128.57646786249276,197.63065852998412,01
2008-02-01,2008,2,Arkansas,2305.0,,5245.0,6391.0,,371,1.0,7.0,27.0,,889.0,2490.0,,,,,,,,,,,,,17726,2874554.0,182.46308818689786,222.3301423455604,02
2008-03-01,2008,3,Arkansas,4654.0,,4087.0,4980.0,,201,1.0,11.0,19.0,,485.0,1279.0,,,,,,,,,,,,,15717,2874554.0,142.17857796374673,173.24426676277432,03
2008-04-01,2008,4,Arkansas,2631.0,,3410.0,4165.0,,188,3.0,6.0,16.0,,512.0,1283.0,,,,,,,,,,,,,12214,2874554.0,118.62709832551415,144.8920423829227,04
2008-05-01,2008,5,Arkansas,3067.0,,3407.0,3586.0,,241,2.0,5.0,25.0,,617.0,1513.0,,,,,,,,,,,,,12463,2874554.0,118.52273430939199,124.74978727134713,05
2008-06-01,2008,6,Arkansas,2518.0,,3245.0,3362.0,,206,2.0,6.0,19.0,,562.0,1386.0,,,,,,,,,,,,,11306,2874554.0,112.88707743879573,116.95727406755971,06
2008-07-01,2008,7,Arkansas,2471.0,,3072.0,3728.0,,208,0.0,3.0,18.0,,564.0,1364.0,,,,,,,,,,,,,11428,2874554.0,106.86875250908489,129.68968403446237,07
2008-08-01,2008,8,Arkansas,1896.0,,3272.0,5376.0,,219,3.0,6.0,24.0,,579.0,1550.0,,,,,,,,,,,,,12925,2874554.0,113.8263535838951,187.02031689089856,08
2008-09-01,2008,9,Arkansas,2600.0,,3030.0,6515.0,,225,4.0,5.0,17.0,,585.0,1734.0,,,,,,,,,,,,,14715,2874554.0,105.40765628337475,226.64385501194275,09
2008-10-01,2008,10,Arkansas,2496.0,,3899.0,9028.0,,283,6.0,8.0,31.0,,689.0,2322.0,,,,,,,,,,,,,18762,2874554.0,135.6384329534251,314.06611251693306,10
2002-07-01,2002,7,California,17896.0,,17115.0,19476.0,,0,1.0,0.0,0.0,,0.0,0.0,,,,,,,,,,,,,54488,34871843.0,49.07971167454499,55.85021703613429,07
2002-08-01,2002,8,California,15559.0,,18267.0,22782.0,,0,13.0,0.0,0.0,,0.0,0.0,,,,,,,,,,,,,56621,34871843.0,52.383236526959585,65.33064512821991,08
2002-09-01,2002,9,California,15316.0,,16538.0,20960.0,,0,67.0,0.0,0.0,,0.0,0.0,,,,,,,,,,,,,52881,34871843.0,47.425081605236635,60.105799398098924,09
2002-10-01,2002,10,California,13175.0,,18527.0,21054.0,,0,0.0,0.0,0.0,,0.0,0.0,,,,,,,,,,,,,52756,34871843.0,53.128823733233716,60.375357849598025,10
2002-11-01,2002,11,California,10970.0,,21645.0,22253.0,,0,0.0,0.0,0.0,,0.0,0.0,,,,,,,,,,,,,54868,34871843.0,62.070134922321145,63.813661927762176,11
2002-12-01,2002,12,California,12144.0,,32200.0,28706.0,,0,1.0,0.0,0.0,,0.0,0.0,,,,,,,,,,,,,73051,34871843.0,92.33810785394968,82.31856285886582,12
2003-01-01,2003,1,California,12501.0,,10947.0,15831.0,,0,6.0,0.0,0.0,,0.0,0.0,,,,,,,,,,,,,39285,35253159.0,31.052536313128705,44.906613900898925,01
2003-02-01,2003,2,California,12229.0,,12325.0,17170.0,,0,0.0,0.0,0.0,,0.0,0.0,,,,,,,,,,,,,41724,35253159.0,34.96140587003848,48.70485507412258,02
2003-03-01,2003,3,California,13897.0,,15102.0,19430.0,,0,0.0,0.0,0.0,,0.0,0.0,,,,,,,,,,,,,48429,35253159.0,42.83871411353518,55.11562807747244,03
2003-04-01,2003,4,California,15281.0,,13667.0,16560.0,,0,0.0,0.0,0.0,,0.0,0.0,,,,,,,,,,,,,45508,35253159.0,38.7681569189303,46.97451368826266,04
2003-05-01,2003,5,California,15402.0,,12790.0,15475.0,,0,0.0,0.0,0.0,,0.0,0.0,,,,,,,,,,,,,43667,35253159.0,36.28043659860383,43.896775321610185,05
2003-06-01,2003,6,California,14333.0,,12926.0,15179.0,,0,0.0,0.0,0.0,,0.0,0.0,,,,,,,,,,,,,42438,35253159.0,36.66621762889391,43.057134255684716,06
2003-07-01,2003,7,California,13204.0,,12906.0,14736.0,,0,0.0,0.0,0.0,,0.0,0.0,,,,,,,,,,,,,40846,35253159.0,36.60948512443949,41.80050928201924,07
2003-08-01,2003,8,California,13344.0,,12887.0,18847.0,,0,0.0,0.0,0.0,,0.0,0.0,,,,,,,,,,,,,45078,35253159.0,36.555589245207784,53.461875572625985,08
2003-09-01,2003,9,California,12243.0,,13216.0,17304.0,,0,0.0,0.0,0.0,,0.0,0.0,,,,,,,,,,,,,42763,35253159.0,37.48883894348305,49.08496285396721,09
2003-10-01,2003,10,California,13137.0,,13202.0,17037.0,,0,0.0,0.0,0.0,,0.0,0.0,,,,,,,,,,,,,43376,35253159.0,37.44912619036496,48.32758391950066,10
2003-11-01,2003,11,California,10257.0,,13173.0,18263.0,,0,0.0,0.0,0.0,,0.0,0.0,,,,,,,,,,,,,41693,35253159.0,37.36686405890604,51.80528644255682,11
2003-12-01,2003,12,California,10175.0,,15670.0,23774.0,,0,5.0,0.0,0.0,,0.0,0.0,,,,,,,,,,,,,49624,35253159.0,44.44991724004081,67.43792804497322,12
2004-01-01,2004,1,California,12014.0,,15308.0,16138.0,,0,0.0,0.0,0.0,,0.0,0.0,,,,,,,,,,,,,43460,35574576.0,43.03073071060636,45.36385760437454,01
2004-02-01,2004,2,California,9779.0,,14778.0,16079.0,,0,0.0,0.0,0.0,,0.0,0.0,,,,,,,,,,,,,40636,35574576.0,41.540902694103785,45.198008825178974,02
2004-03-01,2004,3,California,12809.0,,15342.0,16642.0,,0,0.0,0.0,0.0,,0.0,0.0,,,,,,,,,,,,,44793,35574576.0,43.12630458336313,46.78059971818076,03
2004-04-01,2004,4,California,12699.0,,14876.0,15794.0,,0,0.0,0.0,0.0,,0.0,0.0,,,,,,,,,,,,,43369,35574576.0,41.816380327343886,44.39687489177665,04
2004-05-01,2004,5,California,13000.0,,13517.0,15906.0,,0,11.0,0.0,0.0,,0.0,0.0,,,,,,,,,,,,,42434,35574576.0,37.99623641333069,44.711706472622474,05
2004-06-01,2004,6,California,16471.0,,13983.0,15949.0,,0,0.0,0.0,0.0,,0.0,0.0,,,,,,,,,,,,,46403,35574576.0,39.30616066934993,44.83257931169721,06
2004-07-01,2004,7,California,13020.0,,13996.0,16547.0,,0,0.0,0.0,0.0,,0.0,0.0,,,,,,,,,,,,,43563,35574576.0,39.3427036206981,46.51355507371332,07
2004-08-01,2004,8,California,13642.0,,13996.0,19251.0,,8,9.0,0.0,0.0,,0.0,0.0,,,,,,,,,,,,,46906,35574576.0,39.3427036206981,54.11448895413398,08
2004-09-01,2004,9,California,10913.0,,14367.0,18469.0,,12,1702.0,0.0,0.0,,0.0,0.0,,,,,,,,,,,,,45463,35574576.0,40.38558323224991,51.91628988072831,09
2004-10-01,2004,10,California,8157.0,,15401.0,19403.0,,10,2600.0,0.0,0.0,,0.0,0.0,,,,,,,,,,,,,45571,35574576.0,43.2921533625587,54.5417603852819,10
2004-11-01,2004,11,California,7474.0,,14509.0,20957.0,,3,2742.0,0.0,0.0,,0.0,0.0,,,,,,,,,,,,,45685,35574576.0,40.784744700822294,58.91004856951774,11
2004-12-01,2004,12,California,11948.0,,17147.0,28376.0,,6,3083.0,0.0,0.0,,0.0,0.0,,,,,,,,,,,,,60560,35574576.0,48.20015282824453,79.7648298042962,12
2005-01-01,2005,1,California,7450.0,,15772.0,17140.0,,2,3914.0,0.0,0.0,,0.0,0.0,,,,,,,,,,,,,44278,35827943.0,44.02150578390727,47.83975457368568,01
2005-02-01,2005,2,California,9303.0,,17281.0,17993.0,,6,1512.0,0.0,0.0,,0.0,0.0,,,,,,,,,,,,,46095,35827943.0,48.233302146316355,50.220577832224414,02
2005-03-01,2005,3,California,12751.0,,19732.0,19488.0,,0,0.0,0.0,0.0,,0.0,0.0,,,,,,,,,,,,,51971,35827943.0,55.074331228002684,54.39329854912407,03
2005-04-01,2005,4,California,13387.0,,18183.0,18109.0,,0,0.0,0.0,0.0,,0.0,0.0,,,,,,,,,,,,,49679,35827943.0,50.750890164138085,50.544347466445394,04
2005-05-01,2005,5,California,13576.0,,17509.0,17486.0,,0,0.0,0.0,0.0,,0.0,0.0,,,,,,,,,,,,,48571,35827943.0,48.86967694461275,48.80548124127584,05
2005-06-01,2005,6,California,12902.0,,17730.0,16877.0,,0,0.0,0.0,0.0,,0.0,0.0,,,,,,,,,,,,,47509,35827943.0,49.486513920154444,47.10569066161571,06
2005-07-01,2005,7,California,13180.0,,17503.0,16539.0,,0,1.0,0.0,0.0,,0.0,0.0,,,,,,,,,,,,,47223,35827943.0,48.85293023939443,46.16229293431666,07
2005-08-01,2005,8,California,13384.0,,18243.0,20689.0,,0,1.0,0.0,0.0,,0.0,0.0,,,,,,,,,,,,,52317,35827943.0,50.91835721632135,57.745430710325735,08
2005-09-01,2005,9,California,13343.0,,19254.0,21845.0,,0,0.0,0.0,0.0,,0.0,0.0,,,,,,,,,,,,,54442,35827943.0,53.74017704560934,60.971962582389956,09
2005-10-01,2005,10,California,12196.0,,18712.0,20693.0,,0,3.0,0.0,0.0,,0.0,0.0,,,,,,,,,,,,,51604,35827943.0,52.227391340887195,57.75659518047129,10
2005-11-01,2005,11,California,13854.0,,18192.0,22074.0,,0,0.0,0.0,0.0,,0.0,0.0,,,,,,,,,,,,,54120,35827943.0,50.77601022196558,61.61112849822274,11
2005-12-01,2005,12,California,11282.0,,21649.0,30222.0,,60,0.0,0.0,0.0,,0.0,0.0,,,,,,,,,,,,,63213,35827943.0,60.424903545257955,84.35315418470996,12
2006-01-01,2006,1,California,13173.0,,19028.0,24054.0,,538,0.0,0.0,0.0,,0.0,0.0,,,,,,,,,,,,,56793,36021202.0,52.82444489220543,66.7773385241281,01
2006-02-01,2006,2,California,12974.0,,19479.0,23368.0,,265,0.0,0.0,0.0,,0.0,0.0,,,,,,,,,,,,,56086,36021202.0,54.076485287748035,64.87290457436706,02
2006-03-01,2006,3,California,16038.0,,23195.0,26317.0,,59,1.0,0.0,0.0,,0.0,0.0,,,,,,,,,,,,,65610,36021202.0,64.39263187275094,73.05974964411237,03
2006-04-01,2006,4,California,14930.0,,20942.0,21348.0,,590,0.0,0.0,0.0,,0.0,0.0,,,,,,,,,,,,,57810,36021202.0,58.137982180605746,59.26509615087247,04
2006-05-01,2006,5,California,14812.0,,14965.0,16125.0,,252,0.0,0.0,0.0,,0.0,0.0,,0.0,0.0,,,,,,,,,,46154,36021202.0,41.54497676118637,44.76530239051989,05
2006-06-01,2006,6,California,15173.0,,14262.0,13796.0,,403,0.0,0.0,0.0,,0.0,0.0,,0.0,0.0,,,,,,,,,,43634,36021202.0,39.593348384098896,38.29966584679767,06
2006-07-01,2006,7,California,14615.0,,13783.0,14215.0,,400,1.0,0.0,0.0,,0.0,0.0,,0.0,0.0,,,,,,,,,,43014,36021202.0,38.26357599060687,39.46286967325521,07
2006-08-01,2006,8,California,17926.0,,15372.0,17540.0,,407,0.0,0.0,0.0,,0.0,0.0,,0.0,0.0,,,,,,,,,,51245,36021202.0,42.67486687423701,48.69354442975001,08
2006-09-01,2006,9,California,12371.0,,13433.0,16155.0,,3352,0.0,0.0,0.0,,0.0,0.0,,0.0,0.0,,,,,,,,,,45311,36021202.0,37.291926016238996,44.84858667403714,09
2006-10-01,2006,10,California,14330.0,,15251.0,15914.0,,366,0.0,0.0,0.0,,0.0,0.0,,,,,,,,,,,,,45861,36021202.0,42.33895359738412,44.17953626311526,10
2006-11-01,2006,11,California,13129.0,,14872.0,18247.0,,2150,3.0,0.0,0.0,,0.0,0.0,,,,,,,,,,,,,48401,36021202.0,41.286795482282905,50.65627737797312,11
2006-12-01,2006,12,California,12881.0,,16275.0,20903.0,,7842,0.0,0.0,0.0,,0.0,0.0,,,,,,,,,,,,,57901,36021202.0,45.18172380810613,58.02971261203333,12
2007-01-01,2007,1,California,16445.0,,16192.0,15675.0,,14147,0.0,0.0,0.0,,0.0,0.0,,,,,,,,,,,,,62459,36250311.0,44.66720299309984,43.24100833231472,01
2007-02-01,2007,2,California,12077.0,,16612.0,15545.0,,18326,0.0,0.0,0.0,,0.0,0.0,,,,,,,,,,,,,62560,36250311.0,45.825813742673816,42.88239071935134,02
2007-03-01,2007,3,California,15653.0,,18728.0,16354.0,,24571,0.0,0.0,0.0,,0.0,0.0,,,,,,,,,,,,,75306,36250311.0,51.663005042908466,45.11409571079266,03
2007-04-01,2007,4,California,13848.0,,16829.0,14586.0,,22538,0.0,0.0,0.0,,0.0,0.0,,,,,,,,,,,,,67801,36250311.0,46.42442929662038,40.23689617449075,04
2007-05-01,2007,5,California,16765.0,,16798.0,14460.0,,38907,0.0,0.0,0.0,,0.0,0.0,,,,,,,,,,,,,86930,36250311.0,46.33891278891373,39.88931294961856,05
2007-06-01,2007,6,California,14630.0,,16526.0,14184.0,,38183,0.0,0.0,0.0,,0.0,0.0,,,,,,,,,,,,,83523,36250311.0,45.58857439871343,39.12794017132708,06
2007-07-01,2007,7,California,14418.0,,14613.0,13984.0,,28822,0.0,0.0,0.0,,0.0,0.0,,,,,,,,,,,,,71837,36250311.0,40.31137829410622,38.57622076676804,07
2007-08-01,2007,8,California,30631.0,,15483.0,17331.0,,5639,0.0,0.0,0.0,,0.0,0.0,,,,,,,,,,,,,69084,36250311.0,42.71135770393804,47.80924500206357,08
2007-09-01,2007,9,California,50148.0,,14631.0,15650.0,,0,0.0,0.0,0.0,,0.0,0.0,,,,,,,,,,,,,80429,36250311.0,40.36103304051654,43.17204340674484,09
2007-10-01,2007,10,California,39519.0,,15250.0,15040.0,,0,0.0,0.0,0.0,,0.0,0.0,,,,,,,,,,,,,69809,36250311.0,42.068604597626766,41.489299222839776,10
2007-11-01,2007,11,California,30034.0,,16000.0,17876.0,,0,0.0,0.0,0.0,,0.0,0.0,,,,,,,,,,,,,63910,36250311.0,44.13755236472316,49.31268037948695,11
2007-12-01,2007,12,California,23638.0,,18279.0,20378.0,,0,0.0,0.0,0.0,,0.0,0.0,,,,,,,,,,,,,62295,36250311.0,50.424394979673416,56.21469013052054,12
2008-01-01,2008,1,California,26268.0,,17524.0,15080.0,,0,0.0,0.0,0.0,,0.0,0.0,,,,,,,,,,,,,58872,36604337.0,47.87410846971494,41.197304024383776,01
2008-02-01,2008,2,California,25754.0,,17693.0,15933.0,,0,0.0,0.0,0.0,,0.0,0.0,,,,,,,,,,,,,59380,36604337.0,48.33580239412614,43.5276289801397,02
2008-03-01,2008,3,California,33791.0,,21050.0,19758.0,,0,0.0,0.0,0.0,,0.0,0.0,,,,,,,,,,,,,74599,36604337.0,57.506846797962766,53.977210405422724,03
2008-04-01,2008,4,California,31568.0,,18892.0,16152.0,,0,0.0,0.0,0.0,,0.0,0.0,,,,,,,,,,,,,66612,36604337.0,51.6113705324044,44.125918740175514,04
2008-05-01,2008,5,California,30359.0,,18442.0,16004.0,,0,6.0,0.0,0.0,,0.0,0.0,,,,,,,,,,,,,64811,36604337.0,50.38200801178287,43.72159506672666,05
2008-06-01,2008,6,California,24310.0,,18065.0,14947.0,,0,0.0,0.0,0.0,,0.0,0.0,,,,,,,,,,,,,57322,36604337.0,49.35207541117327,40.8339591016223,06
2008-07-01,2008,7,California,29756.0,,17773.0,14853.0,,0,0.0,0.0,0.0,,0.0,0.0,,,,,,,,,,,,,62382,36604337.0,48.55435573112552,40.577158930648025,07
2008-08-01,2008,8,California,29536.0,,17263.0,17143.0,,0,0.0,0.0,0.0,,0.0,0.0,,,,,,,,,,,,,63942,36604337.0,47.16107820775445,46.833248202255376,08
2008-09-01,2008,9,California,24254.0,,15612.0,16489.0,,0,49.0,0.0,0.0,,0.0,0.0,,,,,,,,,,,,,56404,36604337.0,42.65068371542968,45.046574672285416,09
2008-10-01,2008,10,California,29299.0,,17782.0,18270.0,,0,21.0,0.0,0.0,,0.0,0.0,,,,,,,,,,,,,65372,36604337.0,48.57894298153795,49.91211833723419,10
2002-07-01,2002,7,Colorado,0.0,,4711.0,6852.0,,337,67.0,0.0,0.0,,0.0,0.0,,,,,,,,,,,,,11967,4490406.0,104.91256247207937,152.59199279530625,07
2002-08-01,2002,8,Colorado,0.0,,6151.0,10100.0,,451,,0.0,0.0,,0.0,0.0,,,,,,,,,,,,,16702,4490406.0,136.98093223641692,224.92398237486765,08
2002-09-01,2002,9,Colorado,0.0,,5421.0,10240.0,,367,2.0,0.0,0.0,,0.0,0.0,,,,,,,,,,,,,16030,4490406.0,120.7240503419958,228.04174054640046,09
2002-10-01,2002,10,Colorado,0.0,,5487.0,12352.0,,483,0.0,0.0,0.0,,0.0,0.0,,,,,,,,,,,,,18322,4490406.0,122.19385062286128,275.07534953409555,10
2002-11-01,2002,11,Colorado,0.0,,5378.0,11374.0,,363,0.0,0.0,0.0,,0.0,0.0,,,,,,,,,,,,,17115,4490406.0,119.76645318931072,253.29558173581634,11
2002-12-01,2002,12,Colorado,0.0,,6063.0,13489.0,,385,1.0,0.0,0.0,,0.0,0.0,,,,,,,,,,,,,19938,4490406.0,135.0211985285963,300.3959998271871,12
2003-01-01,2003,1,Colorado,0.0,,5663.0,7852.0,,358,1.0,0.0,0.0,,0.0,0.0,,,,,,,,,,,,,13874,4528732.0,125.0460393770265,173.38186494586122,01
2003-02-01,2003,2,Colorado,0.0,,6326.0,8270.0,,470,1.0,0.0,0.0,,0.0,0.0,,,,,,,,,,,,,15067,4528732.0,139.6858988343757,182.61182158714624,02
2003-03-01,2003,3,Colorado,0.0,,6587.0,8678.0,,422,0.0,0.0,0.0,,0.0,0.0,,,,,,,,,,,,,15687,4528732.0,145.44910142618286,191.6209658685919,03
2003-04-01,2003,4,Colorado,0.0,,5630.0,7141.0,,382,0.0,0.0,0.0,,0.0,0.0,,,,,,,,,,,,,13153,4528732.0,124.31735858955665,157.68210616128312,04
2003-05-01,2003,5,Colorado,991.0,,5395.0,6297.0,,365,0.0,0.0,0.0,,0.0,0.0,,,,,,,,,,,,,13048,4528732.0,119.1282681333318,139.04554299084157,05
2003-06-01,2003,6,Colorado,2092.0,,4844.0,5938.0,,319,0.0,0.0,0.0,,0.0,0.0,,,,,,,,,,,,,13193,4528732.0,106.96150710618336,131.11837927260876,06
2003-07-01,2003,7,Colorado,1486.0,,4654.0,5542.0,,320,0.0,0.0,0.0,,0.0,0.0,,,,,,,,,,,,,12002,4528732.0,102.76607226923562,122.37420982297031,07
2003-08-01,2003,8,Colorado,1527.0,,5841.0,8549.0,,406,0.0,0.0,0.0,,0.0,0.0,,,,,,,,,,,,,16323,4528732.0,128.97649938216702,188.77248642666424,08
2003-09-01,2003,9,Colorado,814.0,,5315.0,8800.0,,379,0.0,0.0,0.0,,0.0,0.0,,,,,,,,,,,,,15308,4528732.0,117.36176925461696,194.31487665863204,09
2003-10-01,2003,10,Colorado,1111.0,,5435.0,10507.0,,397,0.0,0.0,0.0,,0.0,0.0,,,,,,,,,,,,,17450,4528732.0,120.01151757268921,232.00754648320986,10
2003-11-01,2003,11,Colorado,876.0,,5104.0,9144.0,,314,0.0,0.0,0.0,,0.0,0.0,,,,,,,,,,,,,15438,4528732.0,112.70262846200657,201.91082183710586,11
2003-12-01,2003,12,Colorado,687.0,,6667.0,12922.0,,438,0.0,0.0,0.0,,0.0,0.0,,,,,,,,,,,,,20714,4528732.0,147.21560030489772,285.333731384414,12
2004-01-01,2004,1,Colorado,980.0,,5320.0,7515.0,,377,0.0,0.0,0.0,,0.0,0.0,,,,,,,,,,,,,14192,4575013.0,116.28382258148774,164.2618283270452,01
2004-02-01,2004,2,Colorado,985.0,,5491.0,7180.0,,463,0.0,0.0,0.0,,0.0,0.0,,,,,,,,,,,,,14119,4575013.0,120.02151687874985,156.93944476223345,02
2004-03-01,2004,3,Colorado,1074.0,,6364.0,8437.0,,459,0.0,0.0,0.0,,0.0,0.0,,,,,,,,,,,,,16334,4575013.0,139.10342987003534,184.41477652631806,03
2004-04-01,2004,4,Colorado,1112.0,,5902.0,7183.0,,379,0.0,0.0,0.0,,0.0,0.0,,,,,,,,,,,,,14576,4575013.0,129.00509790901143,157.00501834639596,04
2004-05-01,2004,5,Colorado,799.0,,5173.0,6188.0,,361,0.0,0.0,0.0,,0.0,0.0,,,,,,,,,,,,,12521,4575013.0,113.07071695752559,135.25644626583573,05
2004-06-01,2004,6,Colorado,794.0,,4978.0,6124.0,,434,0.0,0.0,0.0,,0.0,0.0,,,,,,,,,,,,,12330,4575013.0,108.80843398696352,133.8575431370359,06
2004-07-01,2004,7,Colorado,763.0,,5242.0,6717.0,,387,1.0,0.0,0.0,,0.0,0.0,,,,,,,,,,,,,13110,4575013.0,114.57890939326292,146.81925493982203,07
2004-08-01,2004,8,Colorado,680.0,,5315.0,8819.0,,381,0.0,0.0,0.0,,0.0,0.0,,,,,,,,,,,,,15195,4575013.0,116.17453327455027,192.76447957634218,08
2004-09-01,2004,9,Colorado,687.0,,5691.0,10900.0,,457,0.0,0.0,0.0,,0.0,0.0,,,,,,,,,,,,,17735,4575013.0,124.39308915624939,238.2506891237249,09
2004-10-01,2004,10,Colorado,814.0,,6792.0,13831.0,,564,0.0,0.0,0.0,,0.0,0.0,,,,,,,,,,,,,22001,4575013.0,148.45859454388437,302.31608085048066,10
2004-11-01,2004,11,Colorado,718.0,,5826.0,10526.0,,377,1.0,0.0,0.0,,0.0,0.0,,,,,,,,,,,,,17448,4575013.0,127.34390044356158,230.07584896480074,11
2004-12-01,2004,12,Colorado,606.0,,7418.0,16113.0,,493,0.0,0.0,0.0,,0.0,0.0,,,,,,,,,,,,,24630,4575013.0,162.14161577245793,352.1957205367504,12
2005-01-01,2005,1,Colorado,991.0,,6220.0,9714.0,,418,0.0,0.0,0.0,,0.0,0.0,,,,,,,,,,,,,17343,4631888.0,134.28649397394756,209.7200968589914,01
2005-02-01,2005,2,Colorado,784.0,,6619.0,8675.0,,546,0.0,0.0,0.0,,0.0,0.0,,,,,,,,,,,,,16624,4631888.0,142.900691899286,187.28863910353618,02
2005-03-01,2005,3,Colorado,1115.0,,7100.0,9644.0,,481,0.0,0.0,0.0,,0.0,0.0,,,,,,,,,,,,,18340,4631888.0,153.28522624035813,208.20883406507238,03
2005-04-01,2005,4,Colorado,810.0,,6594.0,8497.0,,504,0.0,0.0,0.0,,0.0,0.0,,,,,,,,,,,,,16405,4631888.0,142.36095518717207,183.44571371328493,04
2005-05-01,2005,5,Colorado,787.0,,5498.0,6989.0,,392,0.0,0.0,0.0,,0.0,0.0,,,,,,,,,,,,,13666,4631888.0,118.69889772809705,150.88879523857227,05
2005-06-01,2005,6,Colorado,772.0,,5505.0,7003.0,,411,0.0,0.0,0.0,,0.0,0.0,,,,,,,,,,,,,13691,4631888.0,118.85002400748895,151.19104779735608,06
2005-07-01,2005,7,Colorado,721.0,,5431.0,6882.0,,382,0.0,0.0,0.0,,0.0,0.0,,,,,,,,,,,,,13416,4631888.0,117.25240333963171,148.5787221107246,07
2005-08-01,2005,8,Colorado,732.0,,6011.0,9114.0,,430,0.0,0.0,0.0,,0.0,0.0,,,,,,,,,,,,,16287,4631888.0,129.77429506067503,196.76641576825693,08
2005-09-01,2005,9,Colorado,626.0,,6050.0,10305.0,,476,0.0,0.0,0.0,,0.0,0.0,,,,,,,,,,,,,17457,4631888.0,130.61628433157279,222.4794727333649,09
2005-10-01,2005,10,Colorado,800.0,,6099.0,11536.0,,489,0.0,0.0,0.0,,0.0,0.0,,,,,,,,,,,,,18924,4631888.0,131.6741682873161,249.05610843785516,10
2005-11-01,2005,11,Colorado,779.0,,6248.0,12035.0,,403,0.0,0.0,0.0,,0.0,0.0,,,,,,,,,,,,,19465,4631888.0,134.89099909151517,259.8292532116493,11
2005-12-01,2005,12,Colorado,784.0,,7625.0,15806.0,,454,0.0,0.0,0.0,,0.0,0.0,,,,,,,,,,,,,24669,4631888.0,164.61969719475084,341.2431388669156,12
2006-01-01,2006,1,Colorado,799.0,,5985.0,9003.0,,389,0.0,0.0,0.0,,0.0,0.0,,,,,,,,,,,,,16176,4720423.0,126.78948475592124,190.72443295865645,01
2006-02-01,2006,2,Colorado,964.0,,6710.0,9322.0,,487,0.0,0.0,0.0,,0.0,0.0,,,,,,,,,,,,,17483,4720423.0,142.14827781323837,197.482301903876,02
2006-03-01,2006,3,Colorado,1156.0,,7804.0,10350.0,,477,0.0,0.0,0.0,,0.0,0.0,,,,,,,,,,,,,19787,4720423.0,165.32416692317616,219.26001123204423,03
2006-04-01,2006,4,Colorado,835.0,,6345.0,8336.0,,390,0.0,0.0,0.0,,0.0,0.0,,,,,,,,,,,,,15906,4720423.0,134.41591992920974,176.59434334592473,04
2006-05-01,2006,5,Colorado,701.0,,6011.0,7446.0,,385,0.0,0.0,0.0,,0.0,0.0,,0.0,0.0,,,,,,,,,,14543,4720423.0,127.34028285176986,157.74010083418372,05
2006-06-01,2006,6,Colorado,757.0,,6169.0,7137.0,,388,0.0,0.0,0.0,,0.0,0.0,,0.0,0.0,,,,,,,,,,14451,4720423.0,130.68744051115758,151.1940773104444,06
2006-07-01,2006,7,Colorado,582.0,,5931.0,7540.0,,381,0.0,0.0,0.0,,0.0,0.0,,0.0,0.0,,,,,,,,,,14434,4720423.0,125.64551947992797,159.7314477960979,07
2006-08-01,2006,8,Colorado,854.0,,7185.0,10058.0,,485,0.0,0.0,0.0,,0.0,0.0,,0.0,0.0,,,,,,,,,,18582,4720423.0,152.21093533354957,213.07412492482135,08
2006-09-01,2006,9,Colorado,806.0,,6317.0,10823.0,,438,0.0,0.0,0.0,,0.0,0.0,,0.0,0.0,,,,,,,,,,18384,4720423.0,133.82275274906507,229.2802996680594,09
2006-10-01,2006,10,Colorado,1667.0,,6423.0,11316.0,,447,0.0,0.0,0.0,,0.0,0.0,,,,,,,,,,,,,19853,4720423.0,136.0683142167556,239.72427894703506,10
2006-11-01,2006,11,Colorado,1756.0,,6956.0,11631.0,,510,0.0,0.0,0.0,,0.0,0.0,,,,,,,,,,,,,20853,4720423.0,147.35967518165216,246.3974097236625,11
2006-12-01,2006,12,Colorado,1645.0,,7652.0,14388.0,,612,0.0,0.0,0.0,,0.0,0.0,,,,,,,,,,,,,24297,4720423.0,162.10411651667658,304.80319242576354,12
2007-01-01,2007,1,Colorado,1752.0,,6499.0,8243.0,,513,0.0,0.0,0.0,,0.0,0.0,,,,,,,,,,,,,17007,4803868.0,135.28681470848076,171.5908930053865,01
2007-02-01,2007,2,Colorado,1326.0,,7007.0,8656.0,,1312,0.0,0.0,0.0,,0.0,0.0,,,,,,,,,,,,,18301,4803868.0,145.86162650597393,180.18813173051382,02
2007-03-01,2007,3,Colorado,0.0,,8012.0,9579.0,,2479,0.0,0.0,0.0,,0.0,0.0,,,,,,,,,,,,,20070,4803868.0,166.782267955739,199.40181537044728,03
2007-04-01,2007,4,Colorado,0.0,,6956.0,7790.0,,2023,0.0,0.0,0.0,,0.0,0.0,,,,,,,,,,,,,16769,4803868.0,144.79998201449334,162.16099193399984,04
2007-05-01,2007,5,Colorado,0.0,,6864.0,7066.0,,3072,0.0,0.0,0.0,,0.0,0.0,,,,,,,,,,,,,17002,4803868.0,142.88485861809693,147.08980346670643,05
2007-06-01,2007,6,Colorado,0.0,,6503.0,7012.0,,1951,0.0,0.0,0.0,,0.0,0.0,,,,,,,,,,,,,15466,4803868.0,135.3700809431067,145.96570929925636,06
2007-07-01,2007,7,Colorado,0.0,,6422.0,6769.0,,2269,0.0,0.0,0.0,,0.0,0.0,,,,,,,,,,,,,15460,4803868.0,133.68393969193158,140.90728554573107,07
2007-08-01,2007,8,Colorado,0.0,,7146.0,9911.0,,1516,0.0,0.0,0.0,,0.0,0.0,,,,,,,,,,,,,18573,4803868.0,148.75512815922502,206.31291284439953,08
2007-09-01,2007,9,Colorado,0.0,,6214.0,9780.0,,1531,0.0,0.0,0.0,,0.0,0.0,,,,,,,,,,,,,17525,4803868.0,129.3540954913832,203.58594366040032,09
2007-10-01,2007,10,Colorado,0.0,,6768.0,11167.0,,1726,0.0,0.0,0.0,,0.0,0.0,,,,,,,,,,,,,19661,4803868.0,140.88646898707458,232.45851051694174,10
2007-11-01,2007,11,Colorado,0.0,,7016.0,11638.0,,1402,1.0,0.0,0.0,,0.0,0.0,,,,,,,,,,,,,20057,4803868.0,146.0489755338823,242.2631096441451,11
2007-12-01,2007,12,Colorado,1.0,,9359.0,14562.0,,1921,3.0,0.0,0.0,,0.0,0.0,,,,,,,,,,,,,25846,4803868.0,194.82217246602113,303.13072715570036,12
2008-01-01,2008,1,Colorado,0.0,,7893.0,8324.0,,1840,0.0,0.0,0.0,,0.0,0.0,,,,,,,,,,,,,18057,4889730.0,161.41995570307563,170.2343483178008,01
2008-02-01,2008,2,Colorado,1.0,,9169.0,9438.0,,2269,0.0,0.0,0.0,,0.0,0.0,,,,,,,,,,,,,20877,4889730.0,187.51546608912966,193.01679233822725,02
2008-03-01,2008,3,Colorado,0.0,,9748.0,9936.0,,2717,0.0,0.0,0.0,,0.0,0.0,,,,,,,,,,,,,22401,4889730.0,199.3566106922059,203.20140375848973,03
2008-04-01,2008,4,Colorado,0.0,,8592.0,8811.0,,2613,0.0,0.0,0.0,,0.0,0.0,,,,,,,,,,,,,20016,4889730.0,175.71522353995005,180.19399844163175,04
2008-05-01,2008,5,Colorado,0.0,,8469.0,8336.0,,3116,0.0,0.0,0.0,,0.0,0.0,,,,,,,,,,,,,19921,4889730.0,173.1997472253069,170.4797606411806,05
2008-06-01,2008,6,Colorado,0.0,,8017.0,7825.0,,3149,0.0,0.0,0.0,,0.0,0.0,,,,,,,,,,,,,18991,4889730.0,163.95588304466708,160.02928587059,06
2008-07-01,2008,7,Colorado,0.0,,8106.0,7909.0,,3658,0.0,0.0,0.0,,0.0,0.0,,,,,,,,,,,,,19673,4889730.0,165.77602444306743,161.74717213424873,07
2008-08-01,2008,8,Colorado,0.0,,8916.0,10236.0,,3308,0.0,0.0,0.0,,0.0,0.0,,,,,,,,,,,,,22460,4889730.0,182.34135627120514,209.33671184298518,08
2008-09-01,2008,9,Colorado,0.0,,7756.0,10614.0,,3226,0.0,0.0,0.0,,0.0,0.0,,,,,,,,,,,,,21596,4889730.0,158.61816501115604,217.06720002944948,09
2008-10-01,2008,10,Colorado,0.0,,9892.0,13220.0,,3003,0.0,0.0,0.0,,0.0,0.0,,,,,,,,,,,,,26115,4889730.0,202.30155857276372,270.3625762567667,10
2002-07-01,2002,7,Connecticut,2847.0,,1650.0,1530.0,,90,145.0,0.0,0.0,,0.0,0.0,,,,,,,,,,,,,6262,3458749.0,47.705109564180574,44.23564705042199,07
2002-08-01,2002,8,Connecticut,3217.0,,1873.0,1922.0,,111,129.0,0.0,0.0,,0.0,0.0,,,,,,,,,,,,,7252,3458749.0,54.152527402248616,55.569224595366705,08
2002-09-01,2002,9,Connecticut,2807.0,,1784.0,2180.0,,114,135.0,0.0,0.0,,0.0,0.0,,,,,,,,,,,,,7020,3458749.0,51.57934270454434,63.028568999947666,09
2002-10-01,2002,10,Connecticut,3258.0,,2532.0,3359.0,,158,227.0,0.0,0.0,,0.0,0.0,,,,,,,,,,,,,9534,3458749.0,73.2056590403062,97.11603819762578,10
2002-11-01,2002,11,Connecticut,2760.0,,2002.0,3014.0,,202,189.0,0.0,0.0,,0.0,0.0,,,,,,,,,,,,,8167,3458749.0,57.8821996045391,87.14133347056985,11
2002-12-01,2002,12,Connecticut,2551.0,,2096.0,2664.0,,149,115.0,0.0,0.0,,0.0,,,,,,,,,,,,,,7575,3458749.0,60.59994524031666,77.02206780544064,12
2003-01-01,2003,1,Connecticut,3111.0,,2301.0,2035.0,,103,211.0,0.0,0.0,,0.0,0.0,,,,,,,,,,,,,7761,3484336.0,66.03840731777876,58.40424115240321,01
2003-02-01,2003,2,Connecticut,3155.0,,2478.0,2051.0,,115,101.0,0.0,0.0,,0.0,0.0,,,,,,,,,,,,,7900,3484336.0,71.11828480376175,58.86343911723783,02
2003-03-01,2003,3,Connecticut,3872.0,,2734.0,2688.0,,103,200.0,0.0,0.0,,0.0,0.0,,,,,,,,,,,,,9597,3484336.0,78.46545224111566,77.14525809221614,03
2003-04-01,2003,4,Connecticut,3585.0,,2154.0,2235.0,,82,197.0,0.0,0.0,,0.0,0.0,,,,,,,,,,,,,8253,3484336.0,61.819526015860696,64.14421571283596,04
2003-05-01,2003,5,Connecticut,3373.0,,2176.0,1998.0,,74,239.0,0.0,0.0,,0.0,0.0,,,,,,,,,,,,,7860,3484336.0,62.4509232175083,57.34234585872316,05
2003-06-01,2003,6,Connecticut,3311.0,,1890.0,1724.0,,67,273.0,0.0,0.0,,0.0,0.0,,,,,,,,,,,,,7265,3484336.0,54.24275959608947,49.47858071093029,06
2003-07-01,2003,7,Connecticut,3910.0,,1821.0,1646.0,,79,285.0,0.0,0.0,,0.0,0.0,,,,,,,,,,,,,7741,3484336.0,52.26246837274017,47.23999063236152,07
2003-08-01,2003,8,Connecticut,3588.0,,1846.0,1921.0,,87,314.0,0.0,0.0,,0.0,0.0,,,,,,,,,,,,,7756,3484336.0,52.97996519279427,55.132455652956544,08
2003-09-01,2003,9,Connecticut,3642.0,,1750.0,2255.0,,96,282.0,0.0,0.0,,0.0,0.0,,,,,,,,,,,,,8025,3484336.0,50.22477740378654,64.71821316887923,09
2003-10-01,2003,10,Connecticut,4566.0,,2415.0,3238.0,,84,407.0,0.0,0.0,,0.0,0.0,,,,,,,,,,,,,10710,3484336.0,69.31019281722543,92.93018813340619,10
2003-11-01,2003,11,Connecticut,3398.0,,1714.0,2835.0,,88,285.0,0.0,0.0,,0.0,0.0,,,,,,,,,,,,,8320,3484336.0,49.19158198290866,81.3641393941342,11
2003-12-01,2003,12,Connecticut,3652.0,,2309.0,3034.0,,77,307.0,0.0,0.0,,0.0,0.0,,,,,,,,,,,,,9379,3484336.0,66.26800630019608,87.07541408176479,12
2004-01-01,2004,1,Connecticut,4462.0,,2205.0,2228.0,,71,239.0,0.0,0.0,,0.0,0.0,,,,,,,,,,,,,9205,3496094.0,63.07038655139135,63.728263599319696,01
2004-02-01,2004,2,Connecticut,5375.0,,2260.0,1986.0,,95,277.0,0.0,0.0,,0.0,0.0,,,,,,,,,,,,,9993,3496094.0,64.6435707964374,56.806252921117114,02
2004-03-01,2004,3,Connecticut,5476.0,,2450.0,2216.0,,96,336.0,0.0,0.0,,0.0,0.0,,,,,,,,,,,,,10574,3496094.0,70.07820727932372,63.38502340040057,03
2004-04-01,2004,4,Connecticut,4417.0,,1778.0,1859.0,,81,315.0,0.0,0.0,,0.0,0.0,,,,,,,,,,,,,8450,3496094.0,50.85675613985208,53.17362748255625,04
2004-05-01,2004,5,Connecticut,4164.0,,1191.0,1092.0,,86,532.0,0.0,0.0,,0.0,0.0,,,,,,,,,,,,,7065,3496094.0,34.066589742724304,31.234858101641436,05
2004-06-01,2004,6,Connecticut,3962.0,,1622.0,1557.0,,77,268.0,0.0,0.0,,0.0,0.0,,,,,,,,,,,,,7486,3496094.0,46.3946335539033,44.53541580975798,06
2004-07-01,2004,7,Connecticut,3612.0,,1721.0,1563.0,,102,247.0,0.0,0.0,,0.0,0.0,,,,,,,,,,,,,7245,3496094.0,49.22636519498618,44.70703590921754,07
2004-08-01,2004,8,Connecticut,3615.0,,1728.0,1678.0,,82,253.0,0.0,0.0,,0.0,0.0,,,,,,,,,,,,,7356,3496094.0,49.42658864435567,47.99642114885927,08
2004-09-01,2004,9,Connecticut,3495.0,,1657.0,2121.0,,90,358.0,0.0,0.0,,0.0,0.0,,,,,,,,,,,,,7721,3496094.0,47.39575080075078,60.667705158957396,09
2004-10-01,2004,10,Connecticut,3367.0,,2149.0,2927.0,,87,395.0,0.0,0.0,,0.0,0.0,,,,,,,,,,,,,8925,3496094.0,61.468598956435386,83.72200518635941,10
2004-11-01,2004,11,Connecticut,3006.0,,1676.0,2852.0,,130,226.0,0.0,0.0,,0.0,0.0,,,,,,,,,,,,,7890,3496094.0,47.93921444903941,81.5767539431148,11
2004-12-01,2004,12,Connecticut,3410.0,,2331.0,2966.0,,116,183.0,0.0,0.0,,0.0,0.0,,,,,,,,,,,,,9006,3496094.0,66.67440864004229,84.8375358328466,12
2005-01-01,2005,1,Connecticut,3198.0,,1952.0,1866.0,,94,204.0,0.0,0.0,,0.0,0.0,,,,,,,,,,,,,7314,3506956.0,55.66080669389636,53.208537546521825,01
2005-02-01,2005,2,Connecticut,3726.0,,2560.0,1892.0,,94,261.0,0.0,0.0,,0.0,0.0,,,,,,,,,,,,,8533,3506956.0,72.99777927068375,53.94992124223971,02
2005-03-01,2005,3,Connecticut,4670.0,,2577.0,2265.0,,109,271.0,0.0,0.0,,0.0,0.0,,,,,,,,,,,,,9892,3506956.0,73.48253014865313,64.58592580003855,03
2005-04-01,2005,4,Connecticut,4327.0,,2392.0,1907.0,,94,280.0,0.0,0.0,,0.0,0.0,,,,,,,,,,,,,9000,3506956.0,68.20730000604513,54.37764260515387,04
2005-05-01,2005,5,Connecticut,3852.0,,1914.0,1470.0,,60,283.0,0.0,0.0,,0.0,0.0,,,,,,,,,,,,,7579,3506956.0,54.57724590784714,41.916693565587934,05
2005-06-01,2005,6,Connecticut,3760.0,,1745.0,1420.0,,54,308.0,0.0,0.0,,0.0,0.0,,,,,,,,,,,,,7287,3506956.0,49.75825188568092,40.49095568920739,06
2005-07-01,2005,7,Connecticut,3297.0,,1719.0,1470.0,,75,209.0,0.0,0.0,,0.0,0.0,,,,,,,,,,,,,6770,3506956.0,49.016868189963034,41.916693565587934,07
2005-08-01,2005,8,Connecticut,3642.0,,1770.0,1618.0,,77,280.0,0.0,0.0,,0.0,0.0,,,,,,,,,,,,,7387,3506956.0,50.47112082387119,46.13687767967434,08
2005-09-01,2005,9,Connecticut,3903.0,,1775.0,2176.0,,66,228.0,0.0,0.0,,0.0,0.0,,,,,,,,,,,,,8148,3506956.0,50.613694611509246,62.04811238008119,09
2005-10-01,2005,10,Connecticut,3145.0,,2225.0,2845.0,,83,322.0,0.0,0.0,,0.0,0.0,,,,,,,,,,,,,8620,3506956.0,63.44533549893412,81.12448516605284,10
2005-11-01,2005,11,Connecticut,3562.0,,1831.0,2796.0,,103,254.0,0.0,0.0,,0.0,0.0,,,,,,,,,,,,,8546,3506956.0,52.21052103305544,79.72726204719991,11
2005-12-01,2005,12,Connecticut,2993.0,,2346.0,2905.0,,64,215.0,0.0,0.0,,0.0,0.0,,,,,,,,,,,,,8523,3506956.0,66.89562115977503,82.83537061770949,12
2006-01-01,2006,1,Connecticut,3212.0,,2264.0,2296.0,,81,314.0,0.0,0.0,,0.0,0.0,,,,,,,,,,,,,8167,3517460.0,64.36462674770999,65.27437412223593,01
2006-02-01,2006,2,Connecticut,3410.0,,2333.0,2202.0,,88,261.0,0.0,0.0,,0.0,0.0,,,,,,,,,,,,,8294,3517460.0,66.32626952403155,62.601991209565995,02
2006-03-01,2006,3,Connecticut,4088.0,,2713.0,2738.0,,102,288.0,0.0,0.0,,0.0,0.0,,,,,,,,,,,,,9929,3517460.0,77.12951959652703,77.84025973287542,03
2006-04-01,2006,4,Connecticut,3417.0,,2060.0,2077.0,,53,235.0,0.0,0.0,,0.0,0.0,,,,,,,,,,,,,7842,3517460.0,58.564987235107154,59.04829052782405,04
2006-05-01,2006,5,Connecticut,3644.0,,1846.0,1657.0,,41,236.0,0.0,0.0,,0.0,0.0,,0.0,0.0,,,,,,,,,,7424,3517460.0,52.48105166796495,47.10785623717114,05
2006-06-01,2006,6,Connecticut,3378.0,,1962.0,1734.0,,43,250.0,0.0,0.0,,0.0,0.0,,0.0,0.0,,,,,,,,,,7367,3517460.0,55.778885900621475,49.29693585712417,06
2006-07-01,2006,7,Connecticut,3198.0,,1678.0,1481.0,,38,220.0,0.0,0.0,,0.0,0.0,,0.0,0.0,,,,,,,,,,6615,3517460.0,47.704877951703786,42.10424567727849,07
2006-08-01,2006,8,Connecticut,3553.0,,1805.0,1693.0,,50,334.0,0.0,0.0,,0.0,0.0,,0.0,0.0,,,,,,,,,,7435,3517460.0,51.315437844353596,48.131322033512824,08
2006-09-01,2006,9,Connecticut,3373.0,,1868.0,2013.0,,42,287.0,0.0,0.0,,0.0,0.0,,0.0,0.0,,,,,,,,,,7583,3517460.0,53.10650298795154,57.22879577877219,09
2006-10-01,2006,10,Connecticut,3391.0,,2359.0,2528.0,,54,266.0,0.0,0.0,,0.0,0.0,,,,,,,,,,,,,8598,3517460.0,67.06543926583387,71.87004258754897,10
2006-11-01,2006,11,Connecticut,3517.0,,2154.0,2819.0,,60,258.0,0.0,0.0,,0.0,0.0,,,,,,,,,,,,,8808,3517460.0,61.237370147777085,80.1430577746442,11
2006-12-01,2006,12,Connecticut,3525.0,,2684.0,3053.0,,67,225.0,0.0,0.0,,0.0,0.0,,,,,,,,,,,,,9554,3517460.0,76.30506103836291,86.79558545086512,12
2007-01-01,2007,1,Connecticut,4582.0,,2377.0,2227.0,,69,257.0,0.0,0.0,,0.0,0.0,,,,,,,,,,,,,9512,3527270.0,67.38922736280466,63.13664675513924,01
2007-02-01,2007,2,Connecticut,3964.0,,2451.0,1999.0,,55,178.0,0.0,0.0,,0.0,0.0,,,,,,,,,,,,,8647,3527270.0,69.48716712925294,56.672724231487805,02
2007-03-01,2007,3,Connecticut,4848.0,,3024.0,2484.0,,69,279.0,0.0,0.0,,0.0,0.0,,,,,,,,,,,,,10704,3527270.0,85.73202505053483,70.42273486293932,03
2007-04-01,2007,4,Connecticut,4509.0,,2447.0,2137.0,,49,301.0,0.0,0.0,,0.0,0.0,,,,,,,,,,,,,9443,3527270.0,69.37376497971519,60.58509839054,04
2007-05-01,2007,5,Connecticut,4340.0,,2169.0,1794.0,,33,275.0,0.0,0.0,,0.0,0.0,,,,,,,,,,,,,8611,3527270.0,61.49231558684195,50.8608640676784,05
2007-06-01,2007,6,Connecticut,4160.0,,2259.0,1811.0,,45,293.0,0.0,0.0,,0.0,0.0,,,,,,,,,,,,,8568,3527270.0,64.0438639514412,51.34282320321382,06
2007-07-01,2007,7,Connecticut,3794.0,,2174.0,1709.0,,48,367.0,0.0,0.0,,0.0,0.0,,,,,,,,,,,,,8092,3527270.0,61.63406827376413,48.45106839000133,07
2007-08-01,2007,8,Connecticut,4490.0,,2257.0,2148.0,,53,431.0,0.0,0.0,,0.0,0.0,,,,,,,,,,,,,9379,3527270.0,63.98716287667232,60.89695430176879,08
2007-09-01,2007,9,Connecticut,3939.0,,2010.0,2167.0,,35,388.0,0.0,0.0,,0.0,0.0,,,,,,,,,,,,,8539,3527270.0,56.98458014271661,61.43561451207308,09
2007-10-01,2007,10,Connecticut,5072.0,,2958.0,3131.0,,61,475.0,0.0,0.0,,0.0,0.0,,,,,,,,,,,,,11697,3527270.0,83.86088958316205,88.76553255066949,10
2007-11-01,2007,11,Connecticut,4673.0,,2788.0,3462.0,,72,438.0,0.0,0.0,,0.0,0.0,,,,,,,,,,,,,11433,3527270.0,79.04129822780791,98.14956042491785,11
2007-12-01,2007,12,Connecticut,4398.0,,3077.0,3558.0,,75,379.0,0.0,0.0,,0.0,0.0,,,,,,,,,,,,,11487,3527270.0,87.23460353190995,100.87121201382372,12
2008-01-01,2008,1,Connecticut,5752.0,,3283.0,2996.0,,61,529.0,0.0,0.0,,0.0,0.0,,,,,,,,,,,,,12621,3545579.0,92.5941856041002,84.49959795001043,01
2008-02-01,2008,2,Connecticut,5316.0,,3068.0,2730.0,,60,507.0,0.0,0.0,,0.0,0.0,,,,,,,,,,,,,11681,3545579.0,86.53029589807475,76.99729719743941,02
2008-03-01,2008,3,Connecticut,5771.0,,3517.0,3042.0,,51,597.0,0.0,0.0,,0.0,0.0,,,,,,,,,,,,,12978,3545579.0,99.19395393530931,85.79698830571819,03
2008-04-01,2008,4,Connecticut,6089.0,,3151.0,2701.0,,52,556.0,0.0,0.0,,0.0,0.0,,,,,,,,,,,,,12549,3545579.0,88.87123936598226,76.17937719058015,04
2008-05-01,2008,5,Connecticut,5975.0,,2946.0,2374.0,,60,514.0,0.0,0.0,,0.0,0.0,,,,,,,,,,,,,11869,3545579.0,83.08939104163241,66.95662400978796,05
2008-06-01,2008,6,Connecticut,5361.0,,2554.0,2123.0,,57,563.0,0.0,0.0,,0.0,0.0,,,,,,,,,,,,,10658,3545579.0,72.0333688799488,59.87738532973035,06
2008-07-01,2008,7,Connecticut,5642.0,,2753.0,2158.0,,56,743.0,0.0,0.0,,0.0,0.0,,,,,,,,,,,,,11352,3545579.0,77.64599237529329,60.86453016559496,07
2008-08-01,2008,8,Connecticut,5501.0,,2593.0,2618.0,,55,606.0,0.0,0.0,,0.0,0.0,,,,,,,,,,,,,11373,3545579.0,73.13333026848365,73.83843372267266,08
2008-09-01,2008,9,Connecticut,5964.0,,2642.0,2838.0,,55,805.0,0.0,0.0,,0.0,0.0,,,,,,,,,,,,,12304,3545579.0,74.51533303869411,80.0433441195359,09
2008-10-01,2008,10,Connecticut,6861.0,,3151.0,3664.0,,81,816.0,0.0,0.0,,0.0,0.0,,,,,,,,,,,,,14573,3545579.0,88.87123936598226,103.33996224594064,10
2002-07-01,2002,7,Delaware,0.0,,370.0,573.0,,17,0.0,0.0,0.0,,6.0,5.0,,,,,,,,,,,,,971,806169.0,45.89608382361514,71.07690819170669,07
2002-08-01,2002,8,Delaware,0.0,,365.0,879.0,,16,0.0,0.0,0.0,,0.0,2.0,,,,,,,,,,,,,1262,806169.0,45.27586647464737,109.03420994853435,08
2002-09-01,2002,9,Delaware,0.0,,336.0,973.0,,14,0.0,0.0,0.0,,2.0,5.0,,,,,,,,,,,,,1330,806169.0,41.6786058506343,120.69429610912849,09
2002-10-01,2002,10,Delaware,0.0,,463.0,1282.0,,25,0.0,0.0,0.0,,1.0,7.0,,,,,,,,,,,,,1778,806169.0,57.43212651441571,159.0237282753368,10
2002-11-01,2002,11,Delaware,0.0,,403.0,1638.0,,16,0.0,0.0,0.0,,3.0,7.0,,,,,,,,,,,,,2067,806169.0,49.98951832680245,203.1832035218422,11
2002-12-01,2002,12,Delaware,0.0,,434.0,1771.0,,16,0.0,0.0,0.0,,3.0,5.0,,,,,,,,,,,,,2229,806169.0,53.83486589040263,219.68098500438492,12
2003-01-01,2003,1,Delaware,0.0,,401.0,822.0,,16,0.0,0.0,0.0,,3.0,3.0,,,,,,,,,,,,,1245,818003.0,49.02182510333092,100.48862901480803,01
2003-02-01,2003,2,Delaware,0.0,,442.0,661.0,,22,0.0,0.0,1.0,,3.0,6.0,,,,,,,,,,,,,1135,818003.0,54.03403166003059,80.80654960923125,02
2003-03-01,2003,3,Delaware,0.0,,529.0,805.0,,20,0.0,0.0,0.0,,1.0,5.0,,,,,,,,,,,,,1360,818003.0,64.66968947546647,98.41039702788376,03
2003-04-01,2003,4,Delaware,0.0,,477.0,680.0,,9,0.0,0.0,0.0,,2.0,2.0,,,,,,,,,,,,,1170,818003.0,58.312744574286405,83.12927947697013,04
2003-05-01,2003,5,Delaware,0.0,,410.0,668.0,,13,0.0,0.0,0.0,,1.0,1.0,,,,,,,,,,,,,1093,818003.0,50.1220655669967,81.66229219208242,05
2003-06-01,2003,6,Delaware,0.0,,396.0,599.0,,9,0.0,0.0,0.0,,2.0,2.0,,,,,,,,,,,,,1008,818003.0,48.41058040129437,73.2271153039781,06
2003-07-01,2003,7,Delaware,0.0,,357.0,597.0,,13,0.0,0.0,0.0,,3.0,2.0,,,,,,,,,,,,,972,818003.0,43.64287172540932,72.98261742316348,07
2003-08-01,2003,8,Delaware,0.0,,378.0,842.0,,11,0.0,0.0,0.0,,2.0,3.0,,,,,,,,,,,,,1236,818003.0,46.210099473962806,102.9336078229542,08
2003-09-01,2003,9,Delaware,0.0,,382.0,868.0,,12,0.0,1.0,0.0,,1.0,2.0,,,,,,,,,,,,,1266,818003.0,46.69909523559205,106.11208027354424,09
2003-10-01,2003,10,Delaware,0.0,,427.0,1229.0,,9,0.0,0.0,0.0,,1.0,5.0,,,,,,,,,,,,,1671,818003.0,52.200297553920954,150.24394776058278,10
2003-11-01,2003,11,Delaware,0.0,,360.0,1560.0,,18,0.0,0.0,0.0,,1.0,5.0,,,,,,,,,,,,,1944,818003.0,44.009618546631245,190.70834703540206,11
2003-12-01,2003,12,Delaware,0.0,,440.0,1801.0,,17,0.0,0.0,0.0,,0.0,3.0,,,,,,,,,,,,,2261,818003.0,53.78953377921597,220.17034167356354,12
2004-01-01,2004,1,Delaware,0.0,,413.0,779.0,,22,0.0,0.0,0.0,,3.0,1.0,,,,,,,,,,,,,1218,830803.0,49.71094230521556,93.76470715681094,01
2004-02-01,2004,2,Delaware,0.0,,488.0,742.0,,22,0.0,0.0,0.0,,2.0,4.0,,,,,,,,,,,,,1258,830803.0,58.73835313546051,89.31118448055676,02
2004-03-01,2004,3,Delaware,0.0,,458.0,743.0,,25,0.0,0.0,0.0,,2.0,5.0,,,,,,,,,,,,,1233,830803.0,55.12738880336253,89.43154995829336,03
2004-04-01,2004,4,Delaware,0.0,,492.0,628.0,,22,0.0,0.0,0.0,,1.0,1.0,,,,,,,,,,,,,1144,830803.0,59.21981504640691,75.58952001858442,04
2004-05-01,2004,5,Delaware,0.0,,356.0,520.0,,9,0.0,0.0,0.0,,2.0,2.0,,,,,,,,,,,,,889,830803.0,42.85011007422939,62.590048423031696,05
2004-06-01,2004,6,Delaware,0.0,,343.0,563.0,,16,0.0,0.0,0.0,,2.0,2.0,,,,,,,,,,,,,926,830803.0,41.2853588636536,67.76576396570546,06
2004-07-01,2004,7,Delaware,0.0,,372.0,571.0,,16,0.0,0.0,0.0,,0.0,2.0,,,,,,,,,,,,,961,830803.0,44.77595771801498,68.72868778759826,07
2004-08-01,2004,8,Delaware,0.0,,388.0,801.0,,17,0.0,0.0,0.0,,3.0,1.0,,,,,,,,,,,,,1210,830803.0,46.70180536180057,96.41274766701613,08
2004-09-01,2004,9,Delaware,0.0,,367.0,1028.0,,20,0.0,0.0,0.0,,1.0,2.0,,,,,,,,,,,,,1418,830803.0,44.17413032933198,123.7357111132242,09
2004-10-01,2004,10,Delaware,0.0,,406.0,1250.0,,19,0.0,0.0,0.0,,0.0,0.0,,,,,,,,,,,,,1675,830803.0,48.86838396105936,150.45684717074926,10
2004-11-01,2004,11,Delaware,0.0,,400.0,1618.0,,11,0.0,0.0,0.0,,1.0,2.0,,,,,,,,,,,,,2032,830803.0,48.14619109463977,194.75134297781784,11
2004-12-01,2004,12,Delaware,0.0,,494.0,1954.0,,9,0.0,0.0,0.0,,1.0,2.0,,,,,,,,,,,,,2460,830803.0,59.460546001880104,235.19414349731522,12
2005-01-01,2005,1,Delaware,0.0,,438.0,763.0,,14,0.0,0.0,0.0,,0.0,2.0,,,,,,,,,,,,,1217,845150.0,51.82511980121872,90.27983198248832,01
2005-02-01,2005,2,Delaware,0.0,,530.0,731.0,,15,0.0,0.0,0.0,,1.0,1.0,,,,,,,,,,,,,1278,845150.0,62.710761403301184,86.49352186002486,02
2005-03-01,2005,3,Delaware,0.0,,614.0,788.0,,16,0.0,0.0,0.0,,0.0,3.0,,,,,,,,,,,,,1421,845150.0,72.6498254747678,93.2378867656629,03
2005-04-01,2005,4,Delaware,0.0,,545.0,684.0,,28,0.0,0.0,0.0,,0.0,3.0,,,,,,,,,,,,,1260,845150.0,64.48559427320593,80.93237886765662,04
2005-05-01,2005,5,Delaware,0.0,,460.0,589.0,,17,0.0,0.0,0.0,,0.0,0.0,,,,,,,,,,,,,1066,845150.0,54.428208010412355,69.6917706915932,05
2005-06-01,2005,6,Delaware,0.0,,467.0,500.0,,12,0.0,0.0,0.0,,2.0,4.0,,,,,,,,,,,,,985,845150.0,55.25646334970124,59.16109566349169,06
2005-07-01,2005,7,Delaware,0.0,,413.0,556.0,,9,0.0,0.0,0.0,,0.0,1.0,,,,,,,,,,,,,979,845150.0,48.86706501804414,65.78713837780276,07
2005-08-01,2005,8,Delaware,0.0,,478.0,745.0,,27,0.0,0.0,0.0,,0.0,0.0,,,,,,,,,,,,,1250,845150.0,56.55800745429805,88.15003253860262,08
2005-09-01,2005,9,Delaware,0.0,,517.0,886.0,,16,0.0,0.0,0.0,,0.0,1.0,,,,,,,,,,,,,1420,845150.0,61.172572916050406,104.83346151570728,09
2005-10-01,2005,10,Delaware,0.0,,483.0,1173.0,,23,0.0,0.0,0.0,,0.0,1.0,,,,,,,,,,,,,1680,845150.0,57.149618410932966,138.7919304265515,10
2005-11-01,2005,11,Delaware,0.0,,520.0,1442.0,,15,0.0,0.0,0.0,,0.0,3.0,,,,,,,,,,,,,1980,845150.0,61.52753949003136,170.62059989351005,11
2005-12-01,2005,12,Delaware,0.0,,745.0,1824.0,,16,0.0,0.0,0.0,,0.0,0.0,,,,,,,,,,,,,2585,845150.0,88.15003253860262,215.81967698041768,12
2006-01-01,2006,1,Delaware,0.0,,590.0,765.0,,12,0.0,0.0,0.0,,0.0,1.0,,,,,,,,,,,,,1368,859268.0,68.66309463403734,89.02926677125181,01
2006-02-01,2006,2,Delaware,0.0,,545.0,765.0,,19,0.0,0.0,0.0,,0.0,1.0,,,,,,,,,,,,,1330,859268.0,63.42607894161077,89.02926677125181,02
2006-03-01,2006,3,Delaware,0.0,,597.0,793.0,,22,0.0,0.0,0.0,,0.0,1.0,,,,,,,,,,,,,1413,859268.0,69.47774151952592,92.28785431320613,03
2006-04-01,2006,4,Delaware,0.0,,469.0,595.0,,27,0.0,0.0,0.0,,0.0,0.0,,,,,,,,,,,,,1091,859268.0,54.58134132773477,69.24498526652918,04
2006-05-01,2006,5,Delaware,0.0,,503.0,601.0,,20,0.0,0.0,0.0,,0.0,0.0,,0.0,0.0,,,,,,,,,,1124,859268.0,58.5381976286793,69.9432540255194,05
2006-06-01,2006,6,Delaware,0.0,,428.0,568.0,,16,0.0,0.0,0.0,,0.0,1.0,,0.0,0.0,,,,,,,,,,1013,859268.0,49.80983814130166,66.10277585107325,06
2006-07-01,2006,7,Delaware,0.0,,416.0,458.0,,13,0.0,0.0,0.0,,0.0,0.0,,0.0,0.0,,,,,,,,,,887,859268.0,48.41330062332124,53.30118193625272,07
2006-08-01,2006,8,Delaware,0.0,,436.0,676.0,,14,0.0,0.0,0.0,,0.0,0.0,,0.0,0.0,,,,,,,,,,1126,859268.0,50.74086315328861,78.67161351289703,08
2006-09-01,2006,9,Delaware,0.0,,431.0,914.0,,12,0.0,0.0,0.0,,0.0,0.0,,0.0,0.0,,,,,,,,,,1357,859268.0,50.158972520796766,106.3696076195087,09
2006-10-01,2006,10,Delaware,0.0,,483.0,1078.0,,24,0.0,0.0,0.0,,0.0,0.0,,,,,,,,,,,,,1585,859268.0,56.21063509871193,125.45562036524112,10
2006-11-01,2006,11,Delaware,0.0,,532.0,1452.0,,13,0.0,0.0,0.0,,0.0,0.0,,,,,,,,,,,,,1997,859268.0,61.91316329713197,168.98103967563088,11
2006-12-01,2006,12,Delaware,0.0,,677.0,1702.0,,28,0.0,0.0,0.0,,0.0,0.0,,,,,,,,,,,,,2407,859268.0,78.78799163939539,198.075571300223,12
2007-01-01,2007,1,Delaware,0.0,,599.0,753.0,,29,0.0,0.0,0.0,,0.0,0.0,,,,,,,,,,,,,1381,871749.0,68.71243901627648,86.3780744227983,01
2007-02-01,2007,2,Delaware,0.0,,607.0,672.0,,23,0.0,0.0,0.0,,0.0,0.0,,,,,,,,,,,,,1302,871749.0,69.63013436206981,77.08640904664071,02
2007-03-01,2007,3,Delaware,0.0,,663.0,726.0,,28,0.0,0.0,0.0,,0.0,0.0,,,,,,,,,,,,,1417,871749.0,76.05400178262322,83.28085263074578,03
2007-04-01,2007,4,Delaware,0.0,,551.0,615.0,,34,0.0,0.0,0.0,,0.0,0.0,,,,,,,,,,,,,1200,871749.0,63.206266941516425,70.54782970786316,04
2007-05-01,2007,5,Delaware,0.0,,490.0,542.0,,26,0.0,0.0,0.0,,0.0,0.0,,,,,,,,,,,,,1058,871749.0,56.20883992984219,62.17385967749892,05
2007-06-01,2007,6,Delaware,0.0,,462.0,508.0,,18,0.0,0.0,0.0,,0.0,0.0,,,,,,,,,,,,,988,871749.0,52.99690621956549,58.27365445787721,06
2007-07-01,2007,7,Delaware,0.0,,413.0,515.0,,21,0.0,0.0,0.0,,0.0,0.0,,,,,,,,,,,,,949,871749.0,47.37602222658127,59.07663788544638,07
2007-08-01,2007,8,Delaware,0.0,,480.0,658.0,,26,0.0,0.0,0.0,,0.0,0.0,,,,,,,,,,,,,1164,871749.0,55.06172074760051,75.48044219150238,08
2007-09-01,2007,9,Delaware,0.0,,477.0,702.0,,24,0.0,0.0,0.0,,0.0,0.0,,,,,,,,,,,,,1203,871749.0,54.717584992928,80.52776659336574,09
2007-10-01,2007,10,Delaware,0.0,,501.0,886.0,,20,0.0,0.0,0.0,,0.0,0.0,,,,,,,,,,,,,1407,871749.0,57.47067103030804,101.63475954661261,10
2007-11-01,2007,11,Delaware,0.0,,460.0,1231.0,,20,0.0,0.0,0.0,,0.0,0.0,,,,,,,,,,,,,1711,871749.0,52.767482383117155,141.2103713339505,11
2007-12-01,2007,12,Delaware,0.0,,597.0,1508.0,,27,0.0,0.0,0.0,,0.0,0.0,,,,,,,,,,,,,2132,871749.0,68.48301517982814,172.98557268204496,12
2008-01-01,2008,1,Delaware,0.0,,529.0,693.0,,20,0.0,0.0,0.0,,0.0,0.0,,,,,,,,,,,,,1242,883874.0,59.85015963813847,78.40484050894132,01
2008-02-01,2008,2,Delaware,0.0,,629.0,703.0,,48,0.0,0.0,0.0,,0.0,0.0,,,,,,,,,,,,,1380,883874.0,71.1639894374085,79.53622348886833,02
2008-03-01,2008,3,Delaware,0.0,,666.0,656.0,,17,0.0,0.0,0.0,,0.0,0.0,,,,,,,,,,,,,1339,883874.0,75.3501064631384,74.2187234832114,03
2008-04-01,2008,4,Delaware,0.0,,666.0,624.0,,60,0.0,0.0,0.0,,0.0,0.0,,,,,,,,,,,,,1350,883874.0,75.3501064631384,70.59829794744499,04
2008-05-01,2008,5,Delaware,0.0,,594.0,551.0,,17,0.0,0.0,0.0,,0.0,0.0,,,,,,,,,,,,,1162,883874.0,67.20414900766399,62.339202193977876,05
2008-06-01,2008,6,Delaware,0.0,,523.0,476.0,,14,0.0,0.0,0.0,,0.0,0.0,,,,,,,,,,,,,1013,883874.0,59.17132985018227,53.85382984452535,06
2008-07-01,2008,7,Delaware,0.0,,565.0,522.0,,16,0.0,0.0,0.0,,0.0,0.0,,,,,,,,,,,,,1103,883874.0,63.92313836587567,59.05819155218957,07
2008-08-01,2008,8,Delaware,0.0,,561.0,710.0,,25,0.0,0.0,0.0,,0.0,0.0,,,,,,,,,,,,,1296,883874.0,63.47058517390488,80.32819157481723,08
2008-09-01,2008,9,Delaware,0.0,,517.0,804.0,,28,0.0,0.0,0.0,,0.0,0.0,,,,,,,,,,,,,1349,883874.0,58.492500062226064,90.96319158613106,09
2008-10-01,2008,10,Delaware,0.0,,680.0,997.0,,39,0.0,0.0,0.0,,0.0,0.0,,,,,,,,,,,,,1716,883874.0,76.9340426350362,112.79888309872221,10
2002-07-01,2002,7,District of Columbia,0.0,,0.0,0.0,,0,0.0,0.0,0.0,,,0.0,,,,,,,,,,,,,0,573158.0,0.0,0.0,07
2002-08-01,2002,8,District of Columbia,0.0,,0.0,0.0,,0,0.0,0.0,0.0,,0.0,0.0,,,,,,,,,,,,,0,573158.0,0.0,0.0,08
2002-09-01,2002,9,District of Columbia,0.0,,0.0,0.0,,0,0.0,0.0,0.0,,0.0,0.0,,,,,,,,,,,,,0,573158.0,0.0,0.0,09
2002-10-01,2002,10,District of Columbia,0.0,,0.0,0.0,,0,0.0,0.0,0.0,,0.0,0.0,,,,,,,,,,,,,0,573158.0,0.0,0.0,10
2002-11-01,2002,11,District of Columbia,0.0,,0.0,0.0,,0,0.0,0.0,0.0,,0.0,0.0,,,,,,,,,,,,,0,573158.0,0.0,0.0,11
2002-12-01,2002,12,District of Columbia,0.0,,1.0,0.0,,0,0.0,0.0,0.0,,0.0,0.0,,,,,,,,,,,,,1,573158.0,0.17447196061121018,0.0,12
2003-01-01,2003,1,District of Columbia,0.0,,1.0,0.0,,0,0.0,0.0,0.0,,0.0,0.0,,,,,,,,,,,,,1,568502.0,0.17590087633816592,0.0,01
2003-02-01,2003,2,District of Columbia,0.0,,0.0,0.0,,0,0.0,0.0,0.0,,0.0,0.0,,,,,,,,,,,,,0,568502.0,0.0,0.0,02
2003-03-01,2003,3,District of Columbia,0.0,,2.0,0.0,,0,0.0,0.0,0.0,,0.0,0.0,,,,,,,,,,,,,2,568502.0,0.35180175267633185,0.0,03
2003-04-01,2003,4,District of Columbia,0.0,,1.0,0.0,,0,0.0,0.0,0.0,,0.0,0.0,,,,,,,,,,,,,1,568502.0,0.17590087633816592,0.0,04
2003-05-01,2003,5,District of Columbia,0.0,,0.0,0.0,,0,0.0,0.0,0.0,,0.0,0.0,,,,,,,,,,,,,0,568502.0,0.0,0.0,05
2003-06-01,2003,6,District of Columbia,0.0,,0.0,0.0,,0,0.0,0.0,0.0,,0.0,0.0,,,,,,,,,,,,,0,568502.0,0.0,0.0,06
2003-07-01,2003,7,District of Columbia,0.0,,3.0,0.0,,0,0.0,0.0,0.0,,0.0,0.0,,,,,,,,,,,,,3,568502.0,0.5277026290144977,0.0,07
2003-08-01,2003,8,District of Columbia,0.0,,0.0,0.0,,0,0.0,0.0,0.0,,0.0,0.0,,,,,,,,,,,,,0,568502.0,0.0,0.0,08
2003-09-01,2003,9,District of Columbia,0.0,,0.0,0.0,,0,0.0,0.0,0.0,,0.0,0.0,,,,,,,,,,,,,0,568502.0,0.0,0.0,09
2003-10-01,2003,10,District of Columbia,0.0,,1.0,0.0,,0,0.0,0.0,0.0,,0.0,0.0,,,,,,,,,,,,,1,568502.0,0.17590087633816592,0.0,10
2003-11-01,2003,11,District of Columbia,0.0,,1.0,0.0,,0,0.0,0.0,0.0,,0.0,0.0,,,,,,,,,,,,,1,568502.0,0.17590087633816592,0.0,11
2003-12-01,2003,12,District of Columbia,0.0,,2.0,0.0,,0,0.0,0.0,0.0,,0.0,0.0,,,,,,,,,,,,,2,568502.0,0.35180175267633185,0.0,12
2004-01-01,2004,1,District of Columbia,0.0,,0.0,0.0,,0,0.0,0.0,0.0,,0.0,0.0,,,,,,,,,,,,,0,567754.0,0.0,0.0,01
2004-02-01,2004,2,District of Columbia,0.0,,1.0,0.0,,0,0.0,0.0,0.0,,0.0,0.0,,,,,,,,,,,,,1,567754.0,0.17613262081817124,0.0,02
2004-03-01,2004,3,District of Columbia,0.0,,4.0,0.0,,0,0.0,0.0,0.0,,0.0,0.0,,,,,,,,,,,,,4,567754.0,0.704530483272685,0.0,03
2004-04-01,2004,4,District of Columbia,0.0,,2.0,0.0,,0,0.0,0.0,0.0,,0.0,0.0,,,,,,,,,,,,,2,567754.0,0.3522652416363425,0.0,04
2004-05-01,2004,5,District of Columbia,0.0,,2.0,0.0,,0,0.0,0.0,0.0,,0.0,0.0,,,,,,,,,,,,,2,567754.0,0.3522652416363425,0.0,05
2004-06-01,2004,6,District of Columbia,0.0,,0.0,0.0,,0,0.0,0.0,0.0,,0.0,0.0,,,,,,,,,,,,,0,567754.0,0.0,0.0,06
2004-07-01,2004,7,District of Columbia,0.0,,1.0,0.0,,0,0.0,0.0,0.0,,0.0,0.0,,,,,,,,,,,,,1,567754.0,0.17613262081817124,0.0,07
2004-08-01,2004,8,District of Columbia,0.0,,0.0,0.0,,0,0.0,0.0,0.0,,0.0,0.0,,,,,,,,,,,,,0,567754.0,0.0,0.0,08
2004-09-01,2004,9,District of Columbia,0.0,,4.0,0.0,,0,0.0,0.0,0.0,,0.0,0.0,,,,,,,,,,,,,4,567754.0,0.704530483272685,0.0,09
2004-10-01,2004,10,District of Columbia,0.0,,0.0,0.0,,0,0.0,0.0,0.0,,0.0,0.0,,,,,,,,,,,,,0,567754.0,0.0,0.0,10
2004-11-01,2004,11,District of Columbia,0.0,,0.0,0.0,,0,0.0,0.0,0.0,,0.0,0.0,,,,,,,,,,,,,0,567754.0,0.0,0.0,11
2004-12-01,2004,12,District of Columbia,0.0,,0.0,0.0,,0,0.0,0.0,0.0,,0.0,0.0,,,,,,,,,,,,,0,567754.0,0.0,0.0,12
2005-01-01,2005,1,District of Columbia,0.0,,1.0,0.0,,0,0.0,0.0,0.0,,0.0,0.0,,,,,,,,,,,,,1,567136.0,0.17632455001974834,0.0,01
2005-02-01,2005,2,District of Columbia,0.0,,0.0,0.0,,0,0.0,0.0,0.0,,0.0,0.0,,,,,,,,,,,,,0,567136.0,0.0,0.0,02
2005-03-01,2005,3,District of Columbia,0.0,,1.0,0.0,,0,0.0,0.0,0.0,,0.0,0.0,,,,,,,,,,,,,1,567136.0,0.17632455001974834,0.0,03
2005-04-01,2005,4,District of Columbia,0.0,,1.0,0.0,,0,0.0,0.0,0.0,,0.0,0.0,,,,,,,,,,,,,1,567136.0,0.17632455001974834,0.0,04
2005-05-01,2005,5,District of Columbia,0.0,,2.0,0.0,,0,0.0,0.0,0.0,,0.0,0.0,,,,,,,,,,,,,2,567136.0,0.3526491000394967,0.0,05
2005-06-01,2005,6,District of Columbia,0.0,,3.0,0.0,,0,0.0,0.0,0.0,,0.0,0.0,,,,,,,,,,,,,3,567136.0,0.528973650059245,0.0,06
2005-07-01,2005,7,District of Columbia,0.0,,3.0,0.0,,0,0.0,0.0,0.0,,0.0,0.0,,,,,,,,,,,,,3,567136.0,0.528973650059245,0.0,07
2005-08-01,2005,8,District of Columbia,0.0,,0.0,1.0,,0,0.0,0.0,0.0,,0.0,0.0,,,,,,,,,,,,,1,567136.0,0.0,0.17632455001974834,08
2005-09-01,2005,9,District of Columbia,0.0,,1.0,0.0,,0,0.0,0.0,0.0,,0.0,0.0,,,,,,,,,,,,,1,567136.0,0.17632455001974834,0.0,09
2005-10-01,2005,10,District of Columbia,0.0,,2.0,0.0,,0,0.0,0.0,0.0,,0.0,0.0,,,,,,,,,,,,,2,567136.0,0.3526491000394967,0.0,10
2005-11-01,2005,11,District of Columbia,0.0,,2.0,0.0,,0,0.0,0.0,0.0,,0.0,0.0,,,,,,,,,,,,,2,567136.0,0.3526491000394967,0.0,11
2005-12-01,2005,12,District of Columbia,0.0,,3.0,0.0,,0,0.0,0.0,0.0,,0.0,0.0,,,,,,,,,,,,,3,567136.0,0.528973650059245,0.0,12
2006-01-01,2006,1,District of Columbia,0.0,,3.0,1.0,,1,0.0,0.0,0.0,,0.0,0.0,,,,,,,,,,,,,5,570681.0,0.5256877309740468,0.1752292436580156,01
2006-02-01,2006,2,District of Columbia,0.0,,15.0,193.0,,1,0.0,0.0,0.0,,0.0,0.0,,,,,,,,,,,,,209,570681.0,2.628438654870234,33.81924402599701,02
2006-03-01,2006,3,District of Columbia,0.0,,7.0,0.0,,0,0.0,0.0,0.0,,0.0,0.0,,,,,,,,,,,,,7,570681.0,1.2266047056061091,0.0,03
2006-04-01,2006,4,District of Columbia,0.0,,5.0,0.0,,0,0.0,0.0,0.0,,0.0,0.0,,,,,,,,,,,,,5,570681.0,0.876146218290078,0.0,04
2006-05-01,2006,5,District of Columbia,0.0,,1.0,0.0,,0,0.0,0.0,0.0,,0.0,0.0,,0.0,0.0,,,,,,,,,,1,570681.0,0.1752292436580156,0.0,05
2006-06-01,2006,6,District of Columbia,0.0,,5.0,0.0,,0,0.0,0.0,0.0,,0.0,0.0,,0.0,0.0,,,,,,,,,,5,570681.0,0.876146218290078,0.0,06
2006-07-01,2006,7,District of Columbia,0.0,,0.0,0.0,,0,0.0,0.0,0.0,,0.0,0.0,,0.0,0.0,,,,,,,,,,0,570681.0,0.0,0.0,07
2006-08-01,2006,8,District of Columbia,0.0,,5.0,1.0,,0,0.0,0.0,0.0,,0.0,0.0,,0.0,0.0,,,,,,,,,,6,570681.0,0.876146218290078,0.1752292436580156,08
2006-09-01,2006,9,District of Columbia,0.0,,1.0,0.0,,0,0.0,0.0,0.0,,0.0,0.0,,0.0,0.0,,,,,,,,,,1,570681.0,0.1752292436580156,0.0,09
2006-10-01,2006,10,District of Columbia,0.0,,2.0,0.0,,0,0.0,0.0,0.0,,0.0,0.0,,,,,,,,,,,,,2,570681.0,0.3504584873160312,0.0,10
2006-11-01,2006,11,District of Columbia,0.0,,3.0,0.0,,0,0.0,0.0,0.0,,0.0,0.0,,,,,,,,,,,,,3,570681.0,0.5256877309740468,0.0,11
2006-12-01,2006,12,District of Columbia,0.0,,7.0,1.0,,0,0.0,0.0,0.0,,0.0,0.0,,,,,,,,,,,,,8,570681.0,1.2266047056061091,0.1752292436580156,12
2007-01-01,2007,1,District of Columbia,0.0,,4.0,67.0,,1,0.0,0.0,0.0,,0.0,0.0,,,,,,,,,,,,,72,574404.0,0.6963739806825857,11.664264176433312,01
2007-02-01,2007,2,District of Columbia,0.0,,1.0,0.0,,0,0.0,0.0,0.0,,0.0,0.0,,,,,,,,,,,,,1,574404.0,0.17409349517064643,0.0,02
2007-03-01,2007,3,District of Columbia,0.0,,3.0,1.0,,0,0.0,0.0,0.0,,0.0,0.0,,,,,,,,,,,,,4,574404.0,0.5222804855119393,0.17409349517064643,03
2007-04-01,2007,4,District of Columbia,0.0,,2.0,0.0,,0,0.0,0.0,0.0,,0.0,0.0,,,,,,,,,,,,,2,574404.0,0.34818699034129286,0.0,04
2007-05-01,2007,5,District of Columbia,0.0,,5.0,39.0,,1,0.0,0.0,0.0,,0.0,0.0,,,,,,,,,,,,,45,574404.0,0.8704674758532323,6.78964631165521,05
2007-06-01,2007,6,District of Columbia,0.0,,3.0,1.0,,0,0.0,0.0,0.0,,0.0,0.0,,,,,,,,,,,,,4,574404.0,0.5222804855119393,0.17409349517064643,06
2007-07-01,2007,7,District of Columbia,0.0,,2.0,0.0,,0,0.0,0.0,0.0,,0.0,0.0,,,,,,,,,,,,,2,574404.0,0.34818699034129286,0.0,07
2007-08-01,2007,8,District of Columbia,0.0,,1.0,0.0,,0,0.0,0.0,0.0,,0.0,0.0,,,,,,,,,,,,,1,574404.0,0.17409349517064643,0.0,08
2007-09-01,2007,9,District of Columbia,0.0,,1.0,0.0,,0,0.0,0.0,0.0,,0.0,0.0,,,,,,,,,,,,,1,574404.0,0.17409349517064643,0.0,09
2007-10-01,2007,10,District of Columbia,0.0,,3.0,0.0,,0,0.0,0.0,0.0,,0.0,0.0,,,,,,,,,,,,,3,574404.0,0.5222804855119393,0.0,10
2007-11-01,2007,11,District of Columbia,0.0,,0.0,0.0,,0,0.0,0.0,0.0,,0.0,0.0,,,,,,,,,,,,,0,574404.0,0.0,0.0,11
2007-12-01,2007,12,District of Columbia,0.0,,1.0,0.0,,0,0.0,0.0,0.0,,0.0,0.0,,,,,,,,,,,,,1,574404.0,0.17409349517064643,0.0,12
2008-01-01,2008,1,District of Columbia,0.0,,1.0,0.0,,0,0.0,0.0,0.0,,0.0,0.0,,,,,,,,,,,,,1,580236.0,0.17234366705961024,0.0,01
2008-02-01,2008,2,District of Columbia,0.0,,1.0,52.0,,0,0.0,0.0,0.0,,0.0,0.0,,,,,,,,,,,,,53,580236.0,0.17234366705961024,8.961870687099731,02
2008-03-01,2008,3,District of Columbia,0.0,,0.0,0.0,,0,0.0,0.0,0.0,,0.0,0.0,,,,,,,,,,,,,0,580236.0,0.0,0.0,03
2008-04-01,2008,4,District of Columbia,0.0,,0.0,0.0,,0,0.0,0.0,0.0,,0.0,0.0,,,,,,,,,,,,,0,580236.0,0.0,0.0,04
2008-05-01,2008,5,District of Columbia,0.0,,0.0,0.0,,0,0.0,0.0,0.0,,0.0,0.0,,,,,,,,,,,,,0,580236.0,0.0,0.0,05
2008-06-01,2008,6,District of Columbia,0.0,,0.0,16.0,,0,0.0,0.0,0.0,,0.0,0.0,,,,,,,,,,,,,16,580236.0,0.0,2.757498672953764,06
2008-07-01,2008,7,District of Columbia,0.0,,0.0,1.0,,0,0.0,0.0,0.0,,0.0,0.0,,,,,,,,,,,,,1,580236.0,0.0,0.17234366705961024,07
2008-08-01,2008,8,District of Columbia,0.0,,1.0,0.0,,0,0.0,0.0,0.0,,0.0,0.0,,,,,,,,,,,,,1,580236.0,0.17234366705961024,0.0,08
2008-09-01,2008,9,District of Columbia,0.0,,39.0,0.0,,0,0.0,0.0,0.0,,0.0,0.0,,,,,,,,,,,,,39,580236.0,6.721403015324799,0.0,09
2008-10-01,2008,10,District of Columbia,0.0,,47.0,1.0,,1,0.0,0.0,0.0,,0.0,0.0,,,,,,,,,,,,,49,580236.0,8.10015235180168,0.17234366705961024,10
2002-07-01,2002,7,Florida,0.0,,9898.0,8128.0,,376,0.0,17.0,22.0,,529.0,540.0,,,,,,,,,,,,,19510,16689370.0,59.30721171620019,48.70165860065419,07
2002-08-01,2002,8,Florida,0.0,,11087.0,10848.0,,444,1.0,20.0,28.0,,674.0,608.0,,,,,,,,,,,,,23710,16689370.0,66.43150700116301,64.9994577386684,08
2002-09-01,2002,9,Florida,0.0,,10087.0,11020.0,,418,0.0,17.0,17.0,,550.0,586.0,,,,,,,,,,,,,22695,16689370.0,60.439669082775445,66.03005386063104,09
2002-10-01,2002,10,Florida,0.0,,11108.0,13511.0,,460,3.0,24.0,26.0,,587.0,643.0,,,,,,,,,,,,,26362,16689370.0,66.55733559744915,80.9557221153345,10
2002-11-01,2002,11,Florida,0.0,,10420.0,16300.0,,458,0.0,24.0,18.0,,562.0,723.0,,,,,,,,,,,,,28505,16689370.0,62.4349511095985,97.66695806971742,11
2002-12-01,2002,12,Florida,0.0,,11754.0,22425.0,,451,0.0,22.0,15.0,,489.0,547.0,,,,,,,,,,,,,35703,16689370.0,70.42806289272752,134.3669653198413,12
2003-01-01,2003,1,Florida,0.0,,11191.0,11414.0,,482,8.0,16.0,27.0,,649.0,690.0,,,,,,,,,,,,,24477,17004085.0,65.81359714445087,67.12504671671542,01
2003-02-01,2003,2,Florida,0.0,,12215.0,11447.0,,555,8.0,23.0,28.0,,685.0,698.0,,,,,,,,,,,,,25659,17004085.0,71.8356794852531,67.31911772965144,02
2003-03-01,2003,3,Florida,0.0,,12440.0,11484.0,,485,5.0,28.0,27.0,,523.0,495.0,,,,,,,,,,,,,25487,17004085.0,73.15889093708952,67.5367125017312,03
2003-04-01,2003,4,Florida,0.0,,10801.0,9036.0,,386,5.0,27.0,20.0,,461.0,478.0,,,,,,,,,,,,,21214,17004085.0,63.5200306279344,53.14017190575089,04
2003-05-01,2003,5,Florida,0.0,,10463.0,8740.0,,415,1.0,26.0,23.0,,586.0,509.0,,,,,,,,,,,,,20763,17004085.0,61.5322729802868,51.39941372911274,05
2003-06-01,2003,6,Florida,0.0,,10197.0,8621.0,,400,1.0,20.0,15.0,,526.0,442.0,,,,,,,,,,,,,20222,17004085.0,59.96794299722684,50.69958189458591,06
2003-07-01,2003,7,Florida,0.0,,9731.0,8767.0,,415,0.0,29.0,12.0,,542.0,494.0,,,,,,,,,,,,,19990,17004085.0,57.22742505697895,51.55819910333311,07
2003-08-01,2003,8,Florida,0.0,,11341.0,11389.0,,468,2.0,19.0,23.0,,567.0,539.0,,,,,,,,,,,,,24348,17004085.0,66.69573811234183,66.97802322206694,08
2003-09-01,2003,9,Florida,0.0,,10963.0,11116.0,,488,0.0,19.0,18.0,,493.0,524.0,,,,,,,,,,,,,23621,17004085.0,64.47274287325664,65.3725266605054,09
2003-10-01,2003,10,Florida,0.0,,11125.0,13806.0,,490,0.0,23.0,14.0,,579.0,600.0,,,,,,,,,,,,,26637,17004085.0,65.42545511857885,81.19225468468312,10
2003-11-01,2003,11,Florida,0.0,,10373.0,15492.0,,461,1.0,23.0,12.0,,491.0,628.0,,,,,,,,,,,,,27481,17004085.0,61.00298839955223,91.10751916377741,11
2003-12-01,2003,12,Florida,0.0,,13243.0,23434.0,,583,0.0,14.0,11.0,,507.0,490.0,,,,,,,,,,,,,38282,17004085.0,77.8812855851991,137.8139429437103,12
2004-01-01,2004,1,Florida,0.0,,12341.0,12444.0,,500,0.0,15.0,18.0,,627.0,565.0,,,,,,,,,,,,,26510,17415318.0,70.86290356570004,71.45433692339124,01
2004-02-01,2004,2,Florida,0.0,,13072.0,11921.0,,506,0.0,23.0,23.0,,604.0,611.0,,,,,,,,,,,,,26760,17415318.0,75.0603577838774,68.45123356346407,02
2004-03-01,2004,3,Florida,0.0,,13066.0,11065.0,,524,0.0,15.0,19.0,,481.0,413.0,,,,,,,,,,,,,25583,17415318.0,75.02590535527402,63.53602041604982,03
2004-04-01,2004,4,Florida,0.0,,11542.0,9375.0,,466,0.0,15.0,16.0,,516.0,459.0,,,,,,,,,,,,,22389,17415318.0,66.2749884900178,53.83191969276702,04
2004-05-01,2004,5,Florida,0.0,,10806.0,8582.0,,424,0.0,19.0,8.0,,455.0,393.0,,,,,,,,,,,,,20687,17415318.0,62.04882391467098,49.27845704568817,05
2004-06-01,2004,6,Florida,0.0,,11108.0,8873.0,,464,0.0,16.0,10.0,,424.0,409.0,,,,,,,,,,,,,21304,17415318.0,63.78292948770732,50.949399832951656,06
2004-07-01,2004,7,Florida,0.0,,10740.0,9001.0,,441,0.0,7.0,7.0,,533.0,458.0,,,,,,,,,,,,,21187,17415318.0,61.66984720003391,51.684384976490236,07
2004-08-01,2004,8,Florida,0.0,,10959.0,10461.0,,531,0.0,5.0,11.0,,451.0,442.0,,,,,,,,,,,,,22860,17415318.0,62.927360844056935,60.06780926997716,08
2004-09-01,2004,9,Florida,0.0,,9470.0,10334.0,,407,0.0,3.0,7.0,,488.0,430.0,,,,,,,,,,,,,21139,17415318.0,54.37741647898706,59.338566197872474,09
2004-10-01,2004,10,Florida,0.0,,12988.0,16394.0,,586,0.0,12.0,14.0,,525.0,532.0,,,,,,,,,,,,,31051,17415318.0,74.5780237834302,94.13551908727707,10
2004-11-01,2004,11,Florida,0.0,,12819.0,19106.0,,574,0.0,7.0,9.0,,438.0,479.0,,,,,,,,,,,,,33432,17415318.0,73.60761371110192,109.70801681600072,11
2004-12-01,2004,12,Florida,0.0,,15844.0,27777.0,,643,3.0,12.0,18.0,,434.0,391.0,,,,,,,,,,,,,45122,17415318.0,90.97737979863474,159.49751821930556,12
2005-01-01,2005,1,Florida,0.0,,14017.0,13163.0,,555,0.0,16.0,9.0,,500.0,422.0,,,,,,,,,,,,,28682,17842038.0,78.56165310263323,73.77520437967905,01
2005-02-01,2005,2,Florida,0.0,,14612.0,12797.0,,565,0.0,19.0,16.0,,526.0,532.0,,,,,,,,,,,,,29067,17842038.0,81.89647393419968,71.72386921269869,02
2005-03-01,2005,3,Florida,0.0,,14452.0,12328.0,,560,1.0,16.0,4.0,,404.0,372.0,,,,,,,,,,,,,28137,17842038.0,80.99971539125744,69.09524573369926,03
2005-04-01,2005,4,Florida,0.0,,15256.0,11033.0,,549,1.0,6.0,6.0,,437.0,338.0,,,,,,,,,,,,,27626,17842038.0,85.50592706954217,61.83710627676054,04
2005-05-01,2005,5,Florida,0.0,,13750.0,9408.0,,484,0.0,9.0,9.0,,425.0,319.0,,,,,,,,,,,,,24404,17842038.0,77.06518728409837,52.729402325003456,05
2005-06-01,2005,6,Florida,0.0,,14013.0,9917.0,,498,0.0,8.0,6.0,,447.0,350.0,,,,,,,,,,,,,25239,17842038.0,78.53923413905967,55.58221543973844,06
2005-07-01,2005,7,Florida,0.0,,13059.0,9570.0,,491,1.0,7.0,6.0,,491.0,359.0,,,,,,,,,,,,,23984,17842038.0,73.1923113267666,53.637370349732464,07
2005-08-01,2005,8,Florida,0.0,,14600.0,12282.0,,565,5.0,7.0,7.0,,462.0,367.0,,,,,,,,,,,,,28295,17842038.0,81.829217043479,68.83742765260335,08
2005-09-01,2005,9,Florida,0.0,,15752.0,14118.0,,689,7.0,4.0,3.0,,455.0,355.0,,,,,,,,,,,,,31383,17842038.0,88.28587855266309,79.12773193286552,09
2005-10-01,2005,10,Florida,0.0,,16712.0,15828.0,,622,8.0,6.0,4.0,,478.0,389.0,,,,,,,,,,,,,34047,17842038.0,93.66642981031652,88.71183886056066,10
2005-11-01,2005,11,Florida,0.0,,16542.0,19727.0,,621,0.0,4.0,4.0,,454.0,489.0,,,,,,,,,,,,,37841,17842038.0,92.71362385844039,110.56472360388427,11
2005-12-01,2005,12,Florida,0.0,,20028.0,30257.0,,787,8.0,8.0,9.0,,443.0,400.0,,,,,,,,,,,,,51940,17842038.0,112.25175061279435,169.58264521127015,12
2006-01-01,2006,1,Florida,0.0,,17881.0,15011.0,,603,4.0,10.0,7.0,,485.0,364.0,,,,,,,,,,,,,34365,18166990.0,98.42577113765131,82.62788717338425,01
2006-02-01,2006,2,Florida,0.0,,18880.0,14471.0,,645,1.0,7.0,7.0,,541.0,435.0,,,,,,,,,,,,,34987,18166990.0,103.92475583462092,79.65546301286014,02
2006-03-01,2006,3,Florida,0.0,,19099.0,14774.0,,661,10.0,10.0,5.0,,468.0,374.0,,,,,,,,,,,,,35401,18166990.0,105.13023896638904,81.32332323626534,03
2006-04-01,2006,4,Florida,0.0,,16904.0,11827.0,,630,1.0,8.0,2.0,,391.0,284.0,,,,,,,,,,,,,30047,18166990.0,93.04788520277712,65.10159360466429,04
2006-05-01,2006,5,Florida,0.0,,16822.0,10891.0,,595,28.0,5.0,3.0,,478.0,332.0,,0.0,0.0,,,,,,,,,,29154,18166990.0,92.59651708951235,59.94939172642248,05
2006-06-01,2006,6,Florida,0.0,,16766.0,10790.0,,602,4.0,8.0,3.0,,438.0,352.0,,0.0,0.0,,,,,,,,,,28963,18166990.0,92.28826569508763,59.39343831862075,06
2006-07-01,2006,7,Florida,0.0,,16011.0,10415.0,,582,1.0,5.0,0.0,,463.0,335.0,,0.0,0.0,,,,,,,,,,27812,18166990.0,88.13237635954003,57.32925487381234,07
2006-08-01,2006,8,Florida,0.0,,17575.0,12997.0,,674,1.0,12.0,4.0,,460.0,376.0,,0.0,0.0,,,,,,,,,,32099,18166990.0,96.74139744668764,71.54184595246655,08
2006-09-01,2006,9,Florida,0.0,,16596.0,13698.0,,674,1.0,6.0,8.0,,541.0,453.0,,0.0,0.0,,,,,,,,,,31977,18166990.0,91.35250253344114,75.40049287196173,09
2006-10-01,2006,10,Florida,0.0,,17970.0,15942.0,,739,2.0,7.0,3.0,,482.0,434.0,,,,,,,,,,,,,35579,18166990.0,98.91567067521916,87.75256660569528,10
2006-11-01,2006,11,Florida,0.0,,18006.0,20716.0,,709,4.0,6.0,3.0,,483.0,489.0,,,,,,,,,,,,,40416,18166990.0,99.11383228592078,114.03099798040292,11
2006-12-01,2006,12,Florida,0.0,,21311.0,27946.0,,778,3.0,6.0,4.0,,466.0,414.0,,,,,,,,,,,,,50928,18166990.0,117.30616904616559,153.82845479630913,12
2007-01-01,2007,1,Florida,0.0,,19482.0,13887.0,,697,0.0,6.0,1.0,,534.0,406.0,,,,,,,,,,,,,35013,18367842.0,106.06580783959271,75.60496219425232,01
2007-02-01,2007,2,Florida,0.0,,20935.0,13846.0,,677,3.0,3.0,5.0,,549.0,422.0,,,,,,,,,,,,,36440,18367842.0,113.97637240128698,75.3817459884509,02
2007-03-01,2007,3,Florida,0.0,,21650.0,13835.0,,839,1.0,4.0,2.0,,450.0,334.0,,,,,,,,,,,,,37115,18367842.0,117.8690452585557,75.32185871372369,03
2007-04-01,2007,4,Florida,0.0,,19755.0,10901.0,,669,1.0,5.0,2.0,,441.0,327.0,,,,,,,,,,,,,32101,18367842.0,107.55210111236802,59.34828925466584,04
2007-05-01,2007,5,Florida,0.0,,19701.0,11298.0,,712,0.0,3.0,5.0,,442.0,326.0,,,,,,,,,,,,,32487,18367842.0,107.25810903643445,61.50967544254791,05
2007-06-01,2007,6,Florida,0.0,,19377.0,11646.0,,701,1.0,5.0,2.0,,531.0,366.0,,,,,,,,,,,,,32629,18367842.0,105.49415658083296,63.404291043008755,06
2007-07-01,2007,7,Florida,0.0,,17668.0,10513.0,,638,1.0,2.0,5.0,,452.0,345.0,,,,,,,,,,,,,29624,18367842.0,96.1898518073054,57.23590174610605,07
2007-08-01,2007,8,Florida,0.0,,19278.0,12899.0,,757,1.0,4.0,2.0,,521.0,382.0,,,,,,,,,,,,,33844,18367842.0,104.95517110828807,70.2259960642083,08
2007-09-01,2007,9,Florida,0.0,,17555.0,13315.0,,654,0.0,8.0,4.0,,492.0,388.0,,,,,,,,,,,,,32416,18367842.0,95.57464616692586,72.49082390843736,09
2007-10-01,2007,10,Florida,0.0,,18709.0,15066.0,,725,4.0,13.0,6.0,,530.0,442.0,,,,,,,,,,,,,35495,18367842.0,101.85736571558053,82.02378918546883,10
2007-11-01,2007,11,Florida,0.0,,18959.0,18123.0,,753,7.0,9.0,7.0,,552.0,477.0,,,,,,,,,,,,,38887,18367842.0,103.21844014119895,98.66700726193092,11
2007-12-01,2007,12,Florida,0.0,,23703.0,24625.0,,917,4.0,9.0,5.0,,470.0,396.0,,,,,,,,,,,,,50129,18367842.0,129.0461884417342,134.06583092341495,12
2008-01-01,2008,1,Florida,0.0,,21902.0,14496.0,,791,1.0,8.0,7.0,,574.0,440.0,,,,,,,,,,,,,38219,18527305.0,118.2147106662302,78.24127686136758,01
2008-02-01,2008,2,Florida,0.0,,23891.0,14570.0,,843,1.0,10.0,0.0,,654.0,507.0,,,,,,,,,,,,,40476,18527305.0,128.9502169905445,78.64068735307158,02
2008-03-01,2008,3,Florida,0.0,,23888.0,13781.0,,771,1.0,6.0,4.0,,468.0,327.0,,,,,,,,,,,,,39246,18527305.0,128.93402467331325,74.3821079212546,03
2008-04-01,2008,4,Florida,0.0,,22873.0,11925.0,,803,2.0,3.0,0.0,,458.0,321.0,,,,,,,,,,,,,36385,18527305.0,123.45562401007594,64.36446099419209,04
2008-05-01,2008,5,Florida,0.0,,22085.0,11565.0,,777,432.0,7.0,0.0,,573.0,448.0,,,,,,,,,,,,,35887,18527305.0,119.20244201733604,62.421382926442895,05
2008-06-01,2008,6,Florida,0.0,,21317.0,10823.0,,729,352.0,5.0,0.0,,516.0,403.0,,,,,,,,,,,,,34145,18527305.0,115.05720880613775,58.41648313124871,06
2008-07-01,2008,7,Florida,0.0,,21831.0,10780.0,,744,530.0,3.0,2.0,,562.0,357.0,,,,,,,,,,,,,34809,18527305.0,117.83149249175743,58.18439325093423,07
2008-08-01,2008,8,Florida,0.0,,19929.0,12190.0,,760,477.0,5.0,0.0,,562.0,393.0,,,,,,,,,,,,,34316,18527305.0,107.56556336714918,65.79478234961857,08
2008-09-01,2008,9,Florida,0.0,,19209.0,12593.0,,771,406.0,7.0,5.0,,590.0,448.0,,,,,,,,,,,,,34029,18527305.0,103.6794072316508,67.96995029768226,09
2008-10-01,2008,10,Florida,0.0,,23978.0,17396.0,,1139,713.0,5.0,5.0,,687.0,552.0,,,,,,,,,,,,,44475,18527305.0,129.41979419025057,93.89385018490276,10
2002-07-01,2002,7,Georgia,2268.0,,4694.0,6005.0,,175,3872.0,0.0,0.0,,0.0,0.0,,,,,,,,,,,,,17014,8508256.0,55.16994317049228,70.57850633549343,07
2002-08-01,2002,8,Georgia,2275.0,,5403.0,9388.0,,178,4587.0,0.0,0.0,,0.0,0.0,,,,,,,,,,,,,21831,8508256.0,63.50302576697269,110.33988634098456,08
2002-09-01,2002,9,Georgia,2066.0,,5095.0,10755.0,,173,4899.0,0.0,0.0,,0.0,0.0,,,,,,,,,,,,,22988,8508256.0,59.883012452845804,126.40663374491787,09
2002-10-01,2002,10,Georgia,2387.0,,5667.0,14075.0,,236,6044.0,0.0,0.0,,0.0,0.0,,,,,,,,,,,,,28409,8508256.0,66.60589432193859,165.42755648161034,10
2002-11-01,2002,11,Georgia,1848.0,,5343.0,14818.0,,226,6198.0,0.0,0.0,,0.0,0.0,,,,,,,,,,,,,28433,8508256.0,62.797828368116804,174.1602509374424,11
2002-12-01,2002,12,Georgia,1947.0,,7289.0,22668.0,,287,8747.0,0.0,0.0,,0.0,0.0,,,,,,,,,,,,,40938,8508256.0,85.66973067100943,266.42357728775437,12
2003-01-01,2003,1,Georgia,2574.0,,6096.0,9087.0,,255,4815.0,0.0,0.0,,0.0,0.0,,,,,,,,,,,,,22827,8622793.0,70.69635093872716,105.38348769360462,01
2003-02-01,2003,2,Georgia,2686.0,,7996.0,10078.0,,307,5962.0,0.0,0.0,,0.0,0.0,,,,,,,,,,,,,27029,8622793.0,92.7309747549315,116.87628358931961,02
2003-03-01,2003,3,Georgia,2865.0,,6711.0,8499.0,,222,4991.0,0.0,0.0,,0.0,0.0,,,,,,,,,,,,,23288,8622793.0,77.82861075291962,98.56435148101085,03
2003-04-01,2003,4,Georgia,2639.0,,4995.0,5579.0,,195,3497.0,0.0,0.0,,0.0,0.0,,,,,,,,,,,,,16905,8622793.0,57.92786629575823,64.70061382663366,04
2003-05-01,2003,5,Georgia,2163.0,,5149.0,5705.0,,190,3602.0,0.0,0.0,,0.0,0.0,,,,,,,,,,,,,16809,8622793.0,59.71383054191374,66.1618573007609,05
2003-06-01,2003,6,Georgia,2237.0,,4988.0,5708.0,,168,3875.0,0.0,0.0,,0.0,0.0,,,,,,,,,,,,,16976,8622793.0,57.84668610275116,66.19664881204965,06
2003-07-01,2003,7,Georgia,2142.0,,4862.0,6014.0,,173,3804.0,0.0,0.0,,0.0,0.0,,,,,,,,,,,,,16995,8622793.0,56.38544262862393,69.7453829635015,07
2003-08-01,2003,8,Georgia,2314.0,,5614.0,9367.0,,236,4725.0,0.0,0.0,,0.0,0.0,,,,,,,,,,,,,22256,8622793.0,65.10651479166901,108.63069541388735,08
2003-09-01,2003,9,Georgia,2381.0,,5152.0,10463.0,,243,5110.0,0.0,0.0,,0.0,0.0,,,,,,,,,,,,,23349,8622793.0,59.74862205320249,121.34119420470837,09
2003-10-01,2003,10,Georgia,2777.0,,5558.0,14815.0,,254,6624.0,0.0,0.0,,0.0,0.0,,,,,,,,,,,,,30028,8622793.0,64.45707324761246,171.81207991424588,10
2003-11-01,2003,11,Georgia,2157.0,,5179.0,14026.0,,203,6057.0,0.0,0.0,,0.0,0.0,,,,,,,,,,,,,27622,8622793.0,60.06174565480118,162.6619124453063,11
2003-12-01,2003,12,Georgia,2604.0,,7767.0,23368.0,,319,4076.0,0.0,0.0,,0.0,0.0,,,,,,,,,,,,,38134,8622793.0,90.0752227265574,271.0026785984541,12
2004-01-01,2004,1,Georgia,3339.0,,6775.0,9566.0,,279,202.0,0.0,0.0,,0.0,0.0,,,,,,,,,,,,,20161,8769252.0,77.25858488272432,109.08570081005769,01
2004-02-01,2004,2,Georgia,3211.0,,8082.0,9902.0,,291,174.0,0.0,0.0,,0.0,0.0,,,,,,,,,,,,,21660,8769252.0,92.1629347634211,112.91727048099428,02
2004-03-01,2004,3,Georgia,3926.0,,6247.0,8098.0,,226,108.0,0.0,0.0,,0.0,0.0,,,,,,,,,,,,,18605,8769252.0,71.2375468283954,92.34539046203713,03
2004-04-01,2004,4,Georgia,3019.0,,5285.0,5887.0,,186,79.0,0.0,0.0,,0.0,0.0,,,,,,,,,,,,,14456,8769252.0,60.26739794910672,67.13229360953477,04
2004-05-01,2004,5,Georgia,2542.0,,4748.0,5282.0,,180,88.0,0.0,0.0,,0.0,0.0,,,,,,,,,,,,,12840,8769252.0,54.14372856430628,60.23318750561622,05
2004-06-01,2004,6,Georgia,2788.0,,4772.0,5639.0,,196,88.0,0.0,0.0,,0.0,0.0,,,,,,,,,,,,,13483,8769252.0,54.41741211223033,64.30423028098633,06
2004-07-01,2004,7,Georgia,2719.0,,4978.0,6803.0,,219,51.0,0.0,0.0,,0.0,0.0,,,,,,,,,,,,,14770,8769252.0,56.76652923191168,77.57788235530236,07
2004-08-01,2004,8,Georgia,2731.0,,5109.0,8769.0,,217,49.0,0.0,0.0,,0.0,0.0,,,,,,,,,,,,,16875,8769252.0,58.26038526433042,99.9971263227468,08
2004-09-01,2004,9,Georgia,2559.0,,4971.0,10383.0,,216,61.0,0.0,0.0,,0.0,0.0,,,,,,,,,,,,,18190,8769252.0,56.68670486376717,118.4023449206386,09
2004-10-01,2004,10,Georgia,2648.0,,5709.0,14507.0,,294,78.0,0.0,0.0,,0.0,0.0,,,,,,,,,,,,,23236,8769252.0,65.10247396243146,165.4303012389198,10
2004-11-01,2004,11,Georgia,2491.0,,5465.0,14458.0,,233,103.0,0.0,0.0,,0.0,0.0,,,,,,,,,,,,,22750,8769252.0,62.320024558537035,164.87153066190822,11
2004-12-01,2004,12,Georgia,2456.0,,8075.0,24267.0,,329,50.0,0.0,0.0,,0.0,0.0,,,,,,,,,,,,,35177,8769252.0,92.08311039527659,276.7282773946968,12
2005-01-01,2005,1,Georgia,3277.0,,6363.0,8909.0,,271,46.0,0.0,0.0,,0.0,0.0,,,,,,,,,,,,,18866,8925922.0,71.2867533460409,99.81041734400098,01
2005-02-01,2005,2,Georgia,3119.0,,8096.0,9588.0,,325,40.0,0.0,0.0,,0.0,0.0,,,,,,,,,,,,,21168,8925922.0,90.7021145826728,107.41747463175231,02
2005-03-01,2005,3,Georgia,3913.0,,7066.0,8583.0,,220,38.0,0.0,0.0,,0.0,0.0,,,,,,,,,,,,,19820,8925922.0,79.1626904201045,96.15813357992597,03
2005-04-01,2005,4,Georgia,3021.0,,5545.0,6111.0,,181,26.0,0.0,0.0,,0.0,0.0,,,,,,,,,,,,,14884,8925922.0,62.122433962564315,68.46351558976204,04
2005-05-01,2005,5,Georgia,3025.0,,4932.0,5193.0,,164,41.0,0.0,0.0,,0.0,0.0,,,,,,,,,,,,,13355,8925922.0,55.25479608717173,58.17886376331767,05
2005-06-01,2005,6,Georgia,2798.0,,5125.0,5315.0,,192,38.0,3.0,0.0,,31.0,70.0,,,,,,,,,,,,,13572,8925922.0,57.41703770209957,59.54566934373839,06
2005-07-01,2005,7,Georgia,2385.0,,4353.0,5026.0,,203,24.0,20.0,41.0,,730.0,1197.0,,,,,,,,,,,,,13979,8925922.0,48.76807124238818,56.30790858356145,07
2005-08-01,2005,8,Georgia,2526.0,,4521.0,6770.0,,227,4.0,24.0,45.0,,711.0,1246.0,,,,,,,,,,,,,16074,8925922.0,50.65022974657408,75.84650638891982,08
2005-09-01,2005,9,Georgia,2526.0,,5141.0,8348.0,,281,0.0,15.0,26.0,,843.0,1724.0,,,,,,,,,,,,,18904,8925922.0,57.596290892974416,93.52535233895165,09
2005-10-01,2005,10,Georgia,2429.0,,5539.0,11700.0,,254,0.0,21.0,35.0,,793.0,2029.0,,,,,,,,,,,,,22800,8925922.0,62.055214015986245,131.0788958272322,10
2005-11-01,2005,11,Georgia,2355.0,,8144.0,17976.0,,477,0.0,30.0,38.0,,1085.0,1828.0,,,,,,,,,,,,,31933,8925922.0,91.23987415529734,201.39095994789108,11
2005-12-01,2005,12,Georgia,2267.0,,13700.0,32795.0,,717,0.0,27.0,32.0,,1298.0,1624.0,,,,,,,,,,,,,52460,8925922.0,153.48554468658813,367.4130246712889,12
2006-01-01,2006,1,Georgia,2951.0,,11545.0,12846.0,,560,2.0,24.0,31.0,,1481.0,1805.0,,,,,,,,,,,,,31245,9155813.0,126.09475532101845,140.304307219905,01
2006-02-01,2006,2,Georgia,2623.0,,12435.0,12845.0,,629,0.0,19.0,25.0,,1567.0,2074.0,,,,,,,,,,,,,32217,9155813.0,135.8153557745227,140.29338519692354,02
2006-03-01,2006,3,Georgia,3304.0,,11729.0,12336.0,,592,0.0,17.0,26.0,,1245.0,1485.0,,,,,,,,,,,,,30734,9155813.0,128.1044075496081,134.73407549935763,03
2006-04-01,2006,4,Georgia,2604.0,,8669.0,8341.0,,389,0.0,25.0,37.0,,1074.0,1128.0,,,,,,,,,,,,,22267,9155813.0,94.68301722632387,91.10059368840321,04
2006-05-01,2006,5,Georgia,2934.0,,8661.0,7419.0,,385,0.0,21.0,40.0,,1134.0,1207.0,,0.0,0.0,,,,,,,,,,21801,9155813.0,94.59564104247214,81.03048849949208,05
2006-06-01,2006,6,Georgia,3654.0,,9016.0,7494.0,,375,0.0,17.0,29.0,,1292.0,1335.0,,0.0,0.0,,,,,,,,,,23212,9155813.0,98.47295920089238,81.84964022310199,06
2006-07-01,2006,7,Georgia,2620.0,,5659.0,5916.0,,251,0.0,15.0,34.0,,873.0,1137.0,,0.0,0.0,,,,,,,,,,16505,9155813.0,61.80772805211291,64.61468795834952,07
2006-08-01,2006,8,Georgia,3193.0,,6149.0,8495.0,,271,0.0,20.0,25.0,,885.0,1366.0,,0.0,0.0,,,,,,,,,,20404,9155813.0,67.15951931303097,92.78258522754889,08
2006-09-01,2006,9,Georgia,2763.0,,5795.0,9661.0,,332,0.0,26.0,46.0,,933.0,1640.0,,0.0,0.0,,,,,,,,,,21196,9155813.0,63.2931231775922,105.51766402393757,09
2006-10-01,2006,10,Georgia,3216.0,,5989.0,12437.0,,279,0.0,24.0,61.0,,835.0,1874.0,,,,,,,,,,,,,24715,9155813.0,65.41199563599649,135.83719982048564,10
2006-11-01,2006,11,Georgia,2375.0,,5846.0,15499.0,,299,0.0,25.0,29.0,,845.0,1582.0,,,,,,,,,,,,,26500,9155813.0,63.850146349646934,169.2804341897328,11
2006-12-01,2006,12,Georgia,3206.0,,9468.0,25683.0,,475,0.0,23.0,25.0,,852.0,1373.0,,,,,,,,,,,,,41105,9155813.0,103.40971358851475,280.5103162329768,12
2007-01-01,2007,1,Georgia,3633.0,,7492.0,8789.0,,286,0.0,20.0,30.0,,990.0,1535.0,,,,,,,,,,,,,22775,9349988.0,80.1284450846354,94.00012064186608,01
2007-02-01,2007,2,Georgia,3373.0,,8790.0,9102.0,,399,0.0,16.0,36.0,,1012.0,1725.0,,,,,,,,,,,,,24453,9349988.0,94.0108158427583,97.34771852113607,02
2007-03-01,2007,3,Georgia,4028.0,,7791.0,8108.0,,354,0.0,14.0,19.0,,839.0,1210.0,,,,,,,,,,,,,22363,9349988.0,83.32631015141409,86.71668883425305,03
2007-04-01,2007,4,Georgia,3441.0,,6455.0,5343.0,,258,0.0,17.0,20.0,,671.0,957.0,,,,,,,,,,,,,17162,9349988.0,69.03752175938621,57.1444583672193,04
2007-05-01,2007,5,Georgia,3698.0,,6106.0,4763.0,,248,0.0,16.0,31.0,,748.0,1072.0,,,,,,,,,,,,,16682,9349988.0,65.3048966479957,50.941241849722154,05
2007-06-01,2007,6,Georgia,3986.0,,6136.0,4948.0,,267,0.0,21.0,29.0,,886.0,1158.0,,,,,,,,,,,,,17431,9349988.0,65.6257526747628,52.9198540147859,06
2007-07-01,2007,7,Georgia,3757.0,,5640.0,5370.0,,229,0.0,21.0,20.0,,787.0,1106.0,,,,,,,,,,,,,16930,9349988.0,60.32093303221352,57.43322879130968,07
2007-08-01,2007,8,Georgia,3159.0,,6537.0,8541.0,,280,0.0,13.0,32.0,,946.0,1465.0,,,,,,,,,,,,,20973,9349988.0,69.91452823254961,91.34771082059143,08
2007-09-01,2007,9,Georgia,3016.0,,5589.0,8574.0,,328,0.0,16.0,25.0,,889.0,1403.0,,,,,,,,,,,,,19840,9349988.0,59.77547778670946,91.70065245003522,09
2007-10-01,2007,10,Georgia,4166.0,,5810.0,11085.0,,295,0.0,14.0,39.0,,902.0,1971.0,,,,,,,,,,,,,24282,9349988.0,62.13911718389371,118.55630189044092,10
2007-11-01,2007,11,Georgia,5226.0,,6257.0,13484.0,,277,0.0,15.0,32.0,,940.0,1743.0,,,,,,,,,,,,,27974,9349988.0,66.91987198272341,144.21408883091615,11
2007-12-01,2007,12,Georgia,4850.0,,10296.0,21868.0,,455,0.0,17.0,39.0,,845.0,1233.0,,,,,,,,,,,,,39603,9349988.0,110.11778838646639,233.88265311142646,12
2008-01-01,2008,1,Georgia,7450.0,,8618.0,8225.0,,341,0.0,14.0,35.0,,1119.0,1608.0,,,,,,,,,,,,,27410,9504843.0,90.66956708280189,86.5348328215416,01
2008-02-01,2008,2,Georgia,8859.0,,10542.0,8896.0,,450,1.0,9.0,39.0,,1302.0,2052.0,,,,,,,,,,,,,32150,9504843.0,110.91187934403546,93.59439182740842,02
2008-03-01,2008,3,Georgia,8439.0,,9057.0,7895.0,,365,0.0,15.0,33.0,,850.0,1226.0,,,,,,,,,,,,,27880,9504843.0,95.28826515072369,83.06291855636121,03
2008-04-01,2008,4,Georgia,9082.0,,7386.0,5485.0,,285,0.0,21.0,19.0,,807.0,1087.0,,,,,,,,,,,,,24172,9504843.0,77.70775382612844,57.70742346822562,04
2008-05-01,2008,5,Georgia,8395.0,,7303.0,5135.0,,290,0.0,17.0,30.0,,1013.0,1241.0,,,,,,,,,,,,,23424,9504843.0,76.83451478367397,54.02509015667065,05
2008-06-01,2008,6,Georgia,8516.0,,6697.0,4721.0,,304,0.0,25.0,31.0,,908.0,1311.0,,,,,,,,,,,,,22513,9504843.0,70.45881767852453,49.66941589671707,06
2008-07-01,2008,7,Georgia,10869.0,,7019.0,5060.0,,273,0.0,14.0,31.0,,924.0,1243.0,,,,,,,,,,,,,25433,9504843.0,73.84656432515507,53.23601873276603,07
2008-08-01,2008,8,Georgia,8229.0,,7170.0,7336.0,,259,0.0,28.0,30.0,,1004.0,1371.0,,,,,,,,,,,,,25427,9504843.0,75.43522812528309,77.181706210192,08
2008-09-01,2008,9,Georgia,8972.0,,6072.0,7421.0,,308,0.0,21.0,31.0,,963.0,1501.0,,,,,,,,,,,,,25289,9504843.0,63.88322247931923,78.07598715728392,09
2008-10-01,2008,10,Georgia,10924.0,,8650.0,11675.0,,466,0.0,22.0,39.0,,1149.0,2321.0,,,,,,,,,,,,,35246,9504843.0,91.0062375570012,122.83211832115481,10
2002-07-01,2002,7,Idaho,887.0,,846.0,2065.0,,75,0.0,6.0,11.0,,210.0,668.0,,,,,,,,,,,,,4768,1340372.0,63.116806379124604,154.06170824218947,07
2002-08-01,2002,8,Idaho,1085.0,,1210.0,3300.0,,103,0.0,10.0,16.0,,261.0,983.0,,,,,,,,,,,,,6968,1340372.0,90.27344647605292,246.2003085710534,08
2002-09-01,2002,9,Idaho,1178.0,,1101.0,4130.0,,98,0.0,2.0,19.0,,206.0,1023.0,,,,,,,,,,,,,7757,1340372.0,82.1413756777969,308.12341648437894,09
2002-10-01,2002,10,Idaho,861.0,,930.0,4024.0,,80,0.0,9.0,18.0,,228.0,1096.0,,,,,,,,,,,,,7246,1340372.0,69.3837233245696,300.21516414846025,10
2002-11-01,2002,11,Idaho,743.0,,892.0,3142.0,,74,0.0,4.0,13.0,,233.0,603.0,,,,,,,,,,,,,5704,1340372.0,66.54868946829686,234.4125362212878,11
2002-12-01,2002,12,Idaho,766.0,,1366.0,4665.0,,88,0.0,1.0,12.0,,161.0,578.0,,,,,,,,,,,,,7637,1340372.0,101.91200651759361,348.0377089345346,12
2003-01-01,2003,1,Idaho,1011.0,,1058.0,2290.0,,103,0.0,7.0,8.0,,262.0,751.0,,,,,,,,,,,,,5490,1363380.0,77.60125570273878,167.96491073655181,01
2003-02-01,2003,2,Idaho,845.0,,1230.0,2651.0,,114,0.0,3.0,11.0,,277.0,886.0,,,,,,,,,,,,,6017,1363380.0,90.21696078862826,194.44322199240125,02
2003-03-01,2003,3,Idaho,1790.0,,1277.0,3027.0,,107,0.0,5.0,6.0,,248.0,711.0,,,,,,,,,,,,,7171,1363380.0,93.66427555047015,222.02174008713638,03
2003-04-01,2003,4,Idaho,1123.0,,1068.0,2730.0,,69,0.0,3.0,6.0,,211.0,688.0,,,,,,,,,,,,,5898,1363380.0,78.33472692866259,200.2376446771993,04
2003-05-01,2003,5,Idaho,945.0,,1040.0,2380.0,,101,0.0,2.0,2.0,,237.0,655.0,,,,,,,,,,,,,5362,1363380.0,76.28100749607593,174.56615176986608,05
2003-06-01,2003,6,Idaho,1026.0,,932.0,1936.0,,86,0.0,1.0,8.0,,211.0,667.0,,,,,,,,,,,,,4867,1363380.0,68.35951825609881,142.00002933884903,06
2003-07-01,2003,7,Idaho,924.0,,888.0,1977.0,,87,0.0,3.0,11.0,,257.0,697.0,,,,,,,,,,,,,4844,1363380.0,65.13224486203406,145.00726136513666,07
2003-08-01,2003,8,Idaho,675.0,,1026.0,3036.0,,112,0.0,2.0,10.0,,276.0,884.0,,,,,,,,,,,,,6021,1363380.0,75.2541477797826,222.6818641904678,08
2003-09-01,2003,9,Idaho,893.0,,1119.0,4247.0,,123,0.0,4.0,4.0,,237.0,1064.0,,,,,,,,,,,,,7691,1363380.0,82.07543018087401,311.5052296498408,09
2003-10-01,2003,10,Idaho,1032.0,,1002.0,3977.0,,101,0.0,4.0,6.0,,240.0,1108.0,,,,,,,,,,,,,7470,1363380.0,73.49381683756546,291.70150654989806,10
2003-11-01,2003,11,Idaho,447.0,,990.0,3153.0,,79,0.0,7.0,5.0,,221.0,602.0,,,,,,,,,,,,,5504,1363380.0,72.61365136645689,231.26347753377635,11
2003-12-01,2003,12,Idaho,1036.0,,1444.0,4939.0,,102,0.0,1.0,10.0,,205.0,597.0,,,,,,,,,,,,,8334,1363380.0,105.91324502339772,362.26143848376825,12
2004-01-01,2004,1,Idaho,848.0,,1060.0,2211.0,,86,0.0,1.0,11.0,,222.0,717.0,,,,,,,,,,,,,5156,1391802.0,76.16025842756369,158.85880319183332,01
2004-02-01,2004,2,Idaho,963.0,,1220.0,2664.0,,135,0.0,2.0,8.0,,280.0,830.0,,,,,,,,,,,,,6102,1391802.0,87.65614649210161,191.4065362745563,02
2004-03-01,2004,3,Idaho,1552.0,,1207.0,2969.0,,121,0.0,2.0,5.0,,246.0,685.0,,,,,,,,,,,,,6787,1391802.0,86.72210558685791,213.32057289758168,03
2004-04-01,2004,4,Idaho,1238.0,,1163.0,2737.0,,99,0.0,2.0,2.0,,227.0,739.0,,,,,,,,,,,,,6207,1391802.0,83.56073636910997,196.65153520400173,04
2004-05-01,2004,5,Idaho,987.0,,1025.0,2599.0,,80,0.0,4.0,1.0,,218.0,597.0,,,,,,,,,,,,,5511,1391802.0,73.64553291344602,186.73633174833776,05
2004-06-01,2004,6,Idaho,941.0,,929.0,2086.0,,76,0.0,1.0,4.0,,183.0,574.0,,,,,,,,,,,,,4794,1391802.0,66.74800007472327,149.87764064141308,06
2004-07-01,2004,7,Idaho,855.0,,1028.0,2273.0,,104,0.0,0.0,7.0,,222.0,676.0,,,,,,,,,,,,,5165,1391802.0,73.8610808146561,163.31345981684177,07
2004-08-01,2004,8,Idaho,754.0,,1016.0,2867.0,,107,0.0,1.0,5.0,,249.0,811.0,,,,,,,,,,,,,5810,1391802.0,72.99888920981576,205.99194425643879,08
2004-09-01,2004,9,Idaho,740.0,,1134.0,4481.0,,107,0.0,0.0,0.0,,225.0,1013.0,,,,,,,,,,,,,7700,1391802.0,81.47710665741248,321.956715107465,09
2004-10-01,2004,10,Idaho,1022.0,,1044.0,4331.0,,89,0.0,2.0,6.0,,230.0,1052.0,,,,,,,,,,,,,7776,1391802.0,75.0106696211099,311.1793200469607,10
2004-11-01,2004,11,Idaho,977.0,,951.0,3345.0,,84,0.0,0.0,5.0,,212.0,557.0,,,,,,,,,,,,,6131,1391802.0,68.32868468359725,240.3359098492458,11
2004-12-01,2004,12,Idaho,693.0,,1501.0,5368.0,,90,0.0,3.0,8.0,,179.0,572.0,,,,,,,,,,,,,8414,1391802.0,107.84579990544631,385.68704456524705,12
2005-01-01,2005,1,Idaho,735.0,,1063.0,2376.0,,86,0.0,0.0,6.0,,231.0,677.0,,,,,,,,,,,,,5174,1428241.0,74.42721501483294,166.35847871612705,01
2005-02-01,2005,2,Idaho,983.0,,1424.0,3054.0,,140,0.0,3.0,6.0,,304.0,923.0,,,,,,,,,,,,,6837,1428241.0,99.70306131808287,213.82945875380975,02
2005-03-01,2005,3,Idaho,1138.0,,1340.0,3198.0,,109,0.0,0.0,2.0,,216.0,632.0,,,,,,,,,,,,,6635,1428241.0,93.82170095943191,223.91179079721138,03
2005-04-01,2005,4,Idaho,1112.0,,1243.0,3074.0,,90,0.0,1.0,6.0,,204.0,630.0,,,,,,,,,,,,,6360,1428241.0,87.03013006908498,215.22978264872668,04
2005-05-01,2005,5,Idaho,929.0,,1093.0,2581.0,,94,1.0,2.0,4.0,,192.0,535.0,,,,,,,,,,,,,5431,1428241.0,76.52770085720827,180.7117986390252,05
2005-06-01,2005,6,Idaho,1285.0,,1134.0,2324.0,,90,0.0,1.0,1.0,,211.0,639.0,,,,,,,,,,,,,5685,1428241.0,79.3983648417879,162.7176365893431,06
2005-07-01,2005,7,Idaho,769.0,,1104.0,2250.0,,92,0.0,0.0,4.0,,193.0,622.0,,,,,,,,,,,,,5034,1428241.0,77.29787899941257,157.5364381781506,07
2005-08-01,2005,8,Idaho,1000.0,,1278.0,3207.0,,119,0.0,1.0,3.0,,215.0,738.0,,,,,,,,,,,,,6561,1428241.0,89.48069688518954,224.541936549924,08
2005-09-01,2005,9,Idaho,757.0,,1400.0,4581.0,,132,0.0,2.0,7.0,,256.0,1047.0,,,,,,,,,,,,,8182,1428241.0,98.0226726441826,320.74418813071463,09
2005-10-01,2005,10,Idaho,872.0,,1207.0,4676.0,,119,0.0,0.0,6.0,,226.0,960.0,,,,,,,,,,,,,8066,1428241.0,84.50954705823457,327.39572663156986,10
2005-11-01,2005,11,Idaho,807.0,,1191.0,3707.0,,108,0.0,2.0,9.0,,203.0,633.0,,,,,,,,,,,,,6660,1428241.0,83.38928794230105,259.55003392284635,11
2005-12-01,2005,12,Idaho,849.0,,1843.0,6201.0,,96,0.0,4.0,8.0,,179.0,538.0,,,,,,,,,,,,,9718,1428241.0,129.0398469165918,434.1704236189831,12
2006-01-01,2006,1,Idaho,1183.0,,1254.0,2800.0,,104,0.0,4.0,3.0,,231.0,683.0,,,,,,,,,,,,,6262,1468669.0,85.38343220970825,190.64881195150167,01
2006-02-01,2006,2,Idaho,1057.0,,1485.0,3409.0,,136,0.0,2.0,9.0,,271.0,834.0,,,,,,,,,,,,,7203,1468669.0,101.11195919570713,232.1149285509533,02
2006-03-01,2006,3,Idaho,1491.0,,1559.0,3728.0,,125,0.0,4.0,5.0,,211.0,630.0,,,,,,,,,,,,,7753,1468669.0,106.15053494013968,253.8352753411422,03
2006-04-01,2006,4,Idaho,1189.0,,1369.0,3464.0,,96,0.0,2.0,6.0,,194.0,578.0,,,,,,,,,,,,,6898,1468669.0,93.21365127200205,235.85981592857203,04
2006-05-01,2006,5,Idaho,1192.0,,1356.0,2963.0,,96,0.0,6.0,4.0,,191.0,581.0,,0.0,0.0,,,,,,,,,,6389,1468669.0,92.3284960736558,201.74729636153552,05
2006-06-01,2006,6,Idaho,1210.0,,1404.0,2775.0,,92,0.0,1.0,6.0,,232.0,542.0,,0.0,0.0,,,,,,,,,,6262,1468669.0,95.59676142139584,188.9465904162204,06
2006-07-01,2006,7,Idaho,1320.0,,1273.0,2459.0,,80,0.0,0.0,2.0,,184.0,557.0,,0.0,0.0,,,,,,,,,,5875,1468669.0,86.67712057652201,167.43051021026523,07
2006-08-01,2006,8,Idaho,1564.0,,1447.0,3526.0,,116,0.0,0.0,2.0,,218.0,718.0,,0.0,0.0,,,,,,,,,,7591,1468669.0,98.52458246207962,240.0813253360696,08
2006-09-01,2006,9,Idaho,1362.0,,1706.0,5209.0,,110,0.0,1.0,11.0,,238.0,866.0,,0.0,0.0,,,,,,,,,,9503,1468669.0,116.15959756759351,354.67487909120433,09
2006-10-01,2006,10,Idaho,1335.0,,1490.0,5038.0,,113,0.0,3.0,7.0,,192.0,868.0,,,,,,,,,,,,,9046,1468669.0,101.45240350276339,343.0316837898805,10
2006-11-01,2006,11,Idaho,1248.0,,1412.0,4181.0,,98,0.0,1.0,3.0,,167.0,576.0,,,,,,,,,,,,,7686,1468669.0,96.14147231268583,284.6795295604387,11
2006-12-01,2006,12,Idaho,1004.0,,2055.0,6662.0,,115,0.0,3.0,10.0,,176.0,525.0,,,,,,,,,,,,,10550,1468669.0,139.92261020011998,453.6079947217515,12
2007-01-01,2007,1,Idaho,1425.0,,1420.0,2859.0,,117,0.0,4.0,4.0,,207.0,539.0,,,,,,,,,,,,,6575,1505105.0,94.34557721886513,189.95352483713762,01
2007-02-01,2007,2,Idaho,1473.0,,1955.0,3478.0,,119,0.0,6.0,16.0,,254.0,712.0,,,,,,,,,,,,,8013,1505105.0,129.89127004428263,231.08022363888233,02
2007-03-01,2007,3,Idaho,1744.0,,1946.0,3893.0,,117,0.0,0.0,8.0,,190.0,576.0,,,,,,,,,,,,,8474,1505105.0,129.29330511824756,258.6530507838323,03
2007-04-01,2007,4,Idaho,1739.0,,1746.0,3170.0,,98,0.0,3.0,4.0,,170.0,493.0,,,,,,,,,,,,,7423,1505105.0,116.00519565080178,210.6165350590158,04
2007-05-01,2007,5,Idaho,1558.0,,1613.0,2857.0,,108,0.0,5.0,5.0,,213.0,501.0,,,,,,,,,,,,,6860,1505105.0,107.16860285495031,189.82064374246315,05
2007-06-01,2007,6,Idaho,1425.0,,1643.0,2752.0,,89,0.0,3.0,5.0,,201.0,506.0,,,,,,,,,,,,,6624,1505105.0,109.16181927506719,182.84438627205412,06
2007-07-01,2007,7,Idaho,1237.0,,1410.0,2554.0,,89,0.0,0.0,2.0,,167.0,488.0,,,,,,,,,,,,,5947,1505105.0,93.68117174549285,169.68915789928278,07
2007-08-01,2007,8,Idaho,1332.0,,1601.0,3795.0,,116,0.0,1.0,6.0,,247.0,718.0,,,,,,,,,,,,,7816,1505105.0,106.37131628690358,252.14187714478393,08
2007-09-01,2007,9,Idaho,1092.0,,1679.0,4838.0,,127,0.0,1.0,5.0,,196.0,695.0,,,,,,,,,,,,,8633,1505105.0,111.55367897920743,321.43936801751374,09
2007-10-01,2007,10,Idaho,1163.0,,1457.0,4742.0,,105,0.0,4.0,3.0,,212.0,793.0,,,,,,,,,,,,,8479,1505105.0,96.8038774703426,315.06107547313974,10
2007-11-01,2007,11,Idaho,1188.0,,1532.0,4578.0,,90,0.0,1.0,10.0,,206.0,584.0,,,,,,,,,,,,,8189,1505105.0,101.78691852063477,304.1648257098342,11
2007-12-01,2007,12,Idaho,1120.0,,2364.0,6581.0,,124,1.0,2.0,5.0,,170.0,497.0,,,,,,,,,,,,,10864,1505105.0,157.06545390520927,437.24524202630386,12
2008-01-01,2008,1,Idaho,1143.0,,1609.0,2983.0,,103,0.0,1.0,10.0,,194.0,547.0,,,,,,,,,,,,,6590,1534320.0,104.86730277908129,194.4183742635174,01
2008-02-01,2008,2,Idaho,1855.0,,2018.0,3605.0,,206,0.0,5.0,9.0,,280.0,737.0,,,,,,,,,,,,,8715,1534320.0,131.52406277699566,234.95750560508893,02
2008-03-01,2008,3,Idaho,2055.0,,2161.0,4018.0,,240,0.0,4.0,9.0,,202.0,477.0,,,,,,,,,,,,,9166,1534320.0,140.84415245841805,261.87496741227386,03
2008-04-01,2008,4,Idaho,1895.0,,1858.0,3474.0,,97,0.0,5.0,5.0,,175.0,455.0,,,,,,,,,,,,,7964,1534320.0,121.09599040617343,226.41952135147818,04
2008-05-01,2008,5,Idaho,193.0,,1819.0,3315.0,,1414,0.0,6.0,9.0,,211.0,551.0,,,,,,,,,,,,,7518,1534320.0,118.55414776578549,216.05662443297356,05
2008-06-01,2008,6,Idaho,1412.0,,1627.0,2923.0,,99,0.0,1.0,7.0,,199.0,510.0,,,,,,,,,,,,,6778,1534320.0,106.0404609207988,190.50784712445903,06
2008-07-01,2008,7,Idaho,1240.0,,1400.0,2569.0,,94,0.0,4.0,12.0,,198.0,571.0,,,,,,,,,,,,,6088,1534320.0,91.24563324469472,167.4357370040148,07
2008-08-01,2008,8,Idaho,1196.0,,1611.0,3411.0,,184,0.0,4.0,12.0,,202.0,614.0,,,,,,,,,,,,,7234,1534320.0,104.99765368371656,222.31346785546694,08
2008-09-01,2008,9,Idaho,1365.0,,1530.0,4093.0,,128,0.0,2.0,8.0,,218.0,751.0,,,,,,,,,,,,,8095,1534320.0,99.7184420459878,266.7631263360968,09
2008-10-01,2008,10,Idaho,1410.0,,1706.0,4582.0,,135,0.0,1.0,9.0,,247.0,889.0,,,,,,,,,,,,,8979,1534320.0,111.18932165389228,298.6339225194223,10
2002-07-01,2002,7,Illinois,22313.0,,3597.0,5341.0,,175,0.0,0.0,0.0,,0.0,0.0,,,,,,,,,,,,,31426,12525556.0,28.717288078868513,42.64082169286537,07
2002-08-01,2002,8,Illinois,25676.0,,3724.0,7809.0,,176,0.0,0.0,0.0,,0.0,0.0,,,,,,,,,,,,,37385,12525556.0,29.731215125300626,62.34453783927835,08
2002-09-01,2002,9,Illinois,25447.0,,3479.0,7569.0,,166,0.0,0.0,0.0,,0.0,0.0,,,,,,,,,,,,,36661,12525556.0,27.77521413021506,60.42845523184759,09
2002-10-01,2002,10,Illinois,27466.0,,4456.0,9777.0,,218,0.0,0.0,0.0,,0.0,0.0,,,,,,,,,,,,,41917,12525556.0,35.57526707796444,78.05641522021058,10
2002-11-01,2002,11,Illinois,29619.0,,4435.0,11067.0,,196,0.0,0.0,0.0,,0.0,0.0,,,,,,,,,,,,,45317,12525556.0,35.40760984981425,88.35535923515093,11
2002-12-01,2002,12,Illinois,25205.0,,5310.0,12200.0,,267,0.0,0.0,0.0,,0.0,0.0,,,,,,,,,,,,,42982,12525556.0,42.39332768940556,97.4008658777303,12
2003-01-01,2003,1,Illinois,28116.0,,4866.0,7026.0,,186,0.0,0.0,0.0,,0.0,0.0,,,,,,,,,,,,,40194,12556006.0,38.7543618567879,55.95728450591693,01
2003-02-01,2003,2,Illinois,29777.0,,5625.0,7899.0,,296,0.0,0.0,0.0,,0.0,0.0,,,,,,,,,,,,,43597,12556006.0,44.79927773210685,62.910132409939905,02
2003-03-01,2003,3,Illinois,31677.0,,5648.0,8798.0,,292,0.0,0.0,0.0,,0.0,0.0,,,,,,,,,,,,,46415,12556006.0,44.982457001055906,70.07005253103574,03
2003-04-01,2003,4,Illinois,32721.0,,4404.0,6581.0,,229,0.0,0.0,0.0,,0.0,0.0,,,,,,,,,,,,,43935,12556006.0,35.074847845724186,52.413163867554694,04
2003-05-01,2003,5,Illinois,23466.0,,4046.0,5470.0,,141,0.0,0.0,0.0,,0.0,0.0,,,,,,,,,,,,,33123,12556006.0,32.22362270295188,43.56480874571101,05
2003-06-01,2003,6,Illinois,18754.0,,3423.0,4917.0,,149,0.0,0.0,0.0,,0.0,0.0,,,,,,,,,,,,,27243,12556006.0,27.26185380924476,39.16054197489233,06
2003-07-01,2003,7,Illinois,21254.0,,3376.0,5435.0,,162,0.0,0.0,0.0,,0.0,0.0,,,,,,,,,,,,,30227,12556006.0,26.887530955305373,43.286057684266794,07
2003-08-01,2003,8,Illinois,33372.0,,3676.0,7798.0,,189,0.0,0.0,0.0,,0.0,0.0,,,,,,,,,,,,,45035,12556006.0,29.276825767684404,62.10573648977231,08
2003-09-01,2003,9,Illinois,35227.0,,4045.0,7990.0,,318,0.0,0.0,0.0,,0.0,0.0,,,,,,,,,,,,,47580,12556006.0,32.21565838691061,63.63488516969489,09
2003-10-01,2003,10,Illinois,36901.0,,4591.0,9412.0,,224,0.0,0.0,0.0,,0.0,0.0,,,,,,,,,,,,,51128,12556006.0,36.56417494544045,74.9601425803715,10
2003-11-01,2003,11,Illinois,34833.0,,4628.0,11333.0,,260,0.0,0.0,0.0,,0.0,0.0,,,,,,,,,,,,,51054,12556006.0,36.8588546389672,90.25959369563857,11
2003-12-01,2003,12,Illinois,37521.0,,5549.0,12997.0,,319,0.0,0.0,0.0,,0.0,0.0,,,,,,,,,,,,,56386,12556006.0,44.193989712970826,103.51221558830093,12
2004-01-01,2004,1,Illinois,43574.0,,5216.0,7751.0,,251,0.0,0.0,0.0,,0.0,0.0,,,,,,,,,,,,,56792,12589773.0,41.43045311460342,61.56584395921992,01
2004-02-01,2004,2,Illinois,37855.0,,5436.0,8184.0,,223,0.0,0.0,0.0,,0.0,0.0,,,,,,,,,,,,,51698,12589773.0,43.17790320762734,65.0051434604897,02
2004-03-01,2004,3,Illinois,36578.0,,5652.0,8860.0,,338,0.0,0.0,0.0,,0.0,0.0,,,,,,,,,,,,,51428,12589773.0,44.89358148077809,70.37458101905412,03
2004-04-01,2004,4,Illinois,33635.0,,4295.0,6500.0,,271,0.0,0.0,0.0,,0.0,0.0,,,,,,,,,,,,,44701,12589773.0,34.11499158880784,51.62920729388846,04
2004-05-01,2004,5,Illinois,26440.0,,3960.0,5238.0,,176,0.0,0.0,0.0,,0.0,0.0,,,,,,,,,,,,,35814,12589773.0,31.45410167443051,41.60519812390581,05
2004-06-01,2004,6,Illinois,32134.0,,3530.0,4949.0,,176,0.0,0.0,0.0,,0.0,0.0,,,,,,,,,,,,,40789,12589773.0,28.038631038065578,39.30968413806985,06
2004-07-01,2004,7,Illinois,25706.0,,3663.0,5609.0,,243,0.0,,0.0,,0.0,0.0,,,,,,,,,,,,,35221,12589773.0,29.095044048848223,44.5520344171416,07
2004-08-01,2004,8,Illinois,33559.0,,3909.0,7980.0,,272,0.0,0.0,0.0,,0.0,0.0,,,,,,,,,,,,,45720,12589773.0,31.04901097104769,63.38478064695845,08
2004-09-01,2004,9,Illinois,29971.0,,3784.0,8145.0,,202,0.0,0.0,0.0,,0.0,0.0,,,,,,,,,,,,,42102,12589773.0,30.056141600011372,64.6953682167264,09
2004-10-01,2004,10,Illinois,40353.0,,4523.0,10181.0,,244,0.0,0.0,0.0,,0.0,0.0,,,,,,,,,,,,,55301,12589773.0,35.925985321578075,80.8672245321659,10
2004-11-01,2004,11,Illinois,48382.0,,4377.0,12153.0,,299,0.0,0.0,0.0,,0.0,0.0,,,,,,,,,,,,,65211,12589773.0,34.76631389620766,96.53073172963484,11
2004-12-01,2004,12,Illinois,45759.0,,5559.0,13973.0,,349,0.0,0.0,0.0,,0.0,0.0,,,,,,,,,,,,,65640,12589773.0,44.154886668727066,110.9869097719236,12
2005-01-01,2005,1,Illinois,47136.0,,5025.0,7355.0,,305,0.0,0.0,0.0,,0.0,0.0,,,,,,,,,,,,,59821,12609903.0,39.849632467434525,58.327173492135515,01
2005-02-01,2005,2,Illinois,33207.0,,5852.0,8070.0,,302,0.0,0.0,0.0,,0.0,0.0,,,,,,,,,,,,,47431,12609903.0,46.40796998993569,63.99732020143215,02
2005-03-01,2005,3,Illinois,35751.0,,6485.0,9066.0,,358,0.0,0.0,0.0,,0.0,0.0,,,,,,,,,,,,,51660,12609903.0,51.42783413956475,71.895874218858,03
2005-04-01,2005,4,Illinois,20745.0,,4604.0,6319.0,,266,0.0,0.0,0.0,,0.0,0.0,,,,,,,,,,,,,31934,12609903.0,36.510986642799715,50.11140846999378,04
2005-05-01,2005,5,Illinois,21884.0,,4011.0,4967.0,,236,0.0,0.0,0.0,,0.0,0.0,,,,,,,,,,,,,31098,12609903.0,31.808333497886544,39.38967651059647,05
2005-06-01,2005,6,Illinois,24560.0,,3751.0,4849.0,,207,0.0,0.0,0.0,,0.0,0.0,,,,,,,,,,,,,33367,12609903.0,29.746461967233216,38.45390404668458,06
2005-07-01,2005,7,Illinois,24191.0,,3695.0,4998.0,,251,0.0,0.0,0.0,,0.0,0.0,,,,,,,,,,,,,33135,12609903.0,29.30236656063096,39.635515039251295,07
2005-08-01,2005,8,Illinois,34888.0,,3853.0,7722.0,,254,0.0,0.0,0.0,,0.0,0.0,,,,,,,,,,,,,46717,12609903.0,30.555350029258747,61.23758446040386,08
2005-09-01,2005,9,Illinois,36557.0,,4310.0,7610.0,,226,0.0,0.0,0.0,,0.0,0.0,,,,,,,,,,,,,48703,12609903.0,34.17948575813787,60.34939364719935,09
2005-10-01,2005,10,Illinois,27054.0,,4554.0,9306.0,,280,0.0,0.0,0.0,,0.0,0.0,,,,,,,,,,,,,41194,12609903.0,36.114472886904835,73.79914024715336,10
2005-11-01,2005,11,Illinois,25679.0,,4880.0,11531.0,,326,0.0,0.0,0.0,,0.0,0.0,,,,,,,,,,,,,42416,12609903.0,38.6997425753394,91.44400238447513,11
2005-12-01,2005,12,Illinois,40536.0,,5725.0,13022.0,,375,0.0,0.0,0.0,,0.0,0.0,,,,,,,,,,,,,59658,12609903.0,45.40082504996272,103.26804258526016,12
2006-01-01,2006,1,Illinois,27016.0,,5368.0,8328.0,,288,0.0,0.0,0.0,,0.0,0.0,,,,,,,,,,,,,41000,12643955.0,42.455070426935244,65.86546693657166,01
2006-02-01,2006,2,Illinois,36068.0,,6072.0,8148.0,,296,0.0,0.0,0.0,,0.0,0.0,,,,,,,,,,,,,50584,12643955.0,48.02294851571364,64.4418617434181,02
2006-03-01,2006,3,Illinois,26878.0,,6275.0,9124.0,,367,0.0,0.0,0.0,,0.0,0.0,,,,,,,,,,,,,42644,12643955.0,49.62845881688126,72.16096545740632,03
2006-04-01,2006,4,Illinois,32064.0,,4384.0,6164.0,,277,0.0,0.0,0.0,,0.0,0.0,,,,,,,,,,,,,42889,12643955.0,34.67269537102908,48.7505689477699,04
2006-05-01,2006,5,Illinois,30029.0,,4622.0,5545.0,,231,0.0,0.0,0.0,,0.0,0.0,,0.0,0.0,,,,,,,,,,40427,12643955.0,36.555017793087686,43.854948866869584,05
2006-06-01,2006,6,Illinois,26514.0,,4169.0,5011.0,,199,0.0,0.0,0.0,,0.0,0.0,,0.0,0.0,,,,,,,,,,35893,12643955.0,32.97227805698454,39.63158679384734,06
2006-07-01,2006,7,Illinois,22097.0,,4148.0,5600.0,,331,0.0,0.0,0.0,,0.0,0.0,,0.0,0.0,,,,,,,,,,32176,12643955.0,32.80619078444996,44.28993934255539,07
2006-08-01,2006,8,Illinois,34393.0,,4685.0,7899.0,,226,0.0,0.0,0.0,,0.0,0.0,,0.0,0.0,,,,,,,,,,47203,12643955.0,37.05327961069143,62.47254122622233,08
2006-09-01,2006,9,Illinois,33948.0,,4607.0,8118.0,,299,0.0,0.0,0.0,,0.0,0.0,,0.0,0.0,,,,,,,,,,46972,12643955.0,36.436384026991554,64.20459421122584,09
2006-10-01,2006,10,Illinois,33875.0,,5323.0,9732.0,,278,0.0,0.0,0.0,,0.0,0.0,,,,,,,,,,,,,49208,12643955.0,42.09916912864685,76.96958744316949,10
2006-11-01,2006,11,Illinois,30945.0,,4948.0,11771.0,,342,0.0,0.0,0.0,,0.0,0.0,,,,,,,,,,,,,48006,12643955.0,39.133324976243586,93.09587071450349,11
2006-12-01,2006,12,Illinois,32090.0,,5986.0,12279.0,,341,0.0,0.0,0.0,,0.0,0.0,,,,,,,,,,,,,50696,12643955.0,47.34278159009582,97.11360092629245,12
2007-01-01,2007,1,Illinois,35972.0,,5198.0,7155.0,,268,0.0,0.0,0.0,,0.0,0.0,,,,,,,,,,,,,48593,12695866.0,40.94246111293235,56.356927522707,01
2007-02-01,2007,2,Illinois,29580.0,,5761.0,7438.0,,301,0.0,0.0,0.0,,0.0,0.0,,,,,,,,,,,,,43080,12695866.0,45.376975465872114,58.585999568678496,02
2007-03-01,2007,3,Illinois,36049.0,,6468.0,8451.0,,411,0.0,0.0,0.0,,0.0,0.0,,,,,,,,,,,,,51379,12695866.0,50.94571729096699,66.56497477210297,03
2007-04-01,2007,4,Illinois,28722.0,,5479.0,6121.0,,321,0.0,0.0,0.0,,0.0,0.0,,,,,,,,,,,,,40643,12695866.0,43.15577999956837,48.212544146259894,04
2007-05-01,2007,5,Illinois,30155.0,,5105.0,5224.0,,226,0.0,0.0,0.0,,0.0,0.0,,,,,,,,,,,,,40710,12695866.0,40.20993920383218,41.14725218429369,05
2007-06-01,2007,6,Illinois,26559.0,,4699.0,5062.0,,210,0.0,0.0,0.0,,0.0,0.0,,,,,,,,,,,,,36530,12695866.0,37.01204785872819,39.87124627811919,06
2007-07-01,2007,7,Illinois,26307.0,,4348.0,5158.0,,287,0.0,0.0,0.0,,0.0,0.0,,,,,,,,,,,,,36100,12695866.0,34.24736839535011,40.6273979262226,07
2007-08-01,2007,8,Illinois,32333.0,,5159.0,8193.0,,368,0.0,0.0,0.0,,0.0,0.0,,,,,,,,,,,,,46053,12695866.0,40.635274505890344,64.53281721782507,08
2007-09-01,2007,9,Illinois,33186.0,,4638.0,7590.0,,267,0.0,0.0,0.0,,0.0,0.0,,,,,,,,,,,,,45681,12695866.0,36.53157649899582,59.783239678175555,09
2007-10-01,2007,10,Illinois,34634.0,,5503.0,9571.0,,282,0.0,0.0,0.0,,0.0,0.0,,,,,,,,,,,,,49990,12695866.0,43.34481791159421,75.38674399997606,10
2007-11-01,2007,11,Illinois,34487.0,,5377.0,11499.0,,336,0.0,0.0,0.0,,0.0,0.0,,,,,,,,,,,,,51699,12695866.0,42.352368873458495,90.57278959938613,11
2007-12-01,2007,12,Illinois,27329.0,,6639.0,12126.0,,423,0.0,0.0,0.0,,0.0,0.0,,,,,,,,,,,,,46517,12695866.0,52.29261241415119,95.5114050510615,12
2008-01-01,2008,1,Illinois,36532.0,,6366.0,7633.0,,347,0.0,0.0,0.0,,0.0,0.0,,,,,,,,,,,,,50878,12747038.0,49.941013747664364,59.88057774676752,01
2008-02-01,2008,2,Illinois,31687.0,,7275.0,8002.0,,411,0.0,0.0,0.0,,0.0,0.0,,,,,,,,,,,,,47375,12747038.0,57.07208215743924,62.7753678933098,02
2008-03-01,2008,3,Illinois,37059.0,,8214.0,9393.0,,555,0.0,0.0,0.0,,0.0,0.0,,,,,,,,,,,,,55221,12747038.0,64.43849935961593,73.68770690100712,03
2008-04-01,2008,4,Illinois,37487.0,,6230.0,6643.0,,304,0.0,0.0,0.0,,0.0,0.0,,,,,,,,,,,,,50664,12747038.0,48.87409922210948,52.11406759750775,04
2008-05-01,2008,5,Illinois,28665.0,,6268.0,6334.0,,296,0.0,0.0,0.0,,0.0,0.0,,,,,,,,,,,,,41563,12747038.0,49.17220769248512,49.68997503576909,05
2008-06-01,2008,6,Illinois,25659.0,,5228.0,5228.0,,263,0.0,0.0,0.0,,0.0,0.0,,,,,,,,,,,,,36378,12747038.0,41.01344955588899,41.01344955588899,06
2008-07-01,2008,7,Illinois,29776.0,,5375.0,5732.0,,364,0.0,0.0,0.0,,0.0,0.0,,,,,,,,,,,,,41247,12747038.0,42.16665863865786,44.96730926823941,07
2008-08-01,2008,8,Illinois,33710.0,,5521.0,7899.0,,277,0.0,0.0,0.0,,0.0,0.0,,,,,,,,,,,,,47407,12747038.0,43.312022761680005,61.96733703939692,08
2008-09-01,2008,9,Illinois,40551.0,,5265.0,8084.0,,361,0.0,0.0,0.0,,0.0,0.0,,,,,,,,,,,,,54261,12747038.0,41.303713066517886,63.418654592541415,09
2008-10-01,2008,10,Illinois,40120.0,,6422.0,9829.0,,413,0.0,0.0,0.0,,0.0,0.0,,,,,,,,,,,,,56784,12747038.0,50.38033149348107,77.10810935058012,10
2002-07-01,2002,7,Indiana,8777.0,,1214.0,2648.0,,8,0.0,0.0,8.0,,0.0,318.0,,,,,,,,,,,,,12973,6155967.0,19.720703506045435,43.01517535750273,07
2002-08-01,2002,8,Indiana,9978.0,,1440.0,4586.0,,5,0.0,0.0,5.0,,0.0,456.0,,,,,,,,,,,,,16470,6155967.0,23.391938260877616,74.49682560026719,08
2002-09-01,2002,9,Indiana,6553.0,,1201.0,4811.0,,4,0.0,0.0,5.0,,1.0,376.0,,,,,,,,,,,,,12951,6155967.0,19.509526285634735,78.15181595352931,09
2002-10-01,2002,10,Indiana,7531.0,,1653.0,7308.0,,12,0.0,0.0,7.0,,0.0,486.0,,,,,,,,,,,,,16997,6155967.0,26.851995795299096,118.7140866739539,10
2002-11-01,2002,11,Indiana,6963.0,,1483.0,10101.0,,9,0.0,0.0,2.0,,0.0,594.0,,,,,,,,,,,,,19152,6155967.0,24.090447528389934,164.08470025911444,11
2002-12-01,2002,12,Indiana,5525.0,,1887.0,9930.0,,12,0.0,0.0,4.0,,0.0,305.0,,,,,,,,,,,,,17663,6155967.0,30.65318576269171,161.30690759063523,12
2003-01-01,2003,1,Indiana,6057.0,,1703.0,4007.0,,15,0.0,0.0,10.0,,1.0,417.0,,,,,,,,,,,,,12210,6196638.0,27.482644621163928,64.66409688608566,01
2003-02-01,2003,2,Indiana,6413.0,,1991.0,4550.0,,11,0.0,0.0,8.0,,0.0,596.0,,,,,,,,,,,,,13569,6196638.0,32.130326154279146,73.42691310997996,02
2003-03-01,2003,3,Indiana,6980.0,,2039.0,4971.0,,14,0.0,0.0,6.0,,0.0,350.0,,,,,,,,,,,,,14360,6196638.0,32.90493974313168,80.22091979554074,03
2003-04-01,2003,4,Indiana,10502.0,,1470.0,3438.0,,15,0.0,0.0,6.0,,0.0,367.0,,,,,,,,,,,,,15798,6196638.0,23.722541158608912,55.48169830156288,04
2003-05-01,2003,5,Indiana,11037.0,,1388.0,2875.0,,6,0.0,0.0,4.0,,0.0,335.0,,,,,,,,,,,,,15645,6196638.0,22.399242944319163,46.39612641564668,05
2003-06-01,2003,6,Indiana,10137.0,,1191.0,2773.0,,2,0.0,0.0,3.0,,0.0,308.0,,,,,,,,,,,,,14414,6196638.0,19.220099673403546,44.750072539335044,06
2003-07-01,2003,7,Indiana,7389.0,,1121.0,2653.0,,5,0.0,0.0,9.0,,0.0,330.0,,,,,,,,,,,,,11507,6196638.0,18.090454856326932,42.8135385672037,07
2003-08-01,2003,8,Indiana,6192.0,,1309.0,4540.0,,11,0.0,0.0,6.0,,0.0,473.0,,,,,,,,,,,,,12531,6196638.0,21.124358079332698,73.26553527896901,08
2003-09-01,2003,9,Indiana,7372.0,,1297.0,4641.0,,10,0.0,0.0,10.0,,0.0,390.0,,,,,,,,,,,,,13720,6196638.0,20.93070468211956,74.89545137217956,09
2003-10-01,2003,10,Indiana,760.0,,5444.0,10865.0,,182,0.0,0.0,15.0,,3.0,603.0,,,,,,,,,,,,,17872,6196638.0,87.85409120235843,175.33701339339171,10
2003-11-01,2003,11,Indiana,0.0,,4872.0,14289.0,,171,0.0,0.0,7.0,,3.0,681.0,,,,,,,,,,,,,20023,6196638.0,78.62327926853239,230.59278273153924,11
2003-12-01,2003,12,Indiana,0.0,,5948.0,15622.0,,214,0.0,0.0,4.0,,3.0,413.0,,,,,,,,,,,,,22204,6196638.0,95.98753388531006,252.10444760529822,12
2004-01-01,2004,1,Indiana,0.0,,6071.0,8040.0,,158,0.0,0.0,6.0,,1.0,524.0,,,,,,,,,,,,,14800,6233007.0,97.4008211445936,128.99071026231803,01
2004-02-01,2004,2,Indiana,0.0,,6538.0,8113.0,,196,0.0,0.0,6.0,,2.0,670.0,,,,,,,,,,,,,15525,6233007.0,104.89319200187005,130.1618945719137,02
2004-03-01,2004,3,Indiana,0.0,,6956.0,8703.0,,195,0.0,0.0,3.0,,2.0,447.0,,,,,,,,,,,,,16306,6233007.0,111.59942544585623,139.62763077275542,03
2004-04-01,2004,4,Indiana,0.0,,4988.0,6509.0,,173,0.0,0.0,5.0,,3.0,413.0,,,,,,,,,,,,,12091,6233007.0,80.02557994881123,104.42792700216766,04
2004-05-01,2004,5,Indiana,0.0,,4384.0,4961.0,,128,0.0,1.0,4.0,,2.0,392.0,,,,,,,,,,,,,9872,6233007.0,70.33523305845797,79.59240219046761,05
2004-06-01,2004,6,Indiana,0.0,,4467.0,5325.0,,168,0.0,0.0,1.0,,0.0,375.0,,,,,,,,,,,,,10336,6233007.0,71.66685357484758,85.4322801177666,06
2004-07-01,2004,7,Indiana,0.0,,4254.0,5491.0,,137,0.0,1.0,2.0,,1.0,439.0,,,,,,,,,,,,,10325,6233007.0,68.24956237013691,88.0955211505458,07
2004-08-01,2004,8,Indiana,0.0,,4672.0,7981.0,,191,0.0,0.0,2.0,,1.0,477.0,,,,,,,,,,,,,13324,6233007.0,74.9557958141231,128.04413664223384,08
2004-09-01,2004,9,Indiana,0.0,,4300.0,8169.0,,161,0.0,0.0,5.0,,0.0,474.0,,,,,,,,,,,,,13109,6233007.0,68.98756892138898,131.06033732995968,09
2004-10-01,2004,10,Indiana,0.0,,5521.0,11808.0,,190,0.0,0.0,3.0,,2.0,571.0,,,,,,,,,,,,,18095,6233007.0,88.57682977092759,189.44307298227005,10
2004-11-01,2004,11,Indiana,0.0,,5101.0,14599.0,,217,0.0,0.0,5.0,,0.0,696.0,,,,,,,,,,,,,20618,6233007.0,81.8385090855826,234.2208182984553,11
2004-12-01,2004,12,Indiana,0.0,,5983.0,15529.0,,208,0.0,0.0,2.0,,0.0,397.0,,,,,,,,,,,,,22119,6233007.0,95.98898252480706,249.1413855302906,12
2005-01-01,2005,1,Indiana,0.0,,5786.0,7377.0,,171,0.0,0.0,6.0,,1.0,489.0,,,,,,,,,,,,,13830,6278616.0,92.15406707465468,117.4940464586463,01
2005-02-01,2005,2,Indiana,0.0,,6762.0,7999.0,,327,0.0,0.0,1.0,,1.0,593.0,,,,,,,,,,,,,15683,6278616.0,107.69889415119509,127.4006883045563,02
2005-03-01,2005,3,Indiana,0.0,,7100.0,8475.0,,200,0.0,0.0,4.0,,2.0,373.0,,,,,,,,,,,,,16154,6278616.0,113.0822461510626,134.9819769197543,03
2005-04-01,2005,4,Indiana,0.0,,5464.0,7051.0,,208,0.0,0.0,5.0,,1.0,381.0,,,,,,,,,,,,,13110,6278616.0,87.02554830555015,112.30181938185102,04
2005-05-01,2005,5,Indiana,0.0,,4559.0,4991.0,,131,0.0,0.0,1.0,,0.0,283.0,,,,,,,,,,,,,9965,6278616.0,72.61154369052034,79.49204092112019,05
2005-06-01,2005,6,Indiana,0.0,,4448.0,5214.0,,171,0.0,1.0,3.0,,1.0,334.0,,,,,,,,,,,,,10172,6278616.0,70.84363815210232,83.04377907487893,06
2005-07-01,2005,7,Indiana,0.0,,4211.0,5108.0,,194,0.0,0.0,2.0,,1.0,405.0,,,,,,,,,,,,,9921,6278616.0,67.068920921426,81.35550892107433,07
2005-08-01,2005,8,Indiana,0.0,,4719.0,6980.0,,183,0.0,0.0,5.0,,2.0,417.0,,,,,,,,,,,,,12306,6278616.0,75.15987599814991,111.17099692034041,08
2005-09-01,2005,9,Indiana,0.0,,4477.0,7594.0,,177,0.0,1.0,3.0,,1.0,439.0,,,,,,,,,,,,,12692,6278616.0,71.30552338286017,120.95022215086891,09
2005-10-01,2005,10,Indiana,0.0,,5309.0,10552.0,,211,0.0,0.0,2.0,,0.0,493.0,,,,,,,,,,,,,16567,6278616.0,84.55685138253398,168.06251568817078,10
2005-11-01,2005,11,Indiana,0.0,,4843.0,13391.0,,213,0.0,0.0,4.0,,0.0,617.0,,,,,,,,,,,,,19068,6278616.0,77.13483353656284,213.27948707167312,11
2005-12-01,2005,12,Indiana,0.0,,6291.0,15837.0,,263,0.0,1.0,4.0,,1.0,384.0,,,,,,,,,,,,,22781,6278616.0,100.19724092061053,252.2371172245603,12
2006-01-01,2006,1,Indiana,0.0,,6625.0,8443.0,,218,0.0,0.0,3.0,,0.0,502.0,,,,,,,,,,,,,15791,6332669.0,104.61623685052858,133.3245113553227,01
2006-02-01,2006,2,Indiana,0.0,,7211.0,8941.0,,217,0.0,0.0,8.0,,2.0,596.0,,,,,,,,,,,,,16975,6332669.0,113.86983908364705,141.18849414046431,02
2006-03-01,2006,3,Indiana,0.0,,7402.0,9610.0,,275,0.0,0.0,6.0,,0.0,359.0,,,,,,,,,,,,,17652,6332669.0,116.88594493096038,151.75276017110636,03
2006-04-01,2006,4,Indiana,0.0,,5012.0,6804.0,,252,0.0,0.0,10.0,,0.0,335.0,,,,,,,,,,,,,12413,6332669.0,79.14514401431687,107.44284913675418,04
2006-05-01,2006,5,Indiana,0.0,,4787.0,5350.0,,203,0.0,0.0,9.0,,0.0,326.0,,0.0,0.0,,,,,,,,,,10675,6332669.0,75.59213974392155,84.48254598495515,05
2006-06-01,2006,6,Indiana,0.0,,4867.0,5566.0,,187,0.0,0.0,11.0,,0.0,357.0,,0.0,0.0,,,,,,,,,,10988,6332669.0,76.85543015117322,87.89343008453466,06
2006-07-01,2006,7,Indiana,0.0,,4472.0,5443.0,,167,0.0,0.0,12.0,,2.0,364.0,,0.0,0.0,,,,,,,,,,10460,6332669.0,70.61793376536814,85.95112108338522,07
2006-08-01,2006,8,Indiana,0.0,,5462.0,7715.0,,266,0.0,0.0,7.0,,0.0,429.0,,0.0,0.0,,,,,,,,,,13879,6332669.0,86.2511525551075,121.82856864933252,08
2006-09-01,2006,9,Indiana,0.0,,5381.0,8879.0,,265,0.0,0.0,13.0,,0.0,474.0,,0.0,0.0,,,,,,,,,,15012,6332669.0,84.97207101776517,140.20944407484427,09
2006-10-01,2006,10,Indiana,0.0,,5470.0,9964.0,,314,0.0,1.0,19.0,,1.0,504.0,,,,,,,,,,,,,16273,6332669.0,86.37748159583266,157.342820223195,10
2006-11-01,2006,11,Indiana,0.0,,6058.0,14668.0,,240,0.0,0.0,6.0,,0.0,633.0,,,,,,,,,,,,,21605,6332669.0,95.6626660891324,231.62429616959295,11
2006-12-01,2006,12,Indiana,0.0,,7138.0,16146.0,,245,0.0,0.0,6.0,,2.0,395.0,,,,,,,,,,,,,23932,6332669.0,112.71708658702988,254.96358644356746,12
2007-01-01,2007,1,Indiana,0.0,,6961.0,8305.0,,243,0.0,0.0,5.0,,1.0,460.0,,,,,,,,,,,,,15975,6379599.0,109.11344114261728,130.18059599043767,01
2007-02-01,2007,2,Indiana,0.0,,6721.0,7720.0,,208,0.0,0.0,5.0,,3.0,554.0,,,,,,,,,,,,,15211,6379599.0,105.35144920550648,121.01074064373012,02
2007-03-01,2007,3,Indiana,0.0,,7985.0,9314.0,,278,0.0,0.0,7.0,,1.0,407.0,,,,,,,,,,,,,17992,6379599.0,125.16460674095661,145.99663709270754,03
2007-04-01,2007,4,Indiana,0.0,,6040.0,6608.0,,257,0.0,1.0,0.0,,1.0,355.0,,,,,,,,,,,,,13262,6379599.0,94.67679708395465,103.58017800178351,04
2007-05-01,2007,5,Indiana,0.0,,5314.0,5272.0,,233,0.0,0.0,4.0,,0.0,321.0,,,,,,,,,,,,,11144,6379599.0,83.29677147419454,82.63842288520014,05
2007-06-01,2007,6,Indiana,0.0,,5728.0,5827.0,,217,0.0,0.0,1.0,,3.0,305.0,,,,,,,,,,,,,12081,6379599.0,89.78620756571064,91.33802923976883,06
2007-07-01,2007,7,Indiana,0.0,,4908.0,5919.0,,199,0.0,0.0,4.0,,1.0,334.0,,,,,,,,,,,,,11365,6379599.0,76.93273511391547,92.78012614899464,07
2007-08-01,2007,8,Indiana,0.0,,5944.0,8451.0,,254,0.0,0.0,3.0,,1.0,433.0,,,,,,,,,,,,,15086,6379599.0,93.17200030911033,132.46914108551337,08
2007-09-01,2007,9,Indiana,0.0,,5002.0,8163.0,,239,0.0,0.0,1.0,,0.0,430.0,,,,,,,,,,,,,13835,6379599.0,78.40618195595052,127.95475076098043,09
2007-10-01,2007,10,Indiana,0.0,,5491.0,9858.0,,289,0.0,0.0,3.0,,0.0,482.0,,,,,,,,,,,,,16123,6379599.0,86.07124052781373,154.5238188168253,10
2007-11-01,2007,11,Indiana,0.0,,6508.0,14549.0,,266,0.0,0.0,3.0,,0.0,624.0,,,,,,,,,,,,,21950,6379599.0,102.01268136132066,228.0550862209365,11
2007-12-01,2007,12,Indiana,0.0,,7943.0,14213.0,,341,0.0,0.0,3.0,,0.0,340.0,,,,,,,,,,,,,22840,6379599.0,124.50625815196221,222.78829750898137,12
2008-01-01,2008,1,Indiana,0.0,,8132.0,8355.0,,298,0.0,0.0,2.0,,1.0,467.0,,,,,,,,,,,,,17255,6424806.0,126.57191516755526,130.04283709111218,01
2008-02-01,2008,2,Indiana,0.0,,8796.0,8951.0,,308,0.0,0.0,1.0,,0.0,593.0,,,,,,,,,,,,,18649,6424806.0,136.90685757671125,139.31938178366786,02
2008-03-01,2008,3,Indiana,0.0,,9545.0,9961.0,,315,0.0,0.0,0.0,,4.0,371.0,,,,,,,,,,,,,20196,6424806.0,148.56479713161767,155.03970080964314,03
2008-04-01,2008,4,Indiana,0.0,,6798.0,7163.0,,268,0.0,0.0,1.0,,0.0,352.0,,,,,,,,,,,,,14582,6424806.0,105.80864231542556,111.48974770600077,04
2008-05-01,2008,5,Indiana,0.0,,7065.0,6543.0,,246,0.0,0.0,1.0,,0.0,404.0,,,,,,,,,,,,,14259,6424806.0,109.96440982031208,101.83965087817437,05
2008-06-01,2008,6,Indiana,0.0,,5701.0,5690.0,,201,0.0,0.0,1.0,,1.0,388.0,,,,,,,,,,,,,11982,6424806.0,88.73419679909402,88.56298540376162,06
2008-07-01,2008,7,Indiana,0.0,,6082.0,5998.0,,236,0.0,0.0,1.0,,2.0,375.0,,,,,,,,,,,,,12694,6424806.0,94.66433694651636,93.35690447306892,07
2008-08-01,2008,8,Indiana,0.0,,6615.0,8228.0,,239,0.0,0.0,1.0,,2.0,415.0,,,,,,,,,,,,,15500,6424806.0,102.96030728398648,128.06612370863806,08
2008-09-01,2008,9,Indiana,0.0,,6047.0,8408.0,,274,0.0,0.0,6.0,,2.0,418.0,,,,,,,,,,,,,15155,6424806.0,94.11957341591327,130.8677647231683,09
2008-10-01,2008,10,Indiana,0.0,,8106.0,11693.0,,353,0.0,0.0,2.0,,2.0,579.0,,,,,,,,,,,,,20735,6424806.0,126.16723368767866,181.99771323834526,10
2002-07-01,2002,7,Iowa,2735.0,,43.0,1426.0,,2,13.0,0.0,1.0,,5.0,123.0,,,,,,,,,,,,,4348,2934234.0,1.4654591283449105,48.59871434929866,07
2002-08-01,2002,8,Iowa,3022.0,,12.0,2351.0,,4,12.0,0.0,2.0,,7.0,148.0,,,,,,,,,,,,,5558,2934234.0,0.4089653381427657,80.12312583113685,08
2002-09-01,2002,9,Iowa,3649.0,,18.0,3558.0,,8,7.0,0.0,1.0,,6.0,180.0,,,,,,,,,,,,,7427,2934234.0,0.6134480072141486,121.25822275933004,09
2002-10-01,2002,10,Iowa,4748.0,,14.0,5187.0,,3,0.0,0.0,3.0,,4.0,240.0,,,,,,,,,,,,,10199,2934234.0,0.47712622783322667,176.77526741221047,10
2002-11-01,2002,11,Iowa,3951.0,,32.0,6103.0,,1,17.0,0.0,1.0,,1.0,189.0,,,,,,,,,,,,,10295,2934234.0,1.0905742350473753,207.99295489044158,11
2002-12-01,2002,12,Iowa,6418.0,,29.0,6586.0,,2,9.0,0.0,0.0,,2.0,172.0,,,,,,,,,,,,,13218,2934234.0,0.9883329005116838,224.45380975068792,12
2003-01-01,2003,1,Iowa,6834.0,,18.0,2417.0,,6,17.0,0.0,0.0,,3.0,174.0,,,,,,,,,,,,,9469,2941999.0,0.6118288959309639,82.1550245258411,01
2003-02-01,2003,2,Iowa,4961.0,,36.0,2684.0,,4,29.0,0.0,3.0,,1.0,200.0,,,,,,,,,,,,,7918,2941999.0,1.2236577918619278,91.2304864821504,02
2003-03-01,2003,3,Iowa,5134.0,,23.0,3273.0,,3,10.0,0.0,0.0,,3.0,143.0,,,,,,,,,,,,,8589,2941999.0,0.7817813670228984,111.25088757678029,03
2003-04-01,2003,4,Iowa,4052.0,,17.0,2338.0,,3,8.0,0.0,1.0,,1.0,148.0,,,,,,,,,,,,,6568,2941999.0,0.577838401712577,79.46977548258855,04
2003-05-01,2003,5,Iowa,2986.0,,8.0,1588.0,,3,11.0,0.0,0.0,,1.0,146.0,,,,,,,,,,,,,4743,2941999.0,0.2719239537470951,53.976904818798374,05
2003-06-01,2003,6,Iowa,2363.0,,15.0,1483.0,,3,11.0,0.0,0.0,,2.0,129.0,,,,,,,,,,,,,4006,2941999.0,0.5098574132758033,50.40790292586776,06
2003-07-01,2003,7,Iowa,2719.0,,25.0,1545.0,,0,7.0,0.0,1.0,,4.0,137.0,,,,,,,,,,,,,4438,2941999.0,0.8497623554596723,52.515313567407745,07
2003-08-01,2003,8,Iowa,2710.0,,20.0,2588.0,,4,66.0,0.0,1.0,,1.0,149.0,,,,,,,,,,,,,5539,2941999.0,0.6798098843677377,87.96739903718526,08
2003-09-01,2003,9,Iowa,3671.0,,17.0,3882.0,,2,2.0,0.0,2.0,,4.0,155.0,,,,,,,,,,,,,7735,2941999.0,0.577838401712577,131.9510985557779,09
2003-10-01,2003,10,Iowa,4232.0,,22.0,5711.0,,0,1.0,0.0,3.0,,2.0,223.0,,,,,,,,,,,,,10194,2941999.0,0.7477908728045115,194.11971248120753,10
2003-11-01,2003,11,Iowa,3913.0,,16.0,6792.0,,3,15.0,0.0,1.0,,0.0,185.0,,,,,,,,,,,,,10925,2941999.0,0.5438479074941902,230.8634367312837,11
2003-12-01,2003,12,Iowa,7033.0,,34.0,7760.0,,3,14.0,0.0,3.0,,1.0,155.0,,,,,,,,,,,,,15003,2941999.0,1.155676803425154,263.76623513468223,12
2004-01-01,2004,1,Iowa,6460.0,,27.0,2872.0,,4,2.0,0.0,3.0,,5.0,169.0,,,,,,,,,,,,,9542,2953635.0,0.9141278458577312,97.23611752975572,01
2004-02-01,2004,2,Iowa,4721.0,,33.0,3149.0,,7,27.0,0.0,5.0,,2.0,211.0,,,,,,,,,,,,,8155,2953635.0,1.1172673671594493,106.61439209651836,02
2004-03-01,2004,3,Iowa,5797.0,,34.0,3595.0,,4,5.0,0.0,2.0,,1.0,136.0,,,,,,,,,,,,,9574,2953635.0,1.1511239540430689,121.71442984661273,03
2004-04-01,2004,4,Iowa,3777.0,,26.0,2586.0,,1,13.0,0.0,3.0,,3.0,143.0,,,,,,,,,,,,,6552,2953635.0,0.8802712589741115,87.55313368104048,04
2004-05-01,2004,5,Iowa,2933.0,,18.0,1706.0,,1,20.0,0.0,4.0,,2.0,125.0,,,,,,,,,,,,,4809,2953635.0,0.6094185639051541,57.75933722345516,05
2004-06-01,2004,6,Iowa,2621.0,,19.0,1781.0,,1,9.0,0.0,2.0,,2.0,125.0,,,,,,,,,,,,,4560,2953635.0,0.6432751507887738,60.298581239726644,06
2004-07-01,2004,7,Iowa,2742.0,,26.0,1767.0,,4,8.0,0.0,2.0,,3.0,136.0,,,,,,,,,,,,,4688,2953635.0,0.8802712589741115,59.82458902335597,07
2004-08-01,2004,8,Iowa,2921.0,,18.0,2875.0,,6,13.0,0.0,1.0,,1.0,145.0,,,,,,,,,,,,,5980,2953635.0,0.6094185639051541,97.33768729040656,08
2004-09-01,2004,9,Iowa,3756.0,,30.0,3944.0,,3,8.0,0.0,0.0,,3.0,181.0,,,,,,,,,,,,,7925,2953635.0,1.0156976065085903,133.530378668996,09
2004-10-01,2004,10,Iowa,4514.0,,24.0,6047.0,,8,0.0,0.0,0.0,,2.0,228.0,,,,,,,,,,,,,10823,2953635.0,0.8125580852068721,204.73078088524818,10
2004-11-01,2004,11,Iowa,4146.0,,23.0,6952.0,,2,0.0,0.0,3.0,,3.0,207.0,,,,,,,,,,,,,11336,2953635.0,0.7787014983232525,235.37099201492396,11
2004-12-01,2004,12,Iowa,6662.0,,28.0,7734.0,,5,0.0,0.0,3.0,,2.0,139.0,,,,,,,,,,,,,14573,2953635.0,0.9479844327413509,261.8468429579146,12
2005-01-01,2005,1,Iowa,6519.0,,32.0,2898.0,,2,0.0,0.0,0.0,,9.0,161.0,,,,,,,,,,,,,9621,2964454.0,1.0794567903566727,97.75830557667618,01
2005-02-01,2005,2,Iowa,5420.0,,20.0,3303.0,,4,0.0,0.0,0.0,,5.0,193.0,,,,,,,,,,,,,8945,2964454.0,0.6746604939729205,111.42018057962783,02
2005-03-01,2005,3,Iowa,5840.0,,31.0,3917.0,,3,0.0,0.0,0.0,,2.0,152.0,,,,,,,,,,,,,9945,2964454.0,1.0457237656580267,132.13225774459647,03
2005-04-01,2005,4,Iowa,3892.0,,20.0,2701.0,,2,0.0,0.0,1.0,,3.0,115.0,,,,,,,,,,,,,6734,2964454.0,0.6746604939729205,91.11289971104291,04
2005-05-01,2005,5,Iowa,3304.0,,20.0,1761.0,,2,0.0,0.0,1.0,,3.0,101.0,,,,,,,,,,,,,5192,2964454.0,0.6746604939729205,59.40385649431565,05
2005-06-01,2005,6,Iowa,2849.0,,16.0,1694.0,,3,0.0,0.0,0.0,,3.0,124.0,,,,,,,,,,,,,4689,2964454.0,0.5397283951783364,57.14374383950637,06
2005-07-01,2005,7,Iowa,2621.0,,18.0,1715.0,,3,0.0,0.0,0.0,,3.0,99.0,,,,,,,,,,,,,4459,2964454.0,0.6071944445756284,57.852137358177934,07
2005-08-01,2005,8,Iowa,3130.0,,21.0,2554.0,,3,1.0,0.0,0.0,,6.0,116.0,,,,,,,,,,,,,5831,2964454.0,0.7083935186715665,86.15414508034193,08
2005-09-01,2005,9,Iowa,3582.0,,29.0,3747.0,,1,0.0,0.0,1.0,,2.0,148.0,,,,,,,,,,,,,7510,2964454.0,0.9782577162607347,126.39764354582664,09
2005-10-01,2005,10,Iowa,4167.0,,24.0,5758.0,,0,0.0,0.0,0.0,,2.0,161.0,,,,,,,,,,,,,10112,2964454.0,0.8095925927675046,194.2347562148038,10
2005-11-01,2005,11,Iowa,4399.0,,26.0,7684.0,,5,0.0,0.0,0.0,,7.0,159.0,,,,,,,,,,,,,12280,2964454.0,0.8770586421647967,259.20456178439605,11
2005-12-01,2005,12,Iowa,6753.0,,39.0,8110.0,,5,0.0,0.0,0.0,,2.0,117.0,,,,,,,,,,,,,15026,2964454.0,1.315587963247195,273.57483030601924,12
2006-01-01,2006,1,Iowa,6719.0,,34.0,3297.0,,2,0.0,0.0,0.0,,4.0,111.0,,,,,,,,,,,,,10167,2982644.0,1.13992819793445,110.53950789970241,01
2006-02-01,2006,2,Iowa,5130.0,,25.0,3403.0,,3,0.0,0.0,1.0,,7.0,156.0,,,,,,,,,,,,,8725,2982644.0,0.8381824984812133,114.09340169326275,02
2006-03-01,2006,3,Iowa,6033.0,,34.0,4204.0,,2,0.0,0.0,0.0,,2.0,116.0,,,,,,,,,,,,,10391,2982644.0,1.13992819793445,140.94876894460083,03
2006-04-01,2006,4,Iowa,3638.0,,15.0,2899.0,,0,0.0,0.0,0.0,,2.0,100.0,,,,,,,,,,,,,6654,2982644.0,0.5029094990887281,97.19564252388149,04
2006-05-01,2006,5,Iowa,3434.0,,19.0,1769.0,,0,4.0,0.0,0.0,,4.0,109.0,,0.0,0.0,,,,,,,,,,5339,2982644.0,0.6370186988457222,59.30979359253065,05
2006-06-01,2006,6,Iowa,2912.0,,13.0,1775.0,,1,0.0,0.0,0.0,,5.0,103.0,,8.0,0.0,,,,,,,,,,4817,2982644.0,0.43585489921023096,59.51095739216614,06
2006-07-01,2006,7,Iowa,2585.0,,16.0,1733.0,,0,0.0,0.0,1.0,,2.0,88.0,,0.0,0.0,,,,,,,,,,4425,2982644.0,0.5364367990279765,58.102810794717705,07
2006-08-01,2006,8,Iowa,3295.0,,13.0,2599.0,,2,0.0,0.0,2.0,,6.0,103.0,,0.0,0.0,,,,,,,,,,6020,2982644.0,0.43585489921023096,87.13745254210693,08
2006-09-01,2006,9,Iowa,3733.0,,11.0,4437.0,,3,0.0,0.0,2.0,,5.0,143.0,,0.0,0.0,,,,,,,,,,8334,2982644.0,0.36880029933173386,148.76062983044574,09
2006-10-01,2006,10,Iowa,4698.0,,24.0,5694.0,,3,0.0,0.0,1.0,,3.0,153.0,,,,,,,,,,,,,10576,2982644.0,0.8046551985419648,190.90444585408113,10
2006-11-01,2006,11,Iowa,4572.0,,20.0,7141.0,,5,0.0,0.0,0.0,,3.0,125.0,,,,,,,,,,,,,11866,2982644.0,0.6705459987849707,239.41844886617375,11
2006-12-01,2006,12,Iowa,6273.0,,34.0,7691.0,,2,0.0,0.0,1.0,,3.0,112.0,,,,,,,,,,,,,14116,2982644.0,1.13992819793445,257.8584638327605,12
2007-01-01,2007,1,Iowa,7045.0,,13.0,3088.0,,3,0.0,0.0,1.0,,3.0,129.0,,,,,,,,,,,,,10282,2999212.0,0.43344718546071437,102.96037759251429,01
2007-02-01,2007,2,Iowa,4918.0,,25.0,3221.0,,3,0.0,0.0,0.0,,6.0,141.0,,,,,,,,,,,,,8314,2999212.0,0.833552279732143,107.3948757206893,02
2007-03-01,2007,3,Iowa,5461.0,,32.0,3991.0,,2,0.0,0.0,2.0,,2.0,110.0,,,,,,,,,,,,,9600,2999212.0,1.066946918057143,133.0682859364393,03
2007-04-01,2007,4,Iowa,4638.0,,22.0,2594.0,,3,0.0,0.0,0.0,,0.0,80.0,,,,,,,,,,,,,7337,2999212.0,0.7335260061642858,86.48938454500716,04
2007-05-01,2007,5,Iowa,3568.0,,18.0,1563.0,,3,0.0,0.0,2.0,,2.0,82.0,,,,,,,,,,,,,5238,2999212.0,0.6001576414071429,52.11368852885358,05
2007-06-01,2007,6,Iowa,2909.0,,10.0,1647.0,,1,0.0,0.0,0.0,,2.0,101.0,,,,,,,,,,,,,4670,2999212.0,0.33342091189285716,54.914424188753586,06
2007-07-01,2007,7,Iowa,3014.0,,8.0,1634.0,,5,0.0,0.0,0.0,,0.0,81.0,,,,,,,,,,,,,4742,2999212.0,0.26673672951428573,54.480977003292864,07
2007-08-01,2007,8,Iowa,3468.0,,19.0,2822.0,,1,0.0,0.0,0.0,,5.0,126.0,,,,,,,,,,,,,6441,2999212.0,0.6334997325964287,94.09138133616429,08
2007-09-01,2007,9,Iowa,3659.0,,14.0,3685.0,,2,0.0,0.0,0.0,,4.0,152.0,,,,,,,,,,,,,7516,2999212.0,0.4667892766500001,122.86560603251787,09
2007-10-01,2007,10,Iowa,4871.0,,14.0,5261.0,,3,0.0,2.0,2.0,,2.0,148.0,,,,,,,,,,,,,10303,2999212.0,0.4667892766500001,175.41274174683218,10
2007-11-01,2007,11,Iowa,4686.0,,33.0,6855.0,,6,0.0,1.0,2.0,,1.0,139.0,,,,,,,,,,,,,11723,2999212.0,1.1002890092464286,228.5600351025536,11
2007-12-01,2007,12,Iowa,6234.0,,23.0,6371.0,,3,0.0,0.0,2.0,,3.0,86.0,,,,,,,,,,,,,12722,2999212.0,0.7668680973535715,212.42246296693932,12
2008-01-01,2008,1,Iowa,7250.0,,27.0,2986.0,,4,0.0,0.0,1.0,,4.0,114.0,,,,,,,,,,,,,10386,3016734.0,0.8950076473431201,98.98121610987248,01
2008-02-01,2008,2,Iowa,5487.0,,30.0,3184.0,,3,0.0,0.0,1.0,,5.0,140.0,,,,,,,,,,,,,8850,3016734.0,0.9944529414923556,105.54460552372203,02
2008-03-01,2008,3,Iowa,6271.0,,38.0,4141.0,,4,0.0,0.0,0.0,,1.0,114.0,,,,,,,,,,,,,10569,3016734.0,1.259640392556984,137.26765435732815,03
2008-04-01,2008,4,Iowa,5273.0,,26.0,2931.0,,5,0.0,0.0,0.0,,2.0,96.0,,,,,,,,,,,,,8333,3016734.0,0.8618592159600416,97.15805238380314,04
2008-05-01,2008,5,Iowa,4277.0,,30.0,1841.0,,0,0.0,0.0,0.0,,1.0,104.0,,,,,,,,,,,,,6253,3016734.0,0.9944529414923556,61.026262176247556,05
2008-06-01,2008,6,Iowa,3341.0,,17.0,1663.0,,1,0.0,0.0,1.0,,2.0,78.0,,,,,,,,,,,,,5103,3016734.0,0.5635233335123349,55.12584139005958,06
2008-07-01,2008,7,Iowa,3616.0,,32.0,1703.0,,4,0.0,0.0,1.0,,1.0,80.0,,,,,,,,,,,,,5437,3016734.0,1.0607498042585126,56.451778645382724,07
2008-08-01,2008,8,Iowa,3547.0,,23.0,2610.0,,1,0.0,0.0,0.0,,1.0,100.0,,,,,,,,,,,,,6282,3016734.0,0.7624139218108059,86.51740590983493,08
2008-09-01,2008,9,Iowa,4578.0,,17.0,3724.0,,0,0.0,0.0,0.0,,1.0,106.0,,,,,,,,,,,,,8426,3016734.0,0.5635233335123349,123.44475847058442,09
2008-10-01,2008,10,Iowa,5944.0,,23.0,4906.0,,7,0.0,0.0,3.0,,1.0,163.0,,,,,,,,,,,,,11047,3016734.0,0.7624139218108059,162.62620436538324,10
2002-07-01,2002,7,Kansas,0.0,,1434.0,2486.0,,137,0.0,2.0,3.0,,231.0,398.0,,,,,,,,,,,,,4691,2713535.0,52.846195092379496,91.61481241259095,07
2002-08-01,2002,8,Kansas,0.0,,1831.0,4693.0,,154,0.0,2.0,7.0,,278.0,589.0,,,,,,,,,,,,,7554,2713535.0,67.47655733204105,172.94783372980262,08
2002-09-01,2002,9,Kansas,0.0,,1704.0,5039.0,,174,0.0,15.0,3.0,,259.0,516.0,,,,,,,,,,,,,7710,2713535.0,62.79631550726267,185.69872877998625,09
2002-10-01,2002,10,Kansas,0.0,,2012.0,7229.0,,186,0.0,4.0,11.0,,308.0,654.0,,,,,,,,,,,,,10404,2713535.0,74.14682323979606,266.40526103403863,10
2002-11-01,2002,11,Kansas,0.0,,2088.0,9391.0,,187,0.0,8.0,19.0,,291.0,779.0,,,,,,,,,,,,,12763,2713535.0,76.9475978750965,346.0799289487698,11
2002-12-01,2002,12,Kansas,0.0,,2358.0,10014.0,,183,0.0,14.0,11.0,,251.0,554.0,,,,,,,,,,,,,13385,2713535.0,86.89771828997966,369.0389104986669,12
2003-01-01,2003,1,Kansas,0.0,,2363.0,4944.0,,165,0.0,5.0,7.0,,335.0,570.0,,,,,,,,,,,,,8389,2723004.0,86.77916007468222,181.56418426120564,01
2003-02-01,2003,2,Kansas,0.0,,2346.0,4466.0,,221,0.0,13.0,8.0,,361.0,684.0,,,,,,,,,,,,,8099,2723004.0,86.15484957054782,164.01004185083826,02
2003-03-01,2003,3,Kansas,0.0,,2683.0,4782.0,,218,0.0,8.0,6.0,,291.0,462.0,,,,,,,,,,,,,8450,2723004.0,98.53088721132983,175.61487239827778,03
2003-04-01,2003,4,Kansas,0.0,,1871.0,3614.0,,148,0.0,6.0,5.0,,255.0,472.0,,,,,,,,,,,,,6371,2723004.0,68.71087960208652,132.72106834951398,04
2003-05-01,2003,5,Kansas,0.0,,1503.0,2859.0,,120,0.0,5.0,9.0,,259.0,401.0,,,,,,,,,,,,,5156,2723004.0,55.196393394941765,104.99433713648604,05
2003-06-01,2003,6,Kansas,0.0,,1619.0,2631.0,,115,0.0,6.0,7.0,,231.0,399.0,,,,,,,,,,,,,5008,2723004.0,59.45639448197653,96.6212315516246,06
2003-07-01,2003,7,Kansas,0.0,,1385.0,2672.0,,129,0.0,5.0,8.0,,286.0,470.0,,,,,,,,,,,,,4955,2723004.0,50.86294401330296,98.12692159100757,07
2003-08-01,2003,8,Kansas,0.0,,1693.0,4820.0,,162,0.0,4.0,5.0,,344.0,606.0,,,,,,,,,,,,,7634,2723004.0,62.17398138232628,177.0103899957547,08
2003-09-01,2003,9,Kansas,0.0,,1733.0,5248.0,,166,0.0,7.0,4.0,,262.0,584.0,,,,,,,,,,,,,8004,2723004.0,63.64294727440724,192.72832504102087,09
2003-10-01,2003,10,Kansas,0.0,,2152.0,6951.0,,184,0.0,5.0,6.0,,293.0,673.0,,,,,,,,,,,,,10264,2723004.0,79.0303649939552,255.2695478963674,10
2003-11-01,2003,11,Kansas,0.0,,2054.0,8730.0,,178,0.0,10.0,7.0,,284.0,677.0,,,,,,,,,,,,,11940,2723004.0,75.43139855835688,320.60180594666775,11
2003-12-01,2003,12,Kansas,0.0,,2293.0,9759.0,,160,0.0,9.0,2.0,,281.0,591.0,,,,,,,,,,,,,13095,2723004.0,84.20846976354056,358.3909535204502,12
2004-01-01,2004,1,Kansas,0.0,,2319.0,4941.0,,179,0.0,10.0,4.0,,287.0,538.0,,,,,,,,,,,,,8278,2734373.0,84.80920488901843,180.69956074025015,01
2004-02-01,2004,2,Kansas,0.0,,2409.0,4752.0,,200,0.0,6.0,3.0,,358.0,689.0,,,,,,,,,,,,,8417,2734373.0,88.10063586789366,173.78755568461216,02
2004-03-01,2004,3,Kansas,0.0,,2675.0,4604.0,,187,0.0,26.0,8.0,,279.0,475.0,,,,,,,,,,,,,8254,2734373.0,97.82864298323601,168.37498029712845,03
2004-04-01,2004,4,Kansas,0.0,,2094.0,3674.0,,166,0.0,6.0,3.0,,269.0,438.0,,,,,,,,,,,,,6650,2734373.0,76.58062744183036,134.36352684875106,04
2004-05-01,2004,5,Kansas,0.0,,1494.0,2750.0,,121,0.0,2.0,2.0,,219.0,407.0,,,,,,,,,,,,,4995,2734373.0,54.63775424932883,100.57150213229872,05
2004-06-01,2004,6,Kansas,0.0,,1625.0,2890.0,,104,0.0,10.0,3.0,,236.0,399.0,,,,,,,,,,,,,5267,2734373.0,59.42861489635832,105.69150587721573,06
2004-07-01,2004,7,Kansas,0.0,,1603.0,3105.0,,138,0.0,11.0,5.0,,290.0,417.0,,,,,,,,,,,,,5569,2734373.0,58.62404287929994,113.55436877119544,07
2004-08-01,2004,8,Kansas,0.0,,1682.0,4460.0,,163,0.0,2.0,4.0,,254.0,510.0,,,,,,,,,,,,,7075,2734373.0,61.51318784964597,163.1086907309281,08
2004-09-01,2004,9,Kansas,0.0,,1652.0,5213.0,,151,0.0,5.0,9.0,,284.0,576.0,,,,,,,,,,,,,7890,2734373.0,60.4160441900209,190.6469965875175,09
2004-10-01,2004,10,Kansas,0.0,,2152.0,7668.0,,208,0.0,8.0,6.0,,277.0,618.0,,,,,,,,,,,,,10937,2734373.0,78.70177185043883,280.42991940016964,10
2004-11-01,2004,11,Kansas,0.0,,1999.0,9171.0,,159,0.0,10.0,11.0,,276.0,768.0,,,,,,,,,,,,,12394,2734373.0,73.10633918635095,335.39681674738597,11
2004-12-01,2004,12,Kansas,0.0,,2304.0,9974.0,,176,0.0,4.0,9.0,,292.0,522.0,,,,,,,,,,,,,13281,2734373.0,84.26063305920589,364.7636953700172,12
2005-01-01,2005,1,Kansas,0.0,,2221.0,4600.0,,200,0.0,5.0,9.0,,304.0,499.0,,,,,,,,,,,,,7838,2745299.0,80.9019345433776,167.55916204391582,01
2005-02-01,2005,2,Kansas,0.0,,2460.0,4317.0,,224,0.0,13.0,5.0,,379.0,677.0,,,,,,,,,,,,,8075,2745299.0,89.6077257887028,157.25063098773578,02
2005-03-01,2005,3,Kansas,0.0,,2606.0,4313.0,,165,0.0,12.0,6.0,,277.0,479.0,,,,,,,,,,,,,7858,2745299.0,94.92590788835751,157.10492736856716,03
2005-04-01,2005,4,Kansas,0.0,,1870.0,3717.0,,168,0.0,2.0,5.0,,271.0,428.0,,,,,,,,,,,,,6461,2745299.0,68.11644196133099,135.39508811244238,04
2005-05-01,2005,5,Kansas,0.0,,1505.0,2770.0,,126,0.0,7.0,5.0,,266.0,391.0,,,,,,,,,,,,,5070,2745299.0,54.820986712194184,100.89975627427103,05
2005-06-01,2005,6,Kansas,0.0,,1642.0,2657.0,,145,0.0,3.0,5.0,,261.0,358.0,,,,,,,,,,,,,5071,2745299.0,59.811335668719515,96.78362903275745,06
2005-07-01,2005,7,Kansas,0.0,,1602.0,2843.0,,127,0.0,7.0,4.0,,272.0,374.0,,,,,,,,,,,,,5229,2745299.0,58.35429947703329,103.5588473240984,07
2005-08-01,2005,8,Kansas,0.0,,1831.0,4609.0,,170,0.0,2.0,7.0,,283.0,500.0,,,,,,,,,,,,,7402,2745299.0,66.69583167443692,167.8869951870452,08
2005-09-01,2005,9,Kansas,0.0,,2007.0,5358.0,,169,0.0,14.0,11.0,,280.0,571.0,,,,,,,,,,,,,8410,2745299.0,73.1067909178563,195.16999787636976,09
2005-10-01,2005,10,Kansas,0.0,,2309.0,6674.0,,229,0.0,3.0,10.0,,280.0,525.0,,,,,,,,,,,,,10030,2745299.0,84.1074141650873,243.10648858284654,10
2005-11-01,2005,11,Kansas,0.0,,2092.0,9235.0,,209,0.0,3.0,11.0,,264.0,722.0,,,,,,,,,,,,,12536,2745299.0,76.20299282518954,336.39323075555706,11
2005-12-01,2005,12,Kansas,0.0,,2588.0,10721.0,,194,0.0,11.0,8.0,,269.0,540.0,,,,,,,,,,,,,14331,2745299.0,94.27024160209871,390.52212527670025,12
2006-01-01,2006,1,Kansas,0.0,,2821.0,5456.0,,200,0.0,6.0,4.0,,286.0,497.0,,,,,,,,,,,,,9270,2762931.0,102.10171734292314,197.47145332257662,01
2006-02-01,2006,2,Kansas,0.0,,2862.0,4767.0,,220,0.0,9.0,6.0,,356.0,576.0,,,,,,,,,,,,,8796,2762931.0,103.58564871869764,172.53416751992722,02
2006-03-01,2006,3,Kansas,0.0,,3467.0,5187.0,,203,0.0,19.0,7.0,,323.0,494.0,,,,,,,,,,,,,9700,2762931.0,125.48268487341885,187.73541575956838,03
2006-04-01,2006,4,Kansas,0.0,,2438.0,3803.0,,172,0.0,2.0,1.0,,245.0,361.0,,,,,,,,,,,,,7022,2762931.0,88.239626686298,137.64368346513177,04
2006-05-01,2006,5,Kansas,0.0,,2370.0,3069.0,,134,0.0,5.0,4.0,,258.0,359.0,,0.0,0.0,,,,,,,,,,6199,2762931.0,85.77847220940372,111.07769249394937,05
2006-06-01,2006,6,Kansas,0.0,,2150.0,2858.0,,135,0.0,3.0,6.0,,276.0,345.0,,0.0,0.0,,,,,,,,,,5773,2762931.0,77.81591360768691,103.44087492593916,06
2006-07-01,2006,7,Kansas,0.0,,2332.0,2909.0,,121,0.0,5.0,4.0,,260.0,374.0,,0.0,0.0,,,,,,,,,,6005,2762931.0,84.40312117819808,105.28674078360987,07
2006-08-01,2006,8,Kansas,0.0,,2746.0,4302.0,,188,0.0,2.0,10.0,,270.0,419.0,,0.0,0.0,,,,,,,,,,7937,2762931.0,99.38720872870151,155.70421411175306,08
2006-09-01,2006,9,Kansas,0.0,,2809.0,5754.0,,219,0.0,3.0,6.0,,287.0,533.0,,0.0,0.0,,,,,,,,,,9611,2762931.0,101.6673959646477,208.25710088308392,09
2006-10-01,2006,10,Kansas,0.0,,3206.0,6587.0,,247,0.0,0.0,4.0,,288.0,524.0,,,,,,,,,,,,,10856,2762931.0,116.03619489592755,238.40624322503893,10
2006-11-01,2006,11,Kansas,0.0,,3013.0,8225.0,,202,0.0,2.0,5.0,,275.0,626.0,,,,,,,,,,,,,12348,2762931.0,109.05085939533053,297.6911113596394,11
2006-12-01,2006,12,Kansas,0.0,,4271.0,10401.0,,244,0.0,0.0,3.0,,289.0,418.0,,,,,,,,,,,,,15626,2762931.0,154.58221721787478,376.4480546202565,12
2007-01-01,2007,1,Kansas,0.0,,3425.0,4662.0,,203,0.0,1.0,2.0,,286.0,416.0,,,,,,,,,,,,,8995,2783785.0,123.03392682983778,167.4698297461909,01
2007-02-01,2007,2,Kansas,0.0,,4173.0,4750.0,,215,0.0,3.0,2.0,,332.0,463.0,,,,,,,,,,,,,9938,2783785.0,149.90381800318633,170.63099341364367,02
2007-03-01,2007,3,Kansas,0.0,,4833.0,5203.0,,218,0.0,2.0,2.0,,276.0,384.0,,,,,,,,,,,,,10918,2783785.0,173.61254550908205,186.90380183814483,03
2007-04-01,2007,4,Kansas,0.0,,3367.0,3743.0,,202,0.0,1.0,1.0,,229.0,325.0,,,,,,,,,,,,,7868,2783785.0,120.9504325944712,134.4572228099512,04
2007-05-01,2007,5,Kansas,0.0,,2936.0,2762.0,,163,0.0,2.0,1.0,,274.0,273.0,,,,,,,,,,,,,6411,2783785.0,105.46791508683322,99.21743238073343,05
2007-06-01,2007,6,Kansas,0.0,,2980.0,2805.0,,162,0.0,5.0,3.0,,270.0,319.0,,,,,,,,,,,,,6544,2783785.0,107.0484969205596,100.76209190005693,06
2007-07-01,2007,7,Kansas,0.0,,2602.0,2850.0,,147,0.0,1.0,1.0,,266.0,300.0,,,,,,,,,,,,,6167,2783785.0,93.46986207627386,102.3785960481862,07
2007-08-01,2007,8,Kansas,0.0,,3155.0,4988.0,,216,0.0,1.0,2.0,,306.0,443.0,,,,,,,,,,,,,9111,2783785.0,113.33490194106226,179.18050424152727,08
2007-09-01,2007,9,Kansas,0.0,,2878.0,5326.0,,191,0.0,0.0,2.0,,245.0,385.0,,,,,,,,,,,,,9027,2783785.0,103.38442085146661,191.32224650969815,09
2007-10-01,2007,10,Kansas,0.0,,3280.0,6405.0,,196,0.0,0.0,2.0,,254.0,484.0,,,,,,,,,,,,,10621,2783785.0,117.8251912414213,230.0824237503974,10
2007-11-01,2007,11,Kansas,0.0,,3038.0,8267.0,,262,0.0,3.0,3.0,,283.0,578.0,,,,,,,,,,,,,12434,2783785.0,109.1319911559262,296.9697731685457,11
2007-12-01,2007,12,Kansas,0.0,,3946.0,8716.0,,241,0.0,0.0,1.0,,239.0,325.0,,,,,,,,,,,,,13468,2783785.0,141.74945263373428,313.0988923354354,12
2008-01-01,2008,1,Kansas,0.0,,3953.0,4583.0,,201,0.0,2.0,2.0,,276.0,388.0,,,,,,,,,,,,,9405,2808076.0,140.7725431932754,163.20783340621836,01
2008-02-01,2008,2,Kansas,0.0,,4522.0,4569.0,,238,0.0,5.0,1.0,,375.0,459.0,,,,,,,,,,,,,10169,2808076.0,161.0355275284572,162.7092714014863,02
2008-03-01,2008,3,Kansas,0.0,,4660.0,4719.0,,252,0.0,1.0,2.0,,223.0,325.0,,,,,,,,,,,,,10182,2808076.0,165.9499244322447,168.0510071664727,03
2008-04-01,2008,4,Kansas,0.0,,3982.0,3991.0,,184,0.0,0.0,0.0,,224.0,299.0,,,,,,,,,,,,,8680,2808076.0,141.8052787745061,142.12578292040527,04
2008-05-01,2008,5,Kansas,0.0,,3483.0,3306.0,,177,0.0,1.0,0.0,,321.0,330.0,,,,,,,,,,,,,7618,2808076.0,124.03510446298462,117.73185626030065,05
2008-06-01,2008,6,Kansas,0.0,,3292.0,2851.0,,172,0.0,1.0,2.0,,297.0,264.0,,,,,,,,,,,,,6879,2808076.0,117.23329425556857,101.52859110650853,06
2008-07-01,2008,7,Kansas,0.0,,3191.0,3144.0,,171,0.0,1.0,1.0,,258.0,304.0,,,,,,,,,,,,,7070,2808076.0,113.63652550714438,111.9627816341153,07
2008-08-01,2008,8,Kansas,0.0,,3672.0,4831.0,,282,0.0,1.0,1.0,,289.0,332.0,,,,,,,,,,,,,9408,2808076.0,130.7656915268675,172.03950320432924,08
2008-09-01,2008,9,Kansas,0.0,,2905.0,4764.0,,208,0.0,2.0,1.0,,284.0,379.0,,,,,,,,,,,,,8543,2808076.0,103.45161598190363,169.6535278959686,09
2008-10-01,2008,10,Kansas,0.0,,4258.0,6835.0,,307,0.0,0.0,1.0,,339.0,491.0,,,,,,,,,,,,,12231,2808076.0,151.6340725820811,243.40509302454777,10
2002-07-01,2002,7,Kentucky,0.0,,4394.0,5775.0,,299,0.0,51.0,122.0,,959.0,1640.0,,,,,,,,,,,,,13240,4089875.0,107.4360463339344,141.20235948531433,07
2002-08-01,2002,8,Kentucky,0.0,,5337.0,9644.0,,372,0.0,49.0,101.0,,1120.0,2353.0,,,,,,,,,,,,,18976,4089875.0,130.49298572694764,235.8018276842202,08
2002-09-01,2002,9,Kentucky,0.0,,4741.0,9587.0,,350,0.0,43.0,83.0,,905.0,1936.0,,,,,,,,,,,,,17645,4089875.0,115.92041321556283,234.40814205813138,09
2002-10-01,2002,10,Kentucky,0.0,,5120.0,12837.0,,396,0.0,57.0,88.0,,1062.0,2477.0,,,,,,,,,,,,,22037,4089875.0,125.1872000978025,313.872673370213,10
2002-11-01,2002,11,Kentucky,0.0,,5241.0,15896.0,,372,0.0,42.0,101.0,,1102.0,2960.0,,,,,,,,,,,,,25714,4089875.0,128.14572572511386,388.6671353036462,11
2002-12-01,2002,12,Kentucky,0.0,,7163.0,19662.0,,402,0.0,38.0,118.0,,815.0,1524.0,,,,,,,,,,,,,29722,4089875.0,175.13982701182798,480.7481891255845,12
2003-01-01,2003,1,Kentucky,0.0,,5871.0,8597.0,,472,0.0,56.0,85.0,,1162.0,2365.0,,,,,,,,,,,,,18608,4117170.0,142.59794956244218,208.80847766791268,01
2003-02-01,2003,2,Kentucky,0.0,,7027.0,9538.0,,542,0.0,37.0,83.0,,1231.0,2609.0,,,,,,,,,,,,,21067,4117170.0,170.67548826013984,231.66398278429116,02
2003-03-01,2003,3,Kentucky,0.0,,6140.0,9074.0,,359,0.0,48.0,101.0,,912.0,1708.0,,,,,,,,,,,,,18342,4117170.0,149.1315636711625,220.39410565995576,03
2003-04-01,2003,4,Kentucky,0.0,,4677.0,7517.0,,341,0.0,58.0,88.0,,973.0,1759.0,,,,,,,,,,,,,15413,4117170.0,113.59744678990666,182.5768671198906,04
2003-05-01,2003,5,Kentucky,0.0,,4825.0,5779.0,,353,0.0,49.0,72.0,,1113.0,1841.0,,,,,,,,,,,,,14032,4117170.0,117.19214897611708,140.36340496020324,05
2003-06-01,2003,6,Kentucky,0.0,,4442.0,5509.0,,300,0.0,34.0,77.0,,912.0,1434.0,,,,,,,,,,,,,12708,4117170.0,107.88964264288335,133.80550232319771,06
2003-07-01,2003,7,Kentucky,0.0,,4551.0,5626.0,,341,0.0,47.0,71.0,,1029.0,1683.0,,,,,,,,,,,,,13348,4117170.0,110.53709222597075,136.6472601325668,07
2003-08-01,2003,8,Kentucky,0.0,,4985.0,9265.0,,357,0.0,34.0,83.0,,1190.0,2353.0,,,,,,,,,,,,,18267,4117170.0,121.07831350174997,225.03321456243003,08
2003-09-01,2003,9,Kentucky,0.0,,4742.0,9316.0,,376,0.0,20.0,18.0,,943.0,1892.0,,,,,,,,,,,,,17307,4117170.0,115.17620112844503,226.27192950497547,09
2003-10-01,2003,10,Kentucky,0.0,,5424.0,13224.0,,443,0.0,14.0,26.0,,1247.0,2844.0,,,,,,,,,,,,,23222,4117170.0,131.74097741895525,321.1914980435591,10
2003-11-01,2003,11,Kentucky,0.0,,5442.0,14539.0,,432,0.0,16.0,28.0,,924.0,2392.0,,,,,,,,,,,,,23773,4117170.0,132.17817092808897,353.1309127386044,11
2003-12-01,2003,12,Kentucky,0.0,,7530.0,20180.0,,463,0.0,8.0,25.0,,954.0,1622.0,,,,,,,,,,,,,30782,4117170.0,182.89261798759827,490.1425007954493,12
2004-01-01,2004,1,Kentucky,0.0,,6515.0,9414.0,,444,0.0,16.0,32.0,,1300.0,2247.0,,,,,,,,,,,,,19968,4146101.0,157.13558352775294,227.05669736458424,01
2004-02-01,2004,2,Kentucky,0.0,,7218.0,9678.0,,534,0.0,8.0,22.0,,1302.0,2356.0,,,,,,,,,,,,,21118,4146101.0,174.09127274034086,233.42412546148782,02
2004-03-01,2004,3,Kentucky,0.0,,6421.0,9010.0,,373,0.0,4.0,19.0,,1017.0,1803.0,,,,,,,,,,,,,18647,4146101.0,154.8683932205221,217.312602852656,03
2004-04-01,2004,4,Kentucky,0.0,,5297.0,8055.0,,407,0.0,6.0,12.0,,1099.0,1902.0,,,,,,,,,,,,,16778,4146101.0,127.75858571703873,194.2789140930238,04
2004-05-01,2004,5,Kentucky,0.0,,4460.0,5243.0,,319,0.0,10.0,18.0,,901.0,1434.0,,,,,,,,,,,,,12385,4146101.0,107.57094436435581,126.45615724267208,05
2004-06-01,2004,6,Kentucky,0.0,,4542.0,5491.0,,323,0.0,6.0,12.0,,1078.0,1661.0,,,,,,,,,,,,,13113,4146101.0,109.54870612172736,132.43768060642998,06
2004-07-01,2004,7,Kentucky,0.0,,4827.0,6252.0,,386,0.0,16.0,22.0,,1170.0,1990.0,,,,,,,,,,,,,14663,4146101.0,116.42263418088464,150.79227447667097,07
2004-08-01,2004,8,Kentucky,0.0,,4817.0,9163.0,,348,0.0,7.0,18.0,,1026.0,1935.0,,,,,,,,,,,,,17314,4146101.0,116.1814437226686,221.00281686336152,08
2004-09-01,2004,9,Kentucky,0.0,,4855.0,10264.0,,387,0.0,6.0,18.0,,1132.0,2140.0,,,,,,,,,,,,,18802,4146101.0,117.09796746388957,247.55788631294797,09
2004-10-01,2004,10,Kentucky,0.0,,5349.0,14162.0,,453,0.0,11.0,35.0,,1081.0,2412.0,,,,,,,,,,,,,23503,4146101.0,129.01277609976216,341.5739269255621,10
2004-11-01,2004,11,Kentucky,0.0,,5683.0,16300.0,,438,0.0,11.0,48.0,,1052.0,2691.0,,,,,,,,,,,,,26223,4146101.0,137.06853740417804,393.14044689215245,11
2004-12-01,2004,12,Kentucky,0.0,,7905.0,21141.0,,515,0.0,9.0,17.0,,1055.0,1818.0,,,,,,,,,,,,,32460,4146101.0,190.66105721978312,509.90074771453953,12
2005-01-01,2005,1,Kentucky,0.0,,6439.0,8975.0,,470,0.0,16.0,28.0,,1146.0,2026.0,,,,,,,,,,,,,19100,4182742.0,153.94207914329883,214.57216342772276,01
2005-02-01,2005,2,Kentucky,0.0,,7382.0,9929.0,,585,0.0,16.0,27.0,,1325.0,2542.0,,,,,,,,,,,,,21806,4182742.0,176.48709865442333,237.3801683202072,02
2005-03-01,2005,3,Kentucky,0.0,,7210.0,9584.0,,415,0.0,10.0,22.0,,958.0,1703.0,,,,,,,,,,,,,19902,4182742.0,172.37496360043244,229.13199045028358,03
2005-04-01,2005,4,Kentucky,0.0,,5419.0,8169.0,,381,0.0,8.0,19.0,,1025.0,1940.0,,,,,,,,,,,,,16961,4182742.0,129.55616196265512,195.30250730262588,04
2005-05-01,2005,5,Kentucky,0.0,,4825.0,5293.0,,321,0.0,15.0,13.0,,843.0,1359.0,,,,,,,,,,,,,12669,4182742.0,115.35495136922144,126.54378395798736,05
2005-06-01,2005,6,Kentucky,0.0,,4837.0,5708.0,,312,0.0,8.0,14.0,,1035.0,1543.0,,,,,,,,,,,,,13457,4182742.0,115.64184451252312,136.4655051638375,06
2005-07-01,2005,7,Kentucky,0.0,,5029.0,6058.0,,337,0.0,12.0,11.0,,1016.0,1689.0,,,,,,,,,,,,,14152,4182742.0,120.23213480535017,144.83322184347014,07
2005-08-01,2005,8,Kentucky,0.0,,5184.0,8297.0,,370,0.0,9.0,27.0,,1133.0,1998.0,,,,,,,,,,,,,17018,4182742.0,123.93783790633034,198.36270083117728,08
2005-09-01,2005,9,Kentucky,0.0,,5236.0,9016.0,,427,0.0,9.0,20.0,,1257.0,2396.0,,,,,,,,,,,,,18361,4182742.0,125.18104152730433,215.5523816673369,09
2005-10-01,2005,10,Kentucky,0.0,,5367.0,11765.0,,381,0.0,10.0,15.0,,1034.0,2237.0,,,,,,,,,,,,,20809,4182742.0,128.3129583416811,281.27481924536585,10
2005-11-01,2005,11,Kentucky,0.0,,5465.0,15510.0,,421,0.0,9.0,15.0,,990.0,2790.0,,,,,,,,,,,,,25200,4182742.0,130.65591901197826,370.80938771743513,11
2005-12-01,2005,12,Kentucky,0.0,,8501.0,21158.0,,515,0.0,7.0,10.0,,1104.0,1859.0,,,,,,,,,,,,,33154,4182742.0,203.23988426730597,505.84042716476415,12
2006-01-01,2006,1,Kentucky,0.0,,6755.0,9274.0,,553,0.0,11.0,16.0,,1194.0,2119.0,,,,,,,,,,,,,19922,4219239.0,160.09996115413227,219.80267057637644,01
2006-02-01,2006,2,Kentucky,0.0,,8015.0,10635.0,,628,0.0,6.0,17.0,,1327.0,2541.0,,,,,,,,,,,,,23169,4219239.0,189.96316634350413,252.05967237219795,02
2006-03-01,2006,3,Kentucky,0.0,,7362.0,9833.0,,448,0.0,9.0,22.0,,1119.0,1896.0,,,,,,,,,,,,,20689,4219239.0,174.48644174932966,233.05150525959775,03
2006-04-01,2006,4,Kentucky,0.0,,5222.0,7935.0,,343,4822.0,7.0,15.0,,881.0,1478.0,,,,,,,,,,,,,20703,4219239.0,123.76639484039657,188.06708982354402,04
2006-05-01,2006,5,Kentucky,0.0,,5315.0,5933.0,,394,3520.0,13.0,15.0,,942.0,1431.0,,0.0,0.0,,,,,,,,,,17563,4219239.0,125.97058379485021,140.61777491154209,05
2006-06-01,2006,6,Kentucky,0.0,,5389.0,5843.0,,382,408.0,7.0,11.0,,1149.0,1747.0,,0.0,0.0,,,,,,,,,,14936,4219239.0,127.72445457581333,138.484688826587,06
2006-07-01,2006,7,Kentucky,16783.0,,4945.0,5817.0,,401,28083.0,4.0,8.0,,987.0,1426.0,,0.0,0.0,,,,,,,,,,58454,4219239.0,117.20122989003468,137.86846395759994,07
2006-08-01,2006,8,Kentucky,96225.0,,5393.0,8078.0,,415,0.0,5.0,17.0,,1011.0,1915.0,,0.0,0.0,,,,,,,,,,113059,4219239.0,127.81925840181133,191.45632660297272,08
2006-09-01,2006,9,Kentucky,100938.0,,5672.0,9943.0,,487,0.0,13.0,31.0,,1257.0,2365.0,,0.0,0.0,,,,,,,,,,120706,4219239.0,134.43182526517222,235.65861047454294,09
2006-10-01,2006,10,Kentucky,99625.0,,5840.0,12191.0,,415,0.0,17.0,37.0,,996.0,1993.0,,,,,,,,,,,,,121114,4219239.0,138.41358595708846,288.9383606854222,10
2006-11-01,2006,11,Kentucky,100835.0,,5989.0,15104.0,,499,0.0,15.0,37.0,,1097.0,2551.0,,,,,,,,,,,,,126127,4219239.0,141.9450284755142,357.9792469684699,11
2006-12-01,2006,12,Kentucky,102157.0,,9337.0,20330.0,,543,0.0,6.0,29.0,,1066.0,1689.0,,,,,,,,,,,,,135157,4219239.0,221.29583083584504,481.84044563486447,12
2007-01-01,2007,1,Kentucky,105742.0,,7030.0,9046.0,,547,0.0,14.0,34.0,,1130.0,2061.0,,,,,,,,,,,,,125604,4256672.0,165.15249471887898,212.51343772787754,01
2007-02-01,2007,2,Kentucky,105876.0,,8232.0,9362.0,,530,0.0,14.0,23.0,,1273.0,2228.0,,,,,,,,,,,,,127538,4256672.0,193.3905172867442,219.93707760428805,02
2007-03-01,2007,3,Kentucky,107956.0,,7530.0,8896.0,,482,0.0,14.0,38.0,,1088.0,1755.0,,,,,,,,,,,,,127759,4256672.0,176.89876034611075,208.98955803970802,03
2007-04-01,2007,4,Kentucky,109203.0,,5906.0,6941.0,,337,0.0,14.0,33.0,,876.0,1506.0,,,,,,,,,,,,,124816,4256672.0,138.7468895888619,163.0616594372317,04
2007-05-01,2007,5,Kentucky,112566.0,,5490.0,5081.0,,400,0.0,15.0,27.0,,949.0,1442.0,,,,,,,,,,,,,125970,4256672.0,128.97399658700508,119.36555130392945,05
2007-06-01,2007,6,Kentucky,114480.0,,5597.0,5447.0,,386,0.0,16.0,31.0,,1056.0,1732.0,,,,,,,,,,,,,128745,4256672.0,131.48769743123265,127.96381774306312,06
2007-07-01,2007,7,Kentucky,107485.0,,5244.0,5737.0,,389,0.0,15.0,25.0,,889.0,1379.0,,,,,,,,,,,,,121163,4256672.0,123.19483389840703,134.77665180685756,07
2007-08-01,2007,8,Kentucky,116884.0,,5814.0,8072.0,,465,0.0,15.0,29.0,,1275.0,2175.0,,,,,,,,,,,,,134729,4256672.0,136.58557671345127,189.63171228603002,08
2007-09-01,2007,9,Kentucky,117369.0,,5356.0,8547.0,,418,0.0,16.0,21.0,,958.0,1771.0,,,,,,,,,,,,,134456,4256672.0,125.82599739890694,200.7906646319002,09
2007-10-01,2007,10,Kentucky,120994.0,,5768.0,10749.0,,488,0.0,10.0,30.0,,1075.0,2150.0,,,,,,,,,,,,,141264,4256672.0,135.50492027574595,252.52121845422906,10
2007-11-01,2007,11,Kentucky,120446.0,,6122.0,13173.0,,502,0.0,12.0,43.0,,1153.0,2725.0,,,,,,,,,,,,,144176,4256672.0,143.82127633982606,309.46711421504875,11
2007-12-01,2007,12,Kentucky,121387.0,,9547.0,17620.0,,567,0.0,8.0,12.0,,970.0,1519.0,,,,,,,,,,,,,151630,4256672.0,224.2831958863638,413.93840070364826,12
2008-01-01,2008,1,Kentucky,124155.0,,7357.0,8139.0,,567,0.0,15.0,30.0,,1183.0,2127.0,,,,,,,,,,,,,143573,4289878.0,171.49671855470015,189.72567518237116,01
2008-02-01,2008,2,Kentucky,125305.0,,8925.0,9523.0,,650,0.0,11.0,29.0,,1491.0,2694.0,,,,,,,,,,,,,148628,4289878.0,208.0478745549407,221.98766491727736,02
2008-03-01,2008,3,Kentucky,127741.0,,7352.0,8536.0,,423,5.0,14.0,24.0,,905.0,1516.0,,,,,,,,,,,,,146516,4289878.0,171.38016512357694,198.98001761355454,03
2008-04-01,2008,4,Kentucky,132704.0,,5904.0,6809.0,,387,1.0,5.0,17.0,,949.0,1591.0,,,,,,,,,,,,,148367,4289878.0,137.62629147029355,158.72246250359566,04
2008-05-01,2008,5,Kentucky,134814.0,,6204.0,5802.0,,440,8.0,13.0,10.0,,1191.0,1790.0,,,,,,,,,,,,,150272,4289878.0,144.61949733768654,135.24860147537996,05
2008-06-01,2008,6,Kentucky,132683.0,,5696.0,5034.0,,373,2.0,16.0,12.0,,1120.0,1647.0,,,,,,,,,,,,,146583,4289878.0,132.77766873556777,117.34599445485397,06
2008-07-01,2008,7,Kentucky,169773.0,,6014.0,5549.0,,400,11.0,13.0,18.0,,1125.0,1652.0,,,,,,,,,,,,,184555,4289878.0,140.1904669550043,129.35099786054522,07
2008-08-01,2008,8,Kentucky,137218.0,,5761.0,7585.0,,482,5.0,12.0,23.0,,1105.0,2001.0,,,,,,,,,,,,,154192,4289878.0,134.2928633401696,176.81155501391882,08
2008-09-01,2008,9,Kentucky,139611.0,,5529.0,7524.0,,400,0.0,15.0,17.0,,1037.0,1662.0,,,,,,,,,,,,,155795,4289878.0,128.88478413605233,175.3896031542156,09
2008-10-01,2008,10,Kentucky,140346.0,,6343.0,10872.0,,594,0.0,9.0,26.0,,1298.0,2598.0,,,,,,,,,,,,,162086,4289878.0,147.85968272291194,253.43378063432107,10
2002-07-01,2002,7,Louisiana,0.0,,3916.0,4147.0,,149,0.0,18.0,31.0,,789.0,1178.0,,,,,,,,,,,,,10228,4497267.0,87.07510583650026,92.21155870887809,07
2002-08-01,2002,8,Louisiana,0.0,,5586.0,7314.0,,206,0.0,10.0,22.0,,929.0,1490.0,,,,,,,,,,,,,15557,4497267.0,124.20876945931829,162.63210523191086,08
2002-09-01,2002,9,Louisiana,0.0,,4019.0,9186.0,,187,0.0,12.0,17.0,,791.0,1718.0,,,,,,,,,,,,,15930,4497267.0,89.36538568868605,204.25738565221945,09
2002-10-01,2002,10,Louisiana,0.0,,3878.0,11092.0,,213,0.0,8.0,22.0,,872.0,2453.0,,,,,,,,,,,,,18538,4497267.0,86.23014822113075,246.63868078101657,10
2002-11-01,2002,11,Louisiana,0.0,,3724.0,13670.0,,252,0.0,14.0,29.0,,846.0,2244.0,,,,,,,,,,,,,20779,4497267.0,82.8058463062122,303.96238426582187,11
2002-12-01,2002,12,Louisiana,0.0,,4647.0,17613.0,,226,0.0,8.0,8.0,,744.0,1311.0,,,,,,,,,,,,,24557,4497267.0,103.32942206900323,391.6378547237689,12
2003-01-01,2003,1,Louisiana,0.0,,5257.0,5970.0,,243,0.0,3.0,9.0,,889.0,1452.0,,,,,,,,,,,,,13823,4521042.0,116.27850393780903,132.04920458602243,01
2003-02-01,2003,2,Louisiana,0.0,,5679.0,5221.0,,255,0.0,7.0,6.0,,1107.0,1667.0,,,,,,,,,,,,,13942,4521042.0,125.61263531725652,115.48222732724004,02
2003-03-01,2003,3,Louisiana,2.0,,5677.0,5114.0,,184,0.0,4.0,4.0,,710.0,1113.0,,,,,,,,,,,,,12808,4521042.0,125.56839772778045,113.11551629027113,03
2003-04-01,2003,4,Louisiana,0.0,,3835.0,3494.0,,153,0.0,6.0,5.0,,725.0,1142.0,,,,,,,,,,,,,9360,4521042.0,84.82557782033433,77.28306881466706,04
2003-05-01,2003,5,Louisiana,0.0,,3708.0,3602.0,,192,0.0,6.0,7.0,,769.0,1124.0,,,,,,,,,,,,,9408,4521042.0,82.01649088860489,79.671898646374,05
2003-06-01,2003,6,Louisiana,0.0,,3689.0,3749.0,,172,0.0,6.0,7.0,,697.0,1090.0,,,,,,,,,,,,,9410,4521042.0,81.59623378858237,82.923361472864,06
2003-07-01,2003,7,Louisiana,0.0,,3829.0,4505.0,,208,0.0,4.0,3.0,,823.0,1109.0,,,,,,,,,,,,,10481,4521042.0,84.69286505190617,99.64517029481257,07
2003-08-01,2003,8,Louisiana,0.0,,3858.0,7446.0,,247,0.0,6.0,8.0,,880.0,1604.0,,,,,,,,,,,,,14049,4521042.0,85.33431009930896,164.6965456193506,08
2003-09-01,2003,9,Louisiana,0.0,,3865.0,9886.0,,180,0.0,2.0,17.0,,750.0,1815.0,,,,,,,,,,,,,16515,4521042.0,85.48914166247515,218.66640478013696,09
2003-10-01,2003,10,Louisiana,0.0,,3801.0,12695.0,,277,0.0,5.0,6.0,,936.0,2566.0,,,,,,,,,,,,,20286,4521042.0,84.07353879924142,280.7980991992554,10
2003-11-01,2003,11,Louisiana,0.0,,3469.0,13057.0,,192,0.0,7.0,1.0,,729.0,1742.0,,,,,,,,,,,,,19197,4521042.0,76.73009894621639,288.8051028944212,11
2003-12-01,2003,12,Louisiana,0.0,,5331.0,18701.0,,235,0.0,5.0,7.0,,805.0,1330.0,,,,,,,,,,,,,26414,4521042.0,117.91529474842304,413.6435803958468,12
2004-01-01,2004,1,Louisiana,0.0,,4339.0,6433.0,,250,0.0,4.0,6.0,,979.0,1421.0,,,,,,,,,,,,,13432,4552238.0,95.31575458049426,141.31510698693697,01
2004-02-01,2004,2,Louisiana,0.0,,5369.0,5457.0,,241,0.0,2.0,2.0,,1025.0,1640.0,,,,,,,,,,,,,13736,4552238.0,117.94198809464706,119.87510319100187,02
2004-03-01,2004,3,Louisiana,0.0,,4785.0,5111.0,,218,0.0,4.0,8.0,,789.0,1244.0,,,,,,,,,,,,,12159,4552238.0,105.11313336429245,112.27444610760685,03
2004-04-01,2004,4,Louisiana,0.0,,3830.0,3864.0,,195,0.0,3.0,3.0,,752.0,1121.0,,,,,,,,,,,,,9768,4552238.0,84.13444112544204,84.88132650357912,04
2004-05-01,2004,5,Louisiana,0.0,,3506.0,3521.0,,185,0.0,1.0,5.0,,674.0,901.0,,,,,,,,,,,,,8793,4552238.0,77.01706281613572,77.3465710711962,05
2004-06-01,2004,6,Louisiana,0.0,,3748.0,3742.0,,176,0.0,3.0,4.0,,757.0,1067.0,,,,,,,,,,,,,9497,4552238.0,82.33312933111142,82.20132602908723,06
2004-07-01,2004,7,Louisiana,0.0,,3849.0,4444.0,,205,0.0,5.0,3.0,,830.0,1243.0,,,,,,,,,,,,,10579,4552238.0,84.55181824851864,97.62231236591761,07
2004-08-01,2004,8,Louisiana,0.0,,3635.0,7167.0,,204,0.0,4.0,7.0,,704.0,1359.0,,,,,,,,,,,,,13080,4552238.0,79.85083380965582,157.43904426789635,08
2004-09-01,2004,9,Louisiana,0.0,,3653.0,9220.0,,180,0.0,5.0,10.0,,814.0,1704.0,,,,,,,,,,,,,15586,4552238.0,80.2462437157284,202.53774077717378,09
2004-10-01,2004,10,Louisiana,0.0,,3705.0,12407.0,,231,0.0,2.0,5.0,,802.0,2251.0,,,,,,,,,,,,,19403,4552238.0,81.38853899993805,272.5472613690233,10
2004-11-01,2004,11,Louisiana,0.0,,3645.0,13292.0,,207,0.0,5.0,7.0,,734.0,1857.0,,,,,,,,,,,,,19747,4552238.0,80.07050597969614,291.9882484175915,11
2004-12-01,2004,12,Louisiana,0.0,,5219.0,19053.0,,228,0.0,5.0,6.0,,754.0,1376.0,,,,,,,,,,,,,26641,4552238.0,114.64690554404228,418.54138557781914,12
2005-01-01,2005,1,Louisiana,0.0,,4460.0,6096.0,,214,0.0,2.0,7.0,,880.0,1309.0,,,,,,,,,,,,,12968,4576628.0,97.45166091716433,133.19850335224973,01
2005-02-01,2005,2,Louisiana,0.0,,5331.0,5715.0,,274,0.0,4.0,5.0,,1003.0,1565.0,,,,,,,,,,,,,13897,4576628.0,116.48313998865541,124.87359689273413,02
2005-03-01,2005,3,Louisiana,0.0,,5005.0,5325.0,,198,0.0,1.0,1.0,,685.0,1041.0,,,,,,,,,,,,,12256,4576628.0,109.35999167946356,116.35203909952918,03
2005-04-01,2005,4,Louisiana,0.0,,4494.0,3959.0,,170,0.0,4.0,3.0,,714.0,1021.0,,,,,,,,,,,,,10365,4576628.0,98.19456595554631,86.50473667512414,04
2005-05-01,2005,5,Louisiana,0.0,,3621.0,3604.0,,165,0.0,3.0,2.0,,617.0,883.0,,,,,,,,,,,,,8895,4576628.0,79.11938658767984,78.74793406848885,05
2005-06-01,2005,6,Louisiana,0.0,,4032.0,4039.0,,176,0.0,4.0,3.0,,658.0,986.0,,,,,,,,,,,,,9898,4576628.0,88.0997974928266,88.25274853014054,06
2005-07-01,2005,7,Louisiana,0.0,,3912.0,4390.0,,162,0.0,2.0,1.0,,646.0,993.0,,,,,,,,,,,,,10106,4576628.0,85.47777971030199,95.92215054402499,07
2005-08-01,2005,8,Louisiana,1.0,,4295.0,7314.0,,204,0.0,2.0,7.0,,664.0,1067.0,,,,,,,,,,,,,13554,4576628.0,93.84638646619301,159.81198384487442,08
2005-09-01,2005,9,Louisiana,0.0,,14502.0,9118.0,,417,0.0,10.0,8.0,,863.0,1608.0,,,,,,,,,,,,,26526,4576628.0,316.87084901809806,199.2296511754943,09
2005-10-01,2005,10,Louisiana,0.0,,8803.0,13178.0,,371,0.0,4.0,7.0,,796.0,2088.0,,,,,,,,,,,,,25247,4576628.0,192.34685449636717,287.94125281757664,10
2005-11-01,2005,11,Louisiana,0.0,,6989.0,17960.0,,283,0.0,3.0,2.0,,554.0,1377.0,,,,,,,,,,,,,27168,4576628.0,152.7106856838703,392.428661451182,11
2005-12-01,2005,12,Louisiana,0.0,,9646.0,25463.0,,319,0.0,3.0,4.0,,624.0,1015.0,,,,,,,,,,,,,37074,4576628.0,210.76652941860252,556.3703233035327,12
2006-01-01,2006,1,Louisiana,0.0,,7859.0,8520.0,,256,0.0,0.0,0.0,,654.0,951.0,,,,,,,,,,,,,18240,4302665.0,182.65423871019473,198.01681051162478,01
2006-02-01,2006,2,Louisiana,0.0,,8004.0,7166.0,,262,0.0,2.0,1.0,,695.0,1010.0,,,,,,,,,,,,,17140,4302665.0,186.02424311444184,166.54794179886187,02
2006-03-01,2006,3,Louisiana,0.0,,7732.0,6693.0,,265,0.0,0.0,2.0,,631.0,835.0,,,,,,,,,,,,,16158,4302665.0,179.70257968026792,155.55475501811085,03
2006-04-01,2006,4,Louisiana,0.0,,5916.0,4637.0,,184,5.0,1.0,3.0,,501.0,720.0,,,,,,,,,,,,,11967,4302665.0,137.49617969328312,107.77041670685495,04
2006-05-01,2006,5,Louisiana,0.0,,5627.0,4411.0,,203,0.0,1.0,3.0,,579.0,719.0,,0.0,0.0,,,,,,,,,,11543,4302665.0,130.7794122944733,102.5178581181663,05
2006-06-01,2006,6,Louisiana,0.0,,6190.0,4933.0,,230,0.0,3.0,3.0,,713.0,841.0,,0.0,0.0,,,,,,,,,,12913,4302665.0,143.864325946826,114.64987397345598,06
2006-07-01,2006,7,Louisiana,0.0,,6136.0,5664.0,,205,0.0,2.0,2.0,,566.0,761.0,,0.0,0.0,,,,,,,,,,13336,4302665.0,142.60928982386497,131.63934445279844,07
2006-08-01,2006,8,Louisiana,0.0,,5790.0,8809.0,,280,0.0,8.0,11.0,,703.0,1001.0,,0.0,0.0,,,,,,,,,,16602,4302665.0,134.56776207304077,204.73357791043458,08
2006-09-01,2006,9,Louisiana,,,5948.0,10836.0,,253,0.0,5.0,6.0,,706.0,1326.0,,0.0,0.0,,,,,,,,,,19080,4302665.0,138.23990480318594,251.84391534084108,09
2006-10-01,2006,10,Louisiana,3.0,,5830.0,13067.0,,285,0.0,5.0,12.0,,630.0,1584.0,,,,,,,,,,,,,21416,4302665.0,135.49741846041928,303.695500346878,10
2006-11-01,2006,11,Louisiana,0.0,,5276.0,15132.0,,240,0.0,4.0,16.0,,599.0,1268.0,,,,,,,,,,,,,22535,4302665.0,122.62167749522679,351.68901134529415,11
2006-12-01,2006,12,Louisiana,0.0,,7841.0,21390.0,,311,0.0,7.0,8.0,,700.0,989.0,,,,,,,,,,,,,31246,4302665.0,182.23589333587438,497.13375315066355,12
2007-01-01,2007,1,Louisiana,0.0,,6834.0,7560.0,,250,0.0,8.0,16.0,,697.0,1006.0,,,,,,,,,,,,,16371,4375581.0,156.18497292131033,172.77705520706849,01
2007-02-01,2007,2,Louisiana,0.0,,7019.0,6344.0,,250,0.0,9.0,15.0,,768.0,1037.0,,,,,,,,,,,,,15442,4375581.0,160.41298287016056,144.98646008381516,02
2007-03-01,2007,3,Louisiana,0.0,,7147.0,5953.0,,213,0.0,7.0,6.0,,666.0,815.0,,,,,,,,,,,,,14807,4375581.0,163.3383086726083,136.05050392165063,03
2007-04-01,2007,4,Louisiana,0.0,,5920.0,4300.0,,210,0.0,6.0,7.0,,549.0,674.0,,,,,,,,,,,,,11666,4375581.0,135.29631836320706,98.27266367597811,04
2007-05-01,2007,5,Louisiana,0.0,,5548.0,4173.0,,193,0.0,3.0,4.0,,602.0,722.0,,,,,,,,,,,,,11245,4375581.0,126.7945902498434,95.37019198136201,05
2007-06-01,2007,6,Louisiana,0.0,,6055.0,4729.0,,185,0.0,3.0,2.0,,700.0,811.0,,,,,,,,,,,,,12485,4375581.0,138.38162292047616,108.0770759357443,06
2007-07-01,2007,7,Louisiana,0.0,,5982.0,5484.0,,208,0.0,5.0,1.0,,609.0,766.0,,,,,,,,,,,,,13055,4375581.0,136.7132730487677,125.33192734861954,07
2007-08-01,2007,8,Louisiana,0.0,,5938.0,9086.0,,289,0.0,2.0,1.0,,669.0,1077.0,,,,,,,,,,,,,17062,4375581.0,135.70769230417628,207.6524237581249,08
2007-09-01,2007,9,Louisiana,0.0,,5572.0,10055.0,,246,0.0,2.0,6.0,,543.0,975.0,,,,,,,,,,,,,17399,4375581.0,127.34308883780234,229.79805424696744,09
2007-10-01,2007,10,Louisiana,0.0,,6113.0,13402.0,,283,0.0,4.0,6.0,,685.0,1514.0,,,,,,,,,,,,,22007,4375581.0,139.70716117471028,306.290753159409,10
2007-11-01,2007,11,Louisiana,0.0,,5545.0,16178.0,,291,0.0,5.0,7.0,,683.0,1263.0,,,,,,,,,,,,,23972,4375581.0,126.72602792634852,369.73375649999394,11
2007-12-01,2007,12,Louisiana,0.0,,8474.0,22360.0,,344,0.0,1.0,5.0,,628.0,878.0,,,,,,,,,,,,,32690,4375581.0,193.66570976517175,511.0178511150862,12
2008-01-01,2008,1,Louisiana,0.0,,7101.0,8290.0,,273,0.0,4.0,5.0,,763.0,980.0,,,,,,,,,,,,,17416,4435586.0,160.0915865457236,186.89751478158692,01
2008-02-01,2008,2,Louisiana,0.0,,8438.0,7284.0,,286,0.0,3.0,3.0,,896.0,1124.0,,,,,,,,,,,,,18034,4435586.0,190.23416522642103,164.21730973089012,02
2008-03-01,2008,3,Louisiana,0.0,,7566.0,6554.0,,252,0.0,6.0,5.0,,576.0,747.0,,,,,,,,,,,,,15706,4435586.0,170.57498152442543,147.7595068611002,03
2008-04-01,2008,4,Louisiana,0.0,,6576.0,5069.0,,241,0.0,4.0,4.0,,609.0,719.0,,,,,,,,,,,,,13222,4435586.0,148.2554954407377,114.28027773556863,04
2008-05-01,2008,5,Louisiana,0.0,,6353.0,4974.0,,266,0.0,5.0,2.0,,736.0,835.0,,,,,,,,,,,,,13171,4435586.0,143.22797483804845,112.13850886895216,05
2008-06-01,2008,6,Louisiana,0.0,,6605.0,5196.0,,218,0.0,5.0,3.0,,643.0,832.0,,,,,,,,,,,,,13502,4435586.0,148.9092985684417,117.14348453620333,06
2008-07-01,2008,7,Louisiana,0.0,,6367.0,6411.0,,235,0.0,3.0,6.0,,644.0,783.0,,,,,,,,,,,,,14449,4435586.0,143.54360393418142,144.53558109345641,07
2008-08-01,2008,8,Louisiana,0.0,,6769.0,10402.0,,304,0.0,9.0,2.0,,775.0,918.0,,,,,,,,,,,,,19179,4435586.0,152.6066679802849,234.51241842678735,08
2008-09-01,2008,9,Louisiana,0.0,,5467.0,9719.0,,245,0.0,6.0,4.0,,602.0,1001.0,,,,,,,,,,,,,17044,4435586.0,123.25316203991986,219.11422752258665,09
2008-10-01,2008,10,Louisiana,0.0,,7580.0,17167.0,,412,0.0,5.0,9.0,,824.0,1706.0,,,,,,,,,,,,,27703,4435586.0,170.89061062055836,387.02890666532,10
2002-07-01,2002,7,Maine,0.0,,818.0,1729.0,,52,0.0,10.0,43.0,,33.0,97.0,,,,,,,,,,,,,2782,1295960.0,63.11923207506405,133.41461156208524,07
2002-08-01,2002,8,Maine,0.0,,1074.0,2591.0,,57,0.0,11.0,34.0,,42.0,135.0,,,,,,,,,,,,,3944,1295960.0,82.87292817679558,199.92901015463443,08
2002-09-01,2002,9,Maine,0.0,,1215.0,4580.0,,159,0.0,8.0,37.0,,52.0,158.0,,,,,,,,,,,,,6209,1295960.0,93.7528936078274,353.4059693200407,09
2002-10-01,2002,10,Maine,0.0,,1188.0,6408.0,,69,0.0,7.0,38.0,,30.0,250.0,,,,,,,,,,,,,7990,1295960.0,91.6694959720979,494.4597055464675,10
2002-11-01,2002,11,Maine,0.0,,879.0,3670.0,,57,0.0,8.0,38.0,,43.0,148.0,,,,,,,,,,,,,4843,1295960.0,67.82616747430477,283.18775270841695,11
2002-12-01,2002,12,Maine,0.0,,1033.0,3601.0,,59,0.0,6.0,64.0,,25.0,63.0,,,,,,,,,,,,,4851,1295960.0,79.70925028550263,277.86351430599706,12
2003-01-01,2003,1,Maine,0.0,,964.0,1691.0,,61,0.0,12.0,40.0,,39.0,119.0,,,,,,,,,,,,,2926,1306513.0,73.78418737509692,129.42848636025818,01
2003-02-01,2003,2,Maine,0.0,,1062.0,1743.0,,50,0.0,6.0,35.0,,46.0,157.0,,,,,,,,,,,,,3099,1306513.0,81.28506949414205,133.40854626015968,02
2003-03-01,2003,3,Maine,0.0,,1394.0,2345.0,,61,0.0,8.0,37.0,,33.0,102.0,,,,,,,,,,,,,3980,1306513.0,106.69622116274387,179.48539356286543,03
2003-04-01,2003,4,Maine,0.0,,1147.0,2184.0,,73,0.0,7.0,36.0,,30.0,117.0,,,,,,,,,,,,,3594,1306513.0,87.79093663821179,167.16251579586273,04
2003-05-01,2003,5,Maine,0.0,,965.0,1900.0,,110,0.0,9.0,33.0,,39.0,138.0,,,,,,,,,,,,,3194,1306513.0,73.86072698855656,145.4252655733238,05
2003-06-01,2003,6,Maine,0.0,,852.0,1572.0,,58,0.0,4.0,29.0,,49.0,95.0,,,,,,,,,,,,,2659,1306513.0,65.21175066761678,120.32027235856053,06
2003-07-01,2003,7,Maine,0.0,,840.0,1811.0,,63,0.0,11.0,34.0,,36.0,108.0,,,,,,,,,,,,,2903,1306513.0,64.29327530610105,138.61323997541547,07
2003-08-01,2003,8,Maine,0.0,,1033.0,2905.0,,58,0.0,12.0,29.0,,49.0,116.0,,,,,,,,,,,,,4202,1306513.0,79.06542070381236,222.34757710026614,08
2003-09-01,2003,9,Maine,0.0,,1101.0,4496.0,,135,0.0,8.0,25.0,,40.0,133.0,,,,,,,,,,,,,5938,1306513.0,84.27011441906816,344.12210211455994,09
2003-10-01,2003,10,Maine,0.0,,1205.0,6691.0,,79,0.0,11.0,36.0,,33.0,264.0,,,,,,,,,,,,,8319,1306513.0,92.23023421887115,512.1265536584787,10
2003-11-01,2003,11,Maine,0.0,,965.0,3958.0,,65,0.0,9.0,34.0,,31.0,104.0,,,,,,,,,,,,,5166,1306513.0,73.86072698855656,302.9437900732714,11
2003-12-01,2003,12,Maine,0.0,,1004.0,3662.0,,89,0.0,7.0,39.0,,41.0,75.0,,,,,,,,,,,,,4917,1306513.0,76.84577191348268,280.2880644892167,12
2004-01-01,2004,1,Maine,0.0,,1082.0,1987.0,,82,0.0,6.0,41.0,,47.0,128.0,,,,,,,,,,,,,3373,1313688.0,82.36354446413456,151.2535701018811,01
2004-02-01,2004,2,Maine,0.0,,1047.0,1952.0,,61,0.0,8.0,39.0,,34.0,168.0,,,,,,,,,,,,,3309,1313688.0,79.69928932897308,148.58931496671966,02
2004-03-01,2004,3,Maine,0.0,,1422.0,2542.0,,86,0.0,6.0,44.0,,35.0,133.0,,,,,,,,,,,,,4268,1313688.0,108.24488006284598,193.50104438801299,03
2004-04-01,2004,4,Maine,0.0,,1105.0,2107.0,,83,0.0,5.0,34.0,,35.0,126.0,,,,,,,,,,,,,3495,1313688.0,84.1143406958121,160.38815913672045,04
2004-05-01,2004,5,Maine,0.0,,930.0,1746.0,,97,0.0,13.0,40.0,,29.0,124.0,,,,,,,,,,,,,2979,1313688.0,70.79306502000475,132.90827045691213,05
2004-06-01,2004,6,Maine,0.0,,982.0,1677.0,,60,0.0,13.0,39.0,,44.0,122.0,,,,,,,,,,,,,2937,1313688.0,74.75138693510179,127.65588176187953,06
2004-07-01,2004,7,Maine,0.0,,1007.0,1949.0,,67,0.0,5.0,49.0,,41.0,134.0,,,,,,,,,,,,,3252,1313688.0,76.65442631735999,148.36095024084867,07
2004-08-01,2004,8,Maine,0.0,,1120.0,2610.0,,91,0.0,5.0,32.0,,42.0,100.0,,,,,,,,,,,,,4000,1313688.0,85.256164325167,198.6773115077553,08
2004-09-01,2004,9,Maine,0.0,,1167.0,4586.0,,138,0.0,5.0,38.0,,32.0,175.0,,,,,,,,,,,,,6141,1313688.0,88.83387836381242,349.09354428144275,09
2004-10-01,2004,10,Maine,0.0,,1205.0,6656.0,,82,0.0,11.0,31.0,,38.0,200.0,,,,,,,,,,,,,8223,1313688.0,91.72649822484487,506.6652051324211,10
2004-11-01,2004,11,Maine,0.0,,1045.0,4013.0,,69,0.0,7.0,40.0,,38.0,139.0,,,,,,,,,,,,,5351,1313688.0,79.54704617839243,305.475881640085,11
2004-12-01,2004,12,Maine,0.0,,1175.0,3921.0,,61,0.0,10.0,70.0,,29.0,71.0,,,,,,,,,,,,,5337,1313688.0,89.44285096613503,298.47269671337483,12
2005-01-01,2005,1,Maine,0.0,,1075.0,1776.0,,71,0.0,10.0,38.0,,30.0,100.0,,,,,,,,,,,,,3100,1318787.0,81.51430064142276,134.66920738527145,01
2005-02-01,2005,2,Maine,0.0,,1141.0,1957.0,,85,0.0,8.0,51.0,,38.0,142.0,,,,,,,,,,,,,3422,1318787.0,86.51889956452406,148.39394079559474,02
2005-03-01,2005,3,Maine,0.0,,1324.0,2257.0,,83,0.0,17.0,34.0,,39.0,103.0,,,,,,,,,,,,,3857,1318787.0,100.39528748766858,171.1421177187825,03
2005-04-01,2005,4,Maine,0.0,,1229.0,2353.0,,89,0.0,17.0,54.0,,28.0,123.0,,,,,,,,,,,,,3893,1318787.0,93.19169812865914,178.42153433420256,04
2005-05-01,2005,5,Maine,0.0,,1015.0,1899.0,,106,0.0,9.0,29.0,,35.0,93.0,,,,,,,,,,,,,3186,1318787.0,76.96466525678521,143.99595992377843,05
2005-06-01,2005,6,Maine,0.0,,901.0,1613.0,,67,0.0,6.0,40.0,,43.0,115.0,,,,,,,,,,,,,2785,1318787.0,68.32035802597386,122.30936459033946,06
2005-07-01,2005,7,Maine,0.0,,983.0,1744.0,,65,0.0,11.0,32.0,,49.0,121.0,,,,,,,,,,,,,3005,1318787.0,74.5381930516452,132.24273518013143,07
2005-08-01,2005,8,Maine,0.0,,1094.0,2487.0,,68,0.0,14.0,45.0,,44.0,118.0,,,,,,,,,,,,,3870,1318787.0,82.95501851322466,188.58238669322643,08
2005-09-01,2005,9,Maine,0.0,,1230.0,4102.0,,135,0.0,9.0,26.0,,41.0,154.0,,,,,,,,,,,,,5697,1318787.0,93.26752538506976,311.0434057963871,09
2005-10-01,2005,10,Maine,0.0,,1256.0,5997.0,,108,0.0,9.0,39.0,,47.0,208.0,,,,,,,,,,,,,7664,1318787.0,95.23903405174603,454.7360566945231,10
2005-11-01,2005,11,Maine,0.0,,984.0,3471.0,,71,0.0,13.0,39.0,,30.0,113.0,,,,,,,,,,,,,4721,1318787.0,74.61402030805581,263.19640700128224,11
2005-12-01,2005,12,Maine,0.0,,1206.0,3647.0,,77,0.0,16.0,60.0,,31.0,82.0,,,,,,,,,,,,,5119,1318787.0,91.44767123121474,276.54200412955237,12
2006-01-01,2006,1,Maine,0.0,,1121.0,2158.0,,78,0.0,10.0,45.0,,35.0,112.0,,,,,,,,,,,,,3559,1323619.0,84.69204506734944,163.03785303776993,01
2006-02-01,2006,2,Maine,0.0,,1286.0,2353.0,,83,0.0,9.0,43.0,,46.0,141.0,,,,,,,,,,,,,3961,1323619.0,97.15786793631702,177.7701891556407,02
2006-03-01,2006,3,Maine,0.0,,1511.0,2797.0,,144,0.0,14.0,45.0,,41.0,124.0,,,,,,,,,,,,,4676,1323619.0,114.156717303091,211.31458523940802,03
2006-04-01,2006,4,Maine,0.0,,1155.0,2372.0,,74,0.0,11.0,32.0,,35.0,100.0,,,,,,,,,,,,,3779,1323619.0,87.26076008277306,179.20564754661274,04
2006-05-01,2006,5,Maine,0.0,,970.0,1829.0,,97,0.0,14.0,40.0,,35.0,106.0,,0.0,0.0,,,,,,,,,,3091,1323619.0,73.28392838120335,138.18175774146488,05
2006-06-01,2006,6,Maine,0.0,,1021.0,1751.0,,59,0.0,15.0,38.0,,47.0,122.0,,0.0,0.0,,,,,,,,,,3053,1323619.0,77.13700090433879,132.2888232943166,06
2006-07-01,2006,7,Maine,0.0,,932.0,1705.0,,62,0.0,9.0,37.0,,39.0,81.0,,0.0,0.0,,,,,,,,,,2865,1323619.0,70.4130115992593,128.81350297933167,07
2006-08-01,2006,8,Maine,0.0,,1139.0,2615.0,,73,0.0,10.0,38.0,,29.0,120.0,,0.0,0.0,,,,,,,,,,4024,1323619.0,86.05195301669137,197.56440486272862,08
2006-09-01,2006,9,Maine,0.0,,1287.0,4128.0,,141,0.0,14.0,29.0,,34.0,158.0,,0.0,0.0,,,,,,,,,,5791,1323619.0,97.23341837794713,311.8722230490798,09
2006-10-01,2006,10,Maine,0.0,,1332.0,5896.0,,99,0.0,5.0,38.0,,46.0,191.0,,,,,,,,,,,,,7607,1323619.0,100.63318825130193,445.44540385110827,10
2006-11-01,2006,11,Maine,0.0,,1112.0,3832.0,,77,0.0,7.0,38.0,,45.0,107.0,,,,,,,,,,,,,5218,1323619.0,84.01209109267849,289.5092923265683,11
2006-12-01,2006,12,Maine,0.0,,1397.0,3845.0,,102,0.0,9.0,33.0,,35.0,61.0,,,,,,,,,,,,,5482,1323619.0,105.54396695725886,290.4914480677597,12
2007-01-01,2007,1,Maine,0.0,,1196.0,2080.0,,79,0.0,13.0,28.0,,42.0,97.0,,,,,,,,,,,,,3535,1327040.0,90.12539184952978,156.7398119122257,01
2007-02-01,2007,2,Maine,0.0,,1148.0,1909.0,,65,0.0,5.0,29.0,,39.0,138.0,,,,,,,,,,,,,3333,1327040.0,86.50831926693995,143.85399083674946,02
2007-03-01,2007,3,Maine,0.0,,1539.0,2411.0,,105,0.0,12.0,33.0,,35.0,106.0,,,,,,,,,,,,,4241,1327040.0,115.97238967928622,181.68254159633472,03
2007-04-01,2007,4,Maine,0.0,,1399.0,2151.0,,87,0.0,10.0,29.0,,45.0,88.0,,,,,,,,,,,,,3809,1327040.0,105.42259464673258,162.0900651073065,04
2007-05-01,2007,5,Maine,0.0,,1125.0,1687.0,,104,0.0,11.0,31.0,,44.0,109.0,,,,,,,,,,,,,3111,1327040.0,84.775138654449,127.12503014227151,05
2007-06-01,2007,6,Maine,0.0,,1122.0,1695.0,,65,0.0,5.0,18.0,,44.0,109.0,,,,,,,,,,,,,3058,1327040.0,84.54907161803713,127.72787557270316,06
2007-07-01,2007,7,Maine,0.0,,1070.0,1928.0,,88,0.0,6.0,37.0,,39.0,96.0,,,,,,,,,,,,,3264,1327040.0,80.6305763202315,145.2857487340246,07
2007-08-01,2007,8,Maine,0.0,,1195.0,2669.0,,72,0.0,7.0,30.0,,44.0,126.0,,,,,,,,,,,,,4143,1327040.0,90.05003617072583,201.124306727755,08
2007-09-01,2007,9,Maine,0.0,,1383.0,4066.0,,105,0.0,8.0,28.0,,36.0,128.0,,,,,,,,,,,,,5754,1327040.0,104.2169037858693,306.3961900168797,09
2007-10-01,2007,10,Maine,0.0,,1414.0,5843.0,,121,0.0,6.0,34.0,,38.0,196.0,,,,,,,,,,,,,7652,1327040.0,106.5529298287919,440.30323125150716,10
2007-11-01,2007,11,Maine,0.0,,1083.0,3562.0,,58,0.0,5.0,29.0,,33.0,97.0,,,,,,,,,,,,,4867,1327040.0,81.6102001446829,268.4169278996865,11
2007-12-01,2007,12,Maine,0.0,,1172.0,3138.0,,68,0.0,9.0,41.0,,19.0,65.0,,,,,,,,,,,,,4512,1327040.0,88.31685555823488,236.46612008680975,12
2008-01-01,2008,1,Maine,0.0,,1341.0,1771.0,,76,0.0,9.0,28.0,,41.0,97.0,,,,,,,,,,,,,3363,1330509.0,100.788495230021,133.10695380489722,01
2008-02-01,2008,2,Maine,0.0,,1356.0,1995.0,,88,0.0,6.0,28.0,,47.0,138.0,,,,,,,,,,,,,3658,1330509.0,101.91588331984227,149.9426159462281,02
2008-03-01,2008,3,Maine,0.0,,1803.0,2390.0,,108,0.0,7.0,27.0,,25.0,114.0,,,,,,,,,,,,,4474,1330509.0,135.51204839651592,179.63050231152138,03
2008-04-01,2008,4,Maine,0.0,,1500.0,2180.0,,107,0.0,4.0,26.0,,38.0,100.0,,,,,,,,,,,,,3955,1330509.0,112.73880898212639,163.84706905402368,04
2008-05-01,2008,5,Maine,0.0,,1453.0,2106.0,,122,0.0,9.0,28.0,,46.0,125.0,,,,,,,,,,,,,3889,1330509.0,109.20632630068643,158.28528781090546,05
2008-06-01,2008,6,Maine,0.0,,1420.0,1863.0,,90,0.0,14.0,21.0,,47.0,85.0,,,,,,,,,,,,,3540,1330509.0,106.72607250307965,140.02160075580096,06
2008-07-01,2008,7,Maine,0.0,,1290.0,2017.0,,62,0.0,6.0,28.0,,48.0,99.0,,,,,,,,,,,,,3550,1330509.0,96.9553757246287,151.59611847796594,07
2008-08-01,2008,8,Maine,0.0,,1549.0,2901.0,,102,0.0,8.0,25.0,,39.0,118.0,,,,,,,,,,,,,4742,1330509.0,116.4216100755425,218.03685657143245,08
2008-09-01,2008,9,Maine,0.0,,1498.0,3806.0,,99,0.0,5.0,24.0,,46.0,122.0,,,,,,,,,,,,,5600,1330509.0,112.58849057015023,286.05593799064866,09
2008-10-01,2008,10,Maine,0.0,,1695.0,5625.0,,120,0.0,5.0,25.0,,58.0,274.0,,,,,,,,,,,,,7802,1330509.0,127.39485414980282,422.77053368297396,10
2002-07-01,2002,7,Maryland,1889.0,,46.0,2670.0,,15,0.0,1.0,2.0,,44.0,94.0,,,,,,,,,,,,,4761,5440389.0,0.845527773841172,49.07737295991151,07
2002-08-01,2002,8,Maryland,1919.0,,56.0,3724.0,,10,0.0,1.0,0.0,,45.0,114.0,,,,,,,,,,,,,5869,5440389.0,1.029338159458818,68.4509876040114,08
2002-09-01,2002,9,Maryland,2092.0,,58.0,4222.0,,12,0.0,0.0,4.0,,55.0,127.0,,,,,,,,,,,,,6570,5440389.0,1.0661002365823473,77.60474480777017,09
2002-10-01,2002,10,Maryland,3025.0,,55.0,5540.0,,14,0.0,2.0,6.0,,64.0,157.0,,,,,,,,,,,,,8863,5440389.0,1.0109571208970536,101.83095363217593,10
2002-11-01,2002,11,Maryland,2893.0,,62.0,7098.0,,13,0.0,0.0,3.0,,51.0,219.0,,,,,,,,,,,,,10339,5440389.0,1.139624390829406,130.4686117114052,11
2002-12-01,2002,12,Maryland,3029.0,,63.0,6423.0,,10,0.0,0.0,4.0,,45.0,80.0,,,,,,,,,,,,,9654,5440389.0,1.1580054293911703,118.06141068221409,12
2003-01-01,2003,1,Maryland,3297.0,,72.0,3289.0,,11,0.0,0.0,3.0,,51.0,128.0,,,,,,,,,,,,,6851,5496269.0,1.309979551583083,59.840593682732774,01
2003-02-01,2003,2,Maryland,2823.0,,81.0,3582.0,,5,0.0,0.0,2.0,,63.0,161.0,,,,,,,,,,,,,6717,5496269.0,1.4737269955309684,65.17148269125839,02
2003-03-01,2003,3,Maryland,2868.0,,90.0,3816.0,,14,0.0,0.0,1.0,,46.0,103.0,,,,,,,,,,,,,6938,5496269.0,1.6374744394788536,69.4289162339034,03
2003-04-01,2003,4,Maryland,2719.0,,53.0,3307.0,,13,0.0,2.0,0.0,,49.0,99.0,,,,,,,,,,,,,6242,5496269.0,0.9642905032486583,60.16808857062855,04
2003-05-01,2003,5,Maryland,2020.0,,81.0,2742.0,,5,0.0,1.0,0.0,,37.0,133.0,,,,,,,,,,,,,5019,5496269.0,1.4737269955309684,49.88838792278908,05
2003-06-01,2003,6,Maryland,2112.0,,51.0,2621.0,,9,0.0,0.0,0.0,,50.0,74.0,,,,,,,,,,,,,4917,5496269.0,0.9279021823713505,47.686894509711955,06
2003-07-01,2003,7,Maryland,1851.0,,65.0,2531.0,,9,0.0,0.0,1.0,,41.0,107.0,,,,,,,,,,,,,4605,5496269.0,1.1826204285125055,46.0494200702331,07
2003-08-01,2003,8,Maryland,1724.0,,59.0,3700.0,,13,0.0,1.0,2.0,,56.0,94.0,,,,,,,,,,,,,5649,5496269.0,1.073455465880582,67.31839362301955,08
2003-09-01,2003,9,Maryland,1791.0,,71.0,3833.0,,3,0.0,1.0,3.0,,38.0,97.0,,,,,,,,,,,,,5837,5496269.0,1.291785391144429,69.73821696136051,09
2003-10-01,2003,10,Maryland,1996.0,,50.0,5279.0,,8,0.0,1.0,4.0,,57.0,125.0,,,,,,,,,,,,,7520,5496269.0,0.9097080219326966,96.0469729556541,10
2003-11-01,2003,11,Maryland,1839.0,,53.0,7057.0,,9,0.0,1.0,1.0,,35.0,189.0,,,,,,,,,,,,,9184,5496269.0,0.9642905032486583,128.3961902155808,11
2003-12-01,2003,12,Maryland,1969.0,,46.0,6658.0,,7,0.0,3.0,1.0,,34.0,73.0,,,,,,,,,,,,,8791,5496269.0,0.8369313801780809,121.13672020055787,12
2004-01-01,2004,1,Maryland,1769.0,,61.0,3185.0,,6,0.0,1.0,1.0,,41.0,95.0,,,,,,,,,,,,,5159,5546935.0,1.0997064144432918,57.41909721314564,01
2004-02-01,2004,2,Maryland,2395.0,,56.0,3839.0,,13,1.0,0.0,0.0,,57.0,117.0,,,,,,,,,,,,,6478,5546935.0,1.0095665444069561,69.20939221389831,02
2004-03-01,2004,3,Maryland,2593.0,,53.0,3554.0,,7,0.0,1.0,1.0,,45.0,91.0,,,,,,,,,,,,,6345,5546935.0,0.9554826223851549,64.07141962182719,03
2004-04-01,2004,4,Maryland,2030.0,,60.0,3194.0,,15,1.0,1.0,1.0,,38.0,85.0,,,,,,,,,,,,,5425,5546935.0,1.0816784404360247,57.58134897921104,04
2004-05-01,2004,5,Maryland,1687.0,,64.0,2223.0,,8,0.0,2.0,2.0,,30.0,82.0,,,,,,,,,,,,,4098,5546935.0,1.153790336465093,40.07618621815471,05
2004-06-01,2004,6,Maryland,1835.0,,58.0,2684.0,,5,0.0,1.0,0.0,,47.0,85.0,,,,,,,,,,,,,4715,5546935.0,1.0456224924214905,48.387082235504835,06
2004-07-01,2004,7,Maryland,1856.0,,60.0,2888.0,,3,0.0,0.0,2.0,,45.0,88.0,,,,,,,,,,,,,4942,5546935.0,1.0816784404360247,52.06478893298731,07
2004-08-01,2004,8,Maryland,1906.0,,22.0,3824.0,,4,0.0,0.0,1.0,,49.0,94.0,,,,,,,,,,,,,5900,5546935.0,0.39661542815987566,68.9389726037893,08
2004-09-01,2004,9,Maryland,2108.0,,35.0,4562.0,,9,0.0,1.0,1.0,,51.0,120.0,,,,,,,,,,,,,6887,5546935.0,0.6309790902543477,82.24361742115241,09
2004-10-01,2004,10,Maryland,1972.0,,278.0,5483.0,,6,0.0,0.0,1.0,,45.0,147.0,,,,,,,,,,,,,7932,5546935.0,5.011776774020247,98.84738148184537,10
2004-11-01,2004,11,Maryland,1626.0,,952.0,7262.0,,11,0.0,0.0,1.0,,34.0,183.0,,,,,,,,,,,,,10069,5546935.0,17.162631254918256,130.9191472407735,11
2004-12-01,2004,12,Maryland,1406.0,,853.0,7127.0,,14,0.0,1.0,1.0,,41.0,88.0,,,,,,,,,,,,,9531,5546935.0,15.377861828198817,128.48537074979245,12
2005-01-01,2005,1,Maryland,1457.0,,749.0,3239.0,,8,0.0,0.0,0.0,,40.0,90.0,,,,,,,,,,,,,5583,5592379.0,13.39322674661356,57.91810605110991,01
2005-02-01,2005,2,Maryland,2044.0,,823.0,3744.0,,10,0.0,0.0,0.0,,51.0,116.0,,,,,,,,,,,,,6788,5592379.0,14.716456091405822,66.94825225543548,02
2005-03-01,2005,3,Maryland,1967.0,,1006.0,3954.0,,5,0.0,0.0,1.0,,37.0,96.0,,,,,,,,,,,,,7066,5592379.0,17.98876649812182,70.70336255822433,03
2005-04-01,2005,4,Maryland,1577.0,,961.0,3282.0,,10,0.0,0.0,1.0,,37.0,85.0,,,,,,,,,,,,,5953,5592379.0,17.184100004667066,58.68700958930001,04
2005-05-01,2005,5,Maryland,1432.0,,833.0,2396.0,,8,0.0,1.0,1.0,,37.0,79.0,,,,,,,,,,,,,4787,5592379.0,14.8952708677291,42.84402040705753,05
2005-06-01,2005,6,Maryland,1406.0,,762.0,2501.0,,9,0.0,0.0,0.0,,41.0,76.0,,,,,,,,,,,,,4795,5592379.0,13.625685955833823,44.72157555845196,06
2005-07-01,2005,7,Maryland,1339.0,,795.0,2584.0,,3,0.0,0.0,0.0,,39.0,91.0,,,,,,,,,,,,,4851,5592379.0,14.215774717700642,46.20573820193517,07
2005-08-01,2005,8,Maryland,1387.0,,852.0,3596.0,,3,0.0,0.0,0.0,,41.0,91.0,,,,,,,,,,,,,5970,5592379.0,15.23501894274333,64.30179356585096,08
2005-09-01,2005,9,Maryland,1458.0,,806.0,4467.0,,4,0.0,1.0,0.0,,51.0,94.0,,,,,,,,,,,,,6881,5592379.0,14.41247097165625,79.87656058360852,09
2005-10-01,2005,10,Maryland,1468.0,,700.0,5502.0,,8,0.0,2.0,1.0,,43.0,119.0,,,,,,,,,,,,,7843,5592379.0,12.517034342629497,98.38388993306783,10
2005-11-01,2005,11,Maryland,2005.0,,682.0,7225.0,,14,0.0,1.0,2.0,,43.0,169.0,,,,,,,,,,,,,10141,5592379.0,12.195167745247595,129.19367589356872,11
2005-12-01,2005,12,Maryland,1720.0,,622.0,7817.0,,8,0.0,0.0,0.0,,41.0,81.0,,,,,,,,,,,,,10289,5592379.0,11.122279087307923,139.7795106519068,12
2006-01-01,2006,1,Maryland,2107.0,,503.0,3968.0,,5,0.0,0.0,0.0,,45.0,98.0,,,,,,,,,,,,,6726,5627367.0,8.938460917867983,70.51255054095458,01
2006-02-01,2006,2,Maryland,2128.0,,704.0,4197.0,,8,0.0,0.0,1.0,,43.0,118.0,,,,,,,,,,,,,7199,5627367.0,12.510291225008071,74.5819492490893,02
2006-03-01,2006,3,Maryland,2276.0,,738.0,3951.0,,12,0.0,1.0,1.0,,38.0,99.0,,,,,,,,,,,,,7116,5627367.0,13.11448142621585,70.2104554403507,03
2006-04-01,2006,4,Maryland,1623.0,,610.0,3244.0,,4,0.0,0.0,1.0,,46.0,68.0,,,,,,,,,,,,,5596,5627367.0,10.839883021668927,57.64685331523606,04
2006-05-01,2006,5,Maryland,1605.0,,636.0,2621.0,,5,0.0,1.0,1.0,,35.0,66.0,,0.0,0.0,,,,,,,,,,4970,5627367.0,11.30191082259252,46.575956393105336,05
2006-06-01,2006,6,Maryland,2005.0,,440.0,2707.0,,9,0.0,0.0,0.0,,42.0,76.0,,0.0,0.0,,,,,,,,,,5279,5627367.0,7.818932015630046,48.1042021961603,06
2006-07-01,2006,7,Maryland,1639.0,,440.0,2568.0,,4,0.0,1.0,1.0,,33.0,67.0,,0.0,0.0,,,,,,,,,,4753,5627367.0,7.818932015630046,45.63413049122263,07
2006-08-01,2006,8,Maryland,1832.0,,584.0,3641.0,,5,0.0,1.0,0.0,,38.0,108.0,,0.0,0.0,,,,,,,,,,6209,5627367.0,10.377855220745333,64.70166242933863,08
2006-09-01,2006,9,Maryland,1651.0,,419.0,4374.0,,6,0.0,0.0,1.0,,36.0,111.0,,0.0,0.0,,,,,,,,,,6598,5627367.0,7.445755714884066,77.72729235537686,09
2006-10-01,2006,10,Maryland,1472.0,,1125.0,5200.0,,6,0.0,0.0,0.0,,38.0,105.0,,,,,,,,,,,,,7946,5627367.0,19.99158753996318,92.40556018471871,10
2006-11-01,2006,11,Maryland,1266.0,,1439.0,6894.0,,6,0.0,0.0,2.0,,43.0,162.0,,,,,,,,,,,,,9812,5627367.0,25.571461751117354,122.50844844489438,11
2006-12-01,2006,12,Maryland,1373.0,,1319.0,7167.0,,7,0.0,1.0,2.0,,45.0,89.0,,,,,,,,,,,,,10003,5627367.0,23.43902574685461,127.35974035459213,12
2007-01-01,2007,1,Maryland,1054.0,,1868.0,3451.0,,5,0.0,0.0,2.0,,34.0,91.0,,,,,,,,,,,,,6505,5653408.0,33.042016426198145,61.042825849469914,01
2007-02-01,2007,2,Maryland,1381.0,,2022.0,3789.0,,12,0.0,0.0,0.0,,45.0,106.0,,,,,,,,,,,,,7355,5653408.0,35.76603705234081,67.02152047048435,02
2007-03-01,2007,3,Maryland,1340.0,,2153.0,3797.0,,10,0.0,0.0,1.0,,34.0,104.0,,,,,,,,,,,,,7439,5653408.0,38.08322342912452,67.16302803547877,03
2007-04-01,2007,4,Maryland,1241.0,,2059.0,3040.0,,6,0.0,0.0,0.0,,29.0,74.0,,,,,,,,,,,,,6449,5653408.0,36.42050954044003,53.77287469788134,04
2007-05-01,2007,5,Maryland,998.0,,1822.0,2400.0,,8,0.0,1.0,0.0,,34.0,83.0,,,,,,,,,,,,,5346,5653408.0,32.2283479274802,42.45226949832738,05
2007-06-01,2007,6,Maryland,964.0,,1502.0,2558.0,,11,0.0,1.0,0.0,,34.0,70.0,,,,,,,,,,,,,5140,5653408.0,26.56804532770322,45.247043906967264,06
2007-07-01,2007,7,Maryland,841.0,,1653.0,2501.0,,7,0.0,0.0,1.0,,30.0,60.0,,,,,,,,,,,,,5093,5653408.0,29.239000616972984,44.238802506381994,07
2007-08-01,2007,8,Maryland,816.0,,1744.0,3492.0,,5,0.0,1.0,0.0,,41.0,94.0,,,,,,,,,,,,,6193,5653408.0,30.84864916878456,61.768052120066336,08
2007-09-01,2007,9,Maryland,500.0,,1615.0,3658.0,,7,0.0,1.0,2.0,,33.0,91.0,,,,,,,,,,,,,5907,5653408.0,28.566839683249466,64.70433409370065,09
2007-10-01,2007,10,Maryland,751.0,,1943.0,4589.0,,6,1.0,1.0,1.0,,42.0,87.0,,,,,,,,,,,,,7421,5653408.0,34.36864984802088,81.17227696992681,10
2007-11-01,2007,11,Maryland,580.0,,1763.0,6045.0,,6,0.0,1.0,0.0,,39.0,169.0,,,,,,,,,,,,,8603,5653408.0,31.18472963564632,106.92665379891208,11
2007-12-01,2007,12,Maryland,610.0,,2093.0,5974.0,,4,0.0,1.0,1.0,,35.0,80.0,,,,,,,,,,,,,8798,5653408.0,37.021916691666334,105.67077415958657,12
2008-01-01,2008,1,Maryland,656.0,,2262.0,3243.0,,7,0.0,1.0,0.0,,38.0,100.0,,,,,,,,,,,,,6307,5684965.0,39.78916316987,57.04520608306295,01
2008-02-01,2008,2,Maryland,1006.0,,2688.0,3809.0,,14,0.0,0.0,1.0,,55.0,120.0,,,,,,,,,,,,,7693,5684965.0,47.2826129976174,67.00129200443627,02
2008-03-01,2008,3,Maryland,854.0,,2446.0,3454.0,,6,0.0,0.0,2.0,,32.0,101.0,,,,,,,,,,,,,6895,5684965.0,43.02577060720691,60.756750481313425,03
2008-04-01,2008,4,Maryland,841.0,,2304.0,3040.0,,7,0.0,0.0,0.0,,34.0,92.0,,,,,,,,,,,,,6318,5684965.0,40.527953997957766,53.474383747305396,04
2008-05-01,2008,5,Maryland,0.0,,2862.0,2642.0,,10,1.0,0.0,2.0,,39.0,108.0,,,,,,,,,,,,,5664,5684965.0,50.34331785683817,46.47346113828318,05
2008-06-01,2008,6,Maryland,0.0,,2620.0,2539.0,,4,1.0,0.0,0.0,,32.0,87.0,,,,,,,,,,,,,5283,5684965.0,46.08647546642767,44.66166458368697,06
2008-07-01,2008,7,Maryland,0.0,,3068.0,2458.0,,7,0.0,0.0,0.0,,30.0,83.0,,,,,,,,,,,,,5646,5684965.0,53.96691096603057,43.23685370094627,07
2008-08-01,2008,8,Maryland,0.0,,2597.0,3250.0,,9,0.0,0.0,0.0,,33.0,81.0,,,,,,,,,,,,,5970,5684965.0,45.68189953676056,57.16833788774426,08
2008-09-01,2008,9,Maryland,0.0,,2598.0,3708.0,,7,0.0,1.0,1.0,,33.0,89.0,,,,,,,,,,,,,6437,5684965.0,45.69948979457217,65.22467596546329,09
2008-10-01,2008,10,Maryland,0.0,,3202.0,5118.0,,7,0.0,0.0,2.0,,42.0,122.0,,,,,,,,,,,,,8493,5684965.0,56.3240055127868,90.02693947983849,10
2002-07-01,2002,7,Massachusetts,3995.0,,1056.0,855.0,,34,436.0,0.0,0.0,,0.0,0.0,,,,,,,,,,,,,6376,6417206.0,16.455759718481843,13.323555453884447,07
2002-08-01,2002,8,Massachusetts,4567.0,,1336.0,1068.0,,29,485.0,0.0,0.0,,0.0,0.0,,,,,,,,,,,,,7485,6417206.0,20.819029340806573,16.642756988010046,08
2002-09-01,2002,9,Massachusetts,4504.0,,1194.0,1301.0,,26,510.0,0.0,0.0,,0.0,0.0,,,,,,,,,,,,,7535,6417206.0,18.606228318056175,20.273620638015984,09
2002-10-01,2002,10,Massachusetts,8084.0,,1719.0,1875.0,,37,700.0,0.0,0.0,,0.0,0.0,,,,,,,,,,,,,12415,6417206.0,26.787358859915045,29.218323363781682,10
2002-11-01,2002,11,Massachusetts,6482.0,,1588.0,1882.0,,38,715.0,0.0,0.0,,0.0,0.0,,,,,,,,,,,,,10705,6417206.0,24.745972000898835,29.327405104339803,11
2002-12-01,2002,12,Massachusetts,4841.0,,1518.0,1611.0,,35,421.0,0.0,0.0,,0.0,0.0,,,,,,,,,,,,,8426,6417206.0,23.65515459531765,25.104383434161225,12
2003-01-01,2003,1,Massachusetts,7794.0,,1732.0,1276.0,,44,686.0,0.0,0.0,,0.0,0.0,,,,,,,,,,,,,11532,6422565.0,26.967418780502808,19.86745171127112,01
2003-02-01,2003,2,Massachusetts,6451.0,,1867.0,1236.0,,34,697.0,0.0,0.0,,0.0,0.0,,,,,,,,,,,,,10285,6422565.0,29.06938271547271,19.24464758239115,02
2003-03-01,2003,3,Massachusetts,8348.0,,2203.0,1634.0,,49,868.0,0.0,0.0,,0.0,0.0,,,,,,,,,,,,,13102,6422565.0,34.300937398064484,25.441548664746872,03
2003-04-01,2003,4,Massachusetts,6375.0,,1964.0,1366.0,,40,619.0,0.0,0.0,,0.0,0.0,,,,,,,,,,,,,10364,6422565.0,30.579682728006645,21.268761001251058,04
2003-05-01,2003,5,Massachusetts,8607.0,,1805.0,1232.0,,67,770.0,0.0,0.0,,0.0,0.0,,,,,,,,,,,,,12481,6422565.0,28.104036315708754,19.18236716950315,05
2003-06-01,2003,6,Massachusetts,7125.0,,1598.0,1066.0,,42,745.0,0.0,0.0,,0.0,0.0,,,,,,,,,,,,,10576,6422565.0,24.8810249487549,16.597730034651264,06
2003-07-01,2003,7,Massachusetts,7562.0,,1342.0,1028.0,,19,615.0,0.0,0.0,,0.0,0.0,,,,,,,,,,,,,10566,6422565.0,20.895078523923075,16.00606611221529,07
2003-08-01,2003,8,Massachusetts,6681.0,,1515.0,1168.0,,44,507.0,0.0,0.0,,0.0,0.0,,,,,,,,,,,,,9915,6422565.0,23.588706381328954,18.185880563295193,08
2003-09-01,2003,9,Massachusetts,8681.0,,1835.0,1534.0,,47,575.0,0.0,0.0,,0.0,0.0,,,,,,,,,,,,,12672,6422565.0,28.571139412368737,23.884538342546943,09
2003-10-01,2003,10,Massachusetts,7221.0,,1880.0,1953.0,,64,397.0,0.0,0.0,,0.0,0.0,,,,,,,,,,,,,11515,6422565.0,29.2717940573587,30.40841159256465,10
2003-11-01,2003,11,Massachusetts,4641.0,,1582.0,1905.0,,54,370.0,0.0,0.0,,0.0,0.0,,,,,,,,,,,,,8552,6422565.0,24.631903297202907,29.661046637908687,11
2003-12-01,2003,12,Massachusetts,5557.0,,1866.0,1741.0,,64,607.0,0.0,0.0,,0.0,0.0,,,,,,,,,,,,,9835,6422565.0,29.053812612250717,27.1075497095008,12
2004-01-01,2004,1,Massachusetts,5260.0,,1960.0,1398.0,,46,1108.0,0.0,0.0,,0.0,0.0,,,,,,,,,,,,,9772,6412281.0,30.566346047529734,21.801914170636003,01
2004-02-01,2004,2,Massachusetts,3988.0,,2208.0,1354.0,,60,1089.0,0.0,0.0,,0.0,0.0,,,,,,,,,,,,,8699,6412281.0,34.43392452701308,21.11573089201799,02
2004-03-01,2004,3,Massachusetts,4584.0,,2424.0,1657.0,,64,1484.0,0.0,0.0,,0.0,0.0,,,,,,,,,,,,,10213,6412281.0,37.80246062204697,25.84103846977386,03
2004-04-01,2004,4,Massachusetts,4373.0,,1753.0,1232.0,,67,2004.0,0.0,0.0,,0.0,0.0,,,,,,,,,,,,,9429,6412281.0,27.338165623122258,19.213131801304403,04
2004-05-01,2004,5,Massachusetts,3366.0,,1508.0,1018.0,,43,1831.0,0.0,0.0,,0.0,0.0,,,,,,,,,,,,,7766,6412281.0,23.51737236718104,15.875785855298608,05
2004-06-01,2004,6,Massachusetts,3329.0,,1523.0,1008.0,,43,2185.0,0.0,0.0,,0.0,0.0,,,,,,,,,,,,,8088,6412281.0,23.751298484891727,15.719835110158147,06
2004-07-01,2004,7,Massachusetts,3096.0,,1448.0,1030.0,,42,3085.0,0.0,0.0,,0.0,0.0,,,,,,,,,,,,,8701,6412281.0,22.581667896338292,16.062926749467156,07
2004-08-01,2004,8,Massachusetts,2978.0,,1580.0,1141.0,,54,3092.0,0.0,0.0,,0.0,0.0,,,,,,,,,,,,,8845,6412281.0,24.640217732192337,17.793980020526238,08
2004-09-01,2004,9,Massachusetts,2781.0,,1550.0,1547.0,,33,3636.0,0.0,0.0,,0.0,0.0,,,,,,,,,,,,,9547,6412281.0,24.17236549677096,24.125580273228824,09
2004-10-01,2004,10,Massachusetts,2792.0,,1501.0,1628.0,,42,3959.0,0.0,0.0,,0.0,0.0,,,,,,,,,,,,,9922,6412281.0,23.40820684558272,25.38878130886653,10
2004-11-01,2004,11,Massachusetts,2555.0,,1503.0,1815.0,,42,3669.0,0.0,0.0,,0.0,0.0,,,,,,,,,,,,,9584,6412281.0,23.43939699461081,28.305060242993093,11
2004-12-01,2004,12,Massachusetts,2100.0,,1857.0,1707.0,,59,6707.0,0.0,0.0,,0.0,0.0,,,,,,,,,,,,,12430,6412281.0,28.96005337258302,26.62079219547615,12
2005-01-01,2005,1,Massachusetts,4317.0,,1555.0,1258.0,,37,2747.0,0.0,0.0,,0.0,0.0,,,,,,,,,,,,,9914,6403290.0,24.284391305094726,19.646150650681133,01
2005-02-01,2005,2,Massachusetts,5444.0,,1896.0,1213.0,,49,106.0,0.0,0.0,,0.0,0.0,,,,,,,,,,,,,8708,6403290.0,29.609778723125142,18.943386915163924,02
2005-03-01,2005,3,Massachusetts,6420.0,,2542.0,1550.0,,75,177.0,0.0,0.0,,0.0,0.0,,,,,,,,,,,,,10764,6403290.0,39.69834257077221,24.206306445592812,03
2005-04-01,2005,4,Massachusetts,5707.0,,1693.0,1326.0,,49,117.0,0.0,0.0,,0.0,0.0,,,,,,,,,,,,,8892,6403290.0,26.439533427347506,20.708104739907142,04
2005-05-01,2005,5,Massachusetts,5175.0,,1617.0,998.0,,45,134.0,0.0,0.0,,0.0,0.0,,,,,,,,,,,,,7969,6403290.0,25.252643562918436,15.585737956581696,05
2005-06-01,2005,6,Massachusetts,4875.0,,1551.0,888.0,,40,104.0,0.0,0.0,,0.0,0.0,,,,,,,,,,,,,7458,6403290.0,24.221923417493194,13.867871047539625,06
2005-07-01,2005,7,Massachusetts,4859.0,,1375.0,872.0,,44,113.0,0.0,0.0,,0.0,0.0,,,,,,,,,,,,,7263,6403290.0,21.473336363025883,13.617999497133505,07
2005-08-01,2005,8,Massachusetts,5850.0,,1568.0,1092.0,,67,140.0,0.0,0.0,,0.0,0.0,,,,,,,,,,,,,8717,6403290.0,24.4874119397997,17.053733315217645,08
2005-09-01,2005,9,Massachusetts,5628.0,,1636.0,1305.0,,53,77.0,0.0,0.0,,0.0,0.0,,,,,,,,,,,,,8699,6403290.0,25.549366029025702,20.38014832999911,09
2005-10-01,2005,10,Massachusetts,5615.0,,1646.0,1709.0,,56,113.0,0.0,0.0,,0.0,0.0,,,,,,,,,,,,,9139,6403290.0,25.705535748029526,26.689404977753625,10
2005-11-01,2005,11,Massachusetts,5501.0,,1559.0,1707.0,,52,85.0,0.0,0.0,,0.0,0.0,,,,,,,,,,,,,8904,6403290.0,24.346859192696254,26.658171033952858,11
2005-12-01,2005,12,Massachusetts,5193.0,,1943.0,1647.0,,57,80.0,0.0,0.0,,0.0,0.0,,,,,,,,,,,,,8920,6403290.0,30.343776402443115,25.72115271992991,12
2006-01-01,2006,1,Massachusetts,7091.0,,1872.0,1358.0,,44,213.0,0.0,0.0,,0.0,0.0,,,,,,,,,,,,,10578,6410084.0,29.20398547039321,21.185369801706187,01
2006-02-01,2006,2,Massachusetts,6437.0,,1882.0,1372.0,,61,121.0,0.0,0.0,,0.0,0.0,,,,,,,,,,,,,9873,6410084.0,29.35998966628206,21.40377567595058,02
2006-03-01,2006,3,Massachusetts,8609.0,,2337.0,1590.0,,78,82.0,0.0,0.0,,0.0,0.0,,,,,,,,,,,,,12696,6410084.0,36.45818057922486,24.80466714632757,03
2006-04-01,2006,4,Massachusetts,7015.0,,1946.0,1369.0,,57,92.0,0.0,0.0,,0.0,0.0,,,,,,,,,,,,,10479,6410084.0,30.358416519970717,21.356974417183924,04
2006-05-01,2006,5,Massachusetts,7011.0,,1589.0,970.0,,63,90.0,0.0,0.0,,0.0,0.0,,0.0,0.0,,,,,,,,,,9723,6410084.0,24.78906672673868,15.132407001218704,05
2006-06-01,2006,6,Massachusetts,7737.0,,1646.0,1065.0,,58,93.0,0.0,0.0,,0.0,0.0,,0.0,0.0,,,,,,,,,,10599,6410084.0,25.678290643305143,16.614446862162804,06
2006-07-01,2006,7,Massachusetts,6490.0,,1336.0,925.0,,52,103.0,0.0,0.0,,0.0,0.0,,0.0,0.0,,,,,,,,,,8906,6410084.0,20.84216057075071,14.430388119718868,07
2006-08-01,2006,8,Massachusetts,8775.0,,1711.0,1203.0,,88,109.0,0.0,0.0,,0.0,0.0,,0.0,0.0,,,,,,,,,,11886,6410084.0,26.692317916582684,18.76730476542897,08
2006-09-01,2006,9,Massachusetts,9146.0,,1654.0,1452.0,,64,98.0,0.0,0.0,,0.0,0.0,,0.0,0.0,,,,,,,,,,12414,6410084.0,25.803094000016227,22.6518092430614,09
2006-10-01,2006,10,Massachusetts,9956.0,,1693.0,1690.0,,55,114.0,0.0,0.0,,0.0,0.0,,,,,,,,,,,,,13508,6410084.0,26.41151036398275,26.364709105216093,10
2006-11-01,2006,11,Massachusetts,9035.0,,1701.0,2010.0,,71,95.0,0.0,0.0,,0.0,0.0,,,,,,,,,,,,,12912,6410084.0,26.536313720693833,31.35684337365938,11
2006-12-01,2006,12,Massachusetts,9574.0,,1974.0,1884.0,,72,70.0,0.0,0.0,,0.0,0.0,,,,,,,,,,,,,13574,6410084.0,30.79522826845951,29.391190505459832,12
2007-01-01,2007,1,Massachusetts,11479.0,,1927.0,1489.0,,65,68.0,0.0,0.0,,0.0,0.0,,,,,,,,,,,,,15028,6431559.0,29.9616313867291,23.151462965666646,01
2007-02-01,2007,2,Massachusetts,10353.0,,1941.0,1302.0,,60,12.0,0.0,0.0,,0.0,0.0,,,,,,,,,,,,,13668,6431559.0,30.17930800292744,20.243925306445917,02
2007-03-01,2007,3,Massachusetts,11410.0,,2478.0,1639.0,,56,4.0,0.0,0.0,,0.0,0.0,,,,,,,,,,,,,15587,6431559.0,38.52876106710675,25.483712424934605,03
2007-04-01,2007,4,Massachusetts,10557.0,,2026.0,1316.0,,67,2.0,0.0,0.0,,0.0,0.0,,,,,,,,,,,,,13968,6431559.0,31.50091602984595,20.461601922644263,04
2007-05-01,2007,5,Massachusetts,11970.0,,1794.0,1071.0,,53,2.0,0.0,0.0,,0.0,0.0,,,,,,,,,,,,,14890,6431559.0,27.89370353284484,16.652261139173255,05
2007-06-01,2007,6,Massachusetts,10715.0,,1771.0,1126.0,,58,11.0,0.0,0.0,,0.0,0.0,,,,,,,,,,,,,13681,6431559.0,27.536091949090416,17.507419274238178,06
2007-07-01,2007,7,Massachusetts,11223.0,,1516.0,1003.0,,48,2.0,0.0,0.0,,0.0,0.0,,,,,,,,,,,,,13792,6431559.0,23.57126786833488,15.594974717638443,07
2007-08-01,2007,8,Massachusetts,11774.0,,1773.0,1320.0,,84,4.0,0.0,0.0,,0.0,0.0,,,,,,,,,,,,,14955,6431559.0,27.567188608547323,20.523795241558073,08
2007-09-01,2007,9,Massachusetts,10520.0,,1534.0,1411.0,,50,2.0,0.0,0.0,,0.0,0.0,,,,,,,,,,,,,13517,6431559.0,23.85113780344703,21.938693246847304,09
2007-10-01,2007,10,Massachusetts,10516.0,,1769.0,1738.0,,59,2.0,0.0,0.0,,0.0,0.0,,,,,,,,,,,,,14084,6431559.0,27.50499528963351,27.022997068051463,10
2007-11-01,2007,11,Massachusetts,8673.0,,1748.0,1861.0,,71,0.0,0.0,0.0,,0.0,0.0,,,,,,,,,,,,,12353,6431559.0,27.178480365335997,28.935441624651194,11
2007-12-01,2007,12,Massachusetts,6209.0,,1970.0,1687.0,,56,1.0,0.0,0.0,,0.0,0.0,,,,,,,,,,,,,9923,6431559.0,30.63020956505258,26.230032251900358,12
2008-01-01,2008,1,Massachusetts,7830.0,,2076.0,1491.0,,69,0.0,0.0,0.0,,0.0,0.0,,,,,,,,,,,,,11466,6468967.0,32.09167707919982,23.04850217971432,01
2008-02-01,2008,2,Massachusetts,7646.0,,1986.0,1322.0,,67,3.0,0.0,0.0,,0.0,0.0,,,,,,,,,,,,,11024,6468967.0,30.700419402355895,20.436029430974063,02
2008-03-01,2008,3,Massachusetts,8790.0,,2540.0,1710.0,,63,10.0,0.0,0.0,,0.0,0.0,,,,,,,,,,,,,13113,6468967.0,39.264383324261814,26.43389586003453,03
2008-04-01,2008,4,Massachusetts,8019.0,,2116.0,1484.0,,55,2.0,0.0,0.0,,0.0,0.0,,,,,,,,,,,,,11676,6468967.0,32.710013824463786,22.940293249293127,04
2008-05-01,2008,5,Massachusetts,7065.0,,1912.0,1208.0,,58,4.0,0.0,0.0,,0.0,0.0,,,,,,,,,,,,,10247,6468967.0,29.556496423617556,18.67376970697176,05
2008-06-01,2008,6,Massachusetts,6339.0,,1602.0,1127.0,,56,4.0,0.0,0.0,,0.0,0.0,,,,,,,,,,,,,9128,6468967.0,24.764386647821826,17.42163779781223,06
2008-07-01,2008,7,Massachusetts,6404.0,,1533.0,1061.0,,64,6.0,0.0,0.0,,0.0,0.0,,,,,,,,,,,,,9068,6468967.0,23.69775576224148,16.401382168126688,07
2008-08-01,2008,8,Massachusetts,5205.0,,1891.0,1495.0,,77,8.0,0.0,0.0,,0.0,0.0,,,,,,,,,,,,,8676,6468967.0,29.231869632353977,23.110335854240716,08
2008-09-01,2008,9,Massachusetts,4527.0,,1703.0,1562.0,,60,5.0,0.0,0.0,,0.0,0.0,,,,,,,,,,,,,7857,6468967.0,26.325686929613337,24.146049902557856,09
2008-10-01,2008,10,Massachusetts,4627.0,,1953.0,1971.0,,78,2.0,0.0,0.0,,0.0,0.0,,,,,,,,,,,,,8631,6468967.0,30.190291587513123,30.468543122881904,10
2002-07-01,2002,7,Michigan,10798.0,,1800.0,8182.0,,28,0.0,0.0,5.0,,0.0,264.0,,,,,,,,,,,,,21077,10015710.0,17.971766355056207,81.69166239837216,07
2002-08-01,2002,8,Michigan,10520.0,,1910.0,12446.0,,39,0.0,0.0,14.0,,1.0,279.0,,,,,,,,,,,,,25209,10015710.0,19.070040965642974,124.26478003057197,08
2002-09-01,2002,9,Michigan,10668.0,,1913.0,19545.0,,88,0.0,0.0,20.0,,0.0,323.0,,,,,,,,,,,,,32557,10015710.0,19.09999390956807,195.1434296719853,09
2002-10-01,2002,10,Michigan,12147.0,,2071.0,22792.0,,37,0.0,0.0,22.0,,1.0,360.0,,,,,,,,,,,,,37430,10015710.0,20.677515622956335,227.56249931357837,10
2002-11-01,2002,11,Michigan,10078.0,,1750.0,25412.0,,39,0.0,0.0,26.0,,0.0,450.0,,,,,,,,,,,,,37755,10015710.0,17.472550622971312,253.72140367482683,11
2002-12-01,2002,12,Michigan,11186.0,,2353.0,22251.0,,38,0.0,0.0,24.0,,0.0,186.0,,,,,,,,,,,,,36038,10015710.0,23.49309235191514,222.16098509241982,12
2003-01-01,2003,1,Michigan,12927.0,,2239.0,10270.0,,27,0.0,0.0,24.0,,0.0,279.0,,,,,,,,,,,,,25766,10041152.0,22.298238289789857,102.27910104338626,01
2003-02-01,2003,2,Michigan,12424.0,,2496.0,11718.0,,53,0.0,0.0,12.0,,0.0,322.0,,,,,,,,,,,,,27025,10041152.0,24.85770557003818,116.69975715933789,02
2003-03-01,2003,3,Michigan,12874.0,,2723.0,14080.0,,47,0.0,0.0,10.0,,0.0,278.0,,,,,,,,,,,,,30012,10041152.0,27.11840235064662,140.22295449765124,03
2003-04-01,2003,4,Michigan,11895.0,,2247.0,11257.0,,33,0.0,0.0,14.0,,2.0,245.0,,,,,,,,,,,,,25693,10041152.0,22.37791042302716,112.10865048153838,04
2003-05-01,2003,5,Michigan,10231.0,,2013.0,9246.0,,53,0.0,0.0,12.0,,1.0,265.0,,,,,,,,,,,,,21821,10041152.0,20.047500525836078,92.08106798901161,05
2003-06-01,2003,6,Michigan,9065.0,,1878.0,8518.0,,32,0.0,0.0,13.0,,0.0,224.0,,,,,,,,,,,,,19730,10041152.0,18.70303327745661,84.83090386441715,06
2003-07-01,2003,7,Michigan,9690.0,,1832.0,8405.0,,29,0.0,0.0,33.0,,0.0,259.0,,,,,,,,,,,,,20248,10041152.0,18.244918511342124,83.70553498244026,07
2003-08-01,2003,8,Michigan,9473.0,,1951.0,12482.0,,35,0.0,0.0,11.0,,1.0,279.0,,,,,,,,,,,,,24232,10041152.0,19.43004149324699,124.30844588350021,08
2003-09-01,2003,9,Michigan,11580.0,,2212.0,19309.0,,53,0.0,0.0,22.0,,0.0,319.0,,,,,,,,,,,,,33495,10041152.0,22.029344840113964,192.2986525848827,09
2003-10-01,2003,10,Michigan,12638.0,,2524.0,22569.0,,79,0.0,0.0,28.0,,2.0,400.0,,,,,,,,,,,,,38240,10041152.0,25.136558036368736,224.7650468790832,10
2003-11-01,2003,11,Michigan,9283.0,,2189.0,24735.0,,52,0.0,0.0,14.0,,0.0,460.0,,,,,,,,,,,,,36733,10041152.0,21.80028745705672,246.3362769530827,11
2003-12-01,2003,12,Michigan,12044.0,,2790.0,24013.0,,67,0.0,0.0,17.0,,0.0,235.0,,,,,,,,,,,,,39166,10041152.0,27.785656466509025,239.14586692841618,12
2004-01-01,2004,1,Michigan,11152.0,,2450.0,10514.0,,51,0.0,0.0,19.0,,0.0,281.0,,,,,,,,,,,,,24467,10055315.0,24.365223764745313,104.56161741327844,01
2004-02-01,2004,2,Michigan,11602.0,,2784.0,12220.0,,64,0.0,0.0,23.0,,0.0,280.0,,,,,,,,,,,,,26973,10055315.0,27.68685018818406,121.52776914497458,02
2004-03-01,2004,3,Michigan,13922.0,,3463.0,13529.0,,59,0.0,0.0,20.0,,0.0,294.0,,,,,,,,,,,,,31287,10055315.0,34.439497917270614,134.5457601278528,03
2004-04-01,2004,4,Michigan,12288.0,,3195.0,11559.0,,52,0.0,0.0,20.0,,0.0,237.0,,,,,,,,,,,,,27351,10055315.0,31.774240787086235,114.9541312231392,04
2004-05-01,2004,5,Michigan,10403.0,,2797.0,9153.0,,61,0.0,0.0,19.0,,0.0,203.0,,,,,,,,,,,,,22636,10055315.0,27.816135048976587,91.02648698723014,05
2004-06-01,2004,6,Michigan,10358.0,,2542.0,8122.0,,65,0.0,0.0,15.0,,1.0,264.0,,,,,,,,,,,,,21367,10055315.0,25.280162779584728,80.77320302745363,06
2004-07-01,2004,7,Michigan,9983.0,,2532.0,8864.0,,52,0.0,0.0,20.0,,0.0,253.0,,,,,,,,,,,,,21704,10055315.0,25.1807128866674,88.15238508191936,07
2004-08-01,2004,8,Michigan,11162.0,,2418.0,12454.0,,55,0.0,0.0,22.0,,0.0,257.0,,,,,,,,,,,,,26368,10055315.0,24.046984107409862,123.85489663924005,08
2004-09-01,2004,9,Michigan,11167.0,,2367.0,17151.0,,56,0.0,1.0,9.0,,0.0,300.0,,,,,,,,,,,,,31051,10055315.0,23.53978965353149,170.5665113425089,09
2004-10-01,2004,10,Michigan,12088.0,,2790.0,21132.0,,87,0.0,0.0,18.0,,0.0,401.0,,,,,,,,,,,,,36516,10055315.0,27.74652012393446,210.1575137128971,10
2004-11-01,2004,11,Michigan,10202.0,,2362.0,23198.0,,54,0.0,0.0,17.0,,1.0,439.0,,,,,,,,,,,,,36273,10055315.0,23.490064707072825,230.70386158961705,11
2004-12-01,2004,12,Michigan,11365.0,,2890.0,21851.0,,73,0.0,0.0,24.0,,0.0,222.0,,,,,,,,,,,,,36425,10055315.0,28.741019053107735,217.307961013653,12
2005-01-01,2005,1,Michigan,11569.0,,2662.0,10331.0,,62,0.0,0.0,18.0,,0.0,248.0,,,,,,,,,,,,,24890,10051137.0,26.48456587548255,102.78439145740427,01
2005-02-01,2005,2,Michigan,13639.0,,2880.0,12241.0,,63,0.0,0.0,10.0,,0.0,325.0,,,,,,,,,,,,,29158,10051137.0,28.65347472629216,121.78721670991052,02
2005-03-01,2005,3,Michigan,16384.0,,3473.0,13770.0,,65,0.0,0.0,7.0,,1.0,263.0,,,,,,,,,,,,,33963,10051137.0,34.55330476542107,136.9994260350844,03
2005-04-01,2005,4,Michigan,13198.0,,3237.0,11519.0,,72,0.0,0.0,2.0,,2.0,291.0,,,,,,,,,,,,,28321,10051137.0,32.20531169757213,114.60394978199979,04
2005-05-01,2005,5,Michigan,11073.0,,2717.0,8481.0,,74,0.0,0.0,9.0,,0.0,227.0,,,,,,,,,,,,,22581,10051137.0,27.031767649769375,84.37851359502909,05
2005-06-01,2005,6,Michigan,10221.0,,2434.0,7274.0,,68,0.0,0.0,19.0,,0.0,235.0,,,,,,,,,,,,,20251,10051137.0,24.216165792984416,72.3699219302254,06
2005-07-01,2005,7,Michigan,9143.0,,2636.0,7655.0,,55,0.0,0.0,24.0,,0.0,210.0,,,,,,,,,,,,,19723,10051137.0,26.225888673092406,76.1605378575578,07
2005-08-01,2005,8,Michigan,9819.0,,2552.0,11137.0,,50,0.0,0.0,17.0,,0.0,283.0,,,,,,,,,,,,,23858,10051137.0,25.390162326908886,110.80338473149854,08
2005-09-01,2005,9,Michigan,10781.0,,2471.0,16156.0,,74,0.0,0.0,16.0,,2.0,406.0,,,,,,,,,,,,,29906,10051137.0,24.58428335023192,160.73803391596394,09
2005-10-01,2005,10,Michigan,11165.0,,2585.0,18007.0,,72,0.0,0.0,18.0,,0.0,334.0,,,,,,,,,,,,,32181,10051137.0,25.718483391480987,179.15386090150795,10
2005-11-01,2005,11,Michigan,13596.0,,2403.0,21128.0,,65,0.0,0.0,22.0,,1.0,477.0,,,,,,,,,,,,,37692,10051137.0,23.907742974750022,210.20507431149332,11
2005-12-01,2005,12,Michigan,10819.0,,3015.0,20350.0,,87,0.0,1.0,11.0,,1.0,227.0,,,,,,,,,,,,,34511,10051137.0,29.996606354087106,202.4646564861269,12
2006-01-01,2006,1,Michigan,13667.0,,3012.0,10800.0,,68,0.0,0.0,26.0,,1.0,249.0,,,,,,,,,,,,,27823,10036081.0,30.0117147320752,107.61172613094692,01
2006-02-01,2006,2,Michigan,13768.0,,3120.0,12319.0,,70,0.0,0.0,6.0,,0.0,331.0,,,,,,,,,,,,,29614,10036081.0,31.08783199338467,122.74711613029031,02
2006-03-01,2006,3,Michigan,15997.0,,3547.0,14094.0,,77,0.0,0.0,6.0,,0.0,281.0,,,,,,,,,,,,,34002,10036081.0,35.34248079504341,140.43330260088575,03
2006-04-01,2006,4,Michigan,12201.0,,2533.0,10709.0,,64,0.0,0.0,5.0,,0.0,244.0,,,,,,,,,,,,,25756,10036081.0,25.238935397193384,106.70499769780655,04
2006-05-01,2006,5,Michigan,11820.0,,2203.0,8408.0,,59,0.0,0.0,10.0,,0.0,208.0,,0.0,0.0,,,,,,,,,,22708,10036081.0,21.95079932097001,83.77772160268535,05
2006-06-01,2006,6,Michigan,9703.0,,1906.0,7473.0,,47,0.0,0.0,9.0,,0.0,244.0,,0.0,0.0,,,,,,,,,,19382,10036081.0,18.99147685236897,74.46133605338578,06
2006-07-01,2006,7,Michigan,9259.0,,1853.0,7536.0,,38,0.0,0.0,1.0,,1.0,236.0,,0.0,0.0,,,,,,,,,,18924,10036081.0,18.463382270430063,75.08907112248298,07
2006-08-01,2006,8,Michigan,9912.0,,1966.0,11502.0,,64,0.0,0.0,3.0,,1.0,255.0,,0.0,0.0,,,,,,,,,,23703,10036081.0,19.58931977531867,114.60648832945849,08
2006-09-01,2006,9,Michigan,10122.0,,2018.0,17506.0,,81,0.0,0.0,3.0,,0.0,359.0,,0.0,0.0,,,,,,,,,,30089,10036081.0,20.10745030854175,174.43063681929232,09
2006-10-01,2006,10,Michigan,11361.0,,2035.0,17772.0,,75,0.0,0.0,3.0,,2.0,334.0,,,,,,,,,,,,,31582,10036081.0,20.276839136710834,177.08107377770267,10
2006-11-01,2006,11,Michigan,10205.0,,1915.0,21089.0,,59,0.0,0.0,3.0,,0.0,427.0,,,,,,,,,,,,,33698,10036081.0,19.081153290811425,210.13182336810553,11
2006-12-01,2006,12,Michigan,11145.0,,2460.0,21246.0,,61,0.0,0.0,1.0,,1.0,233.0,,,,,,,,,,,,,35147,10036081.0,24.511559840937913,211.6961790164906,12
2007-01-01,2007,1,Michigan,13629.0,,2312.0,10327.0,,66,0.0,0.0,2.0,,0.0,233.0,,,,,,,,,,,,,26569,10001284.0,23.11703177312033,103.25674183434847,01
2007-02-01,2007,2,Michigan,12550.0,,2364.0,10746.0,,72,0.0,0.0,0.0,,0.0,277.0,,,,,,,,,,,,,26009,10001284.0,23.63696501369224,107.4462039074183,02
2007-03-01,2007,3,Michigan,14803.0,,2603.0,12820.0,,93,0.0,0.0,1.0,,2.0,283.0,,,,,,,,,,,,,30605,10001284.0,26.02665817709006,128.18354123330565,03
2007-04-01,2007,4,Michigan,12689.0,,2220.0,9885.0,,55,0.0,0.0,4.0,,0.0,229.0,,,,,,,,,,,,,25082,10001284.0,22.19714988595464,98.83730928948722,04
2007-05-01,2007,5,Michigan,11265.0,,1971.0,7253.0,,52,0.0,0.0,0.0,,1.0,204.0,,,,,,,,,,,,,20746,10001284.0,19.70746956090838,72.52068834361668,05
2007-06-01,2007,6,Michigan,9493.0,,1732.0,7078.0,,52,0.0,0.0,1.0,,0.0,247.0,,,,,,,,,,,,,18603,10001284.0,17.31777639751056,70.7709130147689,06
2007-07-01,2007,7,Michigan,10230.0,,1732.0,7462.0,,40,0.0,0.0,2.0,,0.0,215.0,,,,,,,,,,,,,19681,10001284.0,17.31777639751056,74.61042002206916,07
2007-08-01,2007,8,Michigan,10660.0,,1929.0,10959.0,,55,0.0,0.0,0.0,,0.0,338.0,,,,,,,,,,,,,23941,10001284.0,19.287523481984913,109.57593045053015,08
2007-09-01,2007,9,Michigan,10111.0,,1685.0,14585.0,,56,0.0,0.0,0.0,,1.0,302.0,,,,,,,,,,,,,26740,10001284.0,16.847836737762872,145.83127526425608,09
2007-10-01,2007,10,Michigan,12445.0,,1901.0,15839.0,,60,0.0,0.0,1.0,,0.0,327.0,,,,,,,,,,,,,30573,10001284.0,19.00755942936927,158.369665334971,10
2007-11-01,2007,11,Michigan,10721.0,,1843.0,19169.0,,62,0.0,0.0,3.0,,0.0,466.0,,,,,,,,,,,,,32264,10001284.0,18.42763389180829,191.66539016390297,11
2007-12-01,2007,12,Michigan,11328.0,,2327.0,17095.0,,78,0.0,0.0,8.0,,0.0,202.0,,,,,,,,,,,,,31038,10001284.0,23.267012515593,170.9280528380156,12
2008-01-01,2008,1,Michigan,14502.0,,2234.0,9252.0,,74,0.0,0.0,3.0,,0.0,262.0,,,,,,,,,,,,,26327,9946889.0,22.459283500600037,93.01400669093624,01
2008-02-01,2008,2,Michigan,14820.0,,2291.0,10296.0,,66,0.0,0.0,3.0,,0.0,330.0,,,,,,,,,,,,,27806,9946889.0,23.03232699188661,103.50975063660609,02
2008-03-01,2008,3,Michigan,16242.0,,2771.0,12182.0,,83,0.0,0.0,0.0,,0.0,236.0,,,,,,,,,,,,,31514,9946889.0,27.857956392194588,122.47045282198285,03
2008-04-01,2008,4,Michigan,15995.0,,2343.0,9766.0,,63,0.0,0.0,0.0,,0.0,249.0,,,,,,,,,,,,,28416,9946889.0,23.555103510253307,98.18145150709935,04
2008-05-01,2008,5,Michigan,13823.0,,2026.0,8249.0,,53,0.0,0.0,0.0,,0.0,260.0,,,,,,,,,,,,,24411,9946889.0,20.368177427133247,82.93045192320935,05
2008-06-01,2008,6,Michigan,12732.0,,1907.0,7336.0,,65,0.0,0.0,0.0,,0.0,243.0,,,,,,,,,,,,,22283,9946889.0,19.171823471640227,73.75170266804022,06
2008-07-01,2008,7,Michigan,13406.0,,1942.0,6986.0,,54,0.0,0.0,0.0,,0.0,261.0,,,,,,,,,,,,,22649,9946889.0,19.523692282079352,70.233014563649,07
2008-08-01,2008,8,Michigan,13726.0,,2054.0,10440.0,,56,0.0,0.0,1.0,,0.0,287.0,,,,,,,,,,,,,26564,9946889.0,20.649672475484547,104.95743945669847,08
2008-09-01,2008,9,Michigan,15035.0,,2007.0,13809.0,,90,0.0,0.0,1.0,,0.0,308.0,,,,,,,,,,,,,31250,9946889.0,20.177162930037724,138.82732581011007,09
2008-10-01,2008,10,Michigan,17872.0,,2181.0,15751.0,,126,0.0,0.0,0.0,,0.0,412.0,,,,,,,,,,,,,36342,9946889.0,21.926453587649366,158.35101809218943,10
2002-07-01,2002,7,Minnesota,2603.0,,1747.0,5753.0,,87,0.0,2.0,5.0,,60.0,464.0,,,,,,,,,,,,,10721,5018935.0,34.80818141697392,114.62591167249626,07
2002-08-01,2002,8,Minnesota,2865.0,,2293.0,11335.0,,114,0.0,2.0,9.0,,95.0,663.0,,,,,,,,,,,,,17376,5018935.0,45.686983393887346,225.84472602255258,08
2002-09-01,2002,9,Minnesota,3040.0,,2280.0,16964.0,,99,0.0,1.0,10.0,,60.0,741.0,,,,,,,,,,,,,23195,5018935.0,45.42796429919893,337.99999402263626,09
2002-10-01,2002,10,Minnesota,3667.0,,2340.0,17425.0,,99,0.0,0.0,8.0,,88.0,859.0,,,,,,,,,,,,,24486,5018935.0,46.6234370439147,347.18520961120237,10
2002-11-01,2002,11,Minnesota,2820.0,,1993.0,11860.0,,89,0.0,2.0,6.0,,64.0,745.0,,,,,,,,,,,,,17579,5018935.0,39.70961967030854,236.30511253881548,11
2002-12-01,2002,12,Minnesota,3351.0,,2692.0,10906.0,,117,0.0,1.0,7.0,,55.0,364.0,,,,,,,,,,,,,17493,5018935.0,53.636877146247166,217.2970958978349,12
2003-01-01,2003,1,Minnesota,3873.0,,2543.0,5832.0,,104,0.0,0.0,7.0,,75.0,518.0,,,,,,,,,,,,,12952,5053572.0,50.32084236654786,115.40352051974327,01
2003-02-01,2003,2,Minnesota,4171.0,,2793.0,7133.0,,97,0.0,2.0,3.0,,72.0,620.0,,,,,,,,,,,,,14891,5053572.0,55.26783827360133,141.1476872200495,02
2003-03-01,2003,3,Minnesota,5066.0,,3907.0,9836.0,,150,0.0,0.0,7.0,,69.0,522.0,,,,,,,,,,,,,19557,5053572.0,77.31165203543158,194.63460696711158,03
2003-04-01,2003,4,Minnesota,4446.0,,3013.0,8812.0,,116,0.0,2.0,5.0,,65.0,519.0,,,,,,,,,,,,,16978,5053572.0,59.621194671808375,174.37171173182057,04
2003-05-01,2003,5,Minnesota,5695.0,,3478.0,5787.0,,104,0.0,2.0,2.0,,73.0,533.0,,,,,,,,,,,,,15674,5053572.0,68.82260705892783,114.51306125647365,05
2003-06-01,2003,6,Minnesota,7021.0,,3316.0,5815.0,,114,0.0,1.0,4.0,,72.0,501.0,,,,,,,,,,,,,16844,5053572.0,65.61695371115718,115.06712479806363,06
2003-07-01,2003,7,Minnesota,5748.0,,3476.0,5959.0,,96,0.0,0.0,4.0,,86.0,489.0,,,,,,,,,,,,,15858,5053572.0,68.7830310916714,117.91659444052642,07
2003-08-01,2003,8,Minnesota,4700.0,,3541.0,10999.0,,126,0.0,0.0,7.0,,86.0,635.0,,,,,,,,,,,,,20094,5053572.0,70.0692500275053,217.64803192672431,08
2003-09-01,2003,9,Minnesota,4589.0,,3457.0,18529.0,,116,0.0,0.0,14.0,,85.0,750.0,,,,,,,,,,,,,27540,5053572.0,68.40705940273533,366.6515486471747,09
2003-10-01,2003,10,Minnesota,4544.0,,3398.0,20092.0,,122,0.0,0.0,8.0,,90.0,931.0,,,,,,,,,,,,,29185,5053572.0,67.23956836867072,397.580167058073,10
2003-11-01,2003,11,Minnesota,2983.0,,2736.0,12900.0,,98,0.0,0.0,7.0,,66.0,596.0,,,,,,,,,,,,,19386,5053572.0,54.13992320679313,255.26498880395886,11
2003-12-01,2003,12,Minnesota,4135.0,,3733.0,12368.0,,109,0.0,0.0,5.0,,65.0,354.0,,,,,,,,,,,,,20769,5053572.0,73.86854288412236,244.7377815137491,12
2004-01-01,2004,1,Minnesota,4690.0,,3431.0,6430.0,,116,0.0,2.0,6.0,,81.0,480.0,,,,,,,,,,,,,15236,5087713.0,67.4369800340546,126.38291507402245,01
2004-02-01,2004,2,Minnesota,4279.0,,3774.0,7687.0,,118,0.0,1.0,5.0,,76.0,607.0,,,,,,,,,,,,,16547,5087713.0,74.1787125177855,151.08949738320538,02
2004-03-01,2004,3,Minnesota,6440.0,,4557.0,10373.0,,152,0.0,2.0,7.0,,77.0,500.0,,,,,,,,,,,,,22108,5087713.0,89.5687315695677,203.88335584180948,03
2004-04-01,2004,4,Minnesota,4967.0,,3769.0,9351.0,,110,0.0,0.0,2.0,,77.0,498.0,,,,,,,,,,,,,18774,5087713.0,74.08043653405764,183.79574476783577,04
2004-05-01,2004,5,Minnesota,4193.0,,3267.0,6544.0,,108,0.0,1.0,2.0,,69.0,454.0,,,,,,,,,,,,,14638,5087713.0,64.21352776778093,128.62360750301758,05
2004-06-01,2004,6,Minnesota,5215.0,,2756.0,5998.0,,113,0.0,3.0,4.0,,65.0,467.0,,,,,,,,,,,,,14621,5087713.0,54.169722230794065,117.89187007993573,06
2004-07-01,2004,7,Minnesota,4021.0,,2611.0,6686.0,,102,0.0,1.0,6.0,,75.0,471.0,,,,,,,,,,,,,13973,5087713.0,51.31971870268626,131.41464544088865,07
2004-08-01,2004,8,Minnesota,3438.0,,2787.0,11671.0,,85,0.0,4.0,2.0,,69.0,551.0,,,,,,,,,,,,,18607,5087713.0,54.779033329906774,229.39580121756083,08
2004-09-01,2004,9,Minnesota,4413.0,,2599.0,18072.0,,130,0.0,1.0,6.0,,77.0,739.0,,,,,,,,,,,,,26037,5087713.0,51.0838563417394,355.2087155859617,09
2004-10-01,2004,10,Minnesota,3764.0,,3158.0,20394.0,,154,0.0,0.0,5.0,,65.0,875.0,,,,,,,,,,,,,28415,5087713.0,62.07111132251367,400.8480824291779,10
2004-11-01,2004,11,Minnesota,2920.0,,2446.0,12425.0,,129,0.0,0.0,9.0,,66.0,633.0,,,,,,,,,,,,,18628,5087713.0,48.07661123966702,244.21581956372145,11
2004-12-01,2004,12,Minnesota,3212.0,,3423.0,13035.0,,142,0.0,1.0,6.0,,65.0,378.0,,,,,,,,,,,,,20262,5087713.0,67.27973846009002,256.20548957851986,12
2005-01-01,2005,1,Minnesota,3588.0,,2689.0,6107.0,,102,0.0,1.0,7.0,,74.0,434.0,,,,,,,,,,,,,13002,5119598.0,52.523655177613556,119.28670962056006,01
2005-02-01,2005,2,Minnesota,3761.0,,3261.0,8001.0,,131,0.0,1.0,7.0,,77.0,599.0,,,,,,,,,,,,,15838,5119598.0,63.696407413238305,156.28180181334548,02
2005-03-01,2005,3,Minnesota,5268.0,,4133.0,10585.0,,158,1.0,0.0,4.0,,81.0,464.0,,,,,,,,,,,,,20694,5119598.0,80.72899473747744,206.75451470994403,03
2005-04-01,2005,4,Minnesota,3811.0,,3236.0,9840.0,,119,0.0,0.0,1.0,,74.0,484.0,,,,,,,,,,,,,17565,5119598.0,63.20808782252044,192.20259090655165,04
2005-05-01,2005,5,Minnesota,3632.0,,2619.0,6248.0,,112,0.0,0.0,2.0,,67.0,403.0,,,,,,,,,,,,,13083,5119598.0,51.156360323603536,122.04083211220882,05
2005-06-01,2005,6,Minnesota,5744.0,,2617.0,5792.0,,117,0.0,0.0,1.0,,71.0,389.0,,,,,,,,,,,,,14731,5119598.0,51.117294756346105,113.13388277751496,06
2005-07-01,2005,7,Minnesota,5038.0,,2619.0,6248.0,,96,0.0,0.0,2.0,,59.0,447.0,,,,,,,,,,,,,14509,5119598.0,51.156360323603536,122.04083211220882,07
2005-08-01,2005,8,Minnesota,5142.0,,3031.0,10852.0,,114,0.0,0.0,1.0,,74.0,561.0,,,,,,,,,,,,,19775,5119598.0,59.20386717863395,211.9697679388108,08
2005-09-01,2005,9,Minnesota,4401.0,,3158.0,16506.0,,163,0.0,0.0,5.0,,95.0,676.0,,,,,,,,,,,,,25004,5119598.0,61.6845306994807,322.4081265755632,09
2005-10-01,2005,10,Minnesota,3632.0,,3448.0,20294.0,,133,0.0,1.0,2.0,,73.0,824.0,,,,,,,,,,,,,28407,5119598.0,67.34903795180794,396.3983109611341,10
2005-11-01,2005,11,Minnesota,3874.0,,2708.0,12576.0,,101,0.0,1.0,2.0,,45.0,584.0,,,,,,,,,,,,,19891,5119598.0,52.89477806655913,245.6442869147148,11
2005-12-01,2005,12,Minnesota,4573.0,,3440.0,13141.0,,113,0.0,0.0,3.0,,64.0,332.0,,,,,,,,,,,,,21666,5119598.0,67.19277568277822,256.68030966493853,12
2006-01-01,2006,1,Minnesota,5746.0,,3324.0,7424.0,,101,0.0,0.0,2.0,,74.0,446.0,,,,,,,,,,,,,17117,5163555.0,64.37425378445664,143.77691338622324,01
2006-02-01,2006,2,Minnesota,5981.0,,3777.0,8999.0,,134,0.0,0.0,2.0,,87.0,555.0,,,,,,,,,,,,,19535,5163555.0,73.14727934533475,174.27915457470675,02
2006-03-01,2006,3,Minnesota,6824.0,,4567.0,11286.0,,149,0.0,0.0,0.0,,70.0,476.0,,,,,,,,,,,,,23372,5163555.0,88.44681619543125,218.570345430619,03
2006-04-01,2006,4,Minnesota,5437.0,,3730.0,10017.0,,127,0.0,0.0,1.0,,64.0,417.0,,,,,,,,,,,,,19793,5163555.0,72.23705373526572,193.99425395875517,04
2006-05-01,2006,5,Minnesota,5795.0,,2969.0,6081.0,,100,0.0,0.0,1.0,,69.0,351.0,,0.0,0.0,,,,,,,,,,15366,5163555.0,57.49914545308416,117.76770074105922,05
2006-06-01,2006,6,Minnesota,5096.0,,2839.0,5848.0,,106,0.0,0.0,0.0,,85.0,394.0,,0.0,0.0,,,,,,,,,,14368,5163555.0,54.98150014863791,113.25530569539784,06
2006-07-01,2006,7,Minnesota,5052.0,,2694.0,6951.0,,137,0.0,1.0,2.0,,58.0,358.0,,0.0,0.0,,,,,,,,,,15253,5163555.0,52.173357309063235,134.61655777850726,07
2006-08-01,2006,8,Minnesota,6460.0,,3046.0,11091.0,,145,0.0,0.0,1.0,,93.0,509.0,,0.0,0.0,,,,,,,,,,21345,5163555.0,58.99036613341002,214.79387747394964,08
2006-09-01,2006,9,Minnesota,5333.0,,3591.0,18315.0,,181,0.0,0.0,6.0,,78.0,656.0,,0.0,0.0,,,,,,,,,,28160,5163555.0,69.54510990974242,354.697490391794,09
2006-10-01,2006,10,Minnesota,3963.0,,3330.0,19500.0,,151,0.0,1.0,13.0,,84.0,767.0,,,,,,,,,,,,,27809,5163555.0,64.49045279850802,377.6467956669388,10
2006-11-01,2006,11,Minnesota,3545.0,,2777.0,12690.0,,117,0.0,1.0,7.0,,71.0,533.0,,,,,,,,,,,,,19741,5163555.0,53.780777003440456,245.76091471863862,11
2006-12-01,2006,12,Minnesota,4498.0,,4246.0,13559.0,,162,0.0,1.0,5.0,,73.0,309.0,,,,,,,,,,,,,22853,5163555.0,82.23016894368318,262.59040525374473,12
2007-01-01,2007,1,Minnesota,8590.0,,3875.0,7140.0,,125,0.0,1.0,4.0,,65.0,347.0,,,,,,,,,,,,,20147,5207203.0,74.41615009055725,137.1177578442784,01
2007-02-01,2007,2,Minnesota,5344.0,,3961.0,7430.0,,171,0.0,0.0,6.0,,94.0,469.0,,,,,,,,,,,,,17475,5207203.0,76.0677085183735,142.68696649621688,02
2007-03-01,2007,3,Minnesota,6782.0,,5069.0,10930.0,,193,0.0,0.0,5.0,,92.0,450.0,,,,,,,,,,,,,23521,5207203.0,97.34592640233154,209.9015536747847,03
2007-04-01,2007,4,Minnesota,6796.0,,4365.0,9169.0,,184,0.0,0.0,6.0,,55.0,319.0,,,,,,,,,,,,,20894,5207203.0,83.82619229555675,176.08301424008243,04
2007-05-01,2007,5,Minnesota,6480.0,,3419.0,5615.0,,137,0.0,0.0,6.0,,71.0,349.0,,,,,,,,,,,,,16077,5207203.0,65.65904958957813,107.83140200218813,05
2007-06-01,2007,6,Minnesota,5703.0,,3095.0,5755.0,,122,0.0,0.0,1.0,,74.0,367.0,,,,,,,,,,,,,15117,5207203.0,59.43689923361928,110.51998548933084,06
2007-07-01,2007,7,Minnesota,5926.0,,2750.0,6039.0,,115,0.0,0.0,2.0,,65.0,357.0,,,,,,,,,,,,,15254,5207203.0,52.81146135458902,115.97396913467749,07
2007-08-01,2007,8,Minnesota,5394.0,,3755.0,12143.0,,156,0.0,0.0,9.0,,78.0,563.0,,,,,,,,,,,,,22098,5207203.0,72.11164995872063,233.1962091740998,08
2007-09-01,2007,9,Minnesota,5792.0,,3537.0,16878.0,,167,0.0,0.0,3.0,,67.0,589.0,,,,,,,,,,,,,27033,5207203.0,67.92514138588413,324.1279435428194,09
2007-10-01,2007,10,Minnesota,6404.0,,3438.0,18622.0,,144,0.0,0.0,5.0,,71.0,769.0,,,,,,,,,,,,,29453,5207203.0,66.02392877711893,357.6200121255115,10
2007-11-01,2007,11,Minnesota,4846.0,,2984.0,11054.0,,135,0.0,0.0,7.0,,71.0,464.0,,,,,,,,,,,,,19561,5207203.0,57.30523661167041,212.28287047768256,11
2007-12-01,2007,12,Minnesota,5252.0,,4258.0,11430.0,,151,0.0,1.0,7.0,,74.0,283.0,,,,,,,,,,,,,21456,5207203.0,81.7713463446691,219.5036375574373,12
2008-01-01,2008,1,Minnesota,7433.0,,4206.0,6493.0,,144,0.0,0.0,7.0,,82.0,362.0,,,,,,,,,,,,,18727,5247018.0,80.15981649005205,123.74647847596484,01
2008-02-01,2008,2,Minnesota,7202.0,,4671.0,8015.0,,210,0.0,1.0,5.0,,81.0,553.0,,,,,,,,,,,,,20738,5247018.0,89.02199306348864,152.75343061525612,02
2008-03-01,2008,3,Minnesota,8966.0,,5819.0,10560.0,,212,0.0,1.0,5.0,,74.0,381.0,,,,,,,,,,,,,26018,5247018.0,110.90108705554277,201.2571712161079,03
2008-04-01,2008,4,Minnesota,9365.0,,5417.0,9752.0,,193,0.0,0.0,5.0,,68.0,326.0,,,,,,,,,,,,,25126,5247018.0,103.23959246947504,185.8579482669966,04
2008-05-01,2008,5,Minnesota,7951.0,,4072.0,6206.0,,168,0.0,0.0,9.0,,89.0,432.0,,,,,,,,,,,,,18927,5247018.0,77.60598496136282,118.2767049779513,05
2008-06-01,2008,6,Minnesota,7256.0,,3612.0,5949.0,,134,0.0,2.0,6.0,,57.0,374.0,,,,,,,,,,,,,17390,5247018.0,68.83910060914599,113.37868480725623,06
2008-07-01,2008,7,Minnesota,7150.0,,3565.0,5861.0,,122,0.0,1.0,8.0,,60.0,397.0,,,,,,,,,,,,,17164,5247018.0,67.94335372968037,111.70154171378869,07
2008-08-01,2008,8,Minnesota,6728.0,,4050.0,10413.0,,174,0.0,0.0,5.0,,79.0,457.0,,,,,,,,,,,,,21906,5247018.0,77.18669918799593,198.4555799122473,08
2008-09-01,2008,9,Minnesota,6837.0,,3906.0,15820.0,,233,0.0,0.0,3.0,,84.0,564.0,,,,,,,,,,,,,27447,5247018.0,74.44228321686718,301.5045879392829,09
2008-10-01,2008,10,Minnesota,8193.0,,4219.0,16992.0,,195,0.0,1.0,1.0,,85.0,817.0,,,,,,,,,,,,,30503,5247018.0,80.40757626522341,323.8410845931918,10
2002-07-01,2002,7,Mississippi,0.0,,2541.0,3191.0,,143,0.0,60.0,78.0,,843.0,1344.0,,,,,,,,,,,,,8200,2858681.0,88.88714760408735,111.62490673146112,07
2002-08-01,2002,8,Mississippi,0.0,,2975.0,6477.0,,169,0.0,38.0,81.0,,1001.0,1835.0,,,,,,,,,,,,,12576,2858681.0,104.06897446759537,226.57302441230763,08
2002-09-01,2002,9,Mississippi,0.0,,2555.0,5969.0,,163,0.0,51.0,81.0,,873.0,1667.0,,,,,,,,,,,,,11359,2858681.0,89.37688395452308,208.8025911250678,09
2002-10-01,2002,10,Mississippi,0.0,,2743.0,8029.0,,160,0.0,67.0,94.0,,943.0,2133.0,,,,,,,,,,,,,14169,2858681.0,95.95334351751734,280.86379697489855,10
2002-11-01,2002,11,Mississippi,0.0,,2857.0,13544.0,,207,0.0,48.0,86.0,,982.0,3167.0,,,,,,,,,,,,,20891,2858681.0,99.94119665677982,473.78493787869303,11
2002-12-01,2002,12,Mississippi,0.0,,3646.0,15941.0,,207,0.0,53.0,85.0,,916.0,1727.0,,,,,,,,,,,,,22575,2858681.0,127.54133812062275,557.6347973068698,12
2003-01-01,2003,1,Mississippi,0.0,,3362.0,5741.0,,234,0.0,42.0,115.0,,1024.0,1954.0,,,,,,,,,,,,,12472,2868312.0,117.21179564845109,200.15256359838122,01
2003-02-01,2003,2,Mississippi,0.0,,4472.0,5373.0,,284,0.0,48.0,82.0,,1224.0,2174.0,,,,,,,,,,,,,13657,2868312.0,155.9105146162621,187.32271803067448,02
2003-03-01,2003,3,Mississippi,0.0,,3781.0,4824.0,,182,0.0,48.0,97.0,,754.0,1378.0,,,,,,,,,,,,,11064,2868312.0,131.8196904660302,168.18254081145983,03
2003-04-01,2003,4,Mississippi,0.0,,2724.0,2992.0,,158,0.0,49.0,90.0,,830.0,1331.0,,,,,,,,,,,,,8174,2868312.0,94.96874816965519,104.31222265918072,04
2003-05-01,2003,5,Mississippi,0.0,,2773.0,2855.0,,141,0.0,41.0,68.0,,901.0,1369.0,,,,,,,,,,,,,8148,2868312.0,96.67706999796395,99.53589428207252,05
2003-06-01,2003,6,Mississippi,0.0,,2370.0,2931.0,,147,0.0,56.0,63.0,,814.0,1298.0,,,,,,,,,,,,,7679,2868312.0,82.62699455289383,102.18553630149022,06
2003-07-01,2003,7,Mississippi,0.0,,2525.0,3351.0,,136,0.0,41.0,63.0,,854.0,1412.0,,,,,,,,,,,,,8382,2868312.0,88.03086972407465,116.82829482985115,07
2003-08-01,2003,8,Mississippi,0.0,,2792.0,6380.0,,184,0.0,61.0,74.0,,999.0,1821.0,,,,,,,,,,,,,12311,2868312.0,97.33948050281838,222.43047478795893,08
2003-09-01,2003,9,Mississippi,0.0,,2567.0,6019.0,,171,0.0,43.0,54.0,,835.0,1741.0,,,,,,,,,,,,,11430,2868312.0,89.49514557691074,209.84467519572485,09
2003-10-01,2003,10,Mississippi,0.0,,2782.0,8624.0,,204,0.0,41.0,92.0,,1019.0,2284.0,,,,,,,,,,,,,15046,2868312.0,96.99084339500027,300.66464178234446,10
2003-11-01,2003,11,Mississippi,0.0,,2700.0,12967.0,,174,0.0,43.0,71.0,,820.0,2556.0,,,,,,,,,,,,,19331,2868312.0,94.1320191108917,452.0777377077528,11
2003-12-01,2003,12,Mississippi,0.0,,3764.0,16441.0,,207,0.0,42.0,102.0,,839.0,1788.0,,,,,,,,,,,,,23183,2868312.0,131.2270073827394,573.1942689637668,12
2004-01-01,2004,1,Mississippi,0.0,,3384.0,5481.0,,212,0.0,62.0,113.0,,1128.0,1985.0,,,,,,,,,,,,,12365,2889010.0,117.13355093959522,189.71896947397204,01
2004-02-01,2004,2,Mississippi,0.0,,4694.0,5638.0,,246,0.0,33.0,69.0,,1095.0,2080.0,,,,,,,,,,,,,13855,2889010.0,162.47780381514775,195.15335703233978,02
2004-03-01,2004,3,Mississippi,0.0,,3587.0,4519.0,,165,0.0,42.0,95.0,,753.0,1350.0,,,,,,,,,,,,,10511,2889010.0,124.16017943863123,156.42036545390982,03
2004-04-01,2004,4,Mississippi,0.0,,2908.0,3273.0,,142,0.0,56.0,98.0,,858.0,1371.0,,,,,,,,,,,,,8706,2889010.0,100.65731859702804,113.29140432189574,04
2004-05-01,2004,5,Mississippi,0.0,,2816.0,3030.0,,186,0.0,48.0,81.0,,760.0,1183.0,,,,,,,,,,,,,8104,2889010.0,97.47283671569153,104.88021848314821,05
2004-06-01,2004,6,Mississippi,0.0,,2580.0,2999.0,,171,0.0,41.0,86.0,,791.0,1226.0,,,,,,,,,,,,,7894,2889010.0,89.30394841139352,103.80718654487177,06
2004-07-01,2004,7,Mississippi,0.0,,2638.0,3513.0,,136,0.0,50.0,74.0,,937.0,1431.0,,,,,,,,,,,,,8779,2889010.0,91.31155655397524,121.59874836016489,07
2004-08-01,2004,8,Mississippi,0.0,,2836.0,5851.0,,176,0.0,57.0,82.0,,810.0,1599.0,,,,,,,,,,,,,11411,2889010.0,98.1651153855473,202.5261248663037,08
2004-09-01,2004,9,Mississippi,0.0,,2500.0,5920.0,,152,0.0,60.0,76.0,,904.0,1760.0,,,,,,,,,,,,,11372,2889010.0,86.53483373197047,204.91448627730605,09
2004-10-01,2004,10,Mississippi,0.0,,2786.0,8592.0,,204,0.0,68.0,73.0,,983.0,2011.0,,,,,,,,,,,,,14717,2889010.0,96.43441871090789,297.4029165700361,10
2004-11-01,2004,11,Mississippi,0.0,,3376.0,13124.0,,216,0.0,46.0,99.0,,842.0,2671.0,,,,,,,,,,,,,20374,2889010.0,116.85663947165293,454.2732631593521,11
2004-12-01,2004,12,Mississippi,0.0,,3974.0,17025.0,,221,0.0,43.0,103.0,,898.0,1942.0,,,,,,,,,,,,,24206,2889010.0,137.55577170034024,589.3022177147188,12
2005-01-01,2005,1,Mississippi,0.0,,3541.0,5555.0,,208,0.0,43.0,105.0,,940.0,1836.0,,,,,,,,,,,,,12228,2905943.0,121.85373216198666,191.15997801746283,01
2005-02-01,2005,2,Mississippi,0.0,,4545.0,5634.0,,222,0.0,38.0,78.0,,1083.0,2010.0,,,,,,,,,,,,,13610,2905943.0,156.40361837792415,193.87854476154558,02
2005-03-01,2005,3,Mississippi,0.0,,3361.0,4897.0,,167,0.0,43.0,92.0,,688.0,1202.0,,,,,,,,,,,,,10450,2905943.0,115.65952945395007,168.51672589586238,03
2005-04-01,2005,4,Mississippi,0.0,,3159.0,3270.0,,151,0.0,53.0,73.0,,781.0,1222.0,,,,,,,,,,,,,8709,2905943.0,108.70825752604232,112.52801586266489,04
2005-05-01,2005,5,Mississippi,0.0,,2609.0,2793.0,,144,0.0,53.0,83.0,,729.0,1062.0,,,,,,,,,,,,,7473,2905943.0,89.78152702926383,96.1133786863679,05
2005-06-01,2005,6,Mississippi,0.0,,2432.0,2905.0,,137,0.0,45.0,68.0,,786.0,1150.0,,,,,,,,,,,,,7523,2905943.0,83.69056103302783,99.96754926025733,06
2005-07-01,2005,7,Mississippi,0.0,,2706.0,3328.0,,153,0.0,42.0,91.0,,780.0,1296.0,,,,,,,,,,,,,8396,2905943.0,93.11951404415021,114.52392562414336,07
2005-08-01,2005,8,Mississippi,0.0,,2675.0,5136.0,,139,0.0,46.0,66.0,,719.0,1353.0,,,,,,,,,,,,,10134,2905943.0,92.05273468887725,176.7412506026443,08
2005-09-01,2005,9,Mississippi,0.0,,5195.0,6367.0,,284,0.0,29.0,43.0,,1068.0,2041.0,,,,,,,,,,,,,15027,2905943.0,178.77157260138964,219.10271467816128,09
2005-10-01,2005,10,Mississippi,0.0,,4699.0,10657.0,,266,0.0,21.0,42.0,,702.0,1871.0,,,,,,,,,,,,,18258,2905943.0,161.70310291702214,366.7312125530336,10
2005-11-01,2005,11,Mississippi,0.0,,4516.0,17518.0,,224,0.0,12.0,36.0,,644.0,1886.0,,,,,,,,,,,,,24836,2905943.0,155.4056634971849,602.8335724410287,11
2005-12-01,2005,12,Mississippi,2.0,,6267.0,22351.0,,257,0.0,30.0,52.0,,717.0,1393.0,,,,,,,,,,,,,31069,2905943.0,215.6614909514743,769.1479151518114,12
2006-01-01,2006,1,Mississippi,0.0,,5156.0,7834.0,,199,0.0,41.0,69.0,,814.0,1321.0,,,,,,,,,,,,,15434,2904978.0,177.48843536852945,269.6750199140923,01
2006-02-01,2006,2,Mississippi,3.0,,5848.0,6859.0,,203,0.0,31.0,39.0,,810.0,1366.0,,,,,,,,,,,,,15159,2904978.0,201.30961404871226,236.1119430164359,02
2006-03-01,2006,3,Mississippi,0.0,,4796.0,6139.0,,181,0.0,32.0,53.0,,660.0,983.0,,,,,,,,,,,,,12844,2904978.0,165.09591466785633,211.32690161508967,03
2006-04-01,2006,4,Mississippi,1.0,,3696.0,4053.0,,160,0.0,43.0,43.0,,568.0,792.0,,,,,,,,,,,,,9356,2904978.0,127.22987919357737,139.51912888841156,04
2006-05-01,2006,5,Mississippi,0.0,,3453.0,3668.0,,153,0.0,46.0,60.0,,727.0,884.0,,0.0,0.0,,,,,,,,,,8991,2904978.0,118.86492772062302,126.26601647241391,05
2006-06-01,2006,6,Mississippi,0.0,,3407.0,3731.0,,139,0.0,51.0,53.0,,805.0,1037.0,,0.0,0.0,,,,,,,,,,9223,2904978.0,117.2814389644259,128.43470759503168,06
2006-07-01,2006,7,Mississippi,97.0,,3427.0,4343.0,,163,0.0,41.0,69.0,,732.0,959.0,,0.0,0.0,,,,,,,,,,9831,2904978.0,117.96991233668551,149.501992786176,07
2006-08-01,2006,8,Mississippi,380.0,,3762.0,7358.0,,194,0.0,58.0,59.0,,746.0,1152.0,,0.0,0.0,,,,,,,,,,13709,2904978.0,129.50184132203412,253.28935365431337,08
2006-09-01,2006,9,Mississippi,237.0,,3239.0,8493.0,,195,0.0,57.0,66.0,,823.0,1597.0,,0.0,0.0,,,,,,,,,,14707,2904978.0,111.49826263744511,292.36021753004667,09
2006-10-01,2006,10,Mississippi,684.0,,3228.0,9702.0,,214,0.0,47.0,71.0,,731.0,1608.0,,,,,,,,,,,,,16285,2904978.0,111.1196022827023,333.97843288314056,10
2006-11-01,2006,11,Mississippi,562.0,,3551.0,17282.0,,246,0.0,35.0,49.0,,740.0,1995.0,,,,,,,,,,,,,24460,2904978.0,122.23844724469514,594.9098409695357,11
2006-12-01,2006,12,Mississippi,697.0,,5226.0,20475.0,,280,0.0,35.0,67.0,,823.0,1485.0,,,,,,,,,,,,,29088,2904978.0,179.89809217143815,704.8246148507837,12
2007-01-01,2007,1,Mississippi,527.0,,4441.0,7065.0,,219,0.0,44.0,86.0,,873.0,1402.0,,,,,,,,,,,,,14657,2928350.0,151.65536906449026,241.26214421090376,01
2007-02-01,2007,2,Mississippi,662.0,,5506.0,6242.0,,256,0.0,31.0,62.0,,825.0,1439.0,,,,,,,,,,,,,15023,2928350.0,188.02397254426555,213.15758020728396,02
2007-03-01,2007,3,Mississippi,692.0,,4703.0,4999.0,,195,0.0,33.0,44.0,,683.0,1099.0,,,,,,,,,,,,,12448,2928350.0,160.60238700974952,170.71046835248518,03
2007-04-01,2007,4,Mississippi,496.0,,3842.0,3452.0,,146,0.0,37.0,44.0,,595.0,831.0,,,,,,,,,,,,,9443,2928350.0,131.2001639148326,117.88208376730923,04
2007-05-01,2007,5,Mississippi,691.0,,3499.0,3184.0,,152,0.0,53.0,62.0,,672.0,869.0,,,,,,,,,,,,,9182,2928350.0,119.48708316970307,108.73017228131883,05
2007-06-01,2007,6,Mississippi,696.0,,3469.0,3481.0,,194,0.0,59.0,64.0,,799.0,1085.0,,,,,,,,,,,,,9847,2928350.0,118.46261546604744,118.87240254750968,06
2007-07-01,2007,7,Mississippi,681.0,,3376.0,4276.0,,169,0.0,37.0,61.0,,715.0,990.0,,,,,,,,,,,,,10305,2928350.0,115.28676558471496,146.02079669438422,07
2007-08-01,2007,8,Mississippi,586.0,,3616.0,7109.0,,225,0.0,42.0,49.0,,824.0,1296.0,,,,,,,,,,,,,13747,2928350.0,123.48250721396009,242.764696842932,08
2007-09-01,2007,9,Mississippi,604.0,,3000.0,7143.0,,174,0.0,31.0,35.0,,678.0,1218.0,,,,,,,,,,,,,12883,2928350.0,102.44677036556422,243.92576024040844,09
2007-10-01,2007,10,Mississippi,667.0,,3378.0,9528.0,,191,0.0,32.0,40.0,,791.0,1499.0,,,,,,,,,,,,,16126,2928350.0,115.35506343162531,325.370942681032,10
2007-11-01,2007,11,Mississippi,563.0,,3319.0,16248.0,,221,0.0,29.0,50.0,,840.0,2218.0,,,,,,,,,,,,,23488,2928350.0,113.34027694776923,554.8517082998959,11
2007-12-01,2007,12,Mississippi,593.0,,5073.0,19981.0,,273,0.0,33.0,44.0,,723.0,1429.0,,,,,,,,,,,,,28149,2928350.0,173.2374886881691,682.329639558113,12
2008-01-01,2008,1,Mississippi,721.0,,4556.0,8022.0,,213,0.0,34.0,51.0,,925.0,1517.0,,,,,,,,,,,,,16039,2947806.0,154.55562543803762,272.1345977313297,01
2008-02-01,2008,2,Mississippi,541.0,,5843.0,6247.0,,274,0.0,18.0,44.0,,960.0,1727.0,,,,,,,,,,,,,15654,2947806.0,198.21521497683364,211.92032311488614,02
2008-03-01,2008,3,Mississippi,610.0,,4495.0,5055.0,,221,0.0,28.0,29.0,,618.0,1009.0,,,,,,,,,,,,,12065,2947806.0,152.48628980333172,171.4834694006322,03
2008-04-01,2008,4,Mississippi,666.0,,3737.0,3457.0,,167,0.0,26.0,23.0,,665.0,911.0,,,,,,,,,,,,,9652,2947806.0,126.77225027698566,117.27366047833542,04
2008-05-01,2008,5,Mississippi,628.0,,4015.0,3343.0,,194,0.0,27.0,31.0,,799.0,1110.0,,,,,,,,,,,,,10147,2947806.0,136.20299300564554,113.40637748888496,05
2008-06-01,2008,6,Mississippi,818.0,,3504.0,3179.0,,158,1.0,39.0,27.0,,768.0,1108.0,,,,,,,,,,,,,9602,2947806.0,118.86806662310885,107.84291774967552,06
2008-07-01,2008,7,Mississippi,850.0,,3622.0,3615.0,,163,0.0,25.0,39.0,,743.0,1014.0,,,,,,,,,,,,,10071,2947806.0,122.87104375254003,122.63357900757377,07
2008-08-01,2008,8,Mississippi,665.0,,4029.0,6201.0,,215,0.0,48.0,37.0,,846.0,1218.0,,,,,,,,,,,,,13259,2947806.0,136.67792249557806,210.35984050510785,08
2008-09-01,2008,9,Mississippi,194.0,,3163.0,5808.0,,191,0.0,45.0,36.0,,686.0,1205.0,,,,,,,,,,,,,11328,2947806.0,107.30014118975265,197.02789125200232,09
2008-10-01,2008,10,Mississippi,232.0,,4480.0,8741.0,,292,0.0,29.0,28.0,,923.0,1770.0,,,,,,,,,,,,,16495,2947806.0,151.97743677840398,296.5256193928637,10
2002-07-01,2002,7,Missouri,0.0,,2144.0,6982.0,,101,0.0,4.0,26.0,,165.0,1201.0,,,,,,,,,,,,,10623,5674825.0,37.78090073262171,123.03463102386416,07
2002-08-01,2002,8,Missouri,0.0,,2490.0,11034.0,,114,0.0,3.0,46.0,,184.0,1548.0,,,,,,,,,,,,,15419,5674825.0,43.87800504861383,194.43771393831528,08
2002-09-01,2002,9,Missouri,0.0,,2380.0,11189.0,,110,0.0,1.0,14.0,,178.0,1543.0,,,,,,,,,,,,,15415,5674825.0,41.939619283414025,197.16907569836957,09
2002-10-01,2002,10,Missouri,0.0,,2618.0,17189.0,,139,0.0,5.0,27.0,,209.0,2171.0,,,,,,,,,,,,,22358,5674825.0,46.13358121175543,302.8992083456318,10
2002-11-01,2002,11,Missouri,0.0,,2387.0,18575.0,,125,0.0,0.0,16.0,,187.0,2455.0,,,,,,,,,,,,,23745,5674825.0,42.06297110483583,327.3228689871494,11
2002-12-01,2002,12,Missouri,0.0,,3010.0,20492.0,,139,0.0,1.0,7.0,,142.0,1096.0,,,,,,,,,,,,,24887,5674825.0,53.041283211376566,361.1036463679497,12
2003-01-01,2003,1,Missouri,0.0,,2904.0,10557.0,,147,0.0,2.0,8.0,,195.0,1583.0,,,,,,,,,,,,,15396,5709403.0,50.86346155631333,184.9054971246556,01
2003-02-01,2003,2,Missouri,0.0,,3290.0,11681.0,,174,0.0,3.0,18.0,,271.0,2125.0,,,,,,,,,,,,,17562,5709403.0,57.62423847116765,204.59231902179616,02
2003-03-01,2003,3,Missouri,0.0,,3462.0,11799.0,,124,0.0,3.0,13.0,,169.0,1417.0,,,,,,,,,,,,,16987,5709403.0,60.63681264048097,206.65908502167392,03
2003-04-01,2003,4,Missouri,0.0,,2750.0,9911.0,,123,0.0,1.0,20.0,,157.0,1393.0,,,,,,,,,,,,,14355,5709403.0,48.16615677681187,173.59082902362996,04
2003-05-01,2003,5,Missouri,0.0,,2568.0,7361.0,,107,0.0,3.0,6.0,,199.0,1224.0,,,,,,,,,,,,,11468,5709403.0,44.97843294649196,128.92766546694986,05
2003-06-01,2003,6,Missouri,0.0,,2247.0,6745.0,,93,0.0,1.0,10.0,,159.0,1219.0,,,,,,,,,,,,,10474,5709403.0,39.35612882818046,118.13844634894402,06
2003-07-01,2003,7,Missouri,0.0,,2388.0,7106.0,,106,0.0,2.0,6.0,,143.0,1236.0,,,,,,,,,,,,,10987,5709403.0,41.82573904837336,124.46134911128188,07
2003-08-01,2003,8,Missouri,0.0,,2453.0,10965.0,,99,0.0,3.0,10.0,,168.0,1588.0,,,,,,,,,,,,,15286,5709403.0,42.964211844916186,192.0516032937244,08
2003-09-01,2003,9,Missouri,0.0,,3577.0,11928.0,,143,0.0,3.0,6.0,,184.0,1585.0,,,,,,,,,,,,,17426,5709403.0,62.65103374205675,208.91851564865888,09
2003-10-01,2003,10,Missouri,0.0,,4651.0,16454.0,,187,0.0,4.0,16.0,,214.0,2199.0,,,,,,,,,,,,,23725,5709403.0,81.46210733416436,288.19125222024087,10
2003-11-01,2003,11,Missouri,0.0,,2971.0,17993.0,,145,0.0,3.0,20.0,,162.0,2237.0,,,,,,,,,,,,,23531,5709403.0,52.03696428505748,315.1467850491549,11
2003-12-01,2003,12,Missouri,0.0,,3638.0,20544.0,,145,0.0,3.0,23.0,,157.0,1158.0,,,,,,,,,,,,,25668,5709403.0,63.71944667419693,359.82746357193565,12
2004-01-01,2004,1,Missouri,0.0,,3396.0,10698.0,,155,0.0,2.0,14.0,,201.0,1608.0,,,,,,,,,,,,,16074,5747741.0,59.084081902785805,186.1252968775037,01
2004-02-01,2004,2,Missouri,0.0,,3435.0,11182.0,,171,0.0,1.0,8.0,,247.0,2032.0,,,,,,,,,,,,,17076,5747741.0,59.76260934513228,194.545996418419,02
2004-03-01,2004,3,Missouri,0.0,,4877.0,11280.0,,147,0.0,4.0,9.0,,171.0,1356.0,,,,,,,,,,,,,17844,5747741.0,84.8507265724047,196.2510140940589,03
2004-04-01,2004,4,Missouri,0.0,,4433.0,9766.0,,140,0.0,0.0,9.0,,199.0,1434.0,,,,,,,,,,,,,15981,5747741.0,77.12595261338323,169.91023081937757,04
2004-05-01,2004,5,Missouri,0.0,,3406.0,6650.0,,107,0.0,1.0,11.0,,168.0,1093.0,,,,,,,,,,,,,11436,5747741.0,59.258063298259266,115.69762798984854,05
2004-06-01,2004,6,Missouri,0.0,,3392.0,6748.0,,117,0.0,3.0,9.0,,167.0,1183.0,,,,,,,,,,,,,11619,5747741.0,59.01448934459643,117.40264566548842,06
2004-07-01,2004,7,Missouri,0.0,,3270.0,7501.0,,148,0.0,6.0,10.0,,191.0,1358.0,,,,,,,,,,,,,12484,5747741.0,56.891916319820254,130.5034447446397,07
2004-08-01,2004,8,Missouri,0.0,,3427.0,10606.0,,113,0.0,3.0,17.0,,174.0,1381.0,,,,,,,,,,,,,15721,5747741.0,59.62342422875353,184.5246680391479,08
2004-09-01,2004,9,Missouri,0.0,,3326.0,11533.0,,140,0.0,1.0,11.0,,200.0,1665.0,,,,,,,,,,,,,16876,5747741.0,57.86621213447162,200.65274339953731,09
2004-10-01,2004,10,Missouri,0.0,,3603.0,17120.0,,154,0.0,1.0,16.0,,194.0,1999.0,,,,,,,,,,,,,23087,5747741.0,62.68549678908635,297.8561490505574,10
2004-11-01,2004,11,Missouri,0.0,,3348.0,17369.0,,129,0.0,1.0,16.0,,182.0,2196.0,,,,,,,,,,,,,23241,5747741.0,58.248971204513225,302.1882857978465,11
2004-12-01,2004,12,Missouri,0.0,,4620.0,21685.0,,168,0.0,0.0,20.0,,167.0,1217.0,,,,,,,,,,,,,27877,5747741.0,80.37940470873687,377.2786560841903,12
2005-01-01,2005,1,Missouri,0.0,,3866.0,10512.0,,160,0.0,1.0,15.0,,211.0,1542.0,,,,,,,,,,,,,16307,5790300.0,66.76683418821132,181.54499766851458,01
2005-02-01,2005,2,Missouri,0.0,,4786.0,11371.0,,197,0.0,6.0,14.0,,283.0,2037.0,,,,,,,,,,,,,18694,5790300.0,82.65547553667339,196.3801530145243,02
2005-03-01,2005,3,Missouri,0.0,,5006.0,11328.0,,148,0.0,4.0,12.0,,188.0,1321.0,,,,,,,,,,,,,18007,5790300.0,86.45493325043608,195.63753173410703,03
2005-04-01,2005,4,Missouri,0.0,,3880.0,10599.0,,132,0.0,4.0,12.0,,168.0,1291.0,,,,,,,,,,,,,16086,5790300.0,67.0086178609053,183.04751049168436,04
2005-05-01,2005,5,Missouri,0.0,,3335.0,6799.0,,83,0.0,2.0,6.0,,134.0,955.0,,,,,,,,,,,,,11314,5790300.0,57.59632488817505,117.42051361760186,05
2005-06-01,2005,6,Missouri,0.0,,3533.0,7048.0,,119,0.0,3.0,8.0,,167.0,1153.0,,,,,,,,,,,,,12031,5790300.0,61.01583683056146,121.72080893908779,06
2005-07-01,2005,7,Missouri,0.0,,3214.0,7254.0,,111,0.0,5.0,14.0,,176.0,1167.0,,,,,,,,,,,,,11941,5790300.0,55.50662314560558,125.27848298015648,07
2005-08-01,2005,8,Missouri,0.0,,3779.0,10838.0,,141,0.0,4.0,7.0,,197.0,1350.0,,,,,,,,,,,,,16316,5790300.0,65.26432136504154,187.17510318981743,08
2005-09-01,2005,9,Missouri,0.0,,3650.0,10974.0,,157,0.0,1.0,7.0,,213.0,1630.0,,,,,,,,,,,,,16632,5790300.0,63.03645752378979,189.5238588674162,09
2005-10-01,2005,10,Missouri,0.0,,3832.0,16422.0,,180,0.0,0.0,14.0,,211.0,1938.0,,,,,,,,,,,,,22597,5790300.0,66.17964526881164,283.6122480700482,10
2005-11-01,2005,11,Missouri,0.0,,3594.0,18004.0,,125,0.0,0.0,12.0,,204.0,2179.0,,,,,,,,,,,,,24118,5790300.0,62.06932283301383,310.9338030844688,11
2005-12-01,2005,12,Missouri,0.0,,5057.0,23623.0,,167,0.0,1.0,4.0,,195.0,1151.0,,,,,,,,,,,,,30198,5790300.0,87.3357166295356,407.9754071464345,12
2006-01-01,2006,1,Missouri,0.0,,4656.0,11442.0,,170,0.0,1.0,16.0,,231.0,1544.0,,,,,,,,,,,,,18060,5842704.0,79.689130238328,195.83398371712823,01
2006-02-01,2006,2,Missouri,0.0,,5262.0,12131.0,,191,0.0,0.0,10.0,,254.0,1909.0,,,,,,,,,,,,,19757,5842704.0,90.06104023068771,207.6264688404547,02
2006-03-01,2006,3,Missouri,0.0,,5559.0,12454.0,,191,0.0,1.0,8.0,,222.0,1322.0,,,,,,,,,,,,,19757,5842704.0,95.14430304872539,213.15473109710845,03
2006-04-01,2006,4,Missouri,54.0,,4150.0,10031.0,,146,0.0,0.0,6.0,,139.0,1175.0,,,,,,,,,,,,,15701,5842704.0,71.0287565483379,171.68420649069336,04
2006-05-01,2006,5,Missouri,853.0,,3733.0,7601.0,,146,0.0,0.0,2.0,,196.0,1000.0,,0.0,0.0,,,,,,,,,,13531,5842704.0,63.89165016745671,130.09387434311236,05
2006-06-01,2006,6,Missouri,1010.0,,3659.0,7056.0,,143,0.0,1.0,1.0,,193.0,1141.0,,0.0,0.0,,,,,,,,,,13204,5842704.0,62.62511330370322,120.76600149519813,06
2006-07-01,2006,7,Missouri,808.0,,3403.0,7246.0,,136,0.0,0.0,3.0,,188.0,1076.0,,0.0,0.0,,,,,,,,,,12860,5842704.0,58.24358036963707,124.01792046970034,07
2006-08-01,2006,8,Missouri,1200.0,,4077.0,11503.0,,172,0.0,1.0,6.0,,203.0,1305.0,,0.0,0.0,,,,,,,,,,18467,5842704.0,69.77933504760809,196.8780208615737,08
2006-09-01,2006,9,Missouri,1330.0,,3967.0,12497.0,,189,0.0,2.0,13.0,,196.0,1591.0,,0.0,0.0,,,,,,,,,,19785,5842704.0,67.89664511500155,213.8906917071274,09
2006-10-01,2006,10,Missouri,1464.0,,4021.0,16249.0,,182,0.0,9.0,24.0,,187.0,1859.0,,,,,,,,,,,,,23995,5842704.0,68.82087471828112,278.1075337720343,10
2006-11-01,2006,11,Missouri,1402.0,,3864.0,16706.0,,201,0.0,1.0,14.0,,177.0,1980.0,,,,,,,,,,,,,24345,5842704.0,66.13376272356088,285.92925467386334,11
2006-12-01,2006,12,Missouri,2045.0,,5278.0,22173.0,,190,0.0,6.0,17.0,,161.0,1042.0,,,,,,,,,,,,,30912,5842704.0,90.33488603906684,379.49894432440874,12
2007-01-01,2007,1,Missouri,2579.0,,4634.0,9835.0,,181,0.0,0.0,14.0,,219.0,1344.0,,,,,,,,,,,,,18806,5887612.0,78.70763222848244,167.0456545030481,01
2007-02-01,2007,2,Missouri,3381.0,,5179.0,11560.0,,202,0.0,1.0,11.0,,251.0,1735.0,,,,,,,,,,,,,22320,5887612.0,87.96435634685166,196.3444601988039,02
2007-03-01,2007,3,Missouri,4283.0,,5863.0,12178.0,,221,0.0,0.0,8.0,,179.0,1228.0,,,,,,,,,,,,,23960,5887612.0,99.58196973577742,206.84107580458766,03
2007-04-01,2007,4,Missouri,4736.0,,5239.0,9439.0,,162,0.0,0.0,9.0,,162.0,1036.0,,,,,,,,,,,,,20783,5887612.0,88.98344524061709,160.31966780419634,04
2007-05-01,2007,5,Missouri,4986.0,,5074.0,7273.0,,150,0.0,1.0,9.0,,179.0,922.0,,,,,,,,,,,,,18594,5887612.0,86.18095078276218,123.53055873926475,05
2007-06-01,2007,6,Missouri,4016.0,,4602.0,7383.0,,179,0.0,2.0,14.0,,201.0,1105.0,,,,,,,,,,,,,17502,5887612.0,78.16411815180756,125.3988883778347,06
2007-07-01,2007,7,Missouri,3446.0,,3701.0,7137.0,,141,0.0,0.0,14.0,,187.0,1049.0,,,,,,,,,,,,,15675,5887612.0,62.8607999304302,121.22062391339648,07
2007-08-01,2007,8,Missouri,2083.0,,6769.0,11859.0,,243,0.0,5.0,17.0,,248.0,1322.0,,,,,,,,,,,,,22546,5887612.0,114.97021203163524,201.42291985273485,08
2007-09-01,2007,9,Missouri,500.0,,10468.0,11745.0,,396,0.0,4.0,19.0,,237.0,1302.0,,,,,,,,,,,,,24671,5887612.0,177.79704233227326,199.48665095458057,09
2007-10-01,2007,10,Missouri,608.0,,9728.0,15754.0,,424,0.0,4.0,10.0,,259.0,1821.0,,,,,,,,,,,,,28608,5887612.0,165.22827930916642,267.5787738730066,10
2007-11-01,2007,11,Missouri,454.0,,8292.0,15950.0,,361,0.0,9.0,18.0,,319.0,2012.0,,,,,,,,,,,,,27415,5887612.0,140.83808511838075,270.9077975926403,11
2007-12-01,2007,12,Missouri,377.0,,11779.0,19402.0,,438,0.0,4.0,8.0,,256.0,941.0,,,,,,,,,,,,,33205,5887612.0,200.06413466104766,329.539378613944,12
2008-01-01,2008,1,Missouri,508.0,,10799.0,10749.0,,400,0.0,3.0,10.0,,336.0,1405.0,,,,,,,,,,,,,24210,5923916.0,182.29495489132526,181.45091861532134,01
2008-02-01,2008,2,Missouri,479.0,,12985.0,12143.0,,492,0.0,4.0,21.0,,457.0,1843.0,,,,,,,,,,,,,28424,5923916.0,219.1962208782164,204.98264999031048,02
2008-03-01,2008,3,Missouri,736.0,,13170.0,12317.0,,499,0.0,4.0,8.0,,295.0,1020.0,,,,,,,,,,,,,28049,5923916.0,222.31915509943084,207.91989623080408,03
2008-04-01,2008,4,Missouri,790.0,,10621.0,10465.0,,396,0.0,1.0,10.0,,317.0,1121.0,,,,,,,,,,,,,23721,5923916.0,179.29018574875133,176.65679256761914,04
2008-05-01,2008,5,Missouri,722.0,,10138.0,8025.0,,411,0.0,4.0,17.0,,415.0,1086.0,,,,,,,,,,,,,20818,5923916.0,171.13679532255352,135.46782229862814,05
2008-06-01,2008,6,Missouri,641.0,,9100.0,7286.0,,357,0.0,1.0,12.0,,371.0,1038.0,,,,,,,,,,,,,18806,5923916.0,153.6146022327123,122.99296613929029,06
2008-07-01,2008,7,Missouri,597.0,,9283.0,7425.0,,361,0.0,3.0,7.0,,384.0,1099.0,,,,,,,,,,,,,19159,5923916.0,156.7037750028866,125.33938698658118,07
2008-08-01,2008,8,Missouri,600.0,,10309.0,10787.0,,431,0.0,5.0,13.0,,355.0,1171.0,,,,,,,,,,,,,23671,5923916.0,174.02339938648691,182.0923861850843,08
2008-09-01,2008,9,Missouri,634.0,,8687.0,10349.0,,395,0.0,1.0,6.0,,347.0,1268.0,,,,,,,,,,,,,21687,5923916.0,146.64286259291995,174.69862840729004,09
2008-10-01,2008,10,Missouri,634.0,,11515.0,16302.0,,581,0.0,2.0,11.0,,469.0,1926.0,,,,,,,,,,,,,31440,5923916.0,194.3815543637013,275.18958742831603,10
2002-07-01,2002,7,Montana,152.0,,1149.0,2464.0,,93,0.0,6.0,27.0,,287.0,780.0,,,,,,,,,,,,,4958,911667.0,126.03286068268349,270.27412421421417,07
2002-08-01,2002,8,Montana,215.0,,1241.0,3650.0,,115,6.0,5.0,26.0,,310.0,1099.0,,,,,,,,,,,,,6667,911667.0,136.12426467120122,400.3654843270624,08
2002-09-01,2002,9,Montana,253.0,,1293.0,4603.0,,134,28.0,2.0,24.0,,313.0,1233.0,,,,,,,,,,,,,7883,911667.0,141.8281017081895,504.8992669472516,09
2002-10-01,2002,10,Montana,290.0,,1172.0,5908.0,,130,52.0,5.0,32.0,,287.0,1681.0,,,,,,,,,,,,,9557,911667.0,128.55571167981293,648.0436387409,10
2002-11-01,2002,11,Montana,207.0,,992.0,3638.0,,93,0.0,3.0,35.0,,258.0,1028.0,,,,,,,,,,,,,6254,911667.0,108.8116603979304,399.0492142416036,11
2002-12-01,2002,12,Montana,217.0,,1341.0,4476.0,,106,11.0,4.0,39.0,,232.0,652.0,,,,,,,,,,,,,7078,911667.0,147.09318205002484,490.96874187614554,12
2003-01-01,2003,1,Montana,304.0,,1077.0,2463.0,,129,0.0,6.0,27.0,,306.0,1042.0,,,,,,,,,,,,,5354,919630.0,117.11231691006166,267.8251035742636,01
2003-02-01,2003,2,Montana,312.0,,1223.0,2582.0,,144,7.0,1.0,12.0,,350.0,1200.0,,,,,,,,,,,,,5831,919630.0,132.98826702043215,280.7650903080587,02
2003-03-01,2003,3,Montana,389.0,,1620.0,3417.0,,137,5.0,1.0,17.0,,261.0,905.0,,,,,,,,,,,,,6752,919630.0,176.1578025945217,371.5624762132597,03
2003-04-01,2003,4,Montana,348.0,,1397.0,3470.0,,122,6.0,5.0,15.0,,302.0,940.0,,,,,,,,,,,,,6605,919630.0,151.90891989169558,377.32566358209283,04
2003-05-01,2003,5,Montana,302.0,,1220.0,3123.0,,116,7.0,5.0,17.0,,318.0,846.0,,,,,,,,,,,,,5954,919630.0,132.6620488674793,339.5930972238835,05
2003-06-01,2003,6,Montana,303.0,,1168.0,2852.0,,110,4.0,6.0,13.0,,298.0,764.0,,,,,,,,,,,,,5518,919630.0,127.0076008829638,310.12472407381233,06
2003-07-01,2003,7,Montana,304.0,,1167.0,2483.0,,108,5.0,6.0,30.0,,311.0,855.0,,,,,,,,,,,,,5269,919630.0,126.89886149864618,269.9998912606157,07
2003-08-01,2003,8,Montana,275.0,,1330.0,3493.0,,129,7.0,9.0,30.0,,377.0,1143.0,,,,,,,,,,,,,6793,919630.0,144.62338114241598,379.82666942139775,08
2003-09-01,2003,9,Montana,298.0,,1235.0,4878.0,,138,8.0,5.0,28.0,,311.0,1307.0,,,,,,,,,,,,,8208,919630.0,134.2931396322434,530.4307167012821,09
2003-10-01,2003,10,Montana,369.0,,1361.0,6379.0,,160,3.0,9.0,33.0,,312.0,1718.0,,,,,,,,,,,,,10344,919630.0,147.99430205626177,693.6485325620087,10
2003-11-01,2003,11,Montana,224.0,,935.0,3540.0,,112,9.0,6.0,24.0,,248.0,908.0,,,,,,,,,,,,,6006,919630.0,101.67132433696159,384.93742048432523,11
2003-12-01,2003,12,Montana,285.0,,1675.0,5057.0,,114,4.0,3.0,40.0,,238.0,736.0,,,,,,,,,,,,,8152,919630.0,182.13846873199003,549.8950664941335,12
2004-01-01,2004,1,Montana,292.0,,1125.0,2444.0,,131,6.0,9.0,38.0,,386.0,997.0,,,,,,,,,,,,,5428,930009.0,120.96657129124556,262.79315576515927,01
2004-02-01,2004,2,Montana,366.0,,1403.0,2972.0,,158,1.0,4.0,23.0,,366.0,1216.0,,,,,,,,,,,,,6509,930009.0,150.8587551303267,319.56679989118385,02
2004-03-01,2004,3,Montana,421.0,,1461.0,3557.0,,141,7.0,10.0,34.0,,295.0,960.0,,,,,,,,,,,,,6886,930009.0,157.09525391689758,382.46941696263156,03
2004-04-01,2004,4,Montana,410.0,,1418.0,3621.0,,135,1.0,4.0,22.0,,295.0,961.0,,,,,,,,,,,,,6867,930009.0,152.4716427475433,389.35107079608906,04
2004-05-01,2004,5,Montana,449.0,,1352.0,3197.0,,126,3.0,2.0,20.0,,285.0,815.0,,,,,,,,,,,,,6249,930009.0,145.37493723179023,343.7601141494329,05
2004-06-01,2004,6,Montana,359.0,,1255.0,3115.0,,126,11.0,3.0,30.0,,310.0,820.0,,,,,,,,,,,,,6029,930009.0,134.94493064045616,334.9429951753155,06
2004-07-01,2004,7,Montana,278.0,,1209.0,2835.0,,144,4.0,4.0,32.0,,317.0,903.0,,,,,,,,,,,,,5726,930009.0,129.99874194765857,304.83575965393885,07
2004-08-01,2004,8,Montana,325.0,,1301.0,3800.0,,132,6.0,5.0,15.0,,273.0,950.0,,,,,,,,,,,,,6807,930009.0,139.89111933325376,408.5981963615406,08
2004-09-01,2004,9,Montana,345.0,,1316.0,4835.0,,161,15.0,3.0,16.0,,311.0,1284.0,,,,,,,,,,,,,8286,930009.0,141.50400695047037,519.8874419494865,09
2004-10-01,2004,10,Montana,324.0,,1233.0,6354.0,,137,11.0,0.0,7.0,,324.0,1685.0,,,,,,,,,,,,,10075,930009.0,132.57936213520514,683.2191946529549,10
2004-11-01,2004,11,Montana,247.0,,959.0,3636.0,,100,5.0,2.0,3.0,,248.0,1077.0,,,,,,,,,,,,,6277,930009.0,103.11728166071512,390.96395841330565,11
2004-12-01,2004,12,Montana,250.0,,1564.0,5211.0,,133,4.0,0.0,3.0,,269.0,972.0,,,,,,,,,,,,,8406,930009.0,168.1704155551183,560.3171582210495,12
2005-01-01,2005,1,Montana,274.0,,1031.0,2479.0,,143,5.0,0.0,3.0,,350.0,1032.0,,,,,,,,,,,,,5317,940102.0,109.66895081597528,263.69479056527905,01
2005-02-01,2005,2,Montana,345.0,,1416.0,3135.0,,184,0.0,2.0,4.0,,342.0,1166.0,,,,,,,,,,,,,6594,940102.0,150.62195378799322,333.474452772146,02
2005-03-01,2005,3,Montana,498.0,,1508.0,3667.0,,142,1.0,1.0,9.0,,272.0,889.0,,,,,,,,,,,,,6987,940102.0,160.40812592676113,390.0640568789344,03
2005-04-01,2005,4,Montana,320.0,,1523.0,3895.0,,142,1.0,1.0,5.0,,306.0,883.0,,,,,,,,,,,,,7076,940102.0,162.00369747112546,414.3167443532723,04
2005-05-01,2005,5,Montana,331.0,,1218.0,3196.0,,120,0.0,6.0,3.0,,256.0,776.0,,,,,,,,,,,,,5906,940102.0,129.560409402384,339.9631103858943,05
2005-06-01,2005,6,Montana,263.0,,1264.0,3232.0,,116,0.0,7.0,9.0,,290.0,843.0,,,,,,,,,,,,,6024,940102.0,134.45349547176795,343.7924820923687,06
2005-07-01,2005,7,Montana,299.0,,1247.0,2799.0,,124,0.0,6.0,15.0,,276.0,791.0,,,,,,,,,,,,,5557,940102.0,132.6451810548217,297.7336501783849,07
2005-08-01,2005,8,Montana,302.0,,1414.0,3708.0,,131,0.0,3.0,11.0,,308.0,959.0,,,,,,,,,,,,,6836,940102.0,150.4092109154113,394.4252857668636,08
2005-09-01,2005,9,Montana,323.0,,1433.0,4812.0,,154,0.0,5.0,5.0,,314.0,1324.0,,,,,,,,,,,,,8370,940102.0,152.43026820493947,511.85935143207865,09
2005-10-01,2005,10,Montana,387.0,,1322.0,6408.0,,153,0.0,1.0,6.0,,292.0,1601.0,,,,,,,,,,,,,10170,940102.0,140.62303877664337,681.6281637524439,10
2005-11-01,2005,11,Montana,300.0,,1095.0,3779.0,,92,0.0,1.0,9.0,,253.0,1023.0,,,,,,,,,,,,,6552,940102.0,116.47672273859646,401.97765774352143,11
2005-12-01,2005,12,Montana,272.0,,1690.0,5624.0,,125,0.0,3.0,7.0,,247.0,703.0,,,,,,,,,,,,,8671,940102.0,179.76772733171507,598.2329577003346,12
2006-01-01,2006,1,Montana,463.0,,1157.0,2890.0,,155,0.0,0.0,4.0,,321.0,1074.0,,,,,,,,,,,,,6064,952692.0,121.44533595327766,303.35092558770305,01
2006-02-01,2006,2,Montana,522.0,,1388.0,3205.0,,185,0.0,0.0,1.0,,301.0,1114.0,,,,,,,,,,,,,6716,952692.0,145.69241685665463,336.41512681958073,02
2006-03-01,2006,3,Montana,513.0,,1616.0,4100.0,,166,0.0,0.0,6.0,,301.0,894.0,,,,,,,,,,,,,7596,952692.0,169.62460060544225,430.35944460539184,03
2006-04-01,2006,4,Montana,459.0,,1514.0,3836.0,,145,0.0,0.0,2.0,,256.0,744.0,,,,,,,,,,,,,6956,952692.0,158.91809734940568,402.6484950015325,04
2006-05-01,2006,5,Montana,507.0,,1346.0,3447.0,,137,0.0,0.0,2.0,,263.0,766.0,,0.0,0.0,,,,,,,,,,6468,952692.0,141.28385669240427,361.8168306231185,05
2006-06-01,2006,6,Montana,371.0,,1383.0,3343.0,,125,0.0,1.0,4.0,,298.0,810.0,,0.0,0.0,,,,,,,,,,6335,952692.0,145.16758826567244,350.90039593068906,06
2006-07-01,2006,7,Montana,362.0,,1246.0,2910.0,,127,0.0,2.0,3.0,,257.0,781.0,,0.0,0.0,,,,,,,,,,5688,952692.0,130.78728487276055,305.4502399516318,07
2006-08-01,2006,8,Montana,343.0,,1558.0,3828.0,,141,0.0,0.0,1.0,,296.0,1027.0,,0.0,0.0,,,,,,,,,,7194,952692.0,163.5365889500489,401.80876925596107,08
2006-09-01,2006,9,Montana,409.0,,1536.0,5283.0,,163,0.0,2.0,3.0,,288.0,1312.0,,0.0,0.0,,,,,,,,,,8996,952692.0,161.2273431497273,554.5338892317768,09
2006-10-01,2006,10,Montana,501.0,,1469.0,6228.0,,150,0.0,1.0,8.0,,278.0,1451.0,,,,,,,,,,,,,10086,952692.0,154.194640030566,653.7264929274098,10
2006-11-01,2006,11,Montana,356.0,,1104.0,3852.0,,106,1.0,0.0,11.0,,270.0,939.0,,,,,,,,,,,,,6639,952692.0,115.8821528888665,404.32794649267544,11
2006-12-01,2006,12,Montana,332.0,,1946.0,5611.0,,151,0.0,0.0,4.0,,238.0,750.0,,,,,,,,,,,,,9032,952692.0,204.26328761026647,588.9626448002083,12
2007-01-01,2007,1,Montana,485.0,,1259.0,2634.0,,130,0.0,4.0,4.0,,296.0,996.0,,,,,,,,,,,,,5808,964706.0,130.50608164559978,273.03655206871315,01
2007-02-01,2007,2,Montana,459.0,,1471.0,3084.0,,147,0.0,2.0,2.0,,308.0,1090.0,,,,,,,,,,,,,6563,964706.0,152.4816887217453,319.6828878435503,02
2007-03-01,2007,3,Montana,580.0,,1774.0,4014.0,,151,0.0,0.0,2.0,,293.0,803.0,,,,,,,,,,,,,7617,964706.0,183.89022147680225,416.0853151115469,03
2007-04-01,2007,4,Montana,625.0,,1692.0,3920.0,,139,0.0,0.0,5.0,,248.0,721.0,,,,,,,,,,,,,7350,964706.0,175.3902225133875,406.3414138608032,04
2007-05-01,2007,5,Montana,507.0,,1547.0,3489.0,,143,0.0,3.0,4.0,,279.0,775.0,,,,,,,,,,,,,6747,964706.0,160.35973654149555,361.66459004090365,05
2007-06-01,2007,6,Montana,447.0,,1582.0,3297.0,,123,0.0,0.0,12.0,,300.0,774.0,,,,,,,,,,,,,6535,964706.0,163.98778487953842,341.7621534436398,06
2007-07-01,2007,7,Montana,408.0,,1467.0,2779.0,,113,0.0,2.0,5.0,,257.0,704.0,,,,,,,,,,,,,5735,964706.0,152.06705462596895,288.06703804060515,07
2007-08-01,2007,8,Montana,428.0,,1741.0,4297.0,,162,0.0,1.0,4.0,,278.0,1078.0,,,,,,,,,,,,,7989,964706.0,180.46949018664753,445.4206773877222,08
2007-09-01,2007,9,Montana,453.0,,1642.0,5567.0,,164,0.0,1.0,8.0,,275.0,1139.0,,,,,,,,,,,,,9249,964706.0,170.20729631618337,577.067002796707,09
2007-10-01,2007,10,Montana,416.0,,1484.0,6554.0,,149,0.0,4.0,6.0,,280.0,1435.0,,,,,,,,,,,,,10328,964706.0,153.82924953301836,679.3779659295163,10
2007-11-01,2007,11,Montana,383.0,,1358.0,4039.0,,124,0.0,0.0,4.0,,242.0,917.0,,,,,,,,,,,,,7067,964706.0,140.76827551606397,418.67677821014894,11
2007-12-01,2007,12,Montana,333.0,,2108.0,5903.0,,134,0.0,0.0,1.0,,232.0,656.0,,,,,,,,,,,,,9367,964706.0,218.5121684741258,611.8962668419186,12
2008-01-01,2008,1,Montana,463.0,,1336.0,2655.0,,144,0.0,3.0,7.0,,274.0,871.0,,,,,,,,,,,,,5753,976415.0,136.82706636010303,271.91306975005506,01
2008-02-01,2008,2,Montana,638.0,,1817.0,3332.0,,185,0.0,2.0,2.0,,344.0,1099.0,,,,,,,,,,,,,7419,976415.0,186.0889068684934,341.2483421495983,02
2008-03-01,2008,3,Montana,694.0,,2071.0,4153.0,,168,0.0,1.0,0.0,,292.0,721.0,,,,,,,,,,,,,8100,976415.0,212.10243595192617,425.3314420610089,03
2008-04-01,2008,4,Montana,623.0,,1883.0,3863.0,,140,0.0,0.0,3.0,,289.0,743.0,,,,,,,,,,,,,7544,976415.0,192.84832781143265,395.6309560996093,04
2008-05-01,2008,5,Montana,640.0,,1885.0,4303.0,,177,0.0,0.0,5.0,,341.0,864.0,,,,,,,,,,,,,8215,976415.0,193.05315874909746,440.69376238587074,05
2008-06-01,2008,6,Montana,515.0,,1746.0,3479.0,,139,0.0,1.0,8.0,,279.0,761.0,,,,,,,,,,,,,6928,976415.0,178.81740858139213,356.30341606796287,06
2008-07-01,2008,7,Montana,518.0,,1716.0,3053.0,,128,0.0,1.0,1.0,,307.0,805.0,,,,,,,,,,,,,6529,976415.0,175.74494451641976,312.6744263453552,07
2008-08-01,2008,8,Montana,486.0,,1847.0,4029.0,,161,0.0,3.0,3.0,,315.0,941.0,,,,,,,,,,,,,7785,976415.0,189.1613709334658,412.6319239257897,08
2008-09-01,2008,9,Montana,438.0,,1740.0,4856.0,,161,0.0,1.0,5.0,,282.0,1129.0,,,,,,,,,,,,,8612,976415.0,178.20291576839767,497.3295166501949,09
2008-10-01,2008,10,Montana,603.0,,1714.0,6232.0,,217,0.0,2.0,8.0,,322.0,1651.0,,,,,,,,,,,,,10749,976415.0,175.54011357875493,638.2532017635943,10
2002-07-01,2002,7,Nebraska,902.0,,16.0,1282.0,,0,0.0,0.0,1.0,,2.0,87.0,,,,,,,,,,,,,2290,1728292.0,0.925769488026329,74.1772802281096,07
2002-08-01,2002,8,Nebraska,1058.0,,9.0,1811.0,,0,0.0,0.0,0.0,,3.0,132.0,,,,,,,,,,,,,3013,1728292.0,0.52074533701481,104.78553392598009,08
2002-09-01,2002,9,Nebraska,1242.0,,16.0,2240.0,,2,0.0,0.0,2.0,,0.0,144.0,,,,,,,,,,,,,3646,1728292.0,0.925769488026329,129.60772832368605,09
2002-10-01,2002,10,Nebraska,1810.0,,13.0,3652.0,,10,0.0,0.0,0.0,,2.0,152.0,,,,,,,,,,,,,5639,1728292.0,0.7521877090213922,211.30688564200955,10
2002-11-01,2002,11,Nebraska,1370.0,,7.0,3918.0,,0,0.0,0.0,1.0,,1.0,176.0,,,,,,,,,,,,,5473,1728292.0,0.40502415101151884,226.69780338044728,11
2002-12-01,2002,12,Nebraska,1591.0,,18.0,4528.0,,5,0.0,0.0,0.0,,5.0,99.0,,,,,,,,,,,,,6246,1728292.0,1.04149067402962,261.99276511145104,12
2003-01-01,2003,1,Nebraska,1529.0,,15.0,1818.0,,0,0.0,0.0,1.0,,1.0,112.0,,,,,,,,,,,,,3476,1738643.0,0.8627418049593849,104.56430676107746,01
2003-02-01,2003,2,Nebraska,1635.0,,12.0,1545.0,,1,0.0,0.0,0.0,,2.0,125.0,,,,,,,,,,,,,3320,1738643.0,0.690193443967508,88.86240591081666,02
2003-03-01,2003,3,Nebraska,1593.0,,11.0,1638.0,,2,0.0,0.0,0.0,,0.0,101.0,,,,,,,,,,,,,3345,1738643.0,0.6326773236368823,94.21140510156484,03
2003-04-01,2003,4,Nebraska,1376.0,,21.0,1310.0,,4,0.0,0.0,0.0,,2.0,108.0,,,,,,,,,,,,,2821,1738643.0,1.207838526943139,75.34611763311962,04
2003-05-01,2003,5,Nebraska,929.0,,11.0,1215.0,,0,0.0,0.0,0.0,,3.0,122.0,,,,,,,,,,,,,2280,1738643.0,0.6326773236368823,69.88208620171018,05
2003-06-01,2003,6,Nebraska,867.0,,6.0,1121.0,,1,0.0,0.0,0.0,,3.0,101.0,,,,,,,,,,,,,2099,1738643.0,0.345096721983754,64.47557089063137,06
2003-07-01,2003,7,Nebraska,840.0,,9.0,1185.0,,5,0.0,0.0,1.0,,2.0,106.0,,,,,,,,,,,,,2148,1738643.0,0.517645082975631,68.15660259179141,07
2003-08-01,2003,8,Nebraska,1150.0,,17.0,2079.0,,3,0.0,0.0,0.0,,2.0,121.0,,,,,,,,,,,,,3372,1738643.0,0.9777740456206362,119.57601416737076,08
2003-09-01,2003,9,Nebraska,1401.0,,16.0,2548.0,,1,0.0,0.0,0.0,,0.0,145.0,,,,,,,,,,,,,4111,1738643.0,0.9202579252900106,146.5510746024342,09
2003-10-01,2003,10,Nebraska,1654.0,,17.0,3786.0,,1,0.0,0.0,0.0,,1.0,166.0,,,,,,,,,,,,,5625,1738643.0,0.9777740456206362,217.75603157174876,10
2003-11-01,2003,11,Nebraska,1219.0,,13.0,4235.0,,3,0.0,0.0,1.0,,3.0,155.0,,,,,,,,,,,,,5629,1738643.0,0.7477095642981337,243.5807696001997,11
2003-12-01,2003,12,Nebraska,1529.0,,21.0,4864.0,,3,0.0,0.0,0.0,,4.0,111.0,,,,,,,,,,,,,6532,1738643.0,1.207838526943139,279.75840928816325,12
2004-01-01,2004,1,Nebraska,1498.0,,14.0,1860.0,,4,0.0,0.0,1.0,,1.0,111.0,,,,,,,,,,,,,3489,1749370.0,0.8002881037173383,106.32399092244636,01
2004-02-01,2004,2,Nebraska,1414.0,,16.0,1693.0,,3,0.0,0.0,1.0,,4.0,126.0,,,,,,,,,,,,,3257,1749370.0,0.914614975676958,96.77769711381812,02
2004-03-01,2004,3,Nebraska,1641.0,,18.0,1741.0,,2,0.0,0.0,0.0,,1.0,101.0,,,,,,,,,,,,,3504,1749370.0,1.0289418476365777,99.521542040849,03
2004-04-01,2004,4,Nebraska,1192.0,,18.0,1508.0,,4,0.0,0.0,2.0,,1.0,107.0,,,,,,,,,,,,,2832,1749370.0,1.0289418476365777,86.20246145755328,04
2004-05-01,2004,5,Nebraska,1055.0,,12.0,1382.0,,2,0.0,0.0,3.0,,0.0,86.0,,,,,,,,,,,,,2540,1749370.0,0.6859612317577185,78.99986852409725,05
2004-06-01,2004,6,Nebraska,1046.0,,10.0,1392.0,,2,0.0,0.0,2.0,,2.0,74.0,,,,,,,,,,,,,2528,1749370.0,0.5716343597980987,79.57150288389535,06
2004-07-01,2004,7,Nebraska,1103.0,,10.0,1473.0,,1,0.0,0.0,0.0,,1.0,102.0,,,,,,,,,,,,,2690,1749370.0,0.5716343597980987,84.20174119825994,07
2004-08-01,2004,8,Nebraska,1337.0,,14.0,2222.0,,0,0.0,0.0,1.0,,2.0,100.0,,,,,,,,,,,,,3676,1749370.0,0.8002881037173383,127.01715474713754,08
2004-09-01,2004,9,Nebraska,1533.0,,12.0,2838.0,,1,0.0,0.0,0.0,,1.0,114.0,,,,,,,,,,,,,4499,1749370.0,0.6859612317577185,162.2298313107004,09
2004-10-01,2004,10,Nebraska,1793.0,,21.0,4123.0,,4,0.0,0.0,1.0,,0.0,164.0,,,,,,,,,,,,,6106,1749370.0,1.2004321555760074,235.6848465447561,10
2004-11-01,2004,11,Nebraska,1627.0,,5.0,4310.0,,0,0.0,0.0,0.0,,3.0,160.0,,,,,,,,,,,,,6105,1749370.0,0.28581717989904937,246.37440907298054,11
2004-12-01,2004,12,Nebraska,1949.0,,6.0,5141.0,,2,0.0,0.0,1.0,,4.0,107.0,,,,,,,,,,,,,7210,1749370.0,0.34298061587885925,293.8772243722026,12
2005-01-01,2005,1,Nebraska,1694.0,,2.0,2021.0,,0,0.0,0.0,0.0,,1.0,112.0,,,,,,,,,,,,,3830,1761497.0,0.1135397903033613,114.73195810154657,01
2005-02-01,2005,2,Nebraska,1736.0,,0.0,1872.0,,0,0.0,0.0,0.0,,3.0,107.0,,,,,,,,,,,,,3718,1761497.0,0.0,106.27324372394617,02
2005-03-01,2005,3,Nebraska,1762.0,,2.0,1908.0,,0,0.0,0.0,2.0,,0.0,95.0,,,,,,,,,,,,,3769,1761497.0,0.1135397903033613,108.31695994940668,03
2005-04-01,2005,4,Nebraska,1398.0,,0.0,1620.0,,0,0.0,0.0,2.0,,0.0,86.0,,,,,,,,,,,,,3106,1761497.0,0.0,91.96723014572264,04
2005-05-01,2005,5,Nebraska,1095.0,,0.0,1283.0,,0,0.0,0.0,2.0,,2.0,103.0,,,,,,,,,,,,,2485,1761497.0,0.0,72.83577547960627,05
2005-06-01,2005,6,Nebraska,1097.0,,0.0,1255.0,,0,0.0,0.0,0.0,,1.0,101.0,,,,,,,,,,,,,2454,1761497.0,0.0,71.24621841535921,06
2005-07-01,2005,7,Nebraska,988.0,,0.0,1382.0,,0,0.0,0.0,1.0,,1.0,94.0,,,,,,,,,,,,,2466,1761497.0,0.0,78.45599509962265,07
2005-08-01,2005,8,Nebraska,1217.0,,0.0,2073.0,,0,0.0,1.0,0.0,,2.0,127.0,,,,,,,,,,,,,3420,1761497.0,0.0,117.68399264943399,08
2005-09-01,2005,9,Nebraska,1451.0,,0.0,2721.0,,0,0.0,0.0,1.0,,1.0,154.0,,,,,,,,,,,,,4328,1761497.0,0.0,154.47088470772303,09
2005-10-01,2005,10,Nebraska,1693.0,,2.0,3691.0,,1,0.0,0.0,0.0,,2.0,141.0,,,,,,,,,,,,,5530,1761497.0,0.1135397903033613,209.53768300485325,10
2005-11-01,2005,11,Nebraska,1671.0,,1.0,3957.0,,1,0.0,0.0,1.0,,1.0,142.0,,,,,,,,,,,,,5774,1761497.0,0.05676989515168065,224.63847511520032,11
2005-12-01,2005,12,Nebraska,1991.0,,2.0,5195.0,,0,0.0,0.0,0.0,,2.0,102.0,,,,,,,,,,,,,7292,1761497.0,0.1135397903033613,294.91960531298093,12
2006-01-01,2006,1,Nebraska,2019.0,,1.0,2221.0,,0,0.0,0.0,0.0,,3.0,133.0,,,,,,,,,,,,,4377,1772693.0,0.05641134702963231,125.28960175281338,01
2006-02-01,2006,2,Nebraska,1935.0,,2.0,1910.0,,0,0.0,0.0,1.0,,1.0,145.0,,,,,,,,,,,,,3994,1772693.0,0.11282269405926462,107.74567282659773,02
2006-03-01,2006,3,Nebraska,1993.0,,1.0,2039.0,,1,0.0,0.0,0.0,,0.0,104.0,,,,,,,,,,,,,4138,1772693.0,0.05641134702963231,115.02273659342029,03
2006-04-01,2006,4,Nebraska,1514.0,,0.0,1656.0,,0,0.0,0.0,0.0,,0.0,82.0,,,,,,,,,,,,,3252,1772693.0,0.0,93.41719068107112,04
2006-05-01,2006,5,Nebraska,1253.0,,1.0,1314.0,,2,0.0,0.0,1.0,,0.0,102.0,,0.0,0.0,,,,,,,,,,2673,1772693.0,0.05641134702963231,74.12450999693687,05
2006-06-01,2006,6,Nebraska,1174.0,,2.0,1257.0,,0,0.0,0.0,0.0,,0.0,80.0,,0.0,0.0,,,,,,,,,,2513,1772693.0,0.11282269405926462,70.90906321624782,06
2006-07-01,2006,7,Nebraska,1178.0,,0.0,1270.0,,0,0.0,0.0,0.0,,0.0,77.0,,0.0,0.0,,,,,,,,,,2525,1772693.0,0.0,71.64241072763303,07
2006-08-01,2006,8,Nebraska,1691.0,,0.0,1867.0,,1,0.0,1.0,0.0,,1.0,87.0,,2.0,0.0,,,,,,,,,,3650,1772693.0,0.0,105.31998490432353,08
2006-09-01,2006,9,Nebraska,1721.0,,0.0,2752.0,,0,0.0,0.0,2.0,,2.0,120.0,,0.0,0.0,,,,,,,,,,4597,1772693.0,0.0,155.24402702554815,09
2006-10-01,2006,10,Nebraska,1927.0,,1.0,3597.0,,1,0.0,0.0,4.0,,0.0,130.0,,,,,,,,,,,,,5660,1772693.0,0.05641134702963231,202.91161526558744,10
2006-11-01,2006,11,Nebraska,1919.0,,2.0,4555.0,,0,0.0,0.0,0.0,,4.0,122.0,,,,,,,,,,,,,6602,1772693.0,0.11282269405926462,256.9536857199752,11
2006-12-01,2006,12,Nebraska,1990.0,,1.0,5151.0,,0,0.0,0.0,0.0,,3.0,95.0,,,,,,,,,,,,,7240,1772693.0,0.05641134702963231,290.57484854963604,12
2007-01-01,2007,1,Nebraska,2140.0,,3.0,1990.0,,1,1.0,0.0,3.0,,0.0,87.0,,,,,,,,,,,,,4225,1783440.0,0.16821423765307494,111.58211097653972,01
2007-02-01,2007,2,Nebraska,2081.0,,1.0,1936.0,,0,0.0,0.0,1.0,,2.0,112.0,,,,,,,,,,,,,4133,1783440.0,0.05607141255102499,108.55425469878438,02
2007-03-01,2007,3,Nebraska,2082.0,,0.0,2224.0,,0,0.0,0.0,0.0,,1.0,83.0,,,,,,,,,,,,,4390,1783440.0,0.0,124.70282151347956,03
2007-04-01,2007,4,Nebraska,1875.0,,2.0,1576.0,,0,0.0,0.0,1.0,,0.0,70.0,,,,,,,,,,,,,3524,1783440.0,0.11214282510204998,88.36854618041538,04
2007-05-01,2007,5,Nebraska,1651.0,,0.0,1225.0,,0,1.0,0.0,0.0,,3.0,64.0,,,,,,,,,,,,,2944,1783440.0,0.0,68.6874803750056,05
2007-06-01,2007,6,Nebraska,1383.0,,1.0,1271.0,,0,0.0,0.0,0.0,,0.0,71.0,,,,,,,,,,,,,2726,1783440.0,0.05607141255102499,71.26676535235275,06
2007-07-01,2007,7,Nebraska,1346.0,,0.0,1393.0,,1,0.0,0.0,0.0,,3.0,65.0,,,,,,,,,,,,,2808,1783440.0,0.0,78.10747768357781,07
2007-08-01,2007,8,Nebraska,1638.0,,3.0,2442.0,,2,0.0,0.0,2.0,,4.0,111.0,,,,,,,,,,,,,4202,1783440.0,0.16821423765307494,136.92638944960302,08
2007-09-01,2007,9,Nebraska,1507.0,,0.0,2816.0,,0,0.0,0.0,2.0,,1.0,94.0,,,,,,,,,,,,,4420,1783440.0,0.0,157.89709774368634,09
2007-10-01,2007,10,Nebraska,1962.0,,0.0,3664.0,,0,0.0,0.0,1.0,,1.0,139.0,,,,,,,,,,,,,5767,1783440.0,0.0,205.44565558695552,10
2007-11-01,2007,11,Nebraska,1702.0,,0.0,4077.0,,0,0.0,0.0,0.0,,2.0,128.0,,,,,,,,,,,,,5909,1783440.0,0.0,228.60314897052885,11
2007-12-01,2007,12,Nebraska,2132.0,,1.0,4774.0,,1,0.0,0.0,0.0,,0.0,86.0,,,,,,,,,,,,,6994,1783440.0,0.05607141255102499,267.6849235185933,12
2008-01-01,2008,1,Nebraska,2249.0,,7.0,1970.0,,0,0.0,0.0,1.0,,1.0,76.0,,,,,,,,,,,,,4304,1796378.0,0.38967299755396695,109.66511502590213,01
2008-02-01,2008,2,Nebraska,2300.0,,13.0,2085.0,,4,1.0,0.0,0.0,,2.0,116.0,,,,,,,,,,,,,4521,1796378.0,0.7236784240287957,116.06688570000301,02
2008-03-01,2008,3,Nebraska,2244.0,,11.0,2178.0,,3,1.0,0.0,0.0,,0.0,89.0,,,,,,,,,,,,,4526,1796378.0,0.6123432818705195,121.24396981036286,03
2008-04-01,2008,4,Nebraska,1815.0,,6.0,1737.0,,0,0.0,0.0,0.0,,0.0,91.0,,,,,,,,,,,,,3649,1796378.0,0.3340054264748288,96.69457096446294,04
2008-05-01,2008,5,Nebraska,1556.0,,7.0,1422.0,,2,0.0,0.0,0.0,,1.0,100.0,,,,,,,,,,,,,3088,1796378.0,0.38967299755396695,79.15928607453444,05
2008-06-01,2008,6,Nebraska,1283.0,,4.0,1256.0,,1,0.0,0.0,0.0,,2.0,90.0,,,,,,,,,,,,,2636,1796378.0,0.2226702843165525,69.91846927539748,06
2008-07-01,2008,7,Nebraska,1411.0,,6.0,1319.0,,2,0.0,0.0,0.0,,1.0,70.0,,,,,,,,,,,,,2809,1796378.0,0.3340054264748288,73.4255262533832,07
2008-08-01,2008,8,Nebraska,1484.0,,4.0,2215.0,,1,0.0,0.0,0.0,,3.0,107.0,,,,,,,,,,,,,3814,1796378.0,0.2226702843165525,123.30366994029096,08
2008-09-01,2008,9,Nebraska,1641.0,,3.0,2616.0,,1,0.0,0.0,1.0,,0.0,102.0,,,,,,,,,,,,,4364,1796378.0,0.1670027132374144,145.62636594302538,09
2008-10-01,2008,10,Nebraska,2353.0,,4.0,3507.0,,5,0.0,0.0,1.0,,1.0,117.0,,,,,,,,,,,,,5988,1796378.0,0.2226702843165525,195.22617177453742,10
2002-07-01,2002,7,Nevada,0.0,,1652.0,1570.0,,105,0.0,0.0,0.0,,0.0,0.0,,,,,,,,,,,,,3327,2173791.0,75.9962664303974,72.22405465842853,07
2002-08-01,2002,8,Nevada,0.0,,1913.0,1932.0,,126,0.0,0.0,0.0,,0.0,0.0,,,,,,,,,,,,,3971,2173791.0,88.00294048507884,88.87698955419357,08
2002-09-01,2002,9,Nevada,0.0,,1659.0,2029.0,,93,0.0,0.0,0.0,,0.0,0.0,,,,,,,,,,,,,3781,2173791.0,76.31828450849231,93.33924006493724,09
2002-10-01,2002,10,Nevada,0.0,,1894.0,2312.0,,103,1.0,0.0,0.0,,0.0,0.0,,,,,,,,,,,,,4310,2173791.0,87.12889141596409,106.35797093648837,10
2002-11-01,2002,11,Nevada,0.0,,1644.0,2227.0,,104,0.0,0.0,0.0,,0.0,0.0,,,,,,,,,,,,,3975,2173791.0,75.62824576971751,102.44775141676453,11
2002-12-01,2002,12,Nevada,0.0,,1918.0,3187.0,,100,0.0,0.0,0.0,,0.0,0.0,,,,,,,,,,,,,5205,2173791.0,88.23295339800376,146.61023069835142,12
2003-01-01,2003,1,Nevada,0.0,,1806.0,1868.0,,115,0.0,0.0,0.0,,0.0,0.0,,,,,,,,,,,,,3789,2248850.0,80.30771283100252,83.06467750183427,01
2003-02-01,2003,2,Nevada,0.0,,1916.0,1984.0,,122,0.0,0.0,0.0,,0.0,0.0,,,,,,,,,,,,,4022,2248850.0,85.19910176312338,88.22286946661627,02
2003-03-01,2003,3,Nevada,0.0,,2559.0,2331.0,,135,4.0,0.0,0.0,,0.0,0.0,,,,,,,,,,,,,5029,2248850.0,113.79149342997533,103.65297818885207,03
2003-04-01,2003,4,Nevada,0.0,,1753.0,1967.0,,115,0.0,0.0,0.0,,0.0,0.0,,,,,,,,,,,,,3835,2248850.0,77.95095270916246,87.46692754074304,04
2003-05-01,2003,5,Nevada,0.0,,1865.0,1708.0,,120,0.0,0.0,0.0,,0.0,0.0,,,,,,,,,,,,,3693,2248850.0,82.9312759855037,75.94992996420392,05
2003-06-01,2003,6,Nevada,0.0,,1537.0,1502.0,,112,0.0,0.0,0.0,,0.0,0.0,,,,,,,,,,,,,3151,2248850.0,68.3460435333615,66.78969250950486,06
2003-07-01,2003,7,Nevada,0.0,,1776.0,1638.0,,91,0.0,0.0,0.0,,0.0,0.0,,,,,,,,,,,,,3505,2248850.0,78.97369766769683,72.83722791649065,07
2003-08-01,2003,8,Nevada,0.0,,1985.0,2275.0,,109,0.0,0.0,0.0,,0.0,0.0,,,,,,,,,,,,,4369,2248850.0,88.26733663872646,101.16281655068146,08
2003-09-01,2003,9,Nevada,0.0,,1632.0,2012.0,,112,0.0,0.0,0.0,,0.0,0.0,,,,,,,,,,,,,3756,2248850.0,72.57042488382952,89.46795028570158,09
2003-10-01,2003,10,Nevada,0.0,,1920.0,2298.0,,112,0.0,0.0,0.0,,0.0,0.0,,,,,,,,,,,,,4330,2248850.0,85.37697045156413,102.18556150921583,10
2003-11-01,2003,11,Nevada,0.0,,1756.0,2333.0,,87,0.0,0.0,0.0,,0.0,0.0,,,,,,,,,,,,,4176,2248850.0,78.08435422549303,103.74191253307247,11
2003-12-01,2003,12,Nevada,0.0,,2187.0,3465.0,,125,0.0,0.0,0.0,,0.0,0.0,,,,,,,,,,,,,5777,2248850.0,97.24970540498477,154.07875136180715,12
2004-01-01,2004,1,Nevada,0.0,,2080.0,2053.0,,104,0.0,0.0,0.0,,0.0,0.0,,,,,,,,,,,,,4237,2346222.0,88.65316240321675,87.50237616048268,01
2004-02-01,2004,2,Nevada,0.0,,2218.0,2141.0,,110,0.0,0.0,0.0,,0.0,0.0,,,,,,,,,,,,,4469,2346222.0,94.53495875496863,91.25308687754185,02
2004-03-01,2004,3,Nevada,0.0,,2360.0,2309.0,,148,0.0,0.0,0.0,,0.0,0.0,,,,,,,,,,,,,4817,2346222.0,100.58724195749593,98.41353461010937,03
2004-04-01,2004,4,Nevada,0.0,,2030.0,2092.0,,121,0.0,0.0,0.0,,0.0,0.0,,,,,,,,,,,,,4243,2346222.0,86.52207676852403,89.164622955543,04
2004-05-01,2004,5,Nevada,0.0,,1840.0,1956.0,,100,0.0,0.0,0.0,,0.0,0.0,,,,,,,,,,,,,3896,2346222.0,78.42395135669173,83.36807002917882,05
2004-06-01,2004,6,Nevada,0.0,,1798.0,1710.0,,104,0.0,0.0,0.0,,0.0,0.0,,,,,,,,,,,,,3612,2346222.0,76.63383942354986,72.8831287064907,06
2004-07-01,2004,7,Nevada,0.0,,1908.0,1931.0,,135,4.0,0.0,0.0,,0.0,0.0,,,,,,,,,,,,,3978,2346222.0,81.32222781987382,82.30252721183247,07
2004-08-01,2004,8,Nevada,0.0,,1856.0,2049.0,,113,0.0,0.0,0.0,,78.0,63.0,,,,,,,,,,,,,4159,2346222.0,79.1058987597934,87.33188930970726,08
2004-09-01,2004,9,Nevada,0.0,,1758.0,2441.0,,131,0.0,0.0,0.0,,297.0,250.0,,,,,,,,,,,,,4877,2346222.0,74.9289709157957,104.03960068569812,09
2004-10-01,2004,10,Nevada,0.0,,2002.0,2510.0,,139,0.0,0.0,0.0,,261.0,267.0,,,,,,,,,,,,,5179,2346222.0,85.32866881309612,106.98049886157406,10
2004-11-01,2004,11,Nevada,0.0,,1760.0,2464.0,,114,0.0,0.0,0.0,,247.0,211.0,,,,,,,,,,,,,4796,2346222.0,75.0142143411834,105.01990007765676,11
2004-12-01,2004,12,Nevada,0.0,,2152.0,3756.0,,182,0.0,0.0,0.0,,221.0,180.0,,,,,,,,,,,,,6491,2346222.0,91.72192571717424,160.08715287811637,12
2005-01-01,2005,1,Nevada,0.0,,1915.0,1920.0,,118,0.0,0.0,0.0,,217.0,163.0,,,,,,,,,,,,,4333,2432143.0,78.73714662336877,78.94272664066217,01
2005-02-01,2005,2,Nevada,0.0,,2179.0,2181.0,,140,0.0,0.0,0.0,,259.0,202.0,,,,,,,,,,,,,4961,2432143.0,89.59177153645983,89.67400354337717,02
2005-03-01,2005,3,Nevada,0.0,,2549.0,2264.0,,132,0.0,0.0,0.0,,217.0,168.0,,,,,,,,,,,,,5330,2432143.0,104.80469281617076,93.08663183044747,03
2005-04-01,2005,4,Nevada,0.0,,2046.0,1973.0,,119,0.0,0.0,0.0,,188.0,165.0,,,,,,,,,,,,,4491,2432143.0,84.12334307645563,81.1218748239721,04
2005-05-01,2005,5,Nevada,0.0,,1905.0,1757.0,,85,0.0,0.0,0.0,,166.0,137.0,,,,,,,,,,,,,4050,2432143.0,78.32598658878199,72.24081807689763,05
2005-06-01,2005,6,Nevada,0.0,,1788.0,1742.0,,105,0.0,0.0,0.0,,168.0,134.0,,,,,,,,,,,,,3937,2432143.0,73.51541418411664,71.62407802501744,06
2005-07-01,2005,7,Nevada,0.0,,1822.0,1671.0,,120,0.0,0.0,0.0,,185.0,141.0,,,,,,,,,,,,,3939,2432143.0,74.9133583017117,68.70484177945129,07
2005-08-01,2005,8,Nevada,0.0,,2294.0,2235.0,,128,0.0,0.0,0.0,,224.0,183.0,,,,,,,,,,,,,5064,2432143.0,94.32011193420782,91.8942677301458,08
2005-09-01,2005,9,Nevada,0.0,,2005.0,2366.0,,107,0.0,0.0,0.0,,187.0,219.0,,,,,,,,,,,,,4884,2432143.0,82.43758693464981,97.28046418323265,09
2005-10-01,2005,10,Nevada,0.0,,2512.0,2747.0,,129,0.0,0.0,0.0,,212.0,206.0,,,,,,,,,,,,,5806,2432143.0,103.28340068819968,112.94566150098905,10
2005-11-01,2005,11,Nevada,0.0,,2760.0,3105.0,,222,0.0,0.0,0.0,,178.0,135.0,,,,,,,,,,,,,6400,2432143.0,113.48016954595187,127.66519073919584,11
2005-12-01,2005,12,Nevada,455.0,,3607.0,4860.0,,293,5.0,0.0,1.0,,189.0,122.0,,,,,,,,,,,,,9532,2432143.0,148.3054244754523,199.8237768091761,12
2006-01-01,2006,1,Nevada,746.0,,2431.0,2350.0,,159,0.0,0.0,0.0,,197.0,132.0,,,,,,,,,,,,,6015,2522658.0,96.36661013898832,93.15571115862713,01
2006-02-01,2006,2,Nevada,744.0,,2513.0,2501.0,,155,0.0,0.0,0.0,,200.0,164.0,,,,,,,,,,,,,6277,2522658.0,99.61714984750212,99.14146110967083,02
2006-03-01,2006,3,Nevada,998.0,,3051.0,2794.0,,192,0.0,0.0,0.0,,198.0,121.0,,,,,,,,,,,,,7354,2522658.0,120.94386159360485,110.75619445838477,03
2006-04-01,2006,4,Nevada,880.0,,2292.0,2311.0,,137,0.0,0.0,0.0,,149.0,134.0,,,,,,,,,,,,,5903,2522658.0,90.85654892577591,91.60972276067544,04
2006-05-01,2006,5,Nevada,817.0,,2092.0,1948.0,,109,0.0,0.0,0.0,,172.0,133.0,,0.0,0.0,,,,,,,,,,5271,2522658.0,82.92840329525444,77.220138441279,05
2006-06-01,2006,6,Nevada,817.0,,2023.0,1867.0,,134,2.0,0.0,0.0,,183.0,149.0,,0.0,0.0,,,,,,,,,,5175,2522658.0,80.19319305272455,74.00923946091781,06
2006-07-01,2006,7,Nevada,663.0,,2147.0,1853.0,,152,0.0,0.0,0.0,,187.0,130.0,,0.0,0.0,,,,,,,,,,5132,2522658.0,85.10864334364784,73.45426926678131,07
2006-08-01,2006,8,Nevada,745.0,,2707.0,2393.0,,180,0.0,0.0,0.0,,162.0,144.0,,0.0,0.0,,,,,,,,,,6331,2522658.0,107.30745110910794,94.86026246918924,08
2006-09-01,2006,9,Nevada,650.0,,2059.0,2339.0,,119,1.0,0.0,0.0,,187.0,159.0,,0.0,0.0,,,,,,,,,,5514,2522658.0,81.62025926621841,92.71966314894846,09
2006-10-01,2006,10,Nevada,693.0,,2294.0,2382.0,,131,0.0,0.0,0.0,,173.0,166.0,,,,,,,,,,,,,5839,2522658.0,90.93583038208112,94.42421445951057,10
2006-11-01,2006,11,Nevada,763.0,,2128.0,2736.0,,111,0.0,0.0,0.0,,147.0,126.0,,,,,,,,,,,,,6011,2522658.0,84.35546950874831,108.45703222553355,11
2006-12-01,2006,12,Nevada,704.0,,2916.0,4044.0,,175,0.0,0.0,0.0,,175.0,127.0,,,,,,,,,,,,,8141,2522658.0,115.59236329300286,160.30710464914387,12
2007-01-01,2007,1,Nevada,613.0,,2395.0,2057.0,,126,0.0,0.0,0.0,,197.0,129.0,,,,,,,,,,,,,5517,2601072.0,92.07742038667133,79.08277817761292,01
2007-02-01,2007,2,Nevada,820.0,,2556.0,2066.0,,139,1.0,0.0,0.0,,194.0,139.0,,,,,,,,,,,,,5915,2601072.0,98.26717599512817,79.42878936069437,02
2007-03-01,2007,3,Nevada,889.0,,3001.0,2316.0,,145,0.0,0.0,0.0,,202.0,151.0,,,,,,,,,,,,,6704,2601072.0,115.37550671415478,89.04021111295651,03
2007-04-01,2007,4,Nevada,887.0,,2358.0,1955.0,,127,0.0,0.0,0.0,,144.0,132.0,,,,,,,,,,,,,5603,2601072.0,90.65492996733654,75.16131810268996,04
2007-05-01,2007,5,Nevada,941.0,,2467.0,1779.0,,125,0.0,0.0,0.0,,145.0,126.0,,,,,,,,,,,,,5583,2601072.0,94.84550985132283,68.39487718909741,05
2007-06-01,2007,6,Nevada,906.0,,2434.0,1863.0,,117,0.0,0.0,0.0,,169.0,124.0,,,,,,,,,,,,,5613,2601072.0,93.57680218002425,71.6243148978575,06
2007-07-01,2007,7,Nevada,785.0,,2110.0,1544.0,,92,0.0,0.0,0.0,,144.0,108.0,,,,,,,,,,,,,4783,2601072.0,81.1203995890925,59.36014074197101,07
2007-08-01,2007,8,Nevada,714.0,,2571.0,2157.0,,127,0.0,0.0,0.0,,165.0,166.0,,,,,,,,,,,,,5900,2601072.0,98.8438613002639,82.92734687851778,08
2007-09-01,2007,9,Nevada,637.0,,2097.0,2165.0,,109,0.0,0.0,0.0,,156.0,144.0,,,,,,,,,,,,,5308,2601072.0,80.62060565797486,83.23491237459017,09
2007-10-01,2007,10,Nevada,517.0,,2209.0,2015.0,,120,0.0,0.0,0.0,,186.0,146.0,,,,,,,,,,,,,5193,2601072.0,84.9265226029883,77.46805932323288,10
2007-11-01,2007,11,Nevada,732.0,,2179.0,2663.0,,117,0.0,0.0,0.0,,154.0,98.0,,,,,,,,,,,,,5943,2601072.0,83.77315199271685,102.38086450509635,11
2007-12-01,2007,12,Nevada,659.0,,3255.0,3832.0,,166,0.0,0.0,0.0,,161.0,141.0,,,,,,,,,,,,,8214,2601072.0,125.14071121445312,147.32387261867413,12
2008-01-01,2008,1,Nevada,617.0,,2390.0,1930.0,,132,0.0,0.0,0.0,,138.0,122.0,,,,,,,,,,,,,5329,2653630.0,90.06530676846434,72.73056153269295,01
2008-02-01,2008,2,Nevada,808.0,,3209.0,2344.0,,186,0.0,0.0,0.0,,230.0,179.0,,,,,,,,,,,,,6956,2653630.0,120.92869013389206,88.33183224488718,02
2008-03-01,2008,3,Nevada,911.0,,3519.0,2651.0,,153,0.0,0.0,0.0,,190.0,119.0,,,,,,,,,,,,,7543,2653630.0,132.61080105365104,99.90089047832592,03
2008-04-01,2008,4,Nevada,894.0,,2738.0,2119.0,,120,1.0,0.0,0.0,,187.0,105.0,,,,,,,,,,,,,6164,2653630.0,103.1794183816131,79.85288077086858,04
2008-05-01,2008,5,Nevada,1127.0,,2818.0,2004.0,,159,0.0,0.0,0.0,,215.0,137.0,,,,,,,,,,,,,6460,2653630.0,106.1941566834864,75.51919446192574,05
2008-06-01,2008,6,Nevada,1253.0,,2517.0,1801.0,,129,0.0,0.0,0.0,,178.0,96.0,,,,,,,,,,,,,5974,2653630.0,94.85120382268818,67.86929602092228,06
2008-07-01,2008,7,Nevada,819.0,,3233.0,2102.0,,174,0.0,0.0,0.0,,214.0,145.0,,,,,,,,,,,,,6687,2653630.0,121.83311162445405,79.21224888172051,07
2008-08-01,2008,8,Nevada,712.0,,3489.0,2775.0,,261,0.0,0.0,0.0,,206.0,144.0,,,,,,,,,,,,,7587,2653630.0,131.48027419044857,104.5737348462295,08
2008-09-01,2008,9,Nevada,766.0,,2809.0,2672.0,,201,0.0,0.0,0.0,,216.0,148.0,,,,,,,,,,,,,6812,2653630.0,105.85499862452565,100.69225928256765,09
2008-10-01,2008,10,Nevada,545.0,,4082.0,3554.0,,266,0.0,0.0,0.0,,231.0,172.0,,,,,,,,,,,,,8850,2653630.0,153.82702185308426,133.9297490607206,10
2002-07-01,2002,7,New Hampshire,806.0,,916.0,1544.0,,17,0.0,0.0,0.0,,0.0,3.0,,,,,,,,,,,,,3286,1269089.0,72.17775900665752,121.66207413349261,07
2002-08-01,2002,8,New Hampshire,921.0,,1151.0,2109.0,,19,0.0,0.0,0.0,,0.0,5.0,,,,,,,,,,,,,4205,1269089.0,90.69497883915155,166.18219841161653,08
2002-09-01,2002,9,New Hampshire,998.0,,1111.0,2567.0,,23,0.0,0.0,0.0,,0.0,5.0,,,,,,,,,,,,,4704,1269089.0,87.54311163362065,202.2710779149453,09
2002-10-01,2002,10,New Hampshire,1124.0,,1239.0,3335.0,,16,0.0,0.0,0.0,,0.0,1.0,,,,,,,,,,,,,5715,1269089.0,97.62908669131951,262.7869282611385,10
2002-11-01,2002,11,New Hampshire,955.0,,1040.0,2726.0,,26,0.0,0.0,0.0,,0.0,0.0,,,,,,,,,,,,,4747,1269089.0,81.94854734380331,214.7997500569306,11
2002-12-01,2002,12,New Hampshire,747.0,,1169.0,2552.0,,19,0.0,0.0,0.0,,0.0,1.0,,,,,,,,,,,,,4488,1269089.0,92.11331908164046,201.08912771287117,12
2003-01-01,2003,1,New Hampshire,853.0,,1175.0,1677.0,,16,0.0,0.0,0.0,,0.0,3.0,,,,,,,,,,,,,3724,1279840.0,91.80835104388048,131.03200400050005,01
2003-02-01,2003,2,New Hampshire,883.0,,1212.0,1614.0,,11,0.0,0.0,0.0,,0.0,8.0,,,,,,,,,,,,,3728,1279840.0,94.69933741717715,126.10951368921114,02
2003-03-01,2003,3,New Hampshire,1359.0,,1476.0,2098.0,,36,0.0,0.0,0.0,,0.0,3.0,,,,,,,,,,,,,4972,1279840.0,115.32691586448306,163.9267408426053,03
2003-04-01,2003,4,New Hampshire,1240.0,,1262.0,2188.0,,18,0.0,0.0,0.0,,0.0,3.0,,,,,,,,,,,,,4711,1279840.0,98.60607575946995,170.95886985873233,04
2003-05-01,2003,5,New Hampshire,1103.0,,1155.0,1737.0,,19,0.0,0.0,0.0,,0.0,3.0,,,,,,,,,,,,,4017,1279840.0,90.24565570696338,135.72009001125141,05
2003-06-01,2003,6,New Hampshire,989.0,,946.0,1485.0,,18,0.0,0.0,0.0,,0.0,3.0,,,,,,,,,,,,,3441,1279840.0,73.91548943617953,116.03012876609576,06
2003-07-01,2003,7,New Hampshire,991.0,,950.0,1512.0,,14,1.0,0.0,0.0,,0.0,2.0,,,,,,,,,,,,,3470,1279840.0,74.22802850356294,118.13976747093386,07
2003-08-01,2003,8,New Hampshire,1089.0,,1189.0,2221.0,,14,0.0,0.0,0.0,,0.0,4.0,,,,,,,,,,,,,4517,1279840.0,92.90223777972247,173.53731716464557,08
2003-09-01,2003,9,New Hampshire,1767.0,,1251.0,2670.0,,21,0.0,0.0,0.0,,0.0,2.0,,,,,,,,,,,,,5711,1279840.0,97.74659332416553,208.61982747843481,09
2003-10-01,2003,10,New Hampshire,1799.0,,1117.0,3211.0,,14,0.0,0.0,0.0,,0.0,3.0,,,,,,,,,,,,,6144,1279840.0,87.27653456682086,250.89073634204277,10
2003-11-01,2003,11,New Hampshire,1578.0,,1027.0,2730.0,,13,0.0,0.0,0.0,,0.0,4.0,,,,,,,,,,,,,5352,1279840.0,80.24440555069384,213.30791348918615,11
2003-12-01,2003,12,New Hampshire,1247.0,,1130.0,2547.0,,12,0.0,0.0,0.0,,0.0,1.0,,,,,,,,,,,,,4937,1279840.0,88.29228653581697,199.00925115639455,12
2004-01-01,2004,1,New Hampshire,1429.0,,1103.0,1900.0,,14,0.0,0.0,0.0,,0.0,3.0,,,,,,,,,,,,,4449,1290121.0,85.4958565901958,147.27300772563194,01
2004-02-01,2004,2,New Hampshire,1569.0,,1078.0,1658.0,,7,0.0,0.0,0.0,,0.0,2.0,,,,,,,,,,,,,4314,1290121.0,83.55805385696381,128.51507726794617,02
2004-03-01,2004,3,New Hampshire,1874.0,,1244.0,2176.0,,24,0.0,0.0,0.0,,0.0,4.0,,,,,,,,,,,,,5322,1290121.0,96.42506400562428,168.6663499005132,03
2004-04-01,2004,4,New Hampshire,1736.0,,1061.0,2079.0,,16,0.0,0.0,0.0,,0.0,2.0,,,,,,,,,,,,,4894,1290121.0,82.24034799836605,161.14767529557304,04
2004-05-01,2004,5,New Hampshire,1262.0,,989.0,1530.0,,15,0.0,0.0,0.0,,0.0,1.0,,,,,,,,,,,,,3797,1290121.0,76.65947612665788,118.59352727379834,05
2004-06-01,2004,6,New Hampshire,1113.0,,1045.0,1477.0,,8,0.0,0.0,0.0,,0.0,4.0,,,,,,,,,,,,,3647,1290121.0,81.00015424909756,114.4853854793465,06
2004-07-01,2004,7,New Hampshire,1457.0,,992.0,1680.0,,14,0.0,0.0,0.0,,0.0,0.0,,,,,,,,,,,,,4143,1290121.0,76.89201245464572,130.22034367319034,07
2004-08-01,2004,8,New Hampshire,1346.0,,1068.0,1912.0,,13,0.0,0.0,0.0,,0.0,1.0,,,,,,,,,,,,,4340,1290121.0,82.782932763671,148.20315303758332,08
2004-09-01,2004,9,New Hampshire,1380.0,,1272.0,2684.0,,22,0.0,0.0,0.0,,0.0,2.0,,,,,,,,,,,,,5360,1290121.0,98.59540306684411,208.04250143978743,09
2004-10-01,2004,10,New Hampshire,1580.0,,1188.0,3423.0,,12,0.0,0.0,0.0,,0.0,1.0,,,,,,,,,,,,,6204,1290121.0,92.0843858831846,265.32395023412533,10
2004-11-01,2004,11,New Hampshire,1287.0,,1046.0,2735.0,,8,0.0,0.0,0.0,,0.0,1.0,,,,,,,,,,,,,5077,1290121.0,81.07766635842684,211.9956190155807,11
2004-12-01,2004,12,New Hampshire,1049.0,,1257.0,2923.0,,15,0.0,0.0,0.0,,0.0,0.0,,,,,,,,,,,,,5244,1290121.0,97.43272142690492,226.56789556948533,12
2005-01-01,2005,1,New Hampshire,1202.0,,1287.0,1728.0,,20,0.0,0.0,0.0,,0.0,2.0,,,,,,,,,,,,,4239,1298492.0,99.11497336910816,133.07744676132006,01
2005-02-01,2005,2,New Hampshire,1149.0,,1228.0,1720.0,,9,0.0,0.0,0.0,,0.0,3.0,,,,,,,,,,,,,4109,1298492.0,94.57124110121588,132.4613474707584,02
2005-03-01,2005,3,New Hampshire,1416.0,,1287.0,1990.0,,15,0.0,0.0,0.0,,0.0,1.0,,,,,,,,,,,,,4709,1298492.0,99.11497336910816,153.25469852721466,03
2005-04-01,2005,4,New Hampshire,1226.0,,1420.0,2272.0,,14,0.0,0.0,0.0,,0.0,2.0,,,,,,,,,,,,,4934,1298492.0,109.35762407469588,174.9721985195134,04
2005-05-01,2005,5,New Hampshire,1278.0,,1197.0,1709.0,,15,0.0,0.0,0.0,,0.0,4.0,,,,,,,,,,,,,4203,1298492.0,92.18385635028942,131.6142109462361,05
2005-06-01,2005,6,New Hampshire,1194.0,,986.0,1372.0,,9,0.0,0.0,0.0,,0.0,1.0,,,,,,,,,,,,,3562,1298492.0,75.93423756172545,105.66102833132588,06
2005-07-01,2005,7,New Hampshire,1238.0,,964.0,1508.0,,8,0.0,,0.0,,0.0,1.0,,,,,,,,,,,,,3719,1298492.0,74.23996451268087,116.13471627087422,07
2005-08-01,2005,8,New Hampshire,1257.0,,1132.0,1887.0,,16,0.0,0.0,0.0,,0.0,2.0,,,,,,,,,,,,,4294,1298492.0,87.17804961447587,145.32242016123317,08
2005-09-01,2005,9,New Hampshire,1298.0,,1347.0,2500.0,,13,0.0,0.0,0.0,,0.0,6.0,,,,,,,,,,,,,5164,1298492.0,103.73571804832068,192.53102830052092,09
2005-10-01,2005,10,New Hampshire,1677.0,,1123.0,3240.0,,19,0.0,0.0,0.0,,0.0,2.0,,,,,,,,,,,,,6061,1298492.0,86.48493791259399,249.52021267747512,10
2005-11-01,2005,11,New Hampshire,1146.0,,1224.0,2757.0,,18,0.0,0.0,0.0,,0.0,6.0,,,,,,,,,,,,,5151,1298492.0,94.26319145593504,212.32321800981447,11
2005-12-01,2005,12,New Hampshire,1251.0,,1370.0,2978.0,,16,0.0,0.0,0.0,,0.0,1.0,,,,,,,,,,,,,5616,1298492.0,105.50700350868546,229.34296091158052,12
2006-01-01,2006,1,New Hampshire,1611.0,,1239.0,1895.0,,7,0.0,0.0,0.0,,0.0,5.0,,,,,,,,,,,,,4757,1308389.0,94.6966078131198,144.83460194177727,01
2006-02-01,2006,2,New Hampshire,1519.0,,1358.0,2007.0,,15,0.0,0.0,0.0,,0.0,4.0,,,,,,,,,,,,,4903,1308389.0,103.79176223584882,153.39474728081635,02
2006-03-01,2006,3,New Hampshire,1997.0,,1639.0,2350.0,,13,0.0,0.0,0.0,,0.0,4.0,,,,,,,,,,,,,6003,1308389.0,125.26855545254509,179.6101923816235,03
2006-04-01,2006,4,New Hampshire,1717.0,,1390.0,2240.0,,19,0.0,0.0,0.0,,0.0,4.0,,,,,,,,,,,,,5370,1308389.0,106.23751804700284,171.20290678078155,04
2006-05-01,2006,5,New Hampshire,1594.0,,1095.0,1699.0,,5,0.0,0.0,0.0,,0.0,0.0,,12.0,0.0,,,,,,,,,,4405,1308389.0,83.6907066629267,129.85434759845887,05
2006-06-01,2006,6,New Hampshire,1613.0,,1114.0,1635.0,,5,0.0,0.0,0.0,,0.0,3.0,,58.0,0.0,,,,,,,,,,4428,1308389.0,85.1428741757994,124.96283597615081,06
2006-07-01,2006,7,New Hampshire,1152.0,,1056.0,1535.0,,7,0.0,0.0,0.0,,0.0,6.0,,34.0,0.0,,,,,,,,,,3790,1308389.0,80.70994176808273,117.31984906629451,07
2006-08-01,2006,8,New Hampshire,1595.0,,1254.0,2015.0,,11,0.0,0.0,0.0,,0.0,8.0,,32.0,0.0,,,,,,,,,,4915,1308389.0,95.84305584959824,154.00618623360484,08
2006-09-01,2006,9,New Hampshire,1617.0,,1474.0,2862.0,,10,0.0,0.0,1.0,,0.0,7.0,,22.0,0.0,,,,,,,,,,5993,1308389.0,112.65762705128216,218.7422853600879,09
2006-10-01,2006,10,New Hampshire,1720.0,,1514.0,3237.0,,19,0.0,0.0,0.0,,0.0,3.0,,,,,,,,,,,,,6493,1308389.0,115.71482181522467,247.40348627204904,10
2006-11-01,2006,11,New Hampshire,1418.0,,1568.0,2810.0,,16,0.0,0.0,0.0,,0.0,4.0,,,,,,,,,,,,,5816,1308389.0,119.84203474654709,214.7679321669626,11
2006-12-01,2006,12,New Hampshire,1468.0,,1794.0,3003.0,,18,0.0,0.0,0.0,,0.0,3.0,,,,,,,,,,,,,6286,1308389.0,137.11518516282237,229.51889690298526,12
2007-01-01,2007,1,New Hampshire,1719.0,,1688.0,1928.0,,13,0.0,0.0,1.0,,0.0,8.0,,,,,,,,,,,,,5357,1312540.0,128.60560440062778,146.89076142441374,01
2007-02-01,2007,2,New Hampshire,1624.0,,1546.0,1779.0,,1,0.0,0.0,0.0,,0.0,10.0,,,,,,,,,,,,,4960,1312540.0,117.78688649488778,135.53872643881328,02
2007-03-01,2007,3,New Hampshire,1663.0,,1788.0,2163.0,,7,0.0,0.0,0.0,,0.0,5.0,,,,,,,,,,,,,5626,1312540.0,136.22441982720528,164.79497767687081,03
2007-04-01,2007,4,New Hampshire,1751.0,,1730.0,2156.0,,4,0.0,0.0,0.0,,0.0,1.0,,,,,,,,,,,,,5642,1312540.0,131.80550687979033,164.26166059701038,04
2007-05-01,2007,5,New Hampshire,1943.0,,1499.0,1563.0,,3,3.0,0.0,0.0,,0.0,2.0,,,,,,,,,,,,,5013,1312540.0,114.20604324439635,119.08208511740594,05
2007-06-01,2007,6,New Hampshire,1336.0,,1531.0,1643.0,,1,3.0,0.0,0.0,,0.0,1.0,,,,,,,,,,,,,4515,1312540.0,116.64406418090114,125.17713745866791,06
2007-07-01,2007,7,New Hampshire,1740.0,,1325.0,1575.0,,6,1.0,0.0,1.0,,0.0,6.0,,,,,,,,,,,,,4654,1312540.0,100.94930440215155,119.99634296859524,07
2007-08-01,2007,8,New Hampshire,1803.0,,1347.0,1973.0,,23,7.0,0.0,0.0,,0.0,6.0,,,,,,,,,,,,,5159,1312540.0,102.6254437959986,150.31922836637358,08
2007-09-01,2007,9,New Hampshire,2171.0,,1554.0,2703.0,,16,2.0,0.0,0.0,,0.0,8.0,,,,,,,,,,,,,6454,1312540.0,118.39639172901398,205.93658098038915,09
2007-10-01,2007,10,New Hampshire,2153.0,,1580.0,2923.0,,8,0.0,0.0,0.0,,0.0,7.0,,,,,,,,,,,,,6671,1312540.0,120.37728373992412,222.69797491885961,10
2007-11-01,2007,11,New Hampshire,1703.0,,1546.0,2592.0,,8,16.0,0.0,0.0,,0.0,5.0,,,,,,,,,,,,,5870,1312540.0,117.78688649488778,197.47969585688818,11
2007-12-01,2007,12,New Hampshire,1107.0,,1650.0,2415.0,,6,8.0,0.0,0.0,,0.0,3.0,,,,,,,,,,,,,5189,1312540.0,125.71045453852835,183.99439255184603,12
2008-01-01,2008,1,New Hampshire,1376.0,,1786.0,1778.0,,22,1.0,0.0,0.0,,0.0,6.0,,,,,,,,,,,,,4969,1315906.0,135.723980284306,135.11603412401797,01
2008-02-01,2008,2,New Hampshire,1240.0,,1797.0,1722.0,,10,2.0,0.0,0.0,,0.0,7.0,,,,,,,,,,,,,4778,1315906.0,136.55990625470207,130.86041100200165,02
2008-03-01,2008,3,New Hampshire,1754.0,,1983.0,2094.0,,5,16.0,0.0,0.0,,0.0,10.0,,,,,,,,,,,,,5862,1315906.0,150.69465448139914,159.12990745539574,03
2008-04-01,2008,4,New Hampshire,1964.0,,1911.0,2167.0,,6,11.0,0.0,0.0,,0.0,4.0,,,,,,,,,,,,,6063,1315906.0,145.22313903880672,164.67741616802417,04
2008-05-01,2008,5,New Hampshire,1549.0,,1847.0,1846.0,,10,5.0,0.0,0.0,,0.0,11.0,,,,,,,,,,,,,5268,1315906.0,140.35956975650237,140.28357648646636,05
2008-06-01,2008,6,New Hampshire,1262.0,,1735.0,1785.0,,36,1.0,0.0,0.0,,0.0,7.0,,,,,,,,,,,,,4826,1315906.0,131.84832351246973,135.64798701427,06
2008-07-01,2008,7,New Hampshire,1455.0,,1694.0,1629.0,,2,6.0,0.0,0.0,,0.0,10.0,,,,,,,,,,,,,4796,1315906.0,128.7325994409935,123.79303688865315,07
2008-08-01,2008,8,New Hampshire,1264.0,,1741.0,2037.0,,8,2.0,0.0,0.0,,0.0,7.0,,,,,,,,,,,,,5059,1315906.0,132.30428313268578,154.79829106334344,08
2008-09-01,2008,9,New Hampshire,1056.0,,1683.0,2274.0,,6,3.0,0.0,0.0,,0.0,8.0,,,,,,,,,,,,,5030,1315906.0,127.89667347059745,172.80869606187676,09
2008-10-01,2008,10,New Hampshire,1280.0,,2156.0,3112.0,,16,1.0,0.0,1.0,,0.0,9.0,,,,,,,,,,,,,6575,1315906.0,163.8414901976281,236.49105635204947,10
2002-07-01,2002,7,New Jersey,0.0,,1293.0,1456.0,,40,6.0,0.0,0.0,,0.0,0.0,,,,,,,,,,,,,2795,8552643.0,15.118133657630748,17.023977266442667,07
2002-08-01,2002,8,New Jersey,0.0,,1323.0,1868.0,,58,3.0,0.0,0.0,,0.0,0.0,,,,,,,,,,,,,3252,8552643.0,15.468902419988767,21.841201602826168,08
2002-09-01,2002,9,New Jersey,0.0,,1133.0,1926.0,,34,2.0,0.0,0.0,,0.0,0.0,,,,,,,,,,,,,3095,8552643.0,13.247366925054628,22.51935454338501,09
2002-10-01,2002,10,New Jersey,0.0,,1322.0,2583.0,,49,7.0,0.0,0.0,,0.0,0.0,,,,,,,,,,,,,3961,8552643.0,15.457210127910168,30.201190439025687,10
2002-11-01,2002,11,New Jersey,0.0,,1284.0,3200.0,,43,4.0,0.0,0.0,,0.0,0.0,,,,,,,,,,,,,4531,8552643.0,15.01290302892334,37.41533465152234,11
2002-12-01,2002,12,New Jersey,0.0,,1256.0,2893.0,,41,6.0,0.0,0.0,,0.0,0.0,,,,,,,,,,,,,4196,8552643.0,14.68551885072252,33.82580098339192,12
2003-01-01,2003,1,New Jersey,0.0,,1421.0,2206.0,,43,3.0,0.0,0.0,,0.0,0.0,,,,,,,,,,,,,3673,8601402.0,16.520562578054136,25.646981736233233,01
2003-02-01,2003,2,New Jersey,0.0,,1338.0,1969.0,,45,2.0,0.0,0.0,,0.0,0.0,,,,,,,,,,,,,3354,8601402.0,15.55560360973711,22.8916169712798,02
2003-03-01,2003,3,New Jersey,0.0,,1667.0,2299.0,,58,1.0,0.0,0.0,,0.0,0.0,,,,,,,,,,,,,4025,8601402.0,19.380561448005803,26.72820082121496,03
2003-04-01,2003,4,New Jersey,0.0,,1453.0,1998.0,,40,0.0,0.0,0.0,,0.0,0.0,,,,,,,,,,,,,3491,8601402.0,16.89259495138118,23.228771309607435,04
2003-05-01,2003,5,New Jersey,0.0,,1521.0,1790.0,,62,0.0,0.0,0.0,,0.0,0.0,,,,,,,,,,,,,3373,8601402.0,17.683163744701154,20.810560882981637,05
2003-06-01,2003,6,New Jersey,0.0,,1342.0,1694.0,,51,0.0,0.0,0.0,,0.0,0.0,,,,,,,,,,,,,3087,8601402.0,15.60210765640299,19.6944637630005,06
2003-07-01,2003,7,New Jersey,0.0,,1255.0,1480.0,,45,0.0,0.0,0.0,,0.0,0.0,,,,,,,,,,,,,2780,8601402.0,14.590644641420084,17.206497266375877,07
2003-08-01,2003,8,New Jersey,0.0,,1259.0,1801.0,,60,1.0,0.0,0.0,,0.0,0.0,,,,,,,,,,,,,3121,8601402.0,14.637148688085965,20.938447011312807,08
2003-09-01,2003,9,New Jersey,0.0,,1171.0,1862.0,,40,1.0,0.0,0.0,,0.0,0.0,,,,,,,,,,,,,3074,8601402.0,13.614059661436588,21.647633722967488,09
2003-10-01,2003,10,New Jersey,0.0,,1247.0,2338.0,,56,2.0,0.0,0.0,,0.0,0.0,,,,,,,,,,,,,3643,8601402.0,14.497636548088325,27.1816152762073,10
2003-11-01,2003,11,New Jersey,0.0,,1172.0,2849.0,,50,0.0,0.0,0.0,,0.0,0.0,,,,,,,,,,,,,4071,8601402.0,13.625685673103058,33.12250723777356,11
2003-12-01,2003,12,New Jersey,0.0,,1152.0,2836.0,,53,0.0,0.0,0.0,,0.0,0.0,,,,,,,,,,,,,4041,8601402.0,13.393165439773655,32.97136908610945,12
2004-01-01,2004,1,New Jersey,0.0,,1204.0,1904.0,,62,10.0,0.0,0.0,,0.0,0.0,,,,,,,,,,,,,3180,8634561.0,13.943963103625073,22.050918396430344,01
2004-02-01,2004,2,New Jersey,0.0,,1178.0,1754.0,,47,2.0,0.0,0.0,,0.0,0.0,,,,,,,,,,,,,2981,8634561.0,13.642847621320875,20.313713690829214,02
2004-03-01,2004,3,New Jersey,0.0,,1434.0,1939.0,,54,6.0,0.0,0.0,,0.0,0.0,,,,,,,,,,,,,3433,8634561.0,16.607676985546803,22.45626616107061,03
2004-04-01,2004,4,New Jersey,0.0,,1313.0,1707.0,,63,1.0,0.0,0.0,,0.0,0.0,,,,,,,,,,,,,3084,8634561.0,15.206331856361892,19.76938954974086,04
2004-05-01,2004,5,New Jersey,0.0,,1235.0,1207.0,,40,0.0,0.0,0.0,,0.0,0.0,,,,,,,,,,,,,2482,8634561.0,14.302985409449304,13.978707197737094,05
2004-06-01,2004,6,New Jersey,0.0,,1174.0,1237.0,,57,0.0,0.0,0.0,,0.0,0.0,,,,,,,,,,,,,2468,8634561.0,13.596522162504847,14.32614813885732,06
2004-07-01,2004,7,New Jersey,0.0,,1065.0,1269.0,,38,1.0,0.0,0.0,,0.0,0.0,,,,,,,,,,,,,2373,8634561.0,12.334153409768025,14.696751809385562,07
2004-08-01,2004,8,New Jersey,0.0,,1104.0,1642.0,,48,2.0,0.0,0.0,,0.0,0.0,,,,,,,,,,,,,2796,8634561.0,12.78582663322432,19.01660084398037,08
2004-09-01,2004,9,New Jersey,0.0,,1080.0,1870.0,,31,2.0,0.0,0.0,,0.0,0.0,,,,,,,,,,,,,2983,8634561.0,12.507873880328138,21.65715199649409,09
2004-10-01,2004,10,New Jersey,0.0,,1173.0,2312.0,,33,1.0,0.0,0.0,,0.0,0.0,,,,,,,,,,,,,3519,8634561.0,13.584940797800837,26.776115195665415,10
2004-11-01,2004,11,New Jersey,0.0,,1214.0,2848.0,,40,1.0,0.0,0.0,,0.0,0.0,,,,,,,,,,,,,4103,8634561.0,14.059776750665147,32.98372667701346,11
2004-12-01,2004,12,New Jersey,0.0,,1225.0,2695.0,,53,1.0,0.0,0.0,,0.0,0.0,,,,,,,,,,,,,3974,8634561.0,14.18717176240923,31.211777877300307,12
2005-01-01,2005,1,New Jersey,0.0,,1263.0,1589.0,,40,1.0,0.0,0.0,,0.0,0.0,,,,,,,,,,,,,2893,8651974.0,14.59782472762863,18.365750983532777,01
2005-02-01,2005,2,New Jersey,0.0,,1347.0,1469.0,,54,0.0,0.0,0.0,,0.0,0.0,,,,,,,,,,,,,2870,8651974.0,15.568701431603932,16.97878426356806,02
2005-03-01,2005,3,New Jersey,0.0,,1637.0,1751.0,,75,1.0,0.0,0.0,,0.0,0.0,,,,,,,,,,,,,3464,8651974.0,18.920537671518662,20.238156055485142,03
2005-04-01,2005,4,New Jersey,0.0,,1342.0,1453.0,,46,10.0,0.0,0.0,,0.0,0.0,,,,,,,,,,,,,2851,8651974.0,15.510911151605402,16.793855367572764,04
2005-05-01,2005,5,New Jersey,0.0,,1370.0,1273.0,,44,2.0,0.0,0.0,,0.0,0.0,,,,,,,,,,,,,2689,8651974.0,15.834536719597168,14.713405287625692,05
2005-06-01,2005,6,New Jersey,0.0,,1239.0,1196.0,,52,1.0,0.0,0.0,,0.0,0.0,,,,,,,,,,,,,2488,8651974.0,14.320431383635688,13.82343497564833,06
2005-07-01,2005,7,New Jersey,0.0,,1252.0,1248.0,,44,1.0,0.0,0.0,,0.0,0.0,,,,,,,,,,,,,2545,8651974.0,14.470686111631867,14.42445388763304,07
2005-08-01,2005,8,New Jersey,0.0,,1166.0,1540.0,,39,0.0,0.0,0.0,,0.0,0.0,,,,,,,,,,,,,2745,8651974.0,13.476693295657155,17.79940623954718,08
2005-09-01,2005,9,New Jersey,0.0,,1149.0,1644.0,,48,2.0,0.0,0.0,,0.0,0.0,,,,,,,,,,,,,2843,8651974.0,13.280206343662153,19.001444063516605,09
2005-10-01,2005,10,New Jersey,0.0,,1177.0,1980.0,,43,0.0,0.0,0.0,,0.0,0.0,,,,,,,,,,,,,3200,8651974.0,13.603831911653918,22.884950879417804,10
2005-11-01,2005,11,New Jersey,0.0,,1305.0,2469.0,,48,1.0,0.0,0.0,,0.0,0.0,,,,,,,,,,,,,3823,8651974.0,15.083263079616284,28.536840263274023,11
2005-12-01,2005,12,New Jersey,0.0,,1294.0,2824.0,,50,3.0,0.0,0.0,,0.0,0.0,,,,,,,,,,,,,4171,8651974.0,14.956124463619515,32.63995014316964,12
2006-01-01,2006,1,New Jersey,0.0,,1284.0,1647.0,,43,1.0,0.0,0.0,,0.0,0.0,,,,,,,,,,,,,2975,8661679.0,14.82391577891538,19.01478916501062,01
2006-02-01,2006,2,New Jersey,0.0,,1331.0,1470.0,,59,0.0,0.0,0.0,,0.0,0.0,,,,,,,,,,,,,2860,8661679.0,15.366535749015867,16.97130544782368,02
2006-03-01,2006,3,New Jersey,0.0,,1704.0,1857.0,,62,3.0,0.0,0.0,,0.0,0.0,,,,,,,,,,,,,3626,8661679.0,19.672860192579293,21.439261371842573,03
2006-04-01,2006,4,New Jersey,0.0,,1468.0,1485.0,,49,1.0,0.0,0.0,,0.0,0.0,,,,,,,,,,,,,3003,8661679.0,16.948215236330046,17.144482034025966,04
2006-05-01,2006,5,New Jersey,0.0,,1511.0,1291.0,,63,1.0,0.0,0.0,,0.0,0.0,,0.0,0.0,,,,,,,,,,2866,8661679.0,17.444654783443255,14.904731519143114,05
2006-06-01,2006,6,New Jersey,0.0,,1479.0,1286.0,,58,1.0,0.0,0.0,,0.0,0.0,,0.0,0.0,,,,,,,,,,2824,8661679.0,17.075211399545054,14.84700599040902,06
2006-07-01,2006,7,New Jersey,0.0,,1261.0,1051.0,,40,1.0,0.0,0.0,,0.0,0.0,,0.0,0.0,,,,,,,,,,2353,8661679.0,14.558378346738547,12.133906139906594,07
2006-08-01,2006,8,New Jersey,0.0,,1233.0,1457.0,,48,6.0,0.0,0.0,,0.0,0.0,,0.0,0.0,,,,,,,,,,2744,8661679.0,14.23511538582762,16.821219073115042,08
2006-09-01,2006,9,New Jersey,0.0,,1164.0,1640.0,,46,4.0,0.0,0.0,,0.0,0.0,,0.0,0.0,,,,,,,,,,2854,8661679.0,13.43850308929712,18.933973424782888,09
2006-10-01,2006,10,New Jersey,0.0,,1319.0,1936.0,,62,6.0,0.0,0.0,,0.0,0.0,,,,,,,,,,,,,3323,8661679.0,15.227994480054042,22.351324725841263,10
2006-11-01,2006,11,New Jersey,0.0,,1239.0,2545.0,,39,3.0,0.0,0.0,,0.0,0.0,,,,,,,,,,,,,3826,8661679.0,14.304386020308534,29.382294125653928,11
2006-12-01,2006,12,New Jersey,0.0,,1367.0,2646.0,,48,3.0,0.0,0.0,,0.0,0.0,,,,,,,,,,,,,4064,8661679.0,15.782159555901345,30.54834980608263,12
2007-01-01,2007,1,New Jersey,0.0,,1317.0,1534.0,,49,1.0,0.0,0.0,,0.0,0.0,,,,,,,,,,,,,2901,8677885.0,15.176509022647801,17.67711833010002,01
2007-02-01,2007,2,New Jersey,0.0,,1440.0,1421.0,,48,5.0,0.0,0.0,,0.0,0.0,,,,,,,,,,,,,2914,8677885.0,16.593905081710577,16.374957722993564,02
2007-03-01,2007,3,New Jersey,0.0,,1652.0,1666.0,,49,4.0,0.0,0.0,,0.0,0.0,,,,,,,,,,,,,3371,8677885.0,19.036896663184635,19.19822629592349,03
2007-04-01,2007,4,New Jersey,0.0,,1411.0,1260.0,,42,1.0,0.0,0.0,,0.0,0.0,,,,,,,,,,,,,2714,8677885.0,16.25972227103724,14.519666946496756,04
2007-05-01,2007,5,New Jersey,0.0,,1447.0,1154.0,,45,9.0,0.0,0.0,,0.0,0.0,,,,,,,,,,,,,2655,8677885.0,16.674569898080005,13.298171155759727,05
2007-06-01,2007,6,New Jersey,0.0,,1493.0,1278.0,,59,3.0,0.0,0.0,,0.0,0.0,,,,,,,,,,,,,2833,8677885.0,17.204652977079093,14.72709076001814,06
2007-07-01,2007,7,New Jersey,0.0,,1303.0,1191.0,,39,2.0,0.0,0.0,,0.0,0.0,,,,,,,,,,,,,2535,8677885.0,15.015179389908946,13.724542327998124,07
2007-08-01,2007,8,New Jersey,0.0,,1403.0,1444.0,,50,1.0,0.0,0.0,,0.0,0.0,,,,,,,,,,,,,2898,8677885.0,16.167533909472183,16.63999926249311,08
2007-09-01,2007,9,New Jersey,0.0,,1227.0,1539.0,,39,17.0,0.0,0.0,,0.0,0.0,,,,,,,,,,,,,2822,8677885.0,14.139389955040887,17.73473605607818,09
2007-10-01,2007,10,New Jersey,0.0,,1303.0,1969.0,,44,1.0,0.0,0.0,,0.0,0.0,,,,,,,,,,,,,3317,8677885.0,15.015179389908946,22.68986049020009,10
2007-11-01,2007,11,New Jersey,0.0,,1239.0,2511.0,,35,3.0,0.0,0.0,,0.0,0.0,,,,,,,,,,,,,3788,8677885.0,14.277672497388478,28.93562198623282,11
2007-12-01,2007,12,New Jersey,0.0,,1270.0,2355.0,,37,2.0,0.0,0.0,,0.0,0.0,,,,,,,,,,,,,3664,8677885.0,14.634902398453079,27.137948935714174,12
2008-01-01,2008,1,New Jersey,0.0,,1411.0,1589.0,,51,10.0,0.0,0.0,,0.0,0.0,,,,,,,,,,,,,3061,8711090.0,16.19774333636778,18.24111563535677,01
2008-02-01,2008,2,New Jersey,0.0,,1483.0,1461.0,,58,2.0,0.0,0.0,,0.0,0.0,,,,,,,,,,,,,3004,8711090.0,17.02427595168917,16.771724319229854,02
2008-03-01,2008,3,New Jersey,0.0,,1664.0,1591.0,,57,1.0,0.0,0.0,,0.0,0.0,,,,,,,,,,,,,3313,8711090.0,19.102087109649883,18.264074874671252,03
2008-04-01,2008,4,New Jersey,0.0,,1624.0,1351.0,,66,3.0,0.0,0.0,,0.0,0.0,,,,,,,,,,,,,3044,8711090.0,18.64290232336022,15.508966156933289,04
2008-05-01,2008,5,New Jersey,0.0,,1654.0,1262.0,,48,2.0,0.0,0.0,,0.0,0.0,,,,,,,,,,,,,2966,8711090.0,18.98729091307747,14.487280007438795,05
2008-06-01,2008,6,New Jersey,0.0,,1503.0,1124.0,,63,2.0,0.0,0.0,,0.0,0.0,,,,,,,,,,,,,2692,8711090.0,17.253868344834,12.903092494739465,06
2008-07-01,2008,7,New Jersey,0.0,,1573.0,1251.0,,65,0.0,0.0,0.0,,0.0,0.0,,,,,,,,,,,,,2889,8711090.0,18.057441720840902,14.361004191209139,07
2008-08-01,2008,8,New Jersey,0.0,,1432.0,1390.0,,34,11.0,0.0,0.0,,0.0,0.0,,,,,,,,,,,,,2867,8711090.0,16.43881534916985,15.956671323565708,08
2008-09-01,2008,9,New Jersey,0.0,,1584.0,1555.0,,43,4.0,0.0,0.0,,0.0,0.0,,,,,,,,,,,,,3186,8711090.0,18.183717537070564,17.850808567010557,09
2008-10-01,2008,10,New Jersey,0.0,,1622.0,2232.0,,70,4.0,0.0,0.0,,0.0,0.0,,,,,,,,,,,,,3928,8711090.0,18.61994308404574,25.622511074963068,10
2002-07-01,2002,7,New Mexico,0.0,,1678.0,2498.0,,162,0.0,4.0,14.0,,397.0,832.0,,,,,,,,,,,,,5585,1855309.0,90.44315529111323,134.64064476591233,07
2002-08-01,2002,8,New Mexico,0.0,,2011.0,3074.0,,176,0.0,5.0,6.0,,435.0,1003.0,,,,,,,,,,,,,6710,1855309.0,108.39164796807431,165.68668615308826,08
2002-09-01,2002,9,New Mexico,0.0,,1529.0,3172.0,,135,0.0,2.0,8.0,,419.0,993.0,,,,,,,,,,,,,6258,1855309.0,82.41214805727779,170.96882513910083,09
2002-10-01,2002,10,New Mexico,0.0,,1961.0,4024.0,,129,0.0,0.0,15.0,,404.0,1525.0,,,,,,,,,,,,,8058,1855309.0,105.69667909765975,216.89109469096522,10
2002-11-01,2002,11,New Mexico,0.0,,1608.0,3882.0,,162,0.0,3.0,15.0,,412.0,1239.0,,,,,,,,,,,,,7321,1855309.0,86.67019887253282,209.23738309898783,11
2002-12-01,2002,12,New Mexico,0.0,,2108.0,4997.0,,140,0.0,6.0,10.0,,375.0,766.0,,,,,,,,,,,,,8402,1855309.0,113.61988757667861,269.3351889092329,12
2003-01-01,2003,1,New Mexico,0.0,,1771.0,2781.0,,174,0.0,7.0,2.0,,427.0,1102.0,,,,,,,,,,,,,6264,1877574.0,94.32384555815109,148.11666544168168,01
2003-02-01,2003,2,New Mexico,0.0,,2130.0,3157.0,,181,0.0,1.0,10.0,,521.0,1344.0,,,,,,,,,,,,,7344,1877574.0,113.44426371477235,168.14250729931283,02
2003-03-01,2003,3,New Mexico,0.0,,2341.0,3222.0,,166,0.0,4.0,10.0,,415.0,861.0,,,,,,,,,,,,,7019,1877574.0,124.68216965083666,171.6044214502331,03
2003-04-01,2003,4,New Mexico,0.0,,1730.0,2849.0,,173,0.0,0.0,3.0,,350.0,784.0,,,,,,,,,,,,,5889,1877574.0,92.140176632186,151.73836024572134,04
2003-05-01,2003,5,New Mexico,0.0,,1867.0,2474.0,,137,0.0,2.0,4.0,,389.0,788.0,,,,,,,,,,,,,5661,1877574.0,99.43682645797182,131.7657786057966,05
2003-06-01,2003,6,New Mexico,0.0,,1659.0,2287.0,,119,0.0,3.0,5.0,,339.0,725.0,,,,,,,,,,,,,5137,1877574.0,88.35870117502692,121.8061178946875,06
2003-07-01,2003,7,New Mexico,0.0,,1680.0,2435.0,,117,0.0,3.0,7.0,,398.0,793.0,,,,,,,,,,,,,5433,1877574.0,89.47716574686271,129.68863011524448,07
2003-08-01,2003,8,New Mexico,0.0,,1974.0,3230.0,,133,0.0,5.0,7.0,,486.0,1122.0,,,,,,,,,,,,,6957,1877574.0,105.13566975256369,172.03050319188486,08
2003-09-01,2003,9,New Mexico,0.0,,1563.0,3233.0,,164,0.0,1.0,4.0,,412.0,1018.0,,,,,,,,,,,,,6395,1877574.0,83.2457202752062,172.19028384500425,09
2003-10-01,2003,10,New Mexico,0.0,,2000.0,3650.0,,145,0.0,0.0,6.0,,427.0,1437.0,,,,,,,,,,,,,7665,1877574.0,106.5204354129318,194.39979462860055,10
2003-11-01,2003,11,New Mexico,0.0,,1614.0,3480.0,,121,0.0,1.0,5.0,,330.0,1122.0,,,,,,,,,,,,,6673,1877574.0,85.96199137823596,185.34555761850132,11
2003-12-01,2003,12,New Mexico,0.0,,2270.0,5100.0,,173,0.0,3.0,6.0,,361.0,790.0,,,,,,,,,,,,,8703,1877574.0,120.90069419367758,271.62711030297606,12
2004-01-01,2004,1,New Mexico,0.0,,2108.0,2943.0,,149,0.0,3.0,3.0,,486.0,1098.0,,,,,,,,,,,,,6790,1903808.0,110.72545130601407,154.5849161259959,01
2004-02-01,2004,2,New Mexico,0.0,,2624.0,3389.0,,172,0.0,5.0,3.0,,453.0,1247.0,,,,,,,,,,,,,7893,1903808.0,137.82902477560762,178.0116482334353,02
2004-03-01,2004,3,New Mexico,0.0,,2412.0,3015.0,,131,0.0,3.0,8.0,,393.0,875.0,,,,,,,,,,,,,6837,1903808.0,126.69344807879786,158.36681009849733,03
2004-04-01,2004,4,New Mexico,0.0,,2045.0,2940.0,,223,0.0,4.0,3.0,,404.0,782.0,,,,,,,,,,,,,6401,1903808.0,107.4162940800753,154.427337210475,04
2004-05-01,2004,5,New Mexico,0.0,,1852.0,2245.0,,121,0.0,3.0,2.0,,362.0,679.0,,,,,,,,,,,,,5264,1903808.0,97.27871718156453,117.92155511480149,05
2004-06-01,2004,6,New Mexico,0.0,,1758.0,2276.0,,128,0.0,3.0,4.0,,389.0,726.0,,,,,,,,,,,,,5284,1903808.0,92.34124449524322,119.54987057518406,06
2004-07-01,2004,7,New Mexico,0.0,,1656.0,2344.0,,124,0.0,1.0,4.0,,368.0,760.0,,,,,,,,,,,,,5257,1903808.0,86.98356136753286,123.12165932699097,07
2004-08-01,2004,8,New Mexico,0.0,,2012.0,3026.0,,164,0.0,3.0,0.0,,415.0,791.0,,,,,,,,,,,,,6411,1903808.0,105.68292600934548,158.94459945540726,08
2004-09-01,2004,9,New Mexico,0.0,,1924.0,3553.0,,149,0.0,3.0,6.0,,397.0,954.0,,,,,,,,,,,,,6986,1903808.0,101.06061115406595,186.62596228191077,09
2004-10-01,2004,10,New Mexico,0.0,,2143.0,4014.0,,142,0.0,3.0,10.0,,351.0,1268.0,,,,,,,,,,,,,7931,1903808.0,112.56387198709113,210.84058896695467,10
2004-11-01,2004,11,New Mexico,0.0,,1804.0,3647.0,,145,0.0,4.0,10.0,,346.0,1032.0,,,,,,,,,,,,,6988,1903808.0,94.75745453323024,191.5634349682321,11
2004-12-01,2004,12,New Mexico,0.0,,2565.0,5531.0,,208,0.0,4.0,7.0,,392.0,797.0,,,,,,,,,,,,,9504,1903808.0,134.72997277036342,290.5229939153528,12
2005-01-01,2005,1,New Mexico,0.0,,1902.0,2782.0,,140,0.0,4.0,12.0,,405.0,970.0,,,,,,,,,,,,,6215,1932274.0,98.43324497457401,143.9754403361014,01
2005-02-01,2005,2,New Mexico,0.0,,2576.0,3271.0,,163,0.0,5.0,0.0,,490.0,1163.0,,,,,,,,,,,,,7668,1932274.0,133.31442642192565,169.28241025858654,02
2005-03-01,2005,3,New Mexico,0.0,,2599.0,3397.0,,208,0.0,1.0,4.0,,336.0,816.0,,,,,,,,,,,,,7361,1932274.0,134.50473380069286,175.8032245944416,03
2005-04-01,2005,4,New Mexico,0.0,,2145.0,2833.0,,160,0.0,5.0,3.0,,320.0,735.0,,,,,,,,,,,,,6201,1932274.0,111.00910119372304,146.61481756728082,04
2005-05-01,2005,5,New Mexico,0.0,,2022.0,2341.0,,107,0.0,2.0,1.0,,308.0,564.0,,,,,,,,,,,,,5345,1932274.0,104.64354434205501,121.15259016060868,05
2005-06-01,2005,6,New Mexico,0.0,,1997.0,2317.0,,133,0.0,2.0,2.0,,326.0,680.0,,,,,,,,,,,,,5457,1932274.0,103.34973197382979,119.9105302871125,06
2005-07-01,2005,7,New Mexico,0.0,,1892.0,2468.0,,128,0.0,4.0,3.0,,357.0,704.0,,,,,,,,,,,,,5556,1932274.0,97.91572002728391,127.72515699119276,07
2005-08-01,2005,8,New Mexico,0.0,,2230.0,3050.0,,163,0.0,1.0,1.0,,343.0,719.0,,,,,,,,,,,,,6507,1932274.0,115.40806324568877,157.84510892347566,08
2005-09-01,2005,9,New Mexico,0.0,,2193.0,3256.0,,169,0.0,0.0,8.0,,354.0,898.0,,,,,,,,,,,,,6878,1932274.0,113.49322094071546,168.5061228376514,09
2005-10-01,2005,10,New Mexico,0.0,,2341.0,3417.0,,134,0.0,1.0,2.0,,314.0,1099.0,,,,,,,,,,,,,7308,1932274.0,121.15259016060868,176.83827448902173,10
2005-11-01,2005,11,New Mexico,0.0,,2165.0,3809.0,,131,0.0,0.0,2.0,,339.0,916.0,,,,,,,,,,,,,7362,1932274.0,112.04415108830321,197.12525242279304,11
2005-12-01,2005,12,New Mexico,0.0,,2982.0,5982.0,,172,0.0,0.0,8.0,,328.0,721.0,,,,,,,,,,,,,10193,1932274.0,154.3259392819031,309.58342346892834,12
2006-01-01,2006,1,New Mexico,0.0,,2337.0,3207.0,,146,0.0,0.0,2.0,,349.0,790.0,,,,,,,,,,,,,6831,1962137.0,119.10483314875567,163.4442447188958,01
2006-02-01,2006,2,New Mexico,0.0,,2669.0,3661.0,,234,0.0,5.0,3.0,,446.0,1047.0,,,,,,,,,,,,,8065,1962137.0,136.0251603226482,186.58228248078498,02
2006-03-01,2006,3,New Mexico,0.0,,3020.0,3807.0,,158,0.0,1.0,3.0,,319.0,776.0,,,,,,,,,,,,,8084,1962137.0,153.9138194733599,194.02314925002688,03
2006-04-01,2006,4,New Mexico,3.0,,2415.0,3256.0,,117,0.0,1.0,2.0,,300.0,565.0,,,,,,,,,,,,,6659,1962137.0,123.0800907378027,165.94152192227148,04
2006-05-01,2006,5,New Mexico,4.0,,2228.0,2601.0,,117,0.0,3.0,1.0,,259.0,607.0,,0.0,0.0,,,,,,,,,,5820,1962137.0,113.54966549226685,132.55955114245336,05
2006-06-01,2006,6,New Mexico,833.0,,2319.0,2724.0,,145,0.0,1.0,3.0,,311.0,636.0,,0.0,0.0,,,,,,,,,,6972,1962137.0,118.18746601282173,138.82822657133525,06
2006-07-01,2006,7,New Mexico,621.0,,2179.0,2593.0,,116,0.0,1.0,0.0,,299.0,562.0,,0.0,0.0,,,,,,,,,,6371,1962137.0,111.05238828889115,132.15183241537162,07
2006-08-01,2006,8,New Mexico,412.0,,2683.0,3436.0,,148,0.0,1.0,5.0,,314.0,663.0,,0.0,0.0,,,,,,,,,,7662,1962137.0,136.73866809504128,175.1151932816108,08
2006-09-01,2006,9,New Mexico,276.0,,2352.0,3608.0,,131,0.0,6.0,7.0,,352.0,853.0,,0.0,0.0,,,,,,,,,,7585,1962137.0,119.86930576203395,183.8811459138684,09
2006-10-01,2006,10,New Mexico,238.0,,2502.0,3758.0,,117,0.0,3.0,8.0,,261.0,976.0,,,,,,,,,,,,,7863,1962137.0,127.51403189481672,191.52587204665116,10
2006-11-01,2006,11,New Mexico,279.0,,2390.0,3921.0,,160,0.0,3.0,6.0,,280.0,828.0,,,,,,,,,,,,,7867,1962137.0,121.80596971567223,199.83314111094182,11
2006-12-01,2006,12,New Mexico,173.0,,3193.0,6136.0,,163,0.0,3.0,5.0,,270.0,599.0,,,,,,,,,,,,,10542,1962137.0,162.7307369465027,312.7202636717008,12
2007-01-01,2007,1,New Mexico,224.0,,2618.0,3372.0,,149,0.0,5.0,7.0,,316.0,740.0,,,,,,,,,,,,,7431,1990070.0,131.5531614465823,169.44127593501736,01
2007-02-01,2007,2,New Mexico,271.0,,3115.0,3683.0,,212,0.0,5.0,16.0,,334.0,942.0,,,,,,,,,,,,,8578,1990070.0,156.52715733617413,185.06886692427904,02
2007-03-01,2007,3,New Mexico,310.0,,3171.0,3542.0,,135,0.0,1.0,6.0,,287.0,663.0,,,,,,,,,,,,,8115,1990070.0,159.34112870401543,177.98368901596425,03
2007-04-01,2007,4,New Mexico,400.0,,2741.0,3039.0,,130,0.0,4.0,10.0,,245.0,584.0,,,,,,,,,,,,,7153,1990070.0,137.7338485580909,152.70819619410372,04
2007-05-01,2007,5,New Mexico,368.0,,2755.0,2594.0,,128,0.0,0.0,6.0,,281.0,572.0,,,,,,,,,,,,,6704,1990070.0,138.43734140005125,130.34717371750742,05
2007-06-01,2007,6,New Mexico,308.0,,2890.0,2775.0,,145,0.0,1.0,7.0,,351.0,610.0,,,,,,,,,,,,,7087,1990070.0,145.22102237609732,139.4423311742803,06
2007-07-01,2007,7,New Mexico,290.0,,2415.0,2609.0,,138,0.0,3.0,9.0,,271.0,548.0,,,,,,,,,,,,,6283,1990070.0,121.35251523815747,131.10091604817922,07
2007-08-01,2007,8,New Mexico,267.0,,2751.0,3335.0,,144,0.0,2.0,4.0,,349.0,756.0,,,,,,,,,,,,,7608,1990070.0,138.23634344520545,167.58204485269363,08
2007-09-01,2007,9,New Mexico,253.0,,2487.0,3463.0,,130,0.0,1.0,4.0,,290.0,696.0,,,,,,,,,,,,,7324,1990070.0,124.97047842538203,174.01397940775954,09
2007-10-01,2007,10,New Mexico,267.0,,2730.0,3698.0,,143,0.0,1.0,9.0,,313.0,919.0,,,,,,,,,,,,,8080,1990070.0,137.18110418226493,185.82260925495083,10
2007-11-01,2007,11,New Mexico,223.0,,2563.0,4108.0,,167,0.0,3.0,11.0,,294.0,768.0,,,,,,,,,,,,,8137,1990070.0,128.7894395674524,206.4248996266463,11
2007-12-01,2007,12,New Mexico,217.0,,3509.0,5988.0,,250,0.0,2.0,4.0,,264.0,570.0,,,,,,,,,,,,,10804,1990070.0,176.32545588848635,300.89393840417677,12
2008-01-01,2008,1,New Mexico,337.0,,2808.0,3159.0,,152,0.0,0.0,18.0,,348.0,772.0,,,,,,,,,,,,,7594,2010662.0,139.65549654790314,157.11243361639103,01
2008-02-01,2008,2,New Mexico,175.0,,3496.0,3861.0,,316,0.0,3.0,18.0,,420.0,1027.0,,,,,,,,,,,,,9316,2010662.0,173.8730825966771,192.0263077533668,02
2008-03-01,2008,3,New Mexico,562.0,,3485.0,3816.0,,157,0.0,4.0,14.0,,315.0,648.0,,,,,,,,,,,,,9001,2010662.0,173.32599909880426,189.78823889843247,03
2008-04-01,2008,4,New Mexico,372.0,,3016.0,3192.0,,173,0.0,6.0,11.0,,277.0,551.0,,,,,,,,,,,,,7598,2010662.0,150.0003481440441,158.75368411000954,04
2008-05-01,2008,5,New Mexico,287.0,,3128.0,3087.0,,164,0.0,5.0,17.0,,299.0,567.0,,,,,,,,,,,,,7554,2010662.0,155.57065284965847,153.53152344849607,05
2008-06-01,2008,6,New Mexico,254.0,,2985.0,3098.0,,229,0.0,9.0,20.0,,286.0,552.0,,,,,,,,,,,,,7433,2010662.0,148.45856737731154,154.07860694636892,06
2008-07-01,2008,7,New Mexico,442.0,,2845.0,2896.0,,154,0.0,4.0,25.0,,283.0,544.0,,,,,,,,,,,,,7193,2010662.0,141.4956864952936,144.03216453088584,07
2008-08-01,2008,8,New Mexico,425.0,,3016.0,3361.0,,180,0.0,2.0,20.0,,333.0,597.0,,,,,,,,,,,,,7934,2010662.0,150.0003481440441,167.1588760318741,08
2008-09-01,2008,9,New Mexico,375.0,,2746.0,3446.0,,154,0.0,3.0,7.0,,308.0,652.0,,,,,,,,,,,,,7691,2010662.0,136.57193501443803,171.38633942452785,09
2008-10-01,2008,10,New Mexico,302.0,,3462.0,4224.0,,196,0.0,3.0,19.0,,310.0,963.0,,,,,,,,,,,,,9479,2010662.0,172.1820972396156,210.08006318317052,10
2002-07-01,2002,7,New York,3665.0,,554.0,4958.0,,12,27.0,1.0,1.0,,0.0,12.0,,,,,,,,,,,,,9230,19137800.0,2.8947945949900196,25.90684404686014,07
2002-08-01,2002,8,New York,3059.0,,528.0,6931.0,,9,33.0,0.0,0.0,,0.0,18.0,,,,,,,,,,,,,10578,19137800.0,2.7589378089435566,36.21628400338597,08
2002-09-01,2002,9,New York,3599.0,,614.0,11156.0,,15,52.0,1.0,0.0,,0.0,20.0,,,,,,,,,,,,,15457,19137800.0,3.208310255097242,58.29301173593621,09
2002-10-01,2002,10,New York,3642.0,,621.0,14158.0,,14,65.0,101.0,0.0,,0.0,28.0,,,,,,,,,,,,,18629,19137800.0,3.2448870821097513,73.97924526330091,10
2002-11-01,2002,11,New York,2560.0,,592.0,14134.0,,14,49.0,25.0,0.0,,1.0,42.0,,,,,,,,,,,,,17417,19137800.0,3.093354513057927,73.85383899925802,11
2002-12-01,2002,12,New York,3520.0,,566.0,11725.0,,9,57.0,65.0,0.0,,1.0,9.0,,,,,,,,,,,,,15952,19137800.0,2.9574977270114644,61.26618524595304,12
2003-01-01,2003,1,New York,3822.0,,846.0,5742.0,,6,49.0,41.0,0.0,,0.0,10.0,,,,,,,,,,,,,10516,19175939.0,4.411778740013722,29.94377485243356,01
2003-02-01,2003,2,New York,3211.0,,878.0,7132.0,,10,46.0,105.0,0.0,,0.0,24.0,,,,,,,,,,,,,11406,19175939.0,4.578654531598166,37.19244204938282,02
2003-03-01,2003,3,New York,3746.0,,930.0,8418.0,,7,42.0,86.0,0.0,,0.0,16.0,,,,,,,,,,,,,13245,19175939.0,4.8498276929228865,43.898762923682646,03
2003-04-01,2003,4,New York,3403.0,,892.0,7714.0,,7,63.0,60.0,0.0,,0.0,15.0,,,,,,,,,,,,,12154,19175939.0,4.65166269041636,40.22749550882489,04
2003-05-01,2003,5,New York,3584.0,,840.0,5765.0,,7,68.0,84.0,0.0,,0.0,11.0,,,,,,,,,,,,,10359,19175939.0,4.380489529091639,30.063716827634885,05
2003-06-01,2003,6,New York,3527.0,,532.0,5150.0,,7,129.0,50.0,0.0,,0.0,9.0,,,,,,,,,,,,,9404,19175939.0,2.7743100350913714,26.856572708121362,06
2003-07-01,2003,7,New York,2797.0,,564.0,5098.0,,13,140.0,118.0,0.0,,0.0,15.0,,,,,,,,,,,,,8745,19175939.0,2.941185826675815,26.58539954679664,07
2003-08-01,2003,8,New York,2377.0,,590.0,7318.0,,7,151.0,34.0,0.0,,0.0,22.0,,,,,,,,,,,,,10499,19175939.0,3.076772407338175,38.1624075879674,08
2003-09-01,2003,9,New York,2320.0,,673.0,11066.0,,9,161.0,164.0,0.0,,0.0,15.0,,,,,,,,,,,,,14408,19175939.0,3.509606491760325,57.70773467729533,09
2003-10-01,2003,10,New York,2557.0,,703.0,13798.0,,15,172.0,71.0,0.0,,5.0,17.0,,,,,,,,,,,,,17338,19175939.0,3.6660525463707407,71.95475538381719,10
2003-11-01,2003,11,New York,2198.0,,575.0,13967.0,,17,200.0,51.0,0.0,,0.0,30.0,,,,,,,,,,,,,17038,19175939.0,2.9985493800329674,72.83606815812253,11
2003-12-01,2003,12,New York,2291.0,,626.0,12525.0,,14,166.0,85.0,0.0,,0.0,12.0,,,,,,,,,,,,,15719,19175939.0,3.264507672870674,65.31622779984856,12
2004-01-01,2004,1,New York,2578.0,,993.0,6345.0,,16,150.0,101.0,0.0,,0.0,15.0,,,,,,,,,,,,,10198,19171567.0,5.179545313119162,33.09588621524782,01
2004-02-01,2004,2,New York,2572.0,,815.0,6938.0,,13,163.0,48.0,0.0,,0.0,16.0,,,,,,,,,,,,,10565,19171567.0,4.251087039468396,36.18900844151133,02
2004-03-01,2004,3,New York,3753.0,,998.0,8218.0,,7,259.0,127.0,0.0,,0.0,10.0,,,,,,,,,,,,,13372,19171567.0,5.205625601704858,42.865562319449424,03
2004-04-01,2004,4,New York,2926.0,,864.0,8355.0,,23,176.0,37.0,0.0,,0.0,10.0,,,,,,,,,,,,,12391,19171567.0,4.506673867608214,43.58016222669749,04
2004-05-01,2004,5,New York,2099.0,,763.0,5709.0,,5,261.0,93.0,0.0,,0.0,8.0,,,,,,,,,,,,,8938,19171567.0,3.979852038177161,29.77847350714733,05
2004-06-01,2004,6,New York,2266.0,,686.0,5400.0,,5,196.0,72.0,0.0,,0.0,5.0,,,,,,,,,,,,,8630,19171567.0,3.578215593957448,28.166711672551337,06
2004-07-01,2004,7,New York,2368.0,,785.0,5806.0,,12,154.0,51.0,0.0,,1.0,8.0,,,,,,,,,,,,,9185,19171567.0,4.094605307954222,30.284431105709825,07
2004-08-01,2004,8,New York,3011.0,,752.0,7714.0,,14,155.0,74.0,0.0,,0.0,12.0,,,,,,,,,,,,,11732,19171567.0,3.9224754032886304,40.2366692300113,08
2004-09-01,2004,9,New York,4022.0,,853.0,11869.0,,28,128.0,98.0,0.0,,0.0,13.0,,,,,,,,,,,,,17011,19171567.0,4.449297232719683,61.909389044724406,09
2004-10-01,2004,10,New York,3618.0,,970.0,15386.0,,37,163.0,42.0,0.0,,0.0,19.0,,,,,,,,,,,,,20235,19171567.0,5.059575985624963,80.25426403590275,10
2004-11-01,2004,11,New York,3347.0,,887.0,15358.0,,13,60.0,0.0,0.0,,1.0,39.0,,,,,,,,,,,,,19705,19171567.0,4.626643195102414,80.10821441982286,11
2004-12-01,2004,12,New York,3231.0,,983.0,13959.0,,15,56.0,1.0,0.0,,0.0,15.0,,,,,,,,,,,,,18260,19171567.0,5.127384735947771,72.81094967354521,12
2005-01-01,2005,1,New York,3459.0,,1360.0,6624.0,,11,11.0,0.0,0.0,,1.0,12.0,,,,,,,,,,,,,11478,19132610.0,7.108282665041518,34.621517921496334,01
2005-02-01,2005,2,New York,3081.0,,1164.0,7693.0,,8,11.0,0.0,0.0,,0.0,21.0,,,,,,,,,,,,,11978,19132610.0,6.083853692726711,40.20883716335617,02
2005-03-01,2005,3,New York,3236.0,,1256.0,8020.0,,34,10.0,2.0,0.0,,0.0,9.0,,,,,,,,,,,,,12567,19132610.0,6.564708108303049,41.91796101002424,03
2005-04-01,2005,4,New York,2776.0,,1100.0,8477.0,,27,29.0,0.0,1.0,,0.0,6.0,,,,,,,,,,,,,12416,19132610.0,5.7493462731953455,44.3065530526154,04
2005-05-01,2005,5,New York,2390.0,,1009.0,6174.0,,19,10.0,0.0,0.0,,0.0,4.0,,,,,,,,,,,,,9606,19132610.0,5.273718536049185,32.26951262791642,05
2005-06-01,2005,6,New York,2063.0,,923.0,5122.0,,20,14.0,0.0,0.0,,0.0,11.0,,,,,,,,,,,,,8153,19132610.0,4.824224191053913,26.7710469193696,06
2005-07-01,2005,7,New York,2477.0,,1255.0,5580.0,,13,3.0,6.0,0.0,,0.0,8.0,,,,,,,,,,,,,9342,19132610.0,6.559481429872871,29.164865640390936,07
2005-08-01,2005,8,New York,2723.0,,1167.0,7461.0,,27,8.0,3.0,0.0,,1.0,11.0,,,,,,,,,,,,,11401,19132610.0,6.099533728017244,38.996247767554976,08
2005-09-01,2005,9,New York,3341.0,,938.0,11950.0,,12,11.0,2.0,0.0,,0.0,19.0,,,,,,,,,,,,,16273,19132610.0,4.902624367506577,62.458807240622164,09
2005-10-01,2005,10,New York,3972.0,,920.0,14408.0,,13,16.0,2.0,0.0,,0.0,20.0,,,,,,,,,,,,,19351,19132610.0,4.8085441557633795,75.30598282199867,10
2005-11-01,2005,11,New York,3347.0,,821.0,14122.0,,18,10.0,2.0,0.0,,0.0,33.0,,,,,,,,,,,,,18353,19132610.0,4.291102991175799,73.81115279096788,11
2005-12-01,2005,12,New York,2729.0,,1040.0,14046.0,,18,13.0,3.0,0.0,,1.0,13.0,,,,,,,,,,,,,17863,19132610.0,5.43574556738469,73.41392523027439,12
2006-01-01,2006,1,New York,4363.0,,1483.0,7719.0,,7,15.0,2.0,0.0,,0.0,16.0,,,,,,,,,,,,,13605,19104631.0,7.762515800488375,40.40381622654738,01
2006-02-01,2006,2,New York,3727.0,,1117.0,8263.0,,19,9.0,7.0,0.0,,1.0,12.0,,,,,,,,,,,,,13155,19104631.0,5.846749931992929,43.251293364420384,02
2006-03-01,2006,3,New York,4553.0,,1334.0,8827.0,,18,19.0,0.0,0.0,,1.0,11.0,,,,,,,,,,,,,14763,19104631.0,6.982600187357715,46.203457161774026,03
2006-04-01,2006,4,New York,3473.0,,986.0,8615.0,,31,8.0,0.0,0.0,,0.0,5.0,,,,,,,,,,,,,13118,19104631.0,5.161052312394832,45.093778571279394,04
2006-05-01,2006,5,New York,3182.0,,2656.0,7338.0,,33,7.0,1.0,0.0,,0.0,10.0,,0.0,0.0,,,,,,,,,,13227,19104631.0,13.902388379027053,38.40953536344146,05
2006-06-01,2006,6,New York,2840.0,,3039.0,7049.0,,44,5.0,0.0,0.0,,0.0,13.0,,0.0,0.0,,,,,,,,,,12990,19104631.0,15.90713790808103,36.896813133946424,06
2006-07-01,2006,7,New York,2522.0,,2667.0,6554.0,,31,9.0,0.0,0.0,,0.0,8.0,,0.0,0.0,,,,,,,,,,11791,19104631.0,13.959966041741398,34.30581831180095,07
2006-08-01,2006,8,New York,2940.0,,2903.0,8838.0,,44,13.0,0.0,0.0,,1.0,7.0,,0.0,0.0,,,,,,,,,,14746,19104631.0,15.195268623612778,46.26103482448837,08
2006-09-01,2006,9,New York,3192.0,,3223.0,14603.0,,66,6.0,0.0,0.0,,0.0,16.0,,0.0,0.0,,,,,,,,,,21106,19104631.0,16.870255175302784,76.43696441977863,09
2006-10-01,2006,10,New York,4129.0,,3241.0,15579.0,,64,11.0,0.0,1.0,,0.0,14.0,,,,,,,,,,,,,23039,19104631.0,16.964473168835347,81.54567340243315,10
2006-11-01,2006,11,New York,3503.0,,2968.0,16692.0,,42,12.0,0.0,0.0,,1.0,14.0,,,,,,,,,,,,,23232,19104631.0,15.53550026692481,87.37148600252996,11
2006-12-01,2006,12,New York,3299.0,,3263.0,17617.0,,50,11.0,0.0,0.0,,1.0,2.0,,,,,,,,,,,,,24243,19104631.0,17.079628494264036,92.21324400350889,12
2007-01-01,2007,1,New York,3809.0,,3752.0,9711.0,,51,13.0,0.0,0.0,,0.0,7.0,,,,,,,,,,,,,17343,19132335.0,19.61077934292913,50.757003784430914,01
2007-02-01,2007,2,New York,3245.0,,3345.0,9094.0,,50,5.0,0.0,1.0,,0.0,10.0,,,,,,,,,,,,,15750,19132335.0,17.48349064554849,47.53209684024454,02
2007-03-01,2007,3,New York,3687.0,,4058.0,10401.0,,53,12.0,0.0,0.0,,0.0,6.0,,,,,,,,,,,,,18217,19132335.0,21.210165931131773,54.363463738221185,03
2007-04-01,2007,4,New York,3377.0,,3665.0,10252.0,,59,14.0,0.0,3.0,,0.0,7.0,,,,,,,,,,,,,17377,19132335.0,19.15605178353818,53.584677458344736,04
2007-05-01,2007,5,New York,4029.0,,3239.0,7596.0,,47,11.0,0.0,0.0,,0.0,3.0,,,,,,,,,,,,,14925,19132335.0,16.929454768589405,39.7024200130303,05
2007-06-01,2007,6,New York,2826.0,,3245.0,7131.0,,50,6.0,0.0,1.0,,0.0,9.0,,,,,,,,,,,,,13268,19132335.0,16.960815289926714,37.27197960938903,06
2007-07-01,2007,7,New York,3427.0,,3163.0,7363.0,,47,6.0,0.0,0.0,,0.0,5.0,,,,,,,,,,,,,14011,19132335.0,16.532221498316854,38.48458643443155,07
2007-08-01,2007,8,New York,3196.0,,3181.0,9579.0,,50,4.0,0.0,2.0,,0.0,8.0,,,,,,,,,,,,,16020,19132335.0,16.626303062328773,50.06707231501017,08
2007-09-01,2007,9,New York,3354.0,,2992.0,13961.0,,42,3.0,0.0,0.0,,0.0,9.0,,,,,,,,,,,,,20361,19132335.0,15.638446640203613,72.9707063983565,09
2007-10-01,2007,10,New York,3088.0,,3227.0,15540.0,,57,8.0,0.0,3.0,,0.0,5.0,,,,,,,,,,,,,21928,19132335.0,16.866733725914795,81.22375026362438,10
2007-11-01,2007,11,New York,2823.0,,2934.0,16062.0,,59,6.0,0.0,2.0,,0.0,17.0,,,,,,,,,,,,,21903,19132335.0,15.335294933942981,83.95211561997007,11
2007-12-01,2007,12,New York,3066.0,,3263.0,14674.0,,56,7.0,0.0,0.0,,0.0,5.0,,,,,,,,,,,,,21071,19132335.0,17.054896853938633,76.69738168393978,12
2008-01-01,2008,1,New York,3173.0,,3799.0,9442.0,,55,5.0,0.0,0.0,,0.0,4.0,,,,,,,,,,,,,16478,19212436.0,19.773650774945978,49.14525154436428,01
2008-02-01,2008,2,New York,3452.0,,3766.0,10003.0,,47,5.0,0.0,0.0,,0.0,10.0,,,,,,,,,,,,,17283,19212436.0,19.601887027756398,52.065235246587164,02
2008-03-01,2008,3,New York,3339.0,,4263.0,11056.0,,71,8.0,0.0,0.0,,0.0,11.0,,,,,,,,,,,,,18748,19212436.0,22.188753159672203,57.546060270545595,03
2008-04-01,2008,4,New York,3435.0,,3955.0,10703.0,,59,13.0,0.0,0.0,,5.0,9.0,,,,,,,,,,,,,18179,19212436.0,20.58562485256945,55.70870867182069,04
2008-05-01,2008,5,New York,3099.0,,3571.0,8632.0,,71,11.0,0.0,0.0,,0.0,4.0,,,,,,,,,,,,,15388,19212436.0,18.586919430727058,44.929232295165484,05
2008-06-01,2008,6,New York,2867.0,,3099.0,7173.0,,42,5.0,0.0,0.0,,0.0,5.0,,,,,,,,,,,,,13191,19212436.0,16.130177349712447,37.335192684571595,06
2008-07-01,2008,7,New York,2854.0,,3312.0,7014.0,,48,6.0,0.0,0.0,,0.0,6.0,,,,,,,,,,,,,13240,19212436.0,17.23883426339065,36.50760372083998,07
2008-08-01,2008,8,New York,3107.0,,3237.0,9179.0,,57,7.0,0.0,0.0,,0.0,5.0,,,,,,,,,,,,,15592,19212436.0,16.84846211068706,47.77634652888369,08
2008-09-01,2008,9,New York,3150.0,,3440.0,13770.0,,55,8.0,0.0,0.0,,0.0,5.0,,,,,,,,,,,,,20428,19212436.0,17.90506940400478,71.6723272363796,09
2008-10-01,2008,10,New York,2445.0,,3862.0,16464.0,,72,5.0,0.0,0.0,,0.0,10.0,,,,,,,,,,,,,22858,19212436.0,20.101563383216995,85.69449496149265,10
2002-07-01,2002,7,North Carolina,6484.0,,172.0,6973.0,,78,0.0,15.0,39.0,,962.0,1649.0,,,,,,,,,,,,,16372,8326201.0,2.0657680495582555,83.74767796261465,07
2002-08-01,2002,8,North Carolina,7277.0,,210.0,12041.0,,114,0.0,20.0,44.0,,1183.0,2188.0,,,,,,,,,,,,,23077,8326201.0,2.5221586651583356,144.6157737484358,08
2002-09-01,2002,9,North Carolina,6835.0,,210.0,11182.0,,93,0.0,23.0,50.0,,1027.0,1976.0,,,,,,,,,,,,,21396,8326201.0,2.5221586651583356,134.29894378000242,09
2002-10-01,2002,10,North Carolina,7962.0,,213.0,14468.0,,102,0.0,24.0,50.0,,1210.0,2600.0,,,,,,,,,,,,,26629,8326201.0,2.5581895032320263,173.76472175005142,10
2002-11-01,2002,11,North Carolina,6674.0,,214.0,18178.0,,125,0.0,19.0,49.0,,1203.0,2754.0,,,,,,,,,,,,,29216,8326201.0,2.570199782589923,218.3228581678487,11
2002-12-01,2002,12,North Carolina,6736.0,,220.0,24297.0,,77,0.0,18.0,45.0,,938.0,1723.0,,,,,,,,,,,,,34054,8326201.0,2.642261458737304,291.8137575588195,12
2003-01-01,2003,1,North Carolina,7565.0,,200.0,10455.0,,140,0.0,21.0,46.0,,1374.0,2182.0,,,,,,,,,,,,,21983,8422501.0,2.374591585088562,124.13177511050458,01
2003-02-01,2003,2,North Carolina,7876.0,,312.0,11174.0,,182,0.0,17.0,54.0,,1443.0,2892.0,,,,,,,,,,,,,23950,8422501.0,3.704362872738157,132.66843185889797,02
2003-03-01,2003,3,North Carolina,8029.0,,263.0,9847.0,,122,0.0,21.0,51.0,,968.0,1846.0,,,,,,,,,,,,,21147,8422501.0,3.122587934391459,116.91301669183535,03
2003-04-01,2003,4,North Carolina,6096.0,,204.0,7997.0,,104,0.0,27.0,40.0,,931.0,1667.0,,,,,,,,,,,,,17066,8422501.0,2.422083416790333,94.94804452976615,04
2003-05-01,2003,5,North Carolina,5475.0,,199.0,6913.0,,110,0.0,29.0,36.0,,1124.0,1848.0,,,,,,,,,,,,,15734,8422501.0,2.3627186271631193,82.07775813858615,05
2003-06-01,2003,6,North Carolina,5728.0,,183.0,7036.0,,87,0.0,20.0,43.0,,1001.0,1789.0,,,,,,,,,,,,,15887,8422501.0,2.1727513003560346,83.53813196341562,06
2003-07-01,2003,7,North Carolina,5315.0,,183.0,7117.0,,101,0.0,21.0,39.0,,1028.0,1743.0,,,,,,,,,,,,,15547,8422501.0,2.1727513003560346,84.49984155537648,07
2003-08-01,2003,8,North Carolina,6244.0,,177.0,11499.0,,113,0.0,21.0,50.0,,1196.0,2268.0,,,,,,,,,,,,,21568,8422501.0,2.1015135528033775,136.52714318466687,08
2003-09-01,2003,9,North Carolina,6194.0,,174.0,10583.0,,92,0.0,25.0,39.0,,1003.0,1921.0,,,,,,,,,,,,,20031,8422501.0,2.065894679027049,125.65151372496126,09
2003-10-01,2003,10,North Carolina,7238.0,,200.0,15040.0,,154,0.0,14.0,59.0,,1305.0,2572.0,,,,,,,,,,,,,26582,8422501.0,2.374591585088562,178.56928719865988,10
2003-11-01,2003,11,North Carolina,5818.0,,174.0,18149.0,,117,0.0,18.0,36.0,,1033.0,2362.0,,,,,,,,,,,,,27707,8422501.0,2.065894679027049,215.48231338886157,11
2003-12-01,2003,12,North Carolina,8027.0,,224.0,26027.0,,100,0.0,23.0,39.0,,1024.0,1822.0,,,,,,,,,,,,,37286,8422501.0,2.6595425752991897,309.01747592550004,12
2004-01-01,2004,1,North Carolina,8849.0,,218.0,10901.0,,146,0.0,26.0,37.0,,1335.0,2282.0,,,,,,,,,,,,,23794,8553152.0,2.5487679863516983,127.45009091385258,01
2004-02-01,2004,2,North Carolina,9985.0,,203.0,10798.0,,156,0.0,10.0,24.0,,1347.0,2596.0,,,,,,,,,,,,,25119,8553152.0,2.373394042336673,126.24585649828273,02
2004-03-01,2004,3,North Carolina,10917.0,,184.0,9598.0,,119,0.0,10.0,38.0,,1024.0,1794.0,,,,,,,,,,,,,23684,8553152.0,2.1512537132509744,112.21594097708073,03
2004-04-01,2004,4,North Carolina,8107.0,,154.0,7637.0,,114,0.0,8.0,25.0,,974.0,1796.0,,,,,,,,,,,,,18815,8553152.0,1.8005058252209243,89.2887206961831,04
2004-05-01,2004,5,North Carolina,6490.0,,137.0,6345.0,,89,0.0,21.0,35.0,,900.0,1505.0,,,,,,,,,,,,,15522,8553152.0,1.6017486886705625,74.18317831835562,05
2004-06-01,2004,6,North Carolina,6320.0,,160.0,6582.0,,93,0.0,14.0,23.0,,1045.0,1699.0,,,,,,,,,,,,,15936,8553152.0,1.8706554028269344,76.95408663379303,06
2004-07-01,2004,7,North Carolina,6019.0,,138.0,7236.0,,99,0.0,13.0,24.0,,1117.0,1751.0,,,,,,,,,,,,,16397,8553152.0,1.613440284938231,84.60039059284811,07
2004-08-01,2004,8,North Carolina,10127.0,,147.0,10608.0,,87,0.0,16.0,27.0,,1026.0,1897.0,,,,,,,,,,,,,23935,8553152.0,1.718664651347246,124.02445320742576,08
2004-09-01,2004,9,North Carolina,6729.0,,153.0,12133.0,,109,0.0,10.0,19.0,,1079.0,2072.0,,,,,,,,,,,,,22304,8553152.0,1.7888142289532563,141.85413751561995,09
2004-10-01,2004,10,North Carolina,6037.0,,145.0,15005.0,,109,0.0,20.0,33.0,,1143.0,2480.0,,,,,,,,,,,,,24972,8553152.0,1.6952814588119096,175.43240199636344,10
2004-11-01,2004,11,North Carolina,6368.0,,157.0,18447.0,,112,0.0,15.0,20.0,,1016.0,2355.0,,,,,,,,,,,,,28490,8553152.0,1.8355806140239295,215.67487634967787,11
2004-12-01,2004,12,North Carolina,7024.0,,189.0,27209.0,,106,0.0,16.0,31.0,,1072.0,1865.0,,,,,,,,,,,,,37512,8553152.0,2.2097116945893163,318.1166428469879,12
2005-01-01,2005,1,North Carolina,7728.0,,162.0,10708.0,,156,0.0,10.0,37.0,,1128.0,2022.0,,,,,,,,,,,,,21951,8705407.0,1.8609124191436426,123.0040134826551,01
2005-02-01,2005,2,North Carolina,8338.0,,211.0,10852.0,,174,0.0,10.0,24.0,,1316.0,2576.0,,,,,,,,,,,,,23501,8705407.0,2.4237809903661023,124.65815785522722,02
2005-03-01,2005,3,North Carolina,8951.0,,181.0,9918.0,,110,0.0,8.0,31.0,,924.0,1596.0,,,,,,,,,,,,,21719,8705407.0,2.079167579413576,113.92919366090523,03
2005-04-01,2005,4,North Carolina,6497.0,,136.0,7884.0,,91,0.0,11.0,20.0,,879.0,1688.0,,,,,,,,,,,,,17206,8705407.0,1.5622474629847862,90.56440439832394,04
2005-05-01,2005,5,North Carolina,6634.0,,132.0,6335.0,,73,0.0,12.0,14.0,,865.0,1424.0,,,,,,,,,,,,,15489,8705407.0,1.5162990081911163,72.77086527947516,05
2005-06-01,2005,6,North Carolina,6751.0,,136.0,6717.0,,102,0.0,13.0,16.0,,976.0,1620.0,,,,,,,,,,,,,16331,8705407.0,1.5622474629847862,77.15894271227066,06
2005-07-01,2005,7,North Carolina,6552.0,,122.0,6727.0,,91,0.0,7.0,19.0,,985.0,1531.0,,,,,,,,,,,,,16034,8705407.0,1.4014278712069406,77.27381384925484,07
2005-08-01,2005,8,North Carolina,7733.0,,144.0,9880.0,,105,0.0,18.0,27.0,,1031.0,1834.0,,,,,,,,,,,,,20772,8705407.0,1.6541443725721265,113.49268334036536,08
2005-09-01,2005,9,North Carolina,7336.0,,137.0,11693.0,,112,0.0,9.0,27.0,,1133.0,2108.0,,,,,,,,,,,,,22555,8705407.0,1.5737345766832038,134.31882047559637,09
2005-10-01,2005,10,North Carolina,7689.0,,167.0,14182.0,,121,0.0,10.0,28.0,,992.0,2301.0,,,,,,,,,,,,,25490,8705407.0,1.9183479876357301,162.91024647095765,10
2005-11-01,2005,11,North Carolina,7453.0,,178.0,18167.0,,125,0.0,14.0,12.0,,1017.0,2426.0,,,,,,,,,,,,,29392,8705407.0,2.0447062383183234,208.68639455915158,11
2005-12-01,2005,12,North Carolina,9096.0,,242.0,28579.0,,116,0.0,16.0,23.0,,1097.0,1918.0,,,,,,,,,,,,,41087,8705407.0,2.7798815150170464,328.29022238707506,12
2006-01-01,2006,1,North Carolina,10418.0,,204.0,12118.0,,133,0.0,10.0,29.0,,1238.0,2191.0,,,,,,,,,,,,,26341,8917270.0,2.287695673675912,135.8936086941407,01
2006-02-01,2006,2,North Carolina,10546.0,,303.0,11941.0,,161,0.0,3.0,23.0,,1309.0,2436.0,,,,,,,,,,,,,26722,8917270.0,3.397900927077458,133.90869627139247,02
2006-03-01,2006,3,North Carolina,11392.0,,270.0,10832.0,,95,0.0,8.0,26.0,,1037.0,1768.0,,,,,,,,,,,,,25428,8917270.0,3.0278325092769425,121.4721545943994,03
2006-04-01,2006,4,North Carolina,7334.0,,173.0,7861.0,,84,0.0,9.0,16.0,,760.0,1372.0,,,,,,,,,,,,,17609,8917270.0,1.9400556448330037,88.15478279787425,04
2006-05-01,2006,5,North Carolina,8216.0,,203.0,6839.0,,89,0.0,7.0,12.0,,895.0,1461.0,,0.0,0.0,,,,,,,,,,17722,8917270.0,2.2764814791971086,76.69387604053708,05
2006-06-01,2006,6,North Carolina,7672.0,,197.0,7016.0,,86,0.0,4.0,16.0,,1088.0,1749.0,,0.0,0.0,,,,,,,,,,17828,8917270.0,2.2091963123242877,78.67878846328529,06
2006-07-01,2006,7,North Carolina,7429.0,,180.0,6981.0,,96,0.0,9.0,11.0,,969.0,1499.0,,0.0,0.0,,,,,,,,,,17174,8917270.0,2.018555006184628,78.28629165652717,07
2006-08-01,2006,8,North Carolina,8088.0,,211.0,10673.0,,96,0.0,0.0,19.0,,995.0,1832.0,,0.0,0.0,,,,,,,,,,21914,8917270.0,2.3661950350275367,119.68909767226965,08
2006-09-01,2006,9,North Carolina,7151.0,,200.0,11797.0,,102,0.0,9.0,25.0,,1139.0,2102.0,,0.0,0.0,,,,,,,,,,22525,8917270.0,2.242838895760698,132.2938522664448,09
2006-10-01,2006,10,North Carolina,8884.0,,221.0,13996.0,,93,0.0,5.0,25.0,,985.0,2215.0,,,,,,,,,,,,,26424,8917270.0,2.4783369798155714,156.95386592533364,10
2006-11-01,2006,11,North Carolina,8032.0,,216.0,18925.0,,118,0.0,7.0,34.0,,1007.0,2420.0,,,,,,,,,,,,,30759,8917270.0,2.4222660074215536,212.22863051135604,11
2006-12-01,2006,12,North Carolina,9157.0,,297.0,27037.0,,109,0.0,3.0,15.0,,1034.0,1926.0,,,,,,,,,,,,,39578,8917270.0,3.3306157602046365,303.19817612340995,12
2007-01-01,2007,1,North Carolina,11547.0,,260.0,11175.0,,135,0.0,7.0,16.0,,1119.0,2003.0,,,,,,,,,,,,,26262,9118037.0,2.851490951396666,122.55927454560668,01
2007-02-01,2007,2,North Carolina,10861.0,,343.0,11268.0,,153,0.0,11.0,18.0,,1250.0,2288.0,,,,,,,,,,,,,26192,9118037.0,3.7617746012656013,123.57923092437551,02
2007-03-01,2007,3,North Carolina,10599.0,,236.0,9953.0,,108,0.0,9.0,31.0,,974.0,1626.0,,,,,,,,,,,,,23536,9118037.0,2.5882764020369735,109.15726707404235,03
2007-04-01,2007,4,North Carolina,8791.0,,206.0,7259.0,,75,0.0,9.0,24.0,,771.0,1299.0,,,,,,,,,,,,,18434,9118037.0,2.259258215337358,79.6114339084169,04
2007-05-01,2007,5,North Carolina,9532.0,,192.0,6583.0,,78,0.0,7.0,18.0,,892.0,1439.0,,,,,,,,,,,,,18741,9118037.0,2.105716394877538,72.19755743478558,05
2007-06-01,2007,6,North Carolina,8285.0,,171.0,7144.0,,107,0.0,14.0,23.0,,1012.0,1656.0,,,,,,,,,,,,,18412,9118037.0,1.875403664187807,78.35019752606838,06
2007-07-01,2007,7,North Carolina,8357.0,,149.0,6783.0,,90,0.0,6.0,14.0,,895.0,1510.0,,,,,,,,,,,,,17804,9118037.0,1.6341236606080893,74.39101201278302,07
2007-08-01,2007,8,North Carolina,9290.0,,204.0,10690.0,,98,0.0,11.0,27.0,,1121.0,1946.0,,,,,,,,,,,,,23387,9118037.0,2.237323669557384,117.24014719396291,08
2007-09-01,2007,9,North Carolina,7634.0,,181.0,11052.0,,93,0.0,8.0,22.0,,949.0,1749.0,,,,,,,,,,,,,21688,9118037.0,1.985076393087679,121.21029998013826,09
2007-10-01,2007,10,North Carolina,9531.0,,194.0,13016.0,,104,0.0,2.0,13.0,,991.0,2124.0,,,,,,,,,,,,,25975,9118037.0,2.127650940657512,142.7500239360731,10
2007-11-01,2007,11,North Carolina,8706.0,,209.0,18387.0,,111,0.0,9.0,18.0,,1102.0,2453.0,,,,,,,,,,,,,30995,9118037.0,2.29216003400732,201.6552466281942,11
2007-12-01,2007,12,North Carolina,9735.0,,265.0,24934.0,,109,0.0,16.0,13.0,,931.0,1786.0,,,,,,,,,,,,,37789,9118037.0,2.906327315846602,273.45798223894025,12
2008-01-01,2008,1,North Carolina,12536.0,,224.0,10862.0,,151,0.0,9.0,14.0,,1277.0,2009.0,,,,,,,,,,,,,27082,9309449.0,2.4061574428303976,116.67715242867757,01
2008-02-01,2008,2,North Carolina,14192.0,,330.0,11974.0,,194,0.0,17.0,19.0,,1491.0,2621.0,,,,,,,,,,,,,30838,9309449.0,3.544785518455496,128.62200544844276,02
2008-03-01,2008,3,North Carolina,12871.0,,289.0,10270.0,,111,0.0,13.0,18.0,,859.0,1596.0,,,,,,,,,,,,,26027,9309449.0,3.104372772223147,110.31802204405439,03
2008-04-01,2008,4,North Carolina,12897.0,,206.0,8394.0,,126,0.0,13.0,25.0,,939.0,1425.0,,,,,,,,,,,,,24025,9309449.0,2.2128055054600977,90.1664534603498,04
2008-05-01,2008,5,North Carolina,11456.0,,254.0,7720.0,,119,0.0,9.0,18.0,,1113.0,1777.0,,,,,,,,,,,,,22466,9309449.0,2.728410671780897,82.9264975832619,05
2008-06-01,2008,6,North Carolina,10704.0,,190.0,7042.0,,117,0.0,7.0,8.0,,1085.0,1798.0,,,,,,,,,,,,,20951,9309449.0,2.040937116686498,75.64357460898063,06
2008-07-01,2008,7,North Carolina,11574.0,,157.0,7190.0,,108,0.0,12.0,25.0,,1062.0,1689.0,,,,,,,,,,,,,21817,9309449.0,1.686458564840948,77.23335720513641,07
2008-08-01,2008,8,North Carolina,10036.0,,168.0,10282.0,,101,0.0,10.0,19.0,,1103.0,1814.0,,,,,,,,,,,,,23533,9309449.0,1.804618082122798,110.44692333563458,08
2008-09-01,2008,9,North Carolina,10047.0,,152.0,9776.0,,126,0.0,8.0,28.0,,1049.0,1897.0,,,,,,,,,,,,,23083,9309449.0,1.6327496933491983,105.01158554066949,09
2008-10-01,2008,10,North Carolina,12785.0,,188.0,14200.0,,161,0.0,18.0,38.0,,1296.0,2590.0,,,,,,,,,,,,,31276,9309449.0,2.019453568089798,152.53319503656982,10
2002-07-01,2002,7,North Dakota,138.0,,294.0,1162.0,,19,0.0,1.0,2.0,,24.0,142.0,,,,,,,,,,,,,1782,638168.0,46.069373581878125,182.08371463313736,07
2002-08-01,2002,8,North Dakota,116.0,,306.0,1971.0,,18,0.0,0.0,2.0,,32.0,197.0,,,,,,,,,,,,,2642,638168.0,47.94975617705683,308.8528412581013,08
2002-09-01,2002,9,North Dakota,115.0,,336.0,2940.0,,10,0.0,0.0,0.0,,37.0,204.0,,,,,,,,,,,,,3642,638168.0,52.65071266500357,460.6937358187813,09
2002-10-01,2002,10,North Dakota,112.0,,327.0,3728.0,,21,0.0,2.0,1.0,,32.0,252.0,,,,,,,,,,,,,4475,638168.0,51.24042571861955,584.1721929021825,10
2002-11-01,2002,11,North Dakota,124.0,,326.0,2479.0,,13,0.0,0.0,2.0,,32.0,192.0,,,,,,,,,,,,,3168,638168.0,51.08372716902133,388.45570445399954,11
2002-12-01,2002,12,North Dakota,109.0,,397.0,2386.0,,15,0.0,1.0,4.0,,16.0,105.0,,,,,,,,,,,,,3033,638168.0,62.20932419049529,373.88273934136464,12
2003-01-01,2003,1,North Dakota,147.0,,370.0,1186.0,,21,0.0,0.0,3.0,,38.0,195.0,,,,,,,,,,,,,1960,638817.0,57.919560687959155,185.65567290789068,01
2003-02-01,2003,2,North Dakota,206.0,,374.0,1270.0,,22,0.0,1.0,0.0,,31.0,179.0,,,,,,,,,,,,,2083,638817.0,58.54571810080195,198.80497857758954,02
2003-03-01,2003,3,North Dakota,258.0,,472.0,1564.0,,18,0.0,1.0,0.0,,32.0,156.0,,,,,,,,,,,,,2501,638817.0,73.88657471545059,244.82754842153543,03
2003-04-01,2003,4,North Dakota,346.0,,350.0,1483.0,,17,0.0,0.0,0.0,,25.0,154.0,,,,,,,,,,,,,2375,638817.0,54.788773623745136,232.14786081146872,04
2003-05-01,2003,5,North Dakota,234.0,,377.0,1346.0,,23,0.0,0.0,0.0,,40.0,150.0,,,,,,,,,,,,,2170,638817.0,59.015336160434046,210.70196942160274,05
2003-06-01,2003,6,North Dakota,224.0,,302.0,1181.0,,20,0.0,0.0,0.0,,32.0,170.0,,,,,,,,,,,,,1929,638817.0,47.27488466963152,184.87297614183717,06
2003-07-01,2003,7,North Dakota,148.0,,286.0,1260.0,,22,0.0,0.0,0.0,,20.0,158.0,,,,,,,,,,,,,1894,638817.0,44.770255018260315,197.2395850454825,07
2003-08-01,2003,8,North Dakota,198.0,,307.0,2074.0,,13,0.0,1.0,0.0,,39.0,206.0,,,,,,,,,,,,,2838,638817.0,48.05758143568502,324.6626185589927,08
2003-09-01,2003,9,North Dakota,170.0,,356.0,3293.0,,25,0.0,0.0,0.0,,20.0,222.0,,,,,,,,,,,,,4086,638817.0,55.728009743009345,515.4840901228364,09
2003-10-01,2003,10,North Dakota,213.0,,337.0,4141.0,,27,0.0,0.0,2.0,,32.0,219.0,,,,,,,,,,,,,4971,638817.0,52.753762032006044,648.2294616455104,10
2003-11-01,2003,11,North Dakota,213.0,,338.0,2547.0,,16,0.0,0.0,0.0,,19.0,155.0,,,,,,,,,,,,,3288,638817.0,52.91030138521674,398.7057326276539,11
2003-12-01,2003,12,North Dakota,188.0,,476.0,2460.0,,21,0.0,1.0,1.0,,23.0,128.0,,,,,,,,,,,,,3298,638817.0,74.5127321282934,385.086808898323,12
2004-01-01,2004,1,North Dakota,152.0,,404.0,1369.0,,17,0.0,0.0,0.0,,21.0,178.0,,,,,,,,,,,,,2141,644705.0,62.66431933985311,212.34518112935373,01
2004-02-01,2004,2,North Dakota,206.0,,431.0,1365.0,,12,0.0,0.0,0.0,,33.0,192.0,,,,,,,,,,,,,2239,644705.0,66.8522812759324,211.72474232400867,02
2004-03-01,2004,3,North Dakota,271.0,,522.0,1682.0,,20,0.0,0.0,2.0,,29.0,135.0,,,,,,,,,,,,,2661,644705.0,80.96726409753298,260.8945176476063,03
2004-04-01,2004,4,North Dakota,272.0,,455.0,1623.0,,20,0.0,0.0,0.0,,23.0,148.0,,,,,,,,,,,,,2541,644705.0,70.57491410800289,251.7430452687663,04
2004-05-01,2004,5,North Dakota,233.0,,355.0,1478.0,,18,0.0,0.0,2.0,,25.0,145.0,,,,,,,,,,,,,2256,644705.0,55.06394397437588,229.25213857500717,05
2004-06-01,2004,6,North Dakota,195.0,,319.0,1296.0,,14,0.0,0.0,0.0,,22.0,135.0,,,,,,,,,,,,,1981,644705.0,49.47999472627015,201.02217293180604,06
2004-07-01,2004,7,North Dakota,149.0,,312.0,1493.0,,13,0.0,0.0,0.0,,28.0,140.0,,,,,,,,,,,,,2135,644705.0,48.394226816916266,231.57878409505122,07
2004-08-01,2004,8,North Dakota,139.0,,299.0,2147.0,,25,0.0,2.0,0.0,,18.0,166.0,,,,,,,,,,,,,2796,644705.0,46.37780069954476,333.0205287689719,08
2004-09-01,2004,9,North Dakota,142.0,,396.0,3034.0,,23,0.0,1.0,0.0,,23.0,206.0,,,,,,,,,,,,,3825,644705.0,61.423441729162946,470.6028338542434,09
2004-10-01,2004,10,North Dakota,159.0,,410.0,4305.0,,36,0.0,0.0,0.0,,36.0,233.0,,,,,,,,,,,,,5179,644705.0,63.594977547870734,667.7472642526426,10
2004-11-01,2004,11,North Dakota,207.0,,352.0,2547.0,,15,0.0,0.0,0.0,,26.0,150.0,,,,,,,,,,,,,3297,644705.0,54.598614870367065,395.0644093034799,11
2004-12-01,2004,12,North Dakota,162.0,,499.0,2817.0,,20,0.0,0.0,1.0,,19.0,121.0,,,,,,,,,,,,,3639,644705.0,77.39974096679877,436.9440286642728,12
2005-01-01,2005,1,North Dakota,200.0,,375.0,1381.0,,24,0.0,1.0,0.0,,20.0,163.0,,,,,,,,,,,,,2164,646089.0,58.041539168752294,213.74764157879176,01
2005-02-01,2005,2,North Dakota,201.0,,472.0,1602.0,,19,0.0,0.0,0.0,,23.0,166.0,,,,,,,,,,,,,2483,646089.0,73.05495063373621,247.9534553289098,02
2005-03-01,2005,3,North Dakota,278.0,,587.0,1808.0,,29,0.0,1.0,2.0,,20.0,138.0,,,,,,,,,,,,,2863,646089.0,90.85435597882027,279.8376075122777,03
2005-04-01,2005,4,North Dakota,203.0,,490.0,1726.0,,21,0.0,0.0,1.0,,21.0,136.0,,,,,,,,,,,,,2598,646089.0,75.84094451383633,267.1458576140439,04
2005-05-01,2005,5,North Dakota,257.0,,406.0,1453.0,,24,0.0,1.0,0.0,,25.0,111.0,,,,,,,,,,,,,2277,646089.0,62.83963974003582,224.89161709919222,05
2005-06-01,2005,6,North Dakota,190.0,,383.0,1470.0,,17,0.0,0.0,2.0,,16.0,120.0,,,,,,,,,,,,,2198,646089.0,59.279758671019,227.52283354150902,06
2005-07-01,2005,7,North Dakota,100.0,,359.0,1480.0,,30,0.0,1.0,1.0,,28.0,144.0,,,,,,,,,,,,,2143,646089.0,55.56510016421887,229.0706079193424,07
2005-08-01,2005,8,North Dakota,176.0,,377.0,2197.0,,26,0.0,1.0,1.0,,22.0,153.0,,,,,,,,,,,,,2953,646089.0,58.35109404431898,340.04603080999675,08
2005-09-01,2005,9,North Dakota,136.0,,413.0,3194.0,,37,0.0,1.0,0.0,,26.0,205.0,,,,,,,,,,,,,4012,646089.0,63.923081804519185,494.3591362799862,09
2005-10-01,2005,10,North Dakota,188.0,,396.0,4445.0,,20,0.0,0.0,2.0,,33.0,221.0,,,,,,,,,,,,,5305,646089.0,61.291865362202415,687.9857109469439,10
2005-11-01,2005,11,North Dakota,98.0,,373.0,2680.0,,27,0.0,0.0,0.0,,17.0,164.0,,,,,,,,,,,,,3359,646089.0,57.73198429318561,414.80353325934976,11
2005-12-01,2005,12,North Dakota,125.0,,539.0,2836.0,,24,0.0,0.0,0.0,,21.0,100.0,,,,,,,,,,,,,3645,646089.0,83.42503896521997,438.9488135535507,12
2006-01-01,2006,1,North Dakota,244.0,,485.0,1742.0,,21,0.0,0.0,1.0,,25.0,146.0,,,,,,,,,,,,,2664,649422.0,74.68179396447918,268.2385259507685,01
2006-02-01,2006,2,North Dakota,188.0,,488.0,1760.0,,32,0.0,0.0,0.0,,17.0,139.0,,,,,,,,,,,,,2624,649422.0,75.14374320549658,271.0102213968729,02
2006-03-01,2006,3,North Dakota,384.0,,591.0,2048.0,,19,0.0,2.0,0.0,,16.0,119.0,,,,,,,,,,,,,3179,649422.0,91.00400048042721,315.357348534543,03
2006-04-01,2006,4,North Dakota,404.0,,505.0,1739.0,,29,0.0,0.0,1.0,,14.0,111.0,,,,,,,,,,,,,2803,649422.0,77.76145557126183,267.7765767097511,04
2006-05-01,2006,5,North Dakota,212.0,,399.0,1435.0,,18,0.0,0.0,0.0,,16.0,98.0,,0.0,0.0,,,,,,,,,,2178,649422.0,61.4392490553138,220.96572028665489,05
2006-06-01,2006,6,North Dakota,190.0,,459.0,1505.0,,28,0.0,0.0,0.0,,19.0,134.0,,0.0,0.0,,,,,,,,,,2335,649422.0,70.67823387566175,231.74453591039415,06
2006-07-01,2006,7,North Dakota,223.0,,424.0,1577.0,,20,0.0,0.0,1.0,,20.0,101.0,,0.0,0.0,,,,,,,,,,2366,649422.0,65.28882606379211,242.83131769481167,07
2006-08-01,2006,8,North Dakota,278.0,,501.0,2498.0,,24,0.0,0.0,1.0,,22.0,146.0,,0.0,0.0,,,,,,,,,,3470,649422.0,77.1455232499053,384.6497346871526,08
2006-09-01,2006,9,North Dakota,179.0,,482.0,3491.0,,25,0.0,0.0,3.0,,34.0,200.0,,0.0,0.0,,,,,,,,,,4414,649422.0,74.21984472346179,537.554933463911,09
2006-10-01,2006,10,North Dakota,241.0,,461.0,4374.0,,25,0.0,1.0,3.0,,21.0,182.0,,,,,,,,,,,,,5308,649422.0,70.98620003634001,673.5219934033648,10
2006-11-01,2006,11,North Dakota,293.0,,462.0,3205.0,,23,0.0,1.0,4.0,,30.0,190.0,,,,,,,,,,,,,4208,649422.0,71.14018311667914,493.51577248691916,11
2006-12-01,2006,12,North Dakota,168.0,,620.0,2966.0,,16,0.0,0.0,2.0,,13.0,102.0,,,,,,,,,,,,,3887,649422.0,95.46950981026205,456.7138162858665,12
2007-01-01,2007,1,North Dakota,317.0,,581.0,1954.0,,31,0.0,3.0,2.0,,16.0,124.0,,,,,,,,,,,,,3028,652822.0,88.99822616272122,299.31589315311066,01
2007-02-01,2007,2,North Dakota,305.0,,677.0,1692.0,,36,0.0,0.0,4.0,,29.0,128.0,,,,,,,,,,,,,2871,652822.0,103.70361292971133,259.18244176820025,02
2007-03-01,2007,3,North Dakota,365.0,,680.0,2130.0,,27,0.0,0.0,1.0,,16.0,116.0,,,,,,,,,,,,,3335,652822.0,104.16315626617974,326.27576889259245,03
2007-04-01,2007,4,North Dakota,307.0,,633.0,2087.0,,32,0.0,0.0,1.0,,22.0,108.0,,,,,,,,,,,,,3190,652822.0,96.96364399484087,319.68898106987814,04
2007-05-01,2007,5,North Dakota,396.0,,471.0,1609.0,,16,1.0,0.0,3.0,,26.0,105.0,,,,,,,,,,,,,2627,652822.0,72.1483038255451,246.46840945924004,05
2007-06-01,2007,6,North Dakota,239.0,,430.0,1466.0,,19,0.0,0.0,2.0,,28.0,120.0,,,,,,,,,,,,,2304,652822.0,65.86787822714308,224.56351042091106,06
2007-07-01,2007,7,North Dakota,242.0,,390.0,1634.0,,18,0.0,0.0,0.0,,22.0,119.0,,,,,,,,,,,,,2425,652822.0,59.740633740897216,250.29793726314372,07
2007-08-01,2007,8,North Dakota,263.0,,476.0,2425.0,,26,0.0,0.0,1.0,,26.0,143.0,,,,,,,,,,,,,3360,652822.0,72.91420938632584,371.4641969786557,08
2007-09-01,2007,9,North Dakota,269.0,,506.0,3729.0,,23,5.0,0.0,2.0,,32.0,159.0,,,,,,,,,,,,,4725,652822.0,77.50964275101023,571.2123672302711,09
2007-10-01,2007,10,North Dakota,200.0,,518.0,5127.0,,23,2.0,0.0,3.0,,30.0,209.0,,,,,,,,,,,,,6112,652822.0,79.34781609688399,785.3595620245641,10
2007-11-01,2007,11,North Dakota,247.0,,453.0,3294.0,,26,1.0,0.0,0.0,,23.0,201.0,,,,,,,,,,,,,4245,652822.0,69.39104380673444,504.57858344234717,11
2007-12-01,2007,12,North Dakota,170.0,,656.0,3125.0,,24,2.0,0.0,0.0,,23.0,89.0,,,,,,,,,,,,,4089,652822.0,100.48680957443223,478.6909754879584,12
2008-01-01,2008,1,North Dakota,248.0,,699.0,1984.0,,39,1.0,0.0,3.0,,26.0,126.0,,,,,,,,,,,,,3126,657569.0,106.3006315687023,301.71738631231096,01
2008-02-01,2008,2,North Dakota,533.0,,718.0,1968.0,,34,1.0,1.0,6.0,,27.0,142.0,,,,,,,,,,,,,3430,657569.0,109.19006218358834,299.28418158398586,02
2008-03-01,2008,3,North Dakota,277.0,,857.0,2370.0,,36,0.0,1.0,1.0,,21.0,110.0,,,,,,,,,,,,,3673,657569.0,130.32852826091255,360.4184503831537,03
2008-04-01,2008,4,North Dakota,489.0,,721.0,2104.0,,29,0.0,0.0,0.0,,24.0,77.0,,,,,,,,,,,,,3444,657569.0,109.6462880701493,319.9664217747491,04
2008-05-01,2008,5,North Dakota,501.0,,689.0,1828.0,,39,0.0,1.0,1.0,,35.0,136.0,,,,,,,,,,,,,3230,657569.0,104.77987861349912,277.9936402111413,05
2008-06-01,2008,6,North Dakota,323.0,,595.0,1819.0,,22,0.0,0.0,1.0,,16.0,101.0,,,,,,,,,,,,,2877,657569.0,90.48480083458922,276.62496255145845,06
2008-07-01,2008,7,North Dakota,271.0,,552.0,1806.0,,18,2.0,0.0,1.0,,24.0,101.0,,,,,,,,,,,,,2775,657569.0,83.94556312721555,274.64798370969436,07
2008-08-01,2008,8,North Dakota,217.0,,550.0,2516.0,,30,2.0,0.0,2.0,,25.0,107.0,,,,,,,,,,,,,3449,657569.0,83.64141253617491,382.62144352912014,08
2008-09-01,2008,9,North Dakota,279.0,,585.0,3619.0,,34,0.0,1.0,2.0,,17.0,114.0,,,,,,,,,,,,,4651,657569.0,88.96404787938604,550.3604944880309,09
2008-10-01,2008,10,North Dakota,301.0,,718.0,5091.0,,44,0.0,0.0,2.0,,27.0,216.0,,,,,,,,,,,,,6399,657569.0,109.19006218358834,774.2153294939391,10
2002-07-01,2002,7,Ohio,0.0,,5361.0,10352.0,,336,0.0,16.0,73.0,,485.0,851.0,,,,,,,,,,,,,17474,11407889.0,46.993795258702114,90.74422095095771,07
2002-08-01,2002,8,Ohio,0.0,,6508.0,16232.0,,437,0.0,13.0,64.0,,565.0,1172.0,,,,,,,,,,,,,24991,11407889.0,57.04824091468632,142.28749946637805,08
2002-09-01,2002,9,Ohio,0.0,,7064.0,16062.0,,570,0.0,20.0,64.0,,502.0,1132.0,,,,,,,,,,,,,25414,11407889.0,61.922061128049194,140.7973026385513,09
2002-10-01,2002,10,Ohio,0.0,,7660.0,19222.0,,590,0.0,27.0,87.0,,517.0,1390.0,,,,,,,,,,,,,29493,11407889.0,67.14651588913601,168.49743190874315,10
2002-11-01,2002,11,Ohio,0.0,,7939.0,25864.0,,550,0.0,14.0,79.0,,499.0,2156.0,,,,,,,,,,,,,37101,11407889.0,69.59219185951055,226.72029855830468,11
2002-12-01,2002,12,Ohio,0.0,,9380.0,25337.0,,571,0.0,15.0,126.0,,412.0,803.0,,,,,,,,,,,,,36644,11407889.0,82.22380144126578,222.10068839204166,12
2003-01-01,2003,1,Ohio,0.0,,7269.0,11867.0,,713,0.0,16.0,109.0,,544.0,1030.0,,,,,,,,,,,,,21548,11434788.0,63.56917154913585,103.77979897834572,01
2003-02-01,2003,2,Ohio,0.0,,9533.0,14137.0,,785,0.0,10.0,60.0,,635.0,1365.0,,,,,,,,,,,,,26525,11434788.0,83.36840175786381,123.63150064522402,02
2003-03-01,2003,3,Ohio,0.0,,10145.0,15951.0,,830,0.0,14.0,77.0,,495.0,977.0,,,,,,,,,,,,,28489,11434788.0,88.7204904891984,139.49537149267655,03
2003-04-01,2003,4,Ohio,0.0,,7873.0,12557.0,,443,0.0,17.0,66.0,,431.0,1007.0,,,,,,,,,,,,,22394,11434788.0,68.85129833626998,109.81401666563472,04
2003-05-01,2003,5,Ohio,0.0,,7040.0,10300.0,,467,0.0,11.0,82.0,,494.0,894.0,,,,,,,,,,,,,19288,11434788.0,61.56651089639791,90.07600315808216,05
2003-06-01,2003,6,Ohio,0.0,,6162.0,9629.0,,464,0.0,14.0,75.0,,421.0,723.0,,,,,,,,,,,,,17488,11434788.0,53.88818752039828,84.20794508826923,06
2003-07-01,2003,7,Ohio,0.0,,5956.0,9045.0,,350,0.0,14.0,82.0,,487.0,866.0,,,,,,,,,,,,,16800,11434788.0,52.08666745723663,79.10072316163622,07
2003-08-01,2003,8,Ohio,0.0,,6661.0,13645.0,,418,0.0,12.0,51.0,,569.0,1067.0,,,,,,,,,,,,,22423,11434788.0,58.252063789901484,119.32884107689623,08
2003-09-01,2003,9,Ohio,0.0,,7135.0,14317.0,,622,0.0,21.0,87.0,,462.0,1144.0,,,,,,,,,,,,,23788,11434788.0,62.397308983778274,125.20564438973419,09
2003-10-01,2003,10,Ohio,0.0,,7714.0,16537.0,,569,0.0,24.0,80.0,,504.0,1372.0,,,,,,,,,,,,,26800,11434788.0,67.460804695286,144.62008390535968,10
2003-11-01,2003,11,Ohio,0.0,,7821.0,24729.0,,588,0.0,13.0,82.0,,477.0,1902.0,,,,,,,,,,,,,35612,11434788.0,68.39654569896705,216.26111476662268,11
2003-12-01,2003,12,Ohio,0.0,,9941.0,25472.0,,557,0.0,20.0,133.0,,496.0,858.0,,,,,,,,,,,,,37477,11434788.0,86.93646091208687,222.75883033423966,12
2004-01-01,2004,1,Ohio,0.0,,10852.0,12738.0,,754,0.0,23.0,107.0,,573.0,1054.0,,,,,,,,,,,,,26101,11452251.0,94.75866360246557,111.22704174052768,01
2004-02-01,2004,2,Ohio,0.0,,14570.0,13324.0,,617,0.0,16.0,54.0,,641.0,1329.0,,,,,,,,,,,,,30551,11452251.0,127.22389685660923,116.34393971979831,02
2004-03-01,2004,3,Ohio,0.0,,14932.0,14278.0,,666,0.0,16.0,62.0,,541.0,1004.0,,,,,,,,,,,,,31499,11452251.0,130.38484748544195,124.67417977478839,03
2004-04-01,2004,4,Ohio,0.0,,13048.0,12000.0,,548,0.0,15.0,60.0,,499.0,906.0,,,,,,,,,,,,,27076,11452251.0,113.93393316300875,104.78289377345992,04
2004-05-01,2004,5,Ohio,0.0,,9791.0,9052.0,,389,0.0,12.0,63.0,,449.0,720.0,,,,,,,,,,,,,20476,11452251.0,85.49410941132882,79.0412295364466,05
2004-06-01,2004,6,Ohio,0.0,,8839.0,9361.0,,405,0.0,16.0,49.0,,498.0,751.0,,,,,,,,,,,,,19919,11452251.0,77.18133317196768,81.73938905111319,06
2004-07-01,2004,7,Ohio,0.0,,8171.0,9880.0,,332,0.0,15.0,54.0,,606.0,915.0,,,,,,,,,,,,,19973,11452251.0,71.34841875191174,86.27124920681533,07
2004-08-01,2004,8,Ohio,0.0,,8273.0,13025.0,,421,0.0,19.0,58.0,,512.0,964.0,,,,,,,,,,,,,23272,11452251.0,72.23907334898614,113.73309928327627,08
2004-09-01,2004,9,Ohio,0.0,,8416.0,13581.0,,492,0.0,16.0,56.0,,523.0,1238.0,,,,,,,,,,,,,24322,11452251.0,73.48773616645322,118.58804002811326,09
2004-10-01,2004,10,Ohio,0.0,,9123.0,17340.0,,566,0.0,16.0,51.0,,601.0,1491.0,,,,,,,,,,,,,29188,11452251.0,79.6611949912729,151.41128150264956,10
2004-11-01,2004,11,Ohio,0.0,,9488.0,24628.0,,534,0.0,14.0,65.0,,517.0,1820.0,,,,,,,,,,,,,37066,11452251.0,82.84834134354897,215.04942565439754,11
2004-12-01,2004,12,Ohio,0.0,,11660.0,24059.0,,516,0.0,16.0,87.0,,478.0,781.0,,,,,,,,,,,,,37597,11452251.0,101.8140451165452,210.08097010797266,12
2005-01-01,2005,1,Ohio,0.0,,9768.0,11744.0,,598,0.0,21.0,63.0,,570.0,945.0,,,,,,,,,,,,,23709,11463320.0,85.21091620926573,102.44850531957583,01
2005-02-01,2005,2,Ohio,0.0,,12848.0,13380.0,,675,0.0,19.0,41.0,,693.0,1223.0,,,,,,,,,,,,,28879,11463320.0,112.07922312209728,116.72011249795,02
2005-03-01,2005,3,Ohio,0.0,,12805.0,14385.0,,652,0.0,21.0,72.0,,482.0,794.0,,,,,,,,,,,,,29211,11463320.0,111.70411364247008,125.48720614970183,03
2005-04-01,2005,4,Ohio,0.0,,10592.0,12945.0,,521,0.0,19.0,55.0,,511.0,817.0,,,,,,,,,,,,,25460,11463320.0,92.3990606560752,112.92540032032605,04
2005-05-01,2005,5,Ohio,0.0,,8720.0,10095.0,,525,0.0,18.0,61.0,,411.0,613.0,,,,,,,,,,,,,20443,11463320.0,76.06871307788668,88.06349294968648,05
2005-06-01,2005,6,Ohio,0.0,,7844.0,9678.0,,465,0.0,19.0,75.0,,457.0,687.0,,,,,,,,,,,,,19225,11463320.0,68.42694786501642,84.42580334492975,06
2005-07-01,2005,7,Ohio,0.0,,7803.0,9532.0,,453,0.0,16.0,61.0,,489.0,680.0,,,,,,,,,,,,,19034,11463320.0,68.06928533793003,83.15217580945136,07
2005-08-01,2005,8,Ohio,0.0,,8229.0,12215.0,,576,0.0,18.0,55.0,,492.0,853.0,,,,,,,,,,,,,22438,11463320.0,71.78548622912035,106.55726264293416,08
2005-09-01,2005,9,Ohio,0.0,,8467.0,12915.0,,614,0.0,19.0,59.0,,577.0,1023.0,,,,,,,,,,,,,23674,11463320.0,73.86167358147553,112.66369603221405,09
2005-10-01,2005,10,Ohio,0.0,,9033.0,15455.0,,712,0.0,9.0,43.0,,504.0,1043.0,,,,,,,,,,,,,26799,11463320.0,78.79916115052184,134.8213257590297,10
2005-11-01,2005,11,Ohio,0.0,,9287.0,23316.0,,794,0.0,20.0,45.0,,481.0,1727.0,,,,,,,,,,,,,35670,11463320.0,81.0149241232034,203.39657272064287,11
2005-12-01,2005,12,Ohio,0.0,,11928.0,24515.0,,769,0.0,14.0,91.0,,538.0,762.0,,,,,,,,,,,,,38617,11463320.0,104.0536249533294,213.8560207688523,12
2006-01-01,2006,1,Ohio,0.0,,10510.0,12767.0,,679,0.0,16.0,82.0,,574.0,989.0,,,,,,,,,,,,,25617,11481213.0,91.54085025685004,111.19905187718406,01
2006-02-01,2006,2,Ohio,0.0,,12791.0,14834.0,,745,0.0,12.0,45.0,,695.0,1199.0,,,,,,,,,,,,,30321,11481213.0,111.40808902334622,129.20237609040092,02
2006-03-01,2006,3,Ohio,0.0,,12873.0,16625.0,,655,0.0,20.0,56.0,,564.0,853.0,,,,,,,,,,,,,31646,11481213.0,112.12229927273364,144.8017731227528,03
2006-04-01,2006,4,Ohio,0.0,,9660.0,12692.0,,550,0.0,14.0,45.0,,434.0,682.0,,,,,,,,,,,,,24077,11481213.0,84.1374513302732,110.54581079542729,04
2006-05-01,2006,5,Ohio,0.0,,8846.0,10854.0,,453,0.0,20.0,71.0,,428.0,632.0,,0.0,0.0,,,,,,,,,,21304,11481213.0,77.04760812293962,94.53704935184113,05
2006-06-01,2006,6,Ohio,0.0,,7862.0,10911.0,,371,0.0,14.0,58.0,,540.0,712.0,,0.0,0.0,,,,,,,,,,20468,11481213.0,68.47708513029067,95.03351257397628,06
2006-07-01,2006,7,Ohio,0.0,,7293.0,9630.0,,338,0.0,10.0,61.0,,495.0,649.0,,0.0,0.0,,,,,,,,,,18476,11481213.0,63.521162790029244,83.87615489757049,07
2006-08-01,2006,8,Ohio,0.0,,8101.0,12024.0,,408,0.0,18.0,50.0,,509.0,788.0,,0.0,0.0,,,,,,,,,,21898,11481213.0,70.55874671082228,104.72761022724688,08
2006-09-01,2006,9,Ohio,0.0,,8680.0,15186.0,,482,0.0,13.0,38.0,,626.0,1025.0,,0.0,0.0,,,,,,,,,,26050,11481213.0,75.60176786198461,132.26825423411273,09
2006-10-01,2006,10,Ohio,0.0,,9485.0,15865.0,,460,0.0,14.0,44.0,,528.0,947.0,,,,,,,,,,,,,27343,11481213.0,82.61322213950739,138.1822634942841,10
2006-11-01,2006,11,Ohio,0.0,,9911.0,24610.0,,481,0.0,5.0,46.0,,541.0,1624.0,,,,,,,,,,,,,37218,11481213.0,86.32363148388589,214.35017362712458,11
2006-12-01,2006,12,Ohio,0.0,,13640.0,25108.0,,551,0.0,13.0,94.0,,519.0,789.0,,,,,,,,,,,,,40714,11481213.0,118.80277806883296,218.68769440998963,12
2007-01-01,2007,1,Ohio,0.0,,11141.0,13703.0,,634,0.0,11.0,63.0,,575.0,958.0,,,,,,,,,,,,,27085,11500468.0,96.87431850599472,119.15167278409888,01
2007-02-01,2007,2,Ohio,0.0,,11980.0,12876.0,,571,0.0,11.0,39.0,,625.0,956.0,,,,,,,,,,,,,27058,11500468.0,104.16967379066661,111.96066107918392,02
2007-03-01,2007,3,Ohio,0.0,,13428.0,15898.0,,645,0.0,11.0,40.0,,520.0,755.0,,,,,,,,,,,,,31297,11500468.0,116.7604657480026,138.23785258130366,03
2007-04-01,2007,4,Ohio,0.0,,11287.0,12819.0,,517,0.0,15.0,60.0,,459.0,670.0,,,,,,,,,,,,,25827,11500468.0,98.14383205970401,111.46502907533849,04
2007-05-01,2007,5,Ohio,0.0,,9327.0,11055.0,,428,0.0,16.0,55.0,,477.0,564.0,,,,,,,,,,,,,21922,11500468.0,81.10104736607241,96.12652285107006,05
2007-06-01,2007,6,Ohio,0.0,,8661.0,11526.0,,385,0.0,23.0,57.0,,557.0,664.0,,,,,,,,,,,,,21873,11500468.0,75.3099786895629,100.2220083565295,06
2007-07-01,2007,7,Ohio,0.0,,8292.0,11280.0,,373,0.0,24.0,50.0,,461.0,629.0,,,,,,,,,,,,,21109,11500468.0,72.10141361203735,98.08296497151247,07
2007-08-01,2007,8,Ohio,0.0,,8688.0,11876.0,,387,0.0,19.0,62.0,,526.0,809.0,,,,,,,,,,,,,22367,11500468.0,75.54475174401598,103.26536276610656,08
2007-09-01,2007,9,Ohio,0.0,,8506.0,14391.0,,441,0.0,18.0,52.0,,489.0,785.0,,,,,,,,,,,,,24682,11500468.0,73.96220745103591,125.13403802349607,09
2007-10-01,2007,10,Ohio,0.0,,9598.0,16284.0,,509,0.0,12.0,46.0,,529.0,959.0,,,,,,,,,,,,,27937,11500468.0,83.45747320891637,141.5942377301515,10
2007-11-01,2007,11,Ohio,0.0,,10308.0,23350.0,,618,0.0,19.0,44.0,,545.0,1565.0,,,,,,,,,,,,,36449,11500468.0,89.63113501120128,203.03521561035603,11
2007-12-01,2007,12,Ohio,0.0,,13589.0,22970.0,,625,0.0,15.0,92.0,,443.0,774.0,,,,,,,,,,,,,38508,11500468.0,118.16040877640805,199.73100225138663,12
2008-01-01,2008,1,Ohio,0.0,,12322.0,13587.0,,649,0.0,10.0,46.0,,582.0,869.0,,,,,,,,,,,,,28065,11515391.0,107.00461669082709,117.98991454132995,01
2008-02-01,2008,2,Ohio,0.0,,14693.0,11940.0,,577,0.0,8.0,26.0,,762.0,1110.0,,,,,,,,,,,,,29116,11515391.0,127.59445163433877,103.68731726087286,02
2008-03-01,2008,3,Ohio,0.0,,15096.0,12216.0,,684,0.0,12.0,52.0,,485.0,654.0,,,,,,,,,,,,,29199,11515391.0,131.09411569264128,106.0841095191644,03
2008-04-01,2008,4,Ohio,0.0,,12773.0,10745.0,,519,0.0,11.0,16.0,,445.0,713.0,,,,,,,,,,,,,25222,11515391.0,110.92111418535418,93.30990150486423,04
2008-05-01,2008,5,Ohio,0.0,,11634.0,9167.0,,459,0.0,4.0,26.0,,565.0,749.0,,,,,,,,,,,,,22604,11515391.0,101.03000410494096,79.60650228898002,05
2008-06-01,2008,6,Ohio,0.0,,9483.0,8069.0,,403,0.0,10.0,25.0,,539.0,630.0,,,,,,,,,,,,,19159,11515391.0,82.3506557441254,70.07143743534198,06
2008-07-01,2008,7,Ohio,0.0,,10124.0,8893.0,,418,0.0,12.0,19.0,,528.0,658.0,,,,,,,,,,,,,20652,11515391.0,87.91711892370829,77.2270780905312,07
2008-08-01,2008,8,Ohio,0.0,,10455.0,10345.0,,445,0.0,10.0,45.0,,564.0,793.0,,,,,,,,,,,,,22657,11515391.0,90.79153282767385,89.83628953632576,08
2008-09-01,2008,9,Ohio,0.0,,10193.0,11287.0,,472,0.0,9.0,28.0,,533.0,839.0,,,,,,,,,,,,,23361,11515391.0,88.51631698828116,98.01664572223383,09
2008-10-01,2008,10,Ohio,0.0,,13552.0,15219.0,,775,0.0,17.0,29.0,,671.0,1078.0,,,,,,,,,,,,,31341,11515391.0,117.68597349408284,132.16225137296684,10
2002-07-01,2002,7,Oklahoma,0.0,,2781.0,4033.0,,246,0.0,14.0,50.0,,800.0,1562.0,,,,,,,,,,,,,9486,3489080.0,79.70582503124034,115.58920976303209,07
2002-08-01,2002,8,Oklahoma,0.0,,3232.0,6410.0,,332,0.0,23.0,58.0,,865.0,2088.0,,,,,,,,,,,,,13008,3489080.0,92.6318685728043,183.71605122267187,08
2002-09-01,2002,9,Oklahoma,0.0,,2875.0,6396.0,,278,0.0,16.0,43.0,,774.0,2002.0,,,,,,,,,,,,,12384,3489080.0,82.39994497116719,183.31479931672533,09
2002-10-01,2002,10,Oklahoma,0.0,,3412.0,8485.0,,319,0.0,19.0,54.0,,870.0,2318.0,,,,,,,,,,,,,15477,3489080.0,97.79082164925997,243.18731585403603,10
2002-11-01,2002,11,Oklahoma,0.0,,2973.0,10753.0,,311,0.0,14.0,61.0,,871.0,3000.0,,,,,,,,,,,,,17983,3489080.0,85.20870831279306,308.19012461737765,11
2002-12-01,2002,12,Oklahoma,0.0,,4039.0,13459.0,,308,0.0,13.0,62.0,,746.0,1573.0,,,,,,,,,,,,,20200,3489080.0,115.76117486558061,385.74638586676144,12
2003-01-01,2003,1,Oklahoma,0.0,,3701.0,6139.0,,423,0.0,19.0,55.0,,904.0,2121.0,,,,,,,,,,,,,13362,3504892.0,105.59526513227797,175.1551830983665,01
2003-02-01,2003,2,Oklahoma,0.0,,4464.0,6925.0,,456,0.0,15.0,46.0,,1116.0,2727.0,,,,,,,,,,,,,15749,3504892.0,127.3648374899997,197.58098109727774,02
2003-03-01,2003,3,Oklahoma,0.0,,4060.0,6182.0,,377,0.0,22.0,27.0,,790.0,1753.0,,,,,,,,,,,,,13211,3504892.0,115.83809144475778,176.38203973189474,03
2003-04-01,2003,4,Oklahoma,0.0,,3653.0,5336.0,,304,0.0,11.0,23.0,,733.0,1711.0,,,,,,,,,,,,,11771,3504892.0,104.22575075066506,152.24434875596737,04
2003-05-01,2003,5,Oklahoma,0.0,,3109.0,4184.0,,315,0.0,18.0,26.0,,904.0,1730.0,,,,,,,,,,,,,10286,3504892.0,88.7045877590522,119.37600359725776,05
2003-06-01,2003,6,Oklahoma,0.0,,2961.0,4057.0,,294,0.0,16.0,29.0,,751.0,1542.0,,,,,,,,,,,,,9650,3504892.0,84.48191841574577,115.75249679590698,06
2003-07-01,2003,7,Oklahoma,0.0,,2966.0,4189.0,,286,0.0,21.0,22.0,,846.0,1668.0,,,,,,,,,,,,,9998,3504892.0,84.62457616383044,119.51866134534245,07
2003-08-01,2003,8,Oklahoma,0.0,,3683.0,6759.0,,369,0.0,21.0,42.0,,921.0,2214.0,,,,,,,,,,,,,14009,3504892.0,105.08169723917314,192.84474386086646,08
2003-09-01,2003,9,Oklahoma,0.0,,2909.0,6795.0,,300,0.0,12.0,32.0,,816.0,2022.0,,,,,,,,,,,,,12886,3504892.0,82.99827783566512,193.87187964707613,09
2003-10-01,2003,10,Oklahoma,0.0,,3509.0,8890.0,,342,0.0,18.0,35.0,,959.0,2495.0,,,,,,,,,,,,,16248,3504892.0,100.11720760582637,253.64547609455585,10
2003-11-01,2003,11,Oklahoma,0.0,,3315.0,10773.0,,418,0.0,7.0,36.0,,808.0,2666.0,,,,,,,,,,,,,18023,3504892.0,94.5820869801409,307.3703840232452,11
2003-12-01,2003,12,Oklahoma,0.0,,4872.0,14608.0,,345,0.0,5.0,19.0,,809.0,1700.0,,,,,,,,,,,,,22358,3504892.0,139.00570973370932,416.7888768041925,12
2004-01-01,2004,1,Oklahoma,0.0,,4326.0,6882.0,,411,0.0,15.0,20.0,,966.0,2138.0,,,,,,,,,,,,,14758,3525233.0,122.71529286149313,195.22113857438643,01
2004-02-01,2004,2,Oklahoma,0.0,,5264.0,7160.0,,439,0.0,10.0,31.0,,1135.0,2551.0,,,,,,,,,,,,,16590,3525233.0,149.32346315832174,203.10714213783885,02
2004-03-01,2004,3,Oklahoma,0.0,,4335.0,6186.0,,352,0.0,15.0,21.0,,835.0,1826.0,,,,,,,,,,,,,13570,3525233.0,122.97059513513007,175.47776274646245,03
2004-04-01,2004,4,Oklahoma,0.0,,4129.0,5771.0,,350,0.0,15.0,26.0,,820.0,1709.0,,,,,,,,,,,,,12820,3525233.0,117.12700976077325,163.70549123986981,04
2004-05-01,2004,5,Oklahoma,0.0,,3422.0,4344.0,,250,0.0,9.0,16.0,,732.0,1451.0,,,,,,,,,,,,,10224,3525233.0,97.07159782062632,123.22589740876703,05
2004-06-01,2004,6,Oklahoma,0.0,,3188.0,4382.0,,322,0.0,7.0,23.0,,807.0,1608.0,,,,,,,,,,,,,10337,3525233.0,90.43373870606567,124.3038403419008,06
2004-07-01,2004,7,Oklahoma,0.0,,3329.0,4602.0,,317,0.0,8.0,15.0,,879.0,1766.0,,,,,,,,,,,,,10916,3525233.0,94.43347432637786,130.54456258635955,07
2004-08-01,2004,8,Oklahoma,0.0,,3441.0,6591.0,,312,0.0,9.0,22.0,,758.0,1802.0,,,,,,,,,,,,,12935,3525233.0,97.61056928719321,186.9663650601251,08
2004-09-01,2004,9,Oklahoma,0.0,,3304.0,7042.0,,346,0.0,11.0,25.0,,942.0,2036.0,,,,,,,,,,,,,13706,3525233.0,93.724301344053,199.7598456612655,09
2004-10-01,2004,10,Oklahoma,0.0,,3651.0,9048.0,,381,0.0,10.0,30.0,,936.0,2234.0,,,,,,,,,,,,,16290,3525233.0,103.567622338722,256.663885763012,10
2004-11-01,2004,11,Oklahoma,0.0,,3510.0,10915.0,,373,0.0,16.0,40.0,,796.0,2733.0,,,,,,,,,,,,,18383,3525233.0,99.56788671840982,309.6249240830322,11
2004-12-01,2004,12,Oklahoma,0.0,,4957.0,14808.0,,380,0.0,16.0,32.0,,806.0,1660.0,,,,,,,,,,,,,22659,3525233.0,140.6148189353725,420.05734089065885,12
2005-01-01,2005,1,Oklahoma,0.0,,4255.0,6554.0,,379,0.0,17.0,44.0,,993.0,1982.0,,,,,,,,,,,,,14224,3548597.0,119.90654334656767,184.69271095027133,01
2005-02-01,2005,2,Oklahoma,0.0,,5570.0,7198.0,,490,0.0,24.0,53.0,,1055.0,2421.0,,,,,,,,,,,,,16811,3548597.0,156.96344217165264,202.84072832164375,02
2005-03-01,2005,3,Oklahoma,0.0,,4638.0,6063.0,,436,0.0,10.0,25.0,,859.0,1619.0,,,,,,,,,,,,,13650,3548597.0,130.69954125531865,170.85625671215976,03
2005-04-01,2005,4,Oklahoma,0.0,,4396.0,5933.0,,322,0.0,11.0,35.0,,774.0,1706.0,,,,,,,,,,,,,13177,3548597.0,123.87994466545511,167.19283705644796,04
2005-05-01,2005,5,Oklahoma,0.0,,3655.0,4577.0,,304,0.0,17.0,17.0,,810.0,1432.0,,,,,,,,,,,,,10812,3548597.0,102.99845262789773,128.98055203225388,05
2005-06-01,2005,6,Oklahoma,0.0,,3314.0,4360.0,,323,0.0,7.0,11.0,,847.0,1498.0,,,,,,,,,,,,,10360,3548597.0,93.38902106945365,122.86545922233492,06
2005-07-01,2005,7,Oklahoma,0.0,,3679.0,4449.0,,269,0.0,13.0,28.0,,852.0,1597.0,,,,,,,,,,,,,10887,3548597.0,103.67477625664453,125.37349267893762,07
2005-08-01,2005,8,Oklahoma,0.0,,3918.0,6976.0,,322,0.0,12.0,28.0,,857.0,1775.0,,,,,,,,,,,,,13888,3548597.0,110.40983239291471,196.58473475573584,08
2005-09-01,2005,9,Oklahoma,0.0,,3873.0,7073.0,,388,0.0,8.0,23.0,,945.0,2044.0,,,,,,,,,,,,,14354,3548597.0,109.14172558901447,199.31820942192084,09
2005-10-01,2005,10,Oklahoma,0.0,,4518.0,9262.0,,362,0.0,13.0,34.0,,893.0,1994.0,,,,,,,,,,,,,17076,3548597.0,127.31792311158466,261.00456039386836,10
2005-11-01,2005,11,Oklahoma,0.0,,4213.0,11951.0,,408,0.0,12.0,48.0,,908.0,2551.0,,,,,,,,,,,,,20091,3548597.0,118.72297699626077,336.78098696470744,11
2005-12-01,2005,12,Oklahoma,0.0,,6281.0,17477.0,,388,0.0,9.0,23.0,,884.0,1639.0,,,,,,,,,,,,,26701,3548597.0,176.9995296732765,492.5045024836577,12
2006-01-01,2006,1,Oklahoma,0.0,,4834.0,7594.0,,407,0.0,12.0,31.0,,962.0,1894.0,,,,,,,,,,,,,15734,3594090.0,134.49857961264186,211.29131435217258,01
2006-02-01,2006,2,Oklahoma,0.0,,6098.0,7895.0,,483,0.0,15.0,28.0,,1090.0,2190.0,,,,,,,,,,,,,17799,3594090.0,169.66742624697767,219.66617419151999,02
2006-03-01,2006,3,Oklahoma,0.0,,5349.0,7447.0,,387,0.0,6.0,9.0,,832.0,1610.0,,,,,,,,,,,,,15640,3594090.0,148.82765873976444,207.2012665236541,03
2006-04-01,2006,4,Oklahoma,0.0,,4920.0,6332.0,,358,0.0,4.0,14.0,,760.0,1340.0,,,,,,,,,,,,,13728,3594090.0,136.89139670959824,176.17811462706834,04
2006-05-01,2006,5,Oklahoma,0.0,,4373.0,4954.0,,304,0.0,3.0,15.0,,775.0,1322.0,,0.0,0.0,,,,,,,,,,11746,3594090.0,121.67196703477096,137.83739416653452,05
2006-06-01,2006,6,Oklahoma,0.0,,4499.0,4867.0,,352,0.0,10.0,11.0,,962.0,1508.0,,0.0,0.0,,,,,,,,,,12209,3594090.0,125.17772231635824,135.41675361496235,06
2006-07-01,2006,7,Oklahoma,0.0,,4070.0,4865.0,,290,0.0,11.0,17.0,,792.0,1376.0,,0.0,0.0,,,,,,,,,,11421,3594090.0,113.24146028619205,135.3611067057308,07
2006-08-01,2006,8,Oklahoma,0.0,,4679.0,7375.0,,355,0.0,17.0,23.0,,856.0,1697.0,,0.0,0.0,,,,,,,,,,15002,3594090.0,130.1859441471972,205.19797779131855,08
2006-09-01,2006,9,Oklahoma,0.0,,4360.0,8089.0,,396,0.0,12.0,18.0,,1015.0,1965.0,,0.0,0.0,,,,,,,,,,15855,3594090.0,121.31026212476594,225.06392438697972,09
2006-10-01,2006,10,Oklahoma,0.0,,4803.0,9211.0,,399,0.0,14.0,27.0,,895.0,1821.0,,,,,,,,,,,,,17170,3594090.0,133.63605251955295,256.2818404658759,10
2006-11-01,2006,11,Oklahoma,0.0,,4373.0,11003.0,,379,0.0,6.0,29.0,,852.0,2376.0,,,,,,,,,,,,,19018,3594090.0,121.67196703477096,306.14147113733935,11
2006-12-01,2006,12,Oklahoma,0.0,,7004.0,15609.0,,464,0.0,14.0,28.0,,811.0,1489.0,,,,,,,,,,,,,25419,3594090.0,194.8754761288671,434.2963030975852,12
2007-01-01,2007,1,Oklahoma,0.0,,4753.0,6433.0,,387,0.0,16.0,27.0,,894.0,1670.0,,,,,,,,,,,,,14180,3634349.0,130.77995536477096,177.0055655084308,01
2007-02-01,2007,2,Oklahoma,0.0,,6844.0,7614.0,,468,0.0,14.0,26.0,,1034.0,1968.0,,,,,,,,,,,,,17968,3634349.0,188.3143308471476,209.50106882965835,02
2007-03-01,2007,3,Oklahoma,0.0,,6651.0,7449.0,,472,0.0,21.0,14.0,,852.0,1556.0,,,,,,,,,,,,,17015,3634349.0,183.00388872945334,204.96105354769173,03
2007-04-01,2007,4,Oklahoma,0.0,,5906.0,5761.0,,398,0.0,15.0,17.0,,742.0,1219.0,,,,,,,,,,,,,14058,3634349.0,162.50503185027085,158.51532145096687,04
2007-05-01,2007,5,Oklahoma,0.0,,5403.0,4657.0,,392,0.0,14.0,13.0,,818.0,1365.0,,,,,,,,,,,,,12662,3634349.0,148.66486405130604,128.1384919279904,05
2007-06-01,2007,6,Oklahoma,0.0,,5249.0,4579.0,,373,0.0,15.0,24.0,,885.0,1451.0,,,,,,,,,,,,,12576,3634349.0,144.42751645480388,125.9923028856062,06
2007-07-01,2007,7,Oklahoma,0.0,,4681.0,4677.0,,342,0.0,10.0,8.0,,800.0,1286.0,,,,,,,,,,,,,11804,3634349.0,128.79885778718554,128.68879681065303,07
2007-08-01,2007,8,Oklahoma,0.0,,5187.0,7372.0,,436,0.0,17.0,24.0,,984.0,1734.0,,,,,,,,,,,,,15754,3634349.0,142.72157131854976,202.8423797494407,08
2007-09-01,2007,9,Oklahoma,0.0,,4390.0,6956.0,,391,0.0,12.0,15.0,,854.0,1602.0,,,,,,,,,,,,,14220,3634349.0,120.79192174444447,191.39603819005825,09
2007-10-01,2007,10,Oklahoma,0.0,,5318.0,8521.0,,456,0.0,10.0,18.0,,921.0,1962.0,,,,,,,,,,,,,17206,3634349.0,146.3260682999899,234.45739525840807,10
2007-11-01,2007,11,Oklahoma,0.0,,4681.0,10130.0,,474,0.0,8.0,19.0,,889.0,2390.0,,,,,,,,,,,,,18591,3634349.0,128.79885778718554,278.7294230686156,11
2007-12-01,2007,12,Oklahoma,0.0,,6978.0,13444.0,,467,0.0,13.0,12.0,,741.0,1392.0,,,,,,,,,,,,,23047,3634349.0,192.00137356098713,369.91494212581125,12
2008-01-01,2008,1,Oklahoma,0.0,,6291.0,6573.0,,497,0.0,5.0,14.0,,939.0,1687.0,,,,,,,,,,,,,16006,3668976.0,171.46473566466503,179.15080393003387,01
2008-02-01,2008,2,Oklahoma,0.0,,7937.0,7510.0,,560,0.0,10.0,11.0,,1226.0,2267.0,,,,,,,,,,,,,19521,3668976.0,216.32738944054145,204.6892647975893,02
2008-03-01,2008,3,Oklahoma,0.0,,7121.0,6599.0,,476,0.0,8.0,12.0,,787.0,1344.0,,,,,,,,,,,,,16347,3668976.0,194.0868514811762,179.8594485218764,03
2008-04-01,2008,4,Oklahoma,0.0,,6830.0,6547.0,,429,0.0,7.0,13.0,,751.0,1386.0,,,,,,,,,,,,,15963,3668976.0,186.15548316478495,178.44215933819137,04
2008-05-01,2008,5,Oklahoma,0.0,,6086.0,5451.0,,422,0.0,12.0,16.0,,981.0,1512.0,,,,,,,,,,,,,14480,3668976.0,165.877345613599,148.5700642359067,05
2008-06-01,2008,6,Oklahoma,0.0,,5447.0,4631.0,,415,0.0,3.0,9.0,,878.0,1429.0,,,,,,,,,,,,,12812,3668976.0,148.46104199100785,126.22050403164262,06
2008-07-01,2008,7,Oklahoma,0.0,,5543.0,4827.0,,426,0.0,11.0,7.0,,880.0,1372.0,,,,,,,,,,,,,13066,3668976.0,151.07757586858023,131.56259403168622,07
2008-08-01,2008,8,Oklahoma,0.0,,6250.0,7182.0,,487,0.0,6.0,14.0,,929.0,1505.0,,,,,,,,,,,,,16373,3668976.0,170.34725765445182,195.74944071588368,08
2008-09-01,2008,9,Oklahoma,0.0,,5209.0,7083.0,,482,0.0,3.0,18.0,,927.0,1596.0,,,,,,,,,,,,,15318,3668976.0,141.97421841952632,193.05114015463715,09
2008-10-01,2008,10,Oklahoma,0.0,,6289.0,8907.0,,612,0.0,4.0,14.0,,1022.0,2038.0,,,,,,,,,,,,,18886,3668976.0,171.41022454221562,242.76528382851237,10
2002-07-01,2002,7,Oregon,2.0,,2837.0,5185.0,,177,1.0,0.0,0.0,,0.0,0.0,,,,,,,,,,,,,8202,3513424.0,80.74744181174832,147.57683672679414,07
2002-08-01,2002,8,Oregon,14.0,,3629.0,7222.0,,245,0.0,0.0,0.0,,0.0,0.0,,,,,,,,,,,,,11110,3513424.0,103.28955457695969,205.55446766459158,08
2002-09-01,2002,9,Oregon,118.0,,3724.0,10604.0,,234,0.0,0.0,0.0,,0.0,0.0,,,,,,,,,,,,,14680,3513424.0,105.99346961824136,301.8138431342189,09
2002-10-01,2002,10,Oregon,29.0,,3423.0,8527.0,,208,0.0,0.0,0.0,,0.0,0.0,,,,,,,,,,,,,12187,3513424.0,97.42632827691733,242.69772165272397,10
2002-11-01,2002,11,Oregon,52.0,,3581.0,7807.0,,166,0.0,0.0,0.0,,0.0,0.0,,,,,,,,,,,,,11606,3513424.0,101.92336592452264,222.20489186616817,11
2002-12-01,2002,12,Oregon,100.0,,4269.0,11488.0,,163,0.0,0.0,0.0,,0.0,0.0,,,,,,,,,,,,,16020,3513424.0,121.50540327612038,326.97448414993465,12
2003-01-01,2003,1,Oregon,104.0,,3921.0,6204.0,,219,0.0,0.0,0.0,,0.0,0.0,,,,,,,,,,,,,10448,3547376.0,110.53240479723604,174.88983406326255,01
2003-02-01,2003,2,Oregon,82.0,,4163.0,6799.0,,233,0.0,0.0,0.0,,0.0,0.0,,,,,,,,,,,,,11277,3547376.0,117.35434867913635,191.66279526049678,02
2003-03-01,2003,3,Oregon,90.0,,5012.0,8312.0,,260,0.0,0.0,0.0,,0.0,0.0,,,,,,,,,,,,,13674,3547376.0,141.28753196729076,234.31403944774954,03
2003-04-01,2003,4,Oregon,54.0,,4110.0,7304.0,,219,0.0,0.0,0.0,,0.0,0.0,,,,,,,,,,,,,11687,3547376.0,115.86028658929868,205.89866989008215,04
2003-05-01,2003,5,Oregon,27.0,,3675.0,6415.0,,266,0.0,0.0,0.0,,0.0,0.0,,,,,,,,,,,,,10383,3547376.0,103.59770151232911,180.83789257186157,05
2003-06-01,2003,6,Oregon,30.0,,3390.0,5546.0,,206,0.0,0.0,0.0,,0.0,0.0,,,,,,,,,,,,,9172,3547376.0,95.56359404810767,156.3409122686741,06
2003-07-01,2003,7,Oregon,2.0,,3157.0,5178.0,,215,0.0,0.0,0.0,,0.0,0.0,,,,,,,,,,,,,8552,3547376.0,88.99535882297225,145.96704719206537,07
2003-08-01,2003,8,Oregon,57.0,,3755.0,7374.0,,224,0.0,0.0,0.0,,0.0,0.0,,,,,,,,,,,,,11410,3547376.0,105.85288957246145,207.87195944269791,08
2003-09-01,2003,9,Oregon,32.0,,4027.0,10257.0,,227,0.0,0.0,0.0,,0.0,0.0,,,,,,,,,,,,,14543,3547376.0,113.5205289769114,289.1432991597169,09
2003-10-01,2003,10,Oregon,16.0,,3465.0,8995.0,,222,0.0,0.0,0.0,,0.0,0.0,,,,,,,,,,,,,12698,3547376.0,97.67783285448174,253.56770751112936,10
2003-11-01,2003,11,Oregon,54.0,,3762.0,7957.0,,197,0.0,0.0,0.0,,0.0,0.0,,,,,,,,,,,,,11970,3547376.0,106.05021852772302,224.30664243091232,11
2003-12-01,2003,12,Oregon,69.0,,4850.0,11969.0,,258,0.0,0.0,0.0,,0.0,0.0,,,,,,,,,,,,,17146,3547376.0,136.72077614552276,337.4043236465489,12
2004-01-01,2004,1,Oregon,41.0,,3915.0,6612.0,,236,0.0,0.0,0.0,,0.0,0.0,,,,,,,,,,,,,10804,3569463.0,109.68036368495764,185.23794755681737,01
2004-02-01,2004,2,Oregon,15.0,,4340.0,7361.0,,282,0.0,0.0,0.0,,0.0,,,,,,,,,,,,,,11998,3569463.0,121.58691657540643,206.221496062573,02
2004-03-01,2004,3,Oregon,65.0,,4876.0,8346.0,,274,0.0,0.0,0.0,,0.0,0.0,,,,,,,,,,,,,13561,3569463.0,136.60318092665477,233.81668334984843,03
2004-04-01,2004,4,Oregon,23.0,,4199.0,7670.0,,295,0.0,0.0,0.0,,0.0,0.0,,,,,,,,,,,,,12187,3569463.0,117.63674255763402,214.8782603993934,04
2004-05-01,2004,5,Oregon,28.0,,3575.0,6712.0,,257,0.0,0.0,0.0,,0.0,0.0,,,,,,,,,,,,,10572,3569463.0,100.15512137259861,188.03948941339357,05
2004-06-01,2004,6,Oregon,48.0,,3670.0,6144.0,,247,0.0,0.0,0.0,,0.0,0.0,,,,,,,,,,,,,10109,3569463.0,102.816586136346,172.12673166804083,06
2004-07-01,2004,7,Oregon,12.0,,3260.0,5783.0,,244,0.0,0.0,0.0,,0.0,0.0,,,,,,,,,,,,,9299,3569463.0,91.33026452438364,162.0131655658008,07
2004-08-01,2004,8,Oregon,23.0,,3419.0,6796.0,,263,0.0,0.0,0.0,,0.0,0.0,,,,,,,,,,,,,10501,3569463.0,95.78471607633978,190.39278457291755,08
2004-09-01,2004,9,Oregon,65.0,,4230.0,10981.0,,261,0.0,0.0,0.0,,0.0,0.0,,,,,,,,,,,,,15537,3569463.0,118.50522053317265,307.6373112706309,09
2004-10-01,2004,10,Oregon,9.0,,3665.0,9105.0,,231,0.0,0.0,,,0.0,0.0,,,,,,,,,,,,,13010,3569463.0,102.6765090435172,255.08038604126165,10
2004-11-01,2004,11,Oregon,73.0,,3775.0,8782.0,,216,0.0,0.0,0.0,,0.0,0.0,,,,,,,,,,,,,12846,3569463.0,105.75820508575099,246.0314058445206,11
2004-12-01,2004,12,Oregon,68.0,,5118.0,13811.0,,267,0.0,0.0,0.0,,0.0,0.0,,,,,,,,,,,,,19264,3569463.0,143.38291221956916,386.92094581173694,12
2005-01-01,2005,1,Oregon,86.0,,4151.0,6726.0,,244,0.0,0.0,0.0,,0.0,0.0,,,,,,,,,,,,,11207,3613202.0,114.88424948286867,186.15067743237162,01
2005-02-01,2005,2,Oregon,63.0,,4778.0,8056.0,,293,0.0,0.0,0.0,,0.0,0.0,,,,,,,,,,,,,13190,3613202.0,132.2372787350389,222.96013342182363,02
2005-03-01,2005,3,Oregon,81.0,,5029.0,9014.0,,269,0.0,0.0,0.0,,0.0,0.0,,,,,,,,,,,,,14393,3613202.0,139.18402569244674,249.4740122473086,03
2005-04-01,2005,4,Oregon,46.0,,4694.0,8970.0,,323,0.0,0.0,0.0,,0.0,0.0,,,,,,,,,,,,,14033,3613202.0,129.91247098833665,248.25625580855984,04
2005-05-01,2005,5,Oregon,10.0,,3868.0,6861.0,,232,0.0,0.0,0.0,,0.0,0.0,,,,,,,,,,,,,10971,3613202.0,107.05186147909804,189.88697559671448,05
2005-06-01,2005,6,Oregon,28.0,,4110.0,6735.0,,253,0.0,0.0,0.0,,0.0,0.0,,,,,,,,,,,,,11126,3613202.0,113.74952189221636,186.39976397666115,06
2005-07-01,2005,7,Oregon,4.0,,3638.0,5531.0,,253,0.0,0.0,0.0,,0.0,0.0,,,,,,,,,,,,,9426,3613202.0,100.68631645836575,153.07751960726247,07
2005-08-01,2005,8,Oregon,28.0,,3998.0,6978.0,,241,0.0,0.0,0.0,,0.0,0.0,,,,,,,,,,,,,11245,3613202.0,110.64977822994673,193.1251006724783,08
2005-09-01,2005,9,Oregon,65.0,,4494.0,10907.0,,274,0.0,0.0,0.0,,0.0,0.0,,,,,,,,,,,,,15740,3613202.0,124.37721444856945,301.8652153962054,09
2005-10-01,2005,10,Oregon,11.0,,3949.0,8803.0,,257,0.0,0.0,0.0,,0.0,0.0,,,,,,,,,,,,,13020,3613202.0,109.29364037770377,243.63431659785422,10
2005-11-01,2005,11,Oregon,30.0,,4172.0,9235.0,,245,0.0,0.0,0.0,,0.0,0.0,,,,,,,,,,,,,13682,3613202.0,115.46545141954421,255.59047072375142,11
2005-12-01,2005,12,Oregon,30.0,,5588.0,14095.0,,299,0.0,0.0,0.0,,0.0,0.0,,,,,,,,,,,,,20012,3613202.0,154.65506772109615,390.09720464009484,12
2006-01-01,2006,1,Oregon,43.0,,4560.0,7400.0,,232,0.0,0.0,0.0,,0.0,0.0,,,,,,,,,,,,,12235,3670883.0,124.22079374363062,201.58637581203214,01
2006-02-01,2006,2,Oregon,24.0,,4706.0,8295.0,,316,0.0,0.0,0.0,,0.0,0.0,,,,,,,,,,,,,13341,3670883.0,128.19803845559775,225.96743072443334,02
2006-03-01,2006,3,Oregon,71.0,,5663.0,9612.0,,335,0.0,0.0,0.0,,0.0,0.0,,,,,,,,,,,,,15681,3670883.0,154.2680603004781,261.8443573385477,03
2006-04-01,2006,4,Oregon,57.0,,4796.0,8954.0,,257,0.0,0.0,0.0,,0.0,0.0,,,,,,,,,,,,,14064,3670883.0,130.64976464790624,243.91951473255892,04
2006-05-01,2006,5,Oregon,12.0,,4068.0,6994.0,,270,0.0,0.0,0.0,,0.0,0.0,,0.0,0.0,,,,,,,,,,11344,3670883.0,110.81802389234416,190.52636654450714,05
2006-06-01,2006,6,Oregon,11.0,,4371.0,6972.0,,281,0.0,0.0,0.0,,0.0,0.0,,0.0,0.0,,,,,,,,,,11635,3670883.0,119.07216873978277,189.9270556974984,06
2006-07-01,2006,7,Oregon,17.0,,3993.0,6043.0,,250,0.0,0.0,0.0,,0.0,0.0,,0.0,0.0,,,,,,,,,,10303,3670883.0,108.77491873208707,164.61979311244733,07
2006-08-01,2006,8,Oregon,33.0,,4456.0,7358.0,,261,0.0,0.0,0.0,,0.0,0.0,,0.0,0.0,,,,,,,,,,12108,3670883.0,121.38768792140746,200.4422369222882,08
2006-09-01,2006,9,Oregon,110.0,,4775.0,10813.0,,307,0.0,0.0,0.0,,0.0,0.0,,0.0,0.0,,,,,,,,,,16005,3670883.0,130.07769520303427,294.5612813047978,09
2006-10-01,2006,10,Oregon,48.0,,4271.0,8203.0,,290,0.0,0.0,0.0,,0.0,0.0,,,,,,,,,,,,,12812,3670883.0,116.34802852610666,223.46122172785132,10
2006-11-01,2006,11,Oregon,43.0,,4793.0,9110.0,,265,0.0,0.0,0.0,,0.0,0.0,,,,,,,,,,,,,14211,3670883.0,130.56804044149595,248.16917346589364,11
2006-12-01,2006,12,Oregon,76.0,,5912.0,13698.0,,280,0.0,0.0,0.0,,0.0,0.0,,,,,,,,,,,,,19966,3670883.0,161.05116943253162,373.1527264693535,12
2007-01-01,2007,1,Oregon,62.0,,4841.0,6939.0,,257,0.0,0.0,0.0,,0.0,0.0,,,,,,,,,,,,,12099,3722417.0,130.04991111957634,186.41114093343117,01
2007-02-01,2007,2,Oregon,22.0,,5260.0,7968.0,,323,0.0,0.0,0.0,,0.0,0.0,,,,,,,,,,,,,13573,3722417.0,141.30603852282,214.05447052278132,02
2007-03-01,2007,3,Oregon,121.0,,5962.0,9055.0,,307,0.0,0.0,0.0,,0.0,0.0,,,,,,,,,,,,,15445,3722417.0,160.1647531697819,243.2559275331055,03
2007-04-01,2007,4,Oregon,55.0,,5400.0,7923.0,,248,0.0,0.0,0.0,,0.0,0.0,,,,,,,,,,,,,13626,3722417.0,145.0670357458608,212.84557855823246,04
2007-05-01,2007,5,Oregon,7.0,,4653.0,6568.0,,245,0.0,0.0,0.0,,0.0,0.0,,,,,,,,,,,,,11473,3722417.0,124.99942913435007,176.44449829237294,05
2007-06-01,2007,6,Oregon,44.0,,5071.0,6751.0,,254,0.0,0.0,0.0,,0.0,0.0,,,,,,,,,,,,,12120,3722417.0,136.22869227171486,181.36065894820487,06
2007-07-01,2007,7,Oregon,23.0,,4153.0,5806.0,,256,0.0,0.0,0.0,,0.0,0.0,,,,,,,,,,,,,10238,3722417.0,111.56729619491851,155.97392769267924,07
2007-08-01,2007,8,Oregon,11.0,,4530.0,7346.0,,298,0.0,0.0,0.0,,0.0,0.0,,,,,,,,,,,,,12185,3722417.0,121.69512443124991,197.34489714612843,08
2007-09-01,2007,9,Oregon,85.0,,4751.0,10062.0,,276,0.0,0.0,0.0,,0.0,0.0,,,,,,,,,,,,,15174,3722417.0,127.63212719047867,270.30824327312064,09
2007-10-01,2007,10,Oregon,13.0,,4412.0,8032.0,,258,0.0,0.0,0.0,,0.0,0.0,,,,,,,,,,,,,12715,3722417.0,118.52514105754406,215.77378353902856,10
2007-11-01,2007,11,Oregon,61.0,,5000.0,8646.0,,281,0.0,0.0,0.0,,0.0,0.0,,,,,,,,,,,,,13988,3722417.0,134.3213293943156,232.2684427886505,11
2007-12-01,2007,12,Oregon,62.0,,6502.0,13106.0,,323,0.0,0.0,0.0,,0.0,0.0,,,,,,,,,,,,,19993,3722417.0,174.671456744368,352.08306860838,12
2008-01-01,2008,1,Oregon,43.0,,5439.0,6638.0,,279,0.0,0.0,0.0,,0.0,0.0,,,,,,,,,,,,,12399,3768748.0,144.3184845471228,176.13276345353947,01
2008-02-01,2008,2,Oregon,59.0,,5848.0,7882.0,,318,0.0,0.0,0.0,,0.0,0.0,,,,,,,,,,,,,14107,3768748.0,155.17089494972868,209.14107284435045,02
2008-03-01,2008,3,Oregon,147.0,,6730.0,9643.0,,347,0.0,0.0,0.0,,0.0,0.0,,,,,,,,,,,,,16867,3768748.0,178.5738924438567,255.86746580031354,03
2008-04-01,2008,4,Oregon,56.0,,6090.0,8196.0,,302,0.0,0.0,0.0,,0.0,0.0,,,,,,,,,,,,,14644,3768748.0,161.5921255546935,217.47275222434612,04
2008-05-01,2008,5,Oregon,11.0,,5676.0,7197.0,,290,0.0,0.0,0.0,,0.0,0.0,,,,,,,,,,,,,13174,3768748.0,150.60704509826604,190.96527547079296,05
2008-06-01,2008,6,Oregon,46.0,,5220.0,7084.0,,285,0.0,0.0,0.0,,0.0,0.0,,,,,,,,,,,,,12635,3768748.0,138.5075361897373,187.96693225442507,06
2008-07-01,2008,7,Oregon,9.0,,4896.0,5980.0,,269,0.0,0.0,0.0,,0.0,0.0,,,,,,,,,,,,,11154,3768748.0,129.91051670209842,158.67338437061858,07
2008-08-01,2008,8,Oregon,16.0,,4923.0,6912.0,,321,0.0,0.0,0.0,,0.0,0.0,,,,,,,,,,,,,12172,3768748.0,130.626934992735,183.40308240296247,08
2008-09-01,2008,9,Oregon,56.0,,5149.0,9058.0,,313,0.0,0.0,0.0,,0.0,0.0,,,,,,,,,,,,,14576,3768748.0,136.62362142547073,240.3450695031878,09
2008-10-01,2008,10,Oregon,10.0,,5201.0,9051.0,,347,0.0,0.0,0.0,,0.0,0.0,,,,,,,,,,,,,14609,3768748.0,138.00338998521525,240.1593314278376,10
2002-07-01,2002,7,Pennsylvania,462.0,,0.0,37547.0,,250,0.0,0.0,0.0,,0.0,0.0,,,,,,,,,,,,,38259,12331031.0,0.0,304.4919763805638,07
2002-08-01,2002,8,Pennsylvania,437.0,,0.0,43358.0,,608,0.0,0.0,0.0,,0.0,0.0,,,,,,,,,,,,,44403,12331031.0,0.0,351.61698969048086,08
2002-09-01,2002,9,Pennsylvania,407.0,,0.0,47082.0,,386,0.0,0.0,0.0,,0.0,0.0,,,,,,,,,,,,,47875,12331031.0,0.0,381.81722193383507,09
2002-10-01,2002,10,Pennsylvania,483.0,,0.0,57986.0,,402,0.0,0.0,0.0,,0.0,0.0,,,,,,,,,,,,,58871,12331031.0,0.0,470.24453997398916,10
2002-11-01,2002,11,Pennsylvania,293.0,,0.0,61455.0,,610,2.0,0.0,0.0,,0.0,0.0,,,,,,,,,,,,,62360,12331031.0,0.0,498.37681861313945,11
2002-12-01,2002,12,Pennsylvania,464.0,,0.0,50168.0,,277,0.0,0.0,0.0,,0.0,0.0,,,,,,,,,,,,,50909,12331031.0,0.0,406.8435153556909,12
2003-01-01,2003,1,Pennsylvania,421.0,,0.0,38600.0,,589,0.0,0.0,0.0,,0.0,0.0,,,,,,,,,,,,,39610,12374658.0,0.0,311.92781246964563,01
2003-02-01,2003,2,Pennsylvania,322.0,,0.0,39530.0,,378,1.0,0.0,0.0,,0.0,0.0,,,,,,,,,,,,,40231,12374658.0,0.0,319.4431716819972,02
2003-03-01,2003,3,Pennsylvania,497.0,,0.0,51962.0,,450,0.0,0.0,0.0,,0.0,0.0,,,,,,,,,,,,,52909,12374658.0,0.0,419.90655418517423,03
2003-04-01,2003,4,Pennsylvania,636.0,,0.0,41427.0,,499,1.0,0.0,0.0,,0.0,0.0,,,,,,,,,,,,,42563,12374658.0,0.0,334.7728882689122,04
2003-05-01,2003,5,Pennsylvania,328.0,,0.0,36697.0,,393,1.0,0.0,0.0,,0.0,0.0,,,,,,,,,,,,,37419,12374658.0,0.0,296.54960969426384,05
2003-06-01,2003,6,Pennsylvania,266.0,,0.0,32385.0,,254,0.0,0.0,0.0,,0.0,0.0,,,,,,,,,,,,,32905,12374658.0,0.0,261.7042022494682,06
2003-07-01,2003,7,Pennsylvania,307.0,,1.0,31603.0,,375,0.0,0.0,0.0,,0.0,0.0,,,,,,,,,,,,,32286,12374658.0,0.008081031411130715,255.384835685964,07
2003-08-01,2003,8,Pennsylvania,470.0,,0.0,37474.0,,634,0.0,0.0,0.0,,0.0,0.0,,,,,,,,,,,,,38578,12374658.0,0.0,302.8285711007124,08
2003-09-01,2003,9,Pennsylvania,302.0,,0.0,43246.0,,285,0.0,0.0,0.0,,0.0,0.0,,,,,,,,,,,,,43833,12374658.0,0.0,349.47228440575896,09
2003-10-01,2003,10,Pennsylvania,317.0,,1.0,50591.0,,401,1.0,0.0,0.0,,0.0,0.0,,,,,,,,,,,,,51311,12374658.0,0.008081031411130715,408.82746012051405,10
2003-11-01,2003,11,Pennsylvania,279.0,,0.0,54412.0,,581,0.0,0.0,0.0,,0.0,0.0,,,,,,,,,,,,,55272,12374658.0,0.0,439.70508114244456,11
2003-12-01,2003,12,Pennsylvania,229.0,,0.0,48476.0,,274,0.0,0.0,0.0,,0.0,0.0,,,,,,,,,,,,,48979,12374658.0,0.0,391.7360786859726,12
2004-01-01,2004,1,Pennsylvania,239.0,,0.0,37717.0,,161,0.0,0.0,0.0,,0.0,0.0,,,,,,,,,,,,,38117,12410722.0,0.0,303.9065736868492,01
2004-02-01,2004,2,Pennsylvania,372.0,,0.0,39844.0,,631,0.0,0.0,0.0,,0.0,0.0,,,,,,,,,,,,,40847,12410722.0,0.0,321.0449803000986,02
2004-03-01,2004,3,Pennsylvania,667.0,,0.0,49807.0,,216,0.0,0.0,0.0,,0.0,0.0,,,,,,,,,,,,,50690,12410722.0,0.0,401.32234047302006,03
2004-04-01,2004,4,Pennsylvania,328.0,,0.0,40637.0,,317,0.0,0.0,0.0,,0.0,0.0,,,,,,,,,,,,,41282,12410722.0,0.0,327.43461661618073,04
2004-05-01,2004,5,Pennsylvania,446.0,,0.0,31552.0,,283,0.0,0.0,0.0,,0.0,0.0,,,,,,,,,,,,,32281,12410722.0,0.0,254.23178441995557,05
2004-06-01,2004,6,Pennsylvania,366.0,,0.0,32034.0,,106,0.0,0.0,0.0,,0.0,0.0,,,,,,,,,,,,,32506,12410722.0,0.0,258.11552301308495,06
2004-07-01,2004,7,Pennsylvania,293.0,,0.0,33795.0,,147,0.0,0.0,0.0,,0.0,0.0,,,,,,,,,,,,,34235,12410722.0,0.0,272.3048667112195,07
2004-08-01,2004,8,Pennsylvania,206.0,,0.0,36647.0,,136,0.0,0.0,0.0,,0.0,0.0,,,,,,,,,,,,,36989,12410722.0,0.0,295.28499631205983,08
2004-09-01,2004,9,Pennsylvania,209.0,,0.0,41552.0,,106,0.0,0.0,0.0,,0.0,0.0,,,,,,,,,,,,,41867,12410722.0,0.0,334.8072739039679,09
2004-10-01,2004,10,Pennsylvania,171.0,,0.0,49444.0,,168,0.0,0.0,0.0,,0.0,0.0,,,,,,,,,,,,,49783,12410722.0,0.0,398.3974502047504,10
2004-11-01,2004,11,Pennsylvania,288.0,,0.0,54270.0,,409,0.0,0.0,0.0,,0.0,0.0,,,,,,,,,,,,,54967,12410722.0,0.0,437.2831814297347,11
2004-12-01,2004,12,Pennsylvania,191.0,,0.0,50690.0,,368,0.0,0.0,0.0,,0.0,0.0,,,,,,,,,,,,,51249,12410722.0,0.0,408.4371561944583,12
2005-01-01,2005,1,Pennsylvania,157.0,,0.0,33930.0,,149,0.0,0.0,0.0,,0.0,0.0,,,,,,,,,,,,,34236,12449990.0,0.0,272.5303393817987,01
2005-02-01,2005,2,Pennsylvania,367.0,,1.0,38863.0,,221,0.0,0.0,0.0,,0.0,0.0,,,,,,,,,,,,,39452,12449990.0,0.008032134965570252,312.15286116695677,02
2005-03-01,2005,3,Pennsylvania,368.0,,0.0,48228.0,,210,0.0,0.0,0.0,,0.0,0.0,,,,,,,,,,,,,48806,12449990.0,0.0,387.3738051195222,03
2005-04-01,2005,4,Pennsylvania,210.0,,0.0,40016.0,,189,2.0,0.0,0.0,,0.0,0.0,,,,,,,,,,,,,40417,12449990.0,0.0,321.4139127822593,04
2005-05-01,2005,5,Pennsylvania,224.0,,0.0,32008.0,,169,0.0,0.0,0.0,,0.0,0.0,,,,,,,,,,,,,32401,12449990.0,0.0,257.0925759779727,05
2005-06-01,2005,6,Pennsylvania,331.0,,0.0,30772.0,,452,0.0,0.0,0.0,,0.0,0.0,,,,,,,,,,,,,31555,12449990.0,0.0,247.16485716052782,06
2005-07-01,2005,7,Pennsylvania,499.0,,0.0,31319.0,,648,1.0,0.0,0.0,,0.0,0.0,,,,,,,,,,,,,32467,12449990.0,0.0,251.55843498669478,07
2005-08-01,2005,8,Pennsylvania,299.0,,0.0,35320.0,,117,0.0,0.0,0.0,,0.0,0.0,,,,,,,,,,,,,35736,12449990.0,0.0,283.69500698394137,08
2005-09-01,2005,9,Pennsylvania,200.0,,0.0,41184.0,,171,1.0,0.0,0.0,,0.0,0.0,,,,,,,,,,,,,41556,12449990.0,0.0,330.7954464220453,09
2005-10-01,2005,10,Pennsylvania,192.0,,0.0,44203.0,,267,0.0,0.0,0.0,,0.0,0.0,,,,,,,,,,,,,44662,12449990.0,0.0,355.0444618831019,10
2005-11-01,2005,11,Pennsylvania,174.0,,1.0,51087.0,,103,0.0,0.0,0.0,,0.0,0.0,,,,,,,,,,,,,51365,12449990.0,0.008032134965570252,410.3376789860875,11
2005-12-01,2005,12,Pennsylvania,196.0,,0.0,49746.0,,382,0.0,0.0,0.0,,0.0,0.0,,,,,,,,,,,,,50324,12449990.0,0.0,399.56658599725785,12
2006-01-01,2006,1,Pennsylvania,330.0,,1.0,38777.0,,156,0.0,0.0,0.0,,0.0,0.0,,,,,,,,,,,,,39264,12510809.0,0.007993088216757207,309.94798178119413,01
2006-02-01,2006,2,Pennsylvania,254.0,,0.0,41377.0,,148,0.0,0.0,0.0,,0.0,0.0,,,,,,,,,,,,,41779,12510809.0,0.0,330.7300111447629,02
2006-03-01,2006,3,Pennsylvania,206.0,,1.0,50145.0,,117,0.0,0.0,0.0,,0.0,0.0,,,,,,,,,,,,,50469,12510809.0,0.007993088216757207,400.81340862929005,03
2006-04-01,2006,4,Pennsylvania,195.0,,0.0,38480.0,,480,0.0,0.0,0.0,,0.0,0.0,,,,,,,,,,,,,39155,12510809.0,0.0,307.5740345808173,04
2006-05-01,2006,5,Pennsylvania,140.0,,0.0,34195.0,,91,0.0,0.0,0.0,,0.0,0.0,,15.0,0.0,,,,,,,,,,34441,12510809.0,0.0,273.32365157201264,05
2006-06-01,2006,6,Pennsylvania,215.0,,1.0,32925.0,,102,0.0,0.0,0.0,,0.0,0.0,,17.0,0.0,,,,,,,,,,33260,12510809.0,0.007993088216757207,263.172429536731,06
2006-07-01,2006,7,Pennsylvania,116.0,,0.0,31212.0,,82,1.0,0.0,0.0,,0.0,0.0,,47.0,0.0,,,,,,,,,,31458,12510809.0,0.0,249.4802694214259,07
2006-08-01,2006,8,Pennsylvania,158.0,,0.0,37895.0,,57,0.0,0.0,0.0,,0.0,0.0,,23.0,0.0,,,,,,,,,,38133,12510809.0,0.0,302.8980779740143,08
2006-09-01,2006,9,Pennsylvania,216.0,,0.0,46215.0,,76,1.0,0.0,0.0,,0.0,0.0,,32.0,0.0,,,,,,,,,,46540,12510809.0,0.0,369.4005719374342,09
2006-10-01,2006,10,Pennsylvania,138.0,,0.0,49226.0,,85,0.0,0.0,0.0,,0.0,0.0,,,,,,,,,,,,,49449,12510809.0,0.0,393.4677605580902,10
2006-11-01,2006,11,Pennsylvania,326.0,,0.0,56099.0,,516,0.0,0.0,0.0,,0.0,0.0,,,,,,,,,,,,,56941,12510809.0,0.0,448.4042558718625,11
2006-12-01,2006,12,Pennsylvania,171.0,,0.0,59214.0,,180,0.0,0.0,0.0,,0.0,0.0,,,,,,,,,,,,,59565,12510809.0,0.0,473.30272566706117,12
2007-01-01,2007,1,Pennsylvania,232.0,,1.0,45225.0,,112,0.0,0.0,0.0,,0.0,0.0,,,,,,,,,,,,,45570,12563937.0,0.00795928855740044,359.95882500843487,01
2007-02-01,2007,2,Pennsylvania,244.0,,0.0,43052.0,,95,0.0,0.0,0.0,,0.0,0.0,,,,,,,,,,,,,43391,12563937.0,0.0,342.6632909732037,02
2007-03-01,2007,3,Pennsylvania,215.0,,0.0,54723.0,,105,0.0,0.0,0.0,,0.0,0.0,,,,,,,,,,,,,55043,12563937.0,0.0,435.5561477266242,03
2007-04-01,2007,4,Pennsylvania,245.0,,0.0,44995.0,,97,0.0,0.0,0.0,,0.0,0.0,,,,,,,,,,,,,45337,12563937.0,0.0,358.12818864023274,04
2007-05-01,2007,5,Pennsylvania,188.0,,0.0,38683.0,,105,1.0,0.0,0.0,,0.0,0.0,,,,,,,,,,,,,38977,12563937.0,0.0,307.8891592659212,05
2007-06-01,2007,6,Pennsylvania,251.0,,0.0,40076.0,,75,1.0,0.0,0.0,,0.0,0.0,,,,,,,,,,,,,40403,12563937.0,0.0,318.97644822638,06
2007-07-01,2007,7,Pennsylvania,205.0,,0.0,38698.0,,85,0.0,0.0,0.0,,0.0,0.0,,,,,,,,,,,,,38988,12563937.0,0.0,308.00854859428216,07
2007-08-01,2007,8,Pennsylvania,286.0,,0.0,46903.0,,103,0.0,0.0,0.0,,0.0,0.0,,,,,,,,,,,,,47292,12563937.0,0.0,373.3145112077528,08
2007-09-01,2007,9,Pennsylvania,204.0,,0.0,45529.0,,116,0.0,0.0,0.0,,0.0,0.0,,,,,,,,,,,,,45849,12563937.0,0.0,362.3784487298846,09
2007-10-01,2007,10,Pennsylvania,222.0,,0.0,51900.0,,216,1.0,0.0,0.0,,0.0,0.0,,,,,,,,,,,,,52339,12563937.0,0.0,413.0870761290828,10
2007-11-01,2007,11,Pennsylvania,177.0,,0.0,55498.0,,144,0.0,0.0,0.0,,0.0,0.0,,,,,,,,,,,,,55819,12563937.0,0.0,441.7245963586096,11
2007-12-01,2007,12,Pennsylvania,177.0,,0.0,53300.0,,118,0.0,0.0,0.0,,0.0,0.0,,,,,,,,,,,,,53595,12563937.0,0.0,424.2300801094434,12
2008-01-01,2008,1,Pennsylvania,259.0,,0.0,44398.0,,96,2.0,0.0,0.0,,0.0,0.0,,,,,,,,,,,,,44755,12612285.0,0.0,352.0218580534772,01
2008-02-01,2008,2,Pennsylvania,218.0,,0.0,46330.0,,97,1.0,0.0,0.0,,0.0,0.0,,,,,,,,,,,,,46646,12612285.0,0.0,367.3402559488626,02
2008-03-01,2008,3,Pennsylvania,236.0,,0.0,55553.0,,219,1.0,0.0,0.0,,0.0,0.0,,,,,,,,,,,,,56009,12612285.0,0.0,440.4673697113568,03
2008-04-01,2008,4,Pennsylvania,199.0,,0.0,45631.0,,117,0.0,0.0,0.0,,0.0,0.0,,,,,,,,,,,,,45947,12612285.0,0.0,361.79804056124647,04
2008-05-01,2008,5,Pennsylvania,175.0,,1.0,40339.0,,112,3.0,0.0,0.0,,0.0,0.0,,,,,,,,,,,,,40630,12612285.0,0.007928777378563836,319.8389506738866,05
2008-06-01,2008,6,Pennsylvania,163.0,,0.0,35944.0,,111,0.0,0.0,0.0,,0.0,0.0,,,,,,,,,,,,,36218,12612285.0,0.0,284.99197409509856,06
2008-07-01,2008,7,Pennsylvania,170.0,,0.0,38032.0,,69,0.0,0.0,0.0,,0.0,0.0,,,,,,,,,,,,,38271,12612285.0,0.0,301.54726126153986,07
2008-08-01,2008,8,Pennsylvania,219.0,,0.0,41569.0,,122,1.0,0.0,0.0,,0.0,0.0,,,,,,,,,,,,,41911,12612285.0,0.0,329.5913468495201,08
2008-09-01,2008,9,Pennsylvania,182.0,,0.0,45924.0,,114,0.0,0.0,0.0,,0.0,0.0,,,,,,,,,,,,,46220,12612285.0,0.0,364.12117233316565,09
2008-10-01,2008,10,Pennsylvania,210.0,,0.0,54888.0,,120,0.0,0.0,0.0,,0.0,0.0,,,,,,,,,,,,,55218,12612285.0,0.0,435.1947327546119,10
2002-07-01,2002,7,Rhode Island,0.0,,323.0,291.0,,53,0.0,0.0,0.0,,0.0,0.0,,,,,,,,,,,,,667,1065995.0,30.300329738882454,27.29843948611391,07
2002-08-01,2002,8,Rhode Island,0.0,,339.0,346.0,,55,0.0,0.0,0.0,,0.0,0.0,,,,,,,,,,,,,740,1065995.0,31.80127486526672,32.45793835805984,08
2002-09-01,2002,9,Rhode Island,0.0,,318.0,411.0,,62,0.0,0.0,0.0,,0.0,0.0,,,,,,,,,,,,,791,1065995.0,29.831284386887365,38.55552793399593,09
2002-10-01,2002,10,Rhode Island,0.0,,344.0,541.0,,73,0.0,0.0,0.0,,1.0,0.0,,,,,,,,,,,,,959,1065995.0,32.27032021726181,50.750707085868136,10
2002-11-01,2002,11,Rhode Island,0.0,,344.0,495.0,,77,0.0,0.0,0.0,,2.0,0.0,,,,,,,,,,,,,918,1065995.0,32.27032021726181,46.43548984751336,11
2002-12-01,2002,12,Rhode Island,0.0,,281.0,479.0,,70,0.0,0.0,0.0,,0.0,0.0,,,,,,,,,,,,,830,1065995.0,26.360348782123747,44.934544721129086,12
2003-01-01,2003,1,Rhode Island,0.0,,317.0,396.0,,75,0.0,0.0,0.0,,1.0,1.0,,,,,,,,,,,,,790,1071342.0,29.589057462509636,36.96298660931803,01
2003-02-01,2003,2,Rhode Island,0.0,,374.0,356.0,,71,0.0,0.0,0.0,,1.0,1.0,,,,,,,,,,,,,803,1071342.0,34.909487353244806,33.22935159827581,02
2003-03-01,2003,3,Rhode Island,0.0,,387.0,399.0,,88,0.0,0.0,0.0,,0.0,1.0,,,,,,,,,,,,,875,1071342.0,36.122918731833536,37.243009235146204,03
2003-04-01,2003,4,Rhode Island,0.0,,372.0,361.0,,97,0.0,0.0,0.0,,0.0,1.0,,,,,,,,,,,,,831,1071342.0,34.722805602692695,33.69605597465609,04
2003-05-01,2003,5,Rhode Island,0.0,,357.0,317.0,,63,0.0,0.0,0.0,,0.0,0.0,,,,,,,,,,,,,737,1071342.0,33.32269247355186,29.589057462509636,05
2003-06-01,2003,6,Rhode Island,0.0,,309.0,245.0,,70,0.0,0.0,0.0,,0.0,1.0,,,,,,,,,,,,,625,1071342.0,28.84233046030119,22.868514442633632,06
2003-07-01,2003,7,Rhode Island,0.0,,303.0,308.0,,75,0.0,0.0,0.0,,0.0,3.0,,,,,,,,,,,,,689,1071342.0,28.28228520864486,28.74898958502514,07
2003-08-01,2003,8,Rhode Island,0.0,,298.0,348.0,,86,0.0,0.0,0.0,,0.0,1.0,,,,,,,,,,,,,733,1071342.0,27.81558083226458,32.48262459606736,08
2003-09-01,2003,9,Rhode Island,0.0,,307.0,434.0,,70,0.0,0.0,0.0,,0.0,0.0,,,,,,,,,,,,,811,1071342.0,28.65564870974908,40.50993986980814,09
2003-10-01,2003,10,Rhode Island,0.0,,360.0,507.0,,86,0.0,0.0,0.0,,1.0,1.0,,,,,,,,,,,,,955,1071342.0,33.60271509938003,47.32382376496021,10
2003-11-01,2003,11,Rhode Island,0.0,,320.0,518.0,,75,0.0,0.0,0.0,,0.0,2.0,,,,,,,,,,,,,915,1071342.0,29.869080088337807,48.35057339299682,11
2003-12-01,2003,12,Rhode Island,0.0,,306.0,510.0,,77,0.0,0.0,0.0,,1.0,2.0,,,,,,,,,,,,,896,1071342.0,28.562307834473028,47.60384639078838,12
2004-01-01,2004,1,Rhode Island,0.0,,344.0,387.0,,99,0.0,0.0,0.0,,0.0,1.0,,,,,,,,,,,,,831,1074579.0,32.012537002863446,36.014104128221376,01
2004-02-01,2004,2,Rhode Island,0.0,,344.0,384.0,,70,0.0,0.0,0.0,,1.0,0.0,,,,,,,,,,,,,799,1074579.0,32.012537002863446,35.73492502645222,02
2004-03-01,2004,3,Rhode Island,0.0,,483.0,440.0,,91,0.0,0.0,0.0,,0.0,1.0,,,,,,,,,,,,,1015,1074579.0,44.947835384834434,40.946268259476504,03
2004-04-01,2004,4,Rhode Island,0.0,,385.0,334.0,,72,0.0,0.0,0.0,,1.0,1.0,,,,,,,,,,,,,793,1074579.0,35.82798472704194,31.081939996966252,04
2004-05-01,2004,5,Rhode Island,0.0,,373.0,277.0,,71,0.0,0.0,0.0,,0.0,0.0,,,,,,,,,,,,,721,1074579.0,34.711268319965306,25.777537063352252,05
2004-06-01,2004,6,Rhode Island,0.0,,356.0,293.0,,84,0.0,0.0,0.0,,1.0,1.0,,,,,,,,,,,,,735,1074579.0,33.12925340994008,27.26649227278776,06
2004-07-01,2004,7,Rhode Island,0.0,,317.0,274.0,,71,0.0,0.0,0.0,,2.0,0.0,,,,,,,,,,,,,664,1074579.0,29.499925086941026,25.498357961583093,07
2004-08-01,2004,8,Rhode Island,0.0,,286.0,332.0,,65,0.0,0.0,0.0,,1.0,0.0,,,,,,,,,,,,,684,1074579.0,26.615074368659727,30.895820595786812,08
2004-09-01,2004,9,Rhode Island,0.0,,351.0,422.0,,78,0.0,0.0,0.0,,0.0,0.0,,,,,,,,,,,,,851,1074579.0,32.663954906991485,39.271193648861555,09
2004-10-01,2004,10,Rhode Island,0.0,,340.0,542.0,,101,0.0,0.0,0.0,,1.0,2.0,,,,,,,,,,,,,986,1074579.0,31.64029820050457,50.43835771962787,10
2004-11-01,2004,11,Rhode Island,0.0,,334.0,569.0,,82,0.0,0.0,0.0,,0.0,0.0,,,,,,,,,,,,,985,1074579.0,31.081939996966252,52.950969635550294,11
2004-12-01,2004,12,Rhode Island,0.0,,373.0,527.0,,89,0.0,0.0,0.0,,1.0,0.0,,,,,,,,,,,,,990,1074579.0,34.711268319965306,49.042462210782084,12
2005-01-01,2005,1,Rhode Island,0.0,,362.0,381.0,,87,0.0,0.0,0.0,,0.0,1.0,,,,,,,,,,,,,831,1067916.0,33.897797205023615,35.6769633566685,01
2005-02-01,2005,2,Rhode Island,0.0,,359.0,333.0,,80,0.0,0.0,0.0,,0.0,2.0,,,,,,,,,,,,,774,1067916.0,33.61687623371127,31.182227815670895,02
2005-03-01,2005,3,Rhode Island,0.0,,474.0,432.0,,112,0.0,0.0,0.0,,0.0,0.0,,,,,,,,,,,,,1018,1067916.0,44.385513467351366,40.45261986897846,03
2005-04-01,2005,4,Rhode Island,0.0,,374.0,374.0,,82,0.0,0.0,0.0,,1.0,0.0,,,,,,,,,,,,,831,1067916.0,35.021481090273014,35.021481090273014,04
2005-05-01,2005,5,Rhode Island,0.0,,353.0,266.0,,72,0.0,0.0,0.0,,0.0,2.0,,,,,,,,,,,,,693,1067916.0,33.055034291086564,24.908326123028402,05
2005-06-01,2005,6,Rhode Island,0.0,,289.0,209.0,,68,0.0,0.0,0.0,,1.0,0.0,,,,,,,,,,,,,567,1067916.0,27.062053569756422,19.570827668093745,06
2005-07-01,2005,7,Rhode Island,0.0,,293.0,267.0,,58,0.0,0.0,0.0,,1.0,1.0,,,,,,,,,,,,,620,1067916.0,27.43661486483956,25.001966446799184,07
2005-08-01,2005,8,Rhode Island,0.0,,310.0,291.0,,59,0.0,0.0,0.0,,0.0,1.0,,,,,,,,,,,,,661,1067916.0,29.028500368942876,27.24933421729799,08
2005-09-01,2005,9,Rhode Island,0.0,,353.0,421.0,,58,0.0,0.0,0.0,,2.0,1.0,,,,,,,,,,,,,835,1067916.0,33.055034291086564,39.422576307499845,09
2005-10-01,2005,10,Rhode Island,0.0,,375.0,437.0,,87,0.0,0.0,0.0,,2.0,1.0,,,,,,,,,,,,,902,1067916.0,35.115121414043806,40.92082148783238,10
2005-11-01,2005,11,Rhode Island,0.0,,350.0,500.0,,93,0.0,0.0,0.0,,1.0,1.0,,,,,,,,,,,,,945,1067916.0,32.774113319774216,46.820161885391734,11
2005-12-01,2005,12,Rhode Island,0.0,,365.0,505.0,,100,0.0,0.0,0.0,,1.0,1.0,,,,,,,,,,,,,972,1067916.0,34.17871817633596,47.28836350424565,12
2006-01-01,2006,1,Rhode Island,0.0,,368.0,382.0,,98,0.0,0.0,0.0,,0.0,0.0,,,,,,,,,,,,,848,1063096.0,34.615876647076085,35.93278499778007,01
2006-02-01,2006,2,Rhode Island,0.0,,408.0,340.0,,90,0.0,0.0,0.0,,0.0,1.0,,,,,,,,,,,,,839,1063096.0,38.37847193480175,31.982059945668123,02
2006-03-01,2006,3,Rhode Island,0.0,,482.0,439.0,,93,0.0,0.0,0.0,,1.0,2.0,,,,,,,,,,,,,1017,1063096.0,45.339273217094224,41.29448328278914,03
2006-04-01,2006,4,Rhode Island,0.0,,349.0,338.0,,79,0.0,0.0,0.0,,1.0,5.0,,,,,,,,,,,,,772,1063096.0,32.8286438854064,31.793930181281837,04
2006-05-01,2006,5,Rhode Island,0.0,,378.0,314.0,,91,0.0,0.0,0.0,,0.0,0.0,,0.0,0.0,,,,,,,,,,783,1063096.0,35.556525469007504,29.536373008646443,05
2006-06-01,2006,6,Rhode Island,0.0,,305.0,284.0,,68,0.0,0.0,0.0,,1.0,1.0,,0.0,0.0,,,,,,,,,,659,1063096.0,28.689789068908173,26.714426542852195,06
2006-07-01,2006,7,Rhode Island,0.0,,288.0,269.0,,73,0.0,0.0,0.0,,0.0,2.0,,0.0,0.0,,,,,,,,,,632,1063096.0,27.090686071624763,25.303453309955074,07
2006-08-01,2006,8,Rhode Island,0.0,,310.0,307.0,,83,0.0,0.0,0.0,,1.0,2.0,,0.0,0.0,,,,,,,,,,703,1063096.0,29.16011347987388,28.87791883329445,08
2006-09-01,2006,9,Rhode Island,0.0,,336.0,415.0,,83,0.0,0.0,0.0,,0.0,2.0,,0.0,0.0,,,,,,,,,,836,1063096.0,31.60580041689556,39.03692611015374,09
2006-10-01,2006,10,Rhode Island,0.0,,343.0,424.0,,92,0.0,0.0,0.0,,0.0,1.0,,,,,,,,,,,,,860,1063096.0,32.26425459224755,39.88351004989201,10
2006-11-01,2006,11,Rhode Island,0.0,,352.0,477.0,,101,0.0,0.0,0.0,,2.0,1.0,,,,,,,,,,,,,933,1063096.0,33.11083853198582,44.868948806128515,11
2006-12-01,2006,12,Rhode Island,0.0,,396.0,554.0,,104,0.0,0.0,0.0,,0.0,0.0,,,,,,,,,,,,,1054,1063096.0,37.24969334848405,52.111944735000414,12
2007-01-01,2007,1,Rhode Island,0.0,,426.0,372.0,,85,0.0,0.0,0.0,,0.0,2.0,,,,,,,,,,,,,885,1057315.0,40.29073644089037,35.183459990636656,01
2007-02-01,2007,2,Rhode Island,0.0,,418.0,381.0,,96,0.0,0.0,0.0,,0.0,1.0,,,,,,,,,,,,,896,1057315.0,39.53410289270463,36.03467273234561,02
2007-03-01,2007,3,Rhode Island,0.0,,461.0,451.0,,112,0.0,0.0,0.0,,0.0,0.0,,,,,,,,,,,,,1024,1057315.0,43.601008214202956,42.65521627897079,03
2007-04-01,2007,4,Rhode Island,0.0,,432.0,391.0,,77,0.0,0.0,0.0,,0.0,1.0,,,,,,,,,,,,,901,1057315.0,40.85821160202967,36.980464667577785,04
2007-05-01,2007,5,Rhode Island,0.0,,403.0,326.0,,66,0.0,0.0,0.0,,0.0,0.0,,,,,,,,,,,,,795,1057315.0,38.11541498985638,30.832817088568685,05
2007-06-01,2007,6,Rhode Island,0.0,,347.0,298.0,,72,0.0,0.0,0.0,,0.0,0.0,,,,,,,,,,,,,717,1057315.0,32.818980152556236,28.184599669918615,06
2007-07-01,2007,7,Rhode Island,0.0,,310.0,306.0,,52,0.0,0.0,0.0,,0.0,0.0,,,,,,,,,,,,,668,1057315.0,29.319549992197214,28.941233218104347,07
2007-08-01,2007,8,Rhode Island,0.0,,339.0,368.0,,58,0.0,0.0,0.0,,0.0,0.0,,,,,,,,,,,,,765,1057315.0,32.062346604370504,34.80514321654379,08
2007-09-01,2007,9,Rhode Island,0.0,,330.0,404.0,,62,0.0,0.0,0.0,,0.0,0.0,,,,,,,,,,,,,796,1057315.0,31.21113386266155,38.20999418337959,09
2007-10-01,2007,10,Rhode Island,0.0,,377.0,455.0,,79,0.0,0.0,0.0,,0.0,0.0,,,,,,,,,,,,,911,1057315.0,35.656355958252746,43.03353305306366,10
2007-11-01,2007,11,Rhode Island,0.0,,334.0,492.0,,91,0.0,0.0,0.0,,0.0,0.0,,,,,,,,,,,,,917,1057315.0,31.589450636754417,46.53296321342268,11
2007-12-01,2007,12,Rhode Island,0.0,,358.0,490.0,,99,0.0,0.0,0.0,,0.0,0.0,,,,,,,,,,,,,947,1057315.0,33.859351281311625,46.34380482637624,12
2008-01-01,2008,1,Rhode Island,0.0,,422.0,401.0,,98,0.0,0.0,0.0,,0.0,0.0,,,,,,,,,,,,,921,1055003.0,39.99988625624761,38.00937058946752,01
2008-02-01,2008,2,Rhode Island,0.0,,441.0,437.0,,95,0.0,0.0,0.0,,0.0,0.0,,,,,,,,,,,,,973,1055003.0,41.80082900238198,41.421683161090534,02
2008-03-01,2008,3,Rhode Island,0.0,,560.0,443.0,,119,0.0,0.0,0.0,,0.0,0.0,,,,,,,,,,,,,1122,1055003.0,53.08041778080252,41.990401923027704,03
2008-04-01,2008,4,Rhode Island,0.0,,450.0,376.0,,104,0.0,0.0,0.0,,0.0,0.0,,,,,,,,,,,,,930,1055003.0,42.65390714528774,35.63970908139598,04
2008-05-01,2008,5,Rhode Island,0.0,,497.0,373.0,,76,0.0,0.0,0.0,,0.0,0.0,,,,,,,,,,,,,946,1055003.0,47.10887078046223,35.355349700427396,05
2008-06-01,2008,6,Rhode Island,0.0,,377.0,296.0,,71,0.0,0.0,0.0,,0.0,0.0,,,,,,,,,,,,,744,1055003.0,35.73449554171884,28.056792255567043,06
2008-07-01,2008,7,Rhode Island,0.0,,410.0,326.0,,94,0.0,0.0,0.0,,0.0,0.0,,,,,,,,,,,,,830,1055003.0,38.862448732373274,30.9003860652529,07
2008-08-01,2008,8,Rhode Island,0.0,,430.0,342.0,,74,0.0,0.0,0.0,,0.0,0.0,,,,,,,,,,,,,846,1055003.0,40.75817793883051,32.41696943041868,08
2008-09-01,2008,9,Rhode Island,0.0,,416.0,438.0,,77,0.0,0.0,0.0,,0.0,0.0,,,,,,,,,,,,,931,1055003.0,39.43116749431044,41.5164696214134,09
2008-10-01,2008,10,Rhode Island,0.0,,527.0,537.0,,107,0.0,0.0,0.0,,0.0,0.0,,,,,,,,,,,,,1171,1055003.0,49.95246459014808,50.900329193376706,10
2002-07-01,2002,7,South Carolina,993.0,,2322.0,2805.0,,69,2.0,4.0,5.0,,371.0,596.0,,,,,,,,,,,,,7167,4107795.0,56.526676720722435,68.28480973368924,07
2002-08-01,2002,8,South Carolina,907.0,,2801.0,5543.0,,91,0.0,2.0,9.0,,482.0,922.0,,,,,,,,,,,,,10757,4107795.0,68.18743389093176,134.93857410119054,08
2002-09-01,2002,9,South Carolina,875.0,,2619.0,5312.0,,80,0.0,3.0,6.0,,413.0,827.0,,,,,,,,,,,,,10135,4107795.0,63.756833045465996,129.31511918194556,09
2002-10-01,2002,10,South Carolina,1035.0,,2668.0,5596.0,,103,0.0,5.0,6.0,,449.0,986.0,,,,,,,,,,,,,10848,4107795.0,64.94968711924524,136.22880401772727,10
2002-11-01,2002,11,South Carolina,783.0,,2843.0,7295.0,,101,1.0,4.0,4.0,,447.0,882.0,,,,,,,,,,,,,12360,4107795.0,69.2098802398854,177.58919322897077,11
2002-12-01,2002,12,South Carolina,667.0,,3649.0,11454.0,,105,0.0,4.0,9.0,,397.0,676.0,,,,,,,,,,,,,16961,4107795.0,88.83111255551944,278.83572573607006,12
2003-01-01,2003,1,South Carolina,1020.0,,3378.0,4271.0,,133,0.0,5.0,10.0,,512.0,831.0,,,,,,,,,,,,,10160,4150297.0,81.39176545678538,102.90829788807885,01
2003-02-01,2003,2,South Carolina,806.0,,4325.0,4464.0,,156,0.0,5.0,14.0,,666.0,1047.0,,,,,,,,,,,,,11483,4150297.0,104.2094095916509,107.55856749529009,02
2003-03-01,2003,3,South Carolina,1122.0,,3626.0,4242.0,,111,0.0,1.0,12.0,,385.0,650.0,,,,,,,,,,,,,10149,4150297.0,87.36724142874594,102.20955271393831,03
2003-04-01,2003,4,South Carolina,519.0,,2966.0,2975.0,,94,0.0,5.0,8.0,,375.0,585.0,,,,,,,,,,,,,7527,4150297.0,71.46476505175413,71.68161700234947,04
2003-05-01,2003,5,South Carolina,1054.0,,2755.0,2675.0,,77,0.0,3.0,9.0,,385.0,573.0,,,,,,,,,,,,,7531,4150297.0,66.38079154335219,64.45321864917138,05
2003-06-01,2003,6,South Carolina,1450.0,,2419.0,2591.0,,89,0.0,4.0,5.0,,386.0,566.0,,,,,,,,,,,,,7510,4150297.0,58.28498538779273,62.42926711028151,06
2003-07-01,2003,7,South Carolina,756.0,,2421.0,2835.0,,89,0.0,3.0,15.0,,452.0,610.0,,,,,,,,,,,,,7181,4150297.0,58.33317471014725,68.30836443753303,07
2003-08-01,2003,8,South Carolina,867.0,,2832.0,5076.0,,96,0.0,3.0,8.0,,451.0,926.0,,,,,,,,,,,,,10259,4150297.0,68.23608045400124,122.30450013577341,08
2003-09-01,2003,9,South Carolina,784.0,,2683.0,5115.0,,98,0.0,2.0,6.0,,378.0,840.0,,,,,,,,,,,,,9906,4150297.0,64.64597593858946,123.24419192168658,09
2003-10-01,2003,10,South Carolina,802.0,,2797.0,5902.0,,97,0.0,5.0,9.0,,459.0,1029.0,,,,,,,,,,,,,11100,4150297.0,67.39276731279713,142.20669026819044,10
2003-11-01,2003,11,South Carolina,606.0,,2778.0,6824.0,,102,0.0,2.0,5.0,,392.0,713.0,,,,,,,,,,,,,11422,4150297.0,66.93496875042918,164.42196787362445,11
2003-12-01,2003,12,South Carolina,716.0,,3996.0,11223.0,,125,0.0,4.0,4.0,,414.0,642.0,,,,,,,,,,,,,17124,4150297.0,96.28226606433226,270.41438239239267,12
2004-01-01,2004,1,South Carolina,800.0,,3469.0,4436.0,,120,0.0,6.0,9.0,,501.0,720.0,,,,,,,,,,,,,10061,4210921.0,82.3810278084058,105.34512521132551,01
2004-02-01,2004,2,South Carolina,1075.0,,4146.0,4322.0,,145,0.0,8.0,9.0,,605.0,952.0,,,,,,,,,,,,,11262,4210921.0,98.4582707678439,102.63787898181894,02
2004-03-01,2004,3,South Carolina,1187.0,,3527.0,4117.0,,98,0.0,5.0,4.0,,437.0,577.0,,,,,,,,,,,,,9952,4210921.0,83.75839869710214,97.76958532349573,03
2004-04-01,2004,4,South Carolina,947.0,,2790.0,2877.0,,100,0.0,5.0,7.0,,436.0,628.0,,,,,,,,,,,,,7790,4210921.0,66.25628930108165,68.32234563412612,04
2004-05-01,2004,5,South Carolina,726.0,,2688.0,2486.0,,78,0.0,4.0,3.0,,380.0,518.0,,,,,,,,,,,,,6883,4210921.0,63.83401635889156,59.03696602239748,05
2004-06-01,2004,6,South Carolina,861.0,,2602.0,2528.0,,107,0.0,5.0,4.0,,421.0,564.0,,,,,,,,,,,,,7092,4210921.0,61.79170779979012,60.03437252800516,06
2004-07-01,2004,7,South Carolina,731.0,,2652.0,2904.0,,101,9.0,5.0,3.0,,469.0,622.0,,,,,,,,,,,,,7496,4210921.0,62.97909649694212,68.9635355305882,07
2004-08-01,2004,8,South Carolina,819.0,,2709.0,4661.0,,106,0.0,4.0,5.0,,424.0,740.0,,,,,,,,,,,,,9468,4210921.0,64.3327196116954,110.6883743485095,08
2004-09-01,2004,9,South Carolina,822.0,,2801.0,5739.0,,122,0.0,8.0,9.0,,438.0,793.0,,,,,,,,,,,,,10732,4210921.0,66.51751481445508,136.28847465910664,09
2004-10-01,2004,10,South Carolina,814.0,,2933.0,6295.0,,131,0.0,4.0,5.0,,446.0,915.0,,,,,,,,,,,,,11543,4210921.0,69.65222097493636,149.49223697143688,10
2004-11-01,2004,11,South Carolina,872.0,,2980.0,7599.0,,119,2.0,5.0,7.0,,402.0,825.0,,,,,,,,,,,,,12811,4210921.0,70.76836635025924,180.45933419316106,11
2004-12-01,2004,12,South Carolina,1154.0,,4350.0,12322.0,,147,0.0,5.0,9.0,,409.0,667.0,,,,,,,,,,,,,19063,4210921.0,103.30281665222407,292.62007052613905,12
2005-01-01,2005,1,South Carolina,1490.0,,3613.0,4360.0,,145,0.0,9.0,8.0,,530.0,738.0,,,,,,,,,,,,,10893,4270150.0,84.61061086847066,102.10414154069528,01
2005-02-01,2005,2,South Carolina,1736.0,,4776.0,4744.0,,134,1.0,4.0,7.0,,621.0,898.0,,,,,,,,,,,,,12921,4270150.0,111.8461880730185,111.09679987822442,02
2005-03-01,2005,3,South Carolina,2134.0,,4232.0,4609.0,,137,0.0,5.0,4.0,,418.0,644.0,,,,,,,,,,,,,12183,4270150.0,99.10658876151892,107.93531843143684,03
2005-04-01,2005,4,South Carolina,1587.0,,3581.0,3230.0,,104,1.0,3.0,4.0,,410.0,577.0,,,,,,,,,,,,,9497,4270150.0,83.86122267367658,75.64137091202885,04
2005-05-01,2005,5,South Carolina,1665.0,,2773.0,2619.0,,100,0.0,3.0,1.0,,414.0,482.0,,,,,,,,,,,,,8057,4270150.0,64.9391707551257,61.33274006767912,05
2005-06-01,2005,6,South Carolina,1495.0,,2974.0,2758.0,,96,0.0,1.0,5.0,,451.0,560.0,,,,,,,,,,,,,8340,4270150.0,69.6462653536761,64.58789503881597,06
2005-07-01,2005,7,South Carolina,1257.0,,2903.0,3202.0,,99,0.0,3.0,6.0,,418.0,576.0,,,,,,,,,,,,,8464,4270150.0,67.98356029647671,74.98565624158401,07
2005-08-01,2005,8,South Carolina,1534.0,,3036.0,4826.0,,130,0.0,6.0,6.0,,518.0,743.0,,,,,,,,,,,,,10799,4270150.0,71.09820498108967,113.01710712738429,08
2005-09-01,2005,9,South Carolina,1325.0,,3406.0,5590.0,,132,0.0,5.0,9.0,,492.0,790.0,,,,,,,,,,,,,11749,4270150.0,79.76300598339637,130.90875027809327,09
2005-10-01,2005,10,South Carolina,1463.0,,3268.0,6099.0,,150,0.0,8.0,5.0,,428.0,886.0,,,,,,,,,,,,,12307,4270150.0,76.53126939334683,142.82870625153683,10
2005-11-01,2005,11,South Carolina,1844.0,,3700.0,8201.0,,138,0.0,6.0,3.0,,450.0,824.0,,,,,,,,,,,,,15166,4270150.0,86.6480100230671,192.05414329707386,11
2005-12-01,2005,12,South Carolina,1311.0,,5047.0,13792.0,,192,0.0,8.0,11.0,,408.0,666.0,,,,,,,,,,,,,21435,4270150.0,118.192569347681,322.98631195625444,12
2006-01-01,2006,1,South Carolina,1901.0,,4345.0,5155.0,,131,0.0,2.0,9.0,,576.0,734.0,,,,,,,,,,,,,12853,4357847.0,99.70519846153388,118.29235858900049,01
2006-02-01,2006,2,South Carolina,1862.0,,5052.0,5015.0,,197,0.0,6.0,9.0,,604.0,923.0,,,,,,,,,,,,,13668,4357847.0,115.92880612834732,115.07976301141368,02
2006-03-01,2006,3,South Carolina,1976.0,,4384.0,4820.0,,134,0.0,3.0,11.0,,451.0,651.0,,,,,,,,,,,,,12430,4357847.0,100.60013580100448,110.6050763140606,03
2006-04-01,2006,4,South Carolina,1747.0,,3199.0,3238.0,,119,3.0,2.0,3.0,,389.0,508.0,,,,,,,,,,,,,9208,4357847.0,73.40780894785888,74.3027462873295,04
2006-05-01,2006,5,South Carolina,2247.0,,2981.0,2689.0,,111,0.0,2.0,1.0,,446.0,470.0,,0.0,0.0,,,,,,,,,,8947,4357847.0,68.40533869133084,61.70478220093546,05
2006-06-01,2006,6,South Carolina,2669.0,,3267.0,2792.0,,112,0.0,1.0,12.0,,475.0,558.0,,0.0,0.0,,,,,,,,,,9886,4357847.0,74.96821251411534,64.06833466158862,06
2006-07-01,2006,7,South Carolina,1514.0,,3394.0,3186.0,,112,0.0,2.0,6.0,,423.0,525.0,,0.0,0.0,,,,,,,,,,9162,4357847.0,77.88249564521196,73.10949650136868,07
2006-08-01,2006,8,South Carolina,1688.0,,3332.0,5097.0,,140,1.0,3.0,4.0,,443.0,691.0,,0.0,0.0,,,,,,,,,,11399,4357847.0,76.45977474656637,116.96142613542881,08
2006-09-01,2006,9,South Carolina,1488.0,,3407.0,5773.0,,139,27.0,6.0,6.0,,495.0,805.0,,0.0,0.0,,,,,,,,,,12146,4357847.0,78.18080809170216,132.47367335291946,09
2006-10-01,2006,10,South Carolina,1564.0,,3517.0,6273.0,,131,0.0,7.0,22.0,,442.0,747.0,,,,,,,,,,,,,12703,4357847.0,80.70499033123467,143.94722898715813,10
2006-11-01,2006,11,South Carolina,1525.0,,3886.0,8933.0,,154,0.0,6.0,5.0,,421.0,759.0,,,,,,,,,,,,,15689,4357847.0,89.17247438930279,204.98654496130774,11
2006-12-01,2006,12,South Carolina,1366.0,,5159.0,12689.0,,195,0.0,4.0,9.0,,453.0,638.0,,,,,,,,,,,,,20513,4357847.0,118.38414703407439,291.1758948857085,12
2007-01-01,2007,1,South Carolina,1783.0,,4503.0,4682.0,,147,0.0,4.0,3.0,,513.0,703.0,,,,,,,,,,,,,12338,4444110.0,101.32512471563486,105.35292780781754,01
2007-02-01,2007,2,South Carolina,1984.0,,5428.0,4683.0,,163,0.0,5.0,7.0,,530.0,775.0,,,,,,,,,,,,,13575,4444110.0,122.1391909741208,105.37542950106996,02
2007-03-01,2007,3,South Carolina,2603.0,,4383.0,4483.0,,187,1.0,4.0,15.0,,433.0,558.0,,,,,,,,,,,,,12667,4444110.0,98.62492152534479,100.8750908505865,03
2007-04-01,2007,4,South Carolina,2180.0,,3963.0,2926.0,,119,0.0,4.0,3.0,,332.0,456.0,,,,,,,,,,,,,9983,4444110.0,89.17421035932954,65.83995445657285,04
2007-05-01,2007,5,South Carolina,2877.0,,3555.0,2549.0,,116,1.0,7.0,9.0,,387.0,470.0,,,,,,,,,,,,,9971,4444110.0,79.9935195123433,57.35681610041155,05
2007-06-01,2007,6,South Carolina,2006.0,,3764.0,2746.0,,116,0.0,10.0,12.0,,380.0,503.0,,,,,,,,,,,,,9537,4444110.0,84.69637340209852,61.789649671137745,06
2007-07-01,2007,7,South Carolina,1978.0,,3334.0,3177.0,,93,0.0,4.0,9.0,,385.0,512.0,,,,,,,,,,,,,9492,4444110.0,75.02064530355909,71.48787946292958,07
2007-08-01,2007,8,South Carolina,2009.0,,3760.0,5010.0,,145,4.0,5.0,13.0,,464.0,735.0,,,,,,,,,,,,,12145,4444110.0,84.60636662908884,112.7334831946104,08
2007-09-01,2007,9,South Carolina,1502.0,,3573.0,5140.0,,161,0.0,1.0,11.0,,381.0,579.0,,,,,,,,,,,,,11348,4444110.0,80.3985499908868,115.65870331742462,09
2007-10-01,2007,10,South Carolina,2157.0,,3832.0,5818.0,,135,0.0,4.0,10.0,,449.0,794.0,,,,,,,,,,,,,13199,4444110.0,86.22648854326287,130.91485134256354,10
2007-11-01,2007,11,South Carolina,1719.0,,3898.0,7987.0,,156,0.0,6.0,5.0,,472.0,746.0,,,,,,,,,,,,,14989,4444110.0,87.71160029792242,179.7210240070565,11
2007-12-01,2007,12,South Carolina,1688.0,,6008.0,11940.0,,204,0.0,7.0,6.0,,439.0,597.0,,,,,,,,,,,,,20889,4444110.0,135.1901730605228,268.6702174338619,12
2008-01-01,2008,1,South Carolina,2217.0,,5136.0,4754.0,,191,0.0,2.0,2.0,,582.0,669.0,,,,,,,,,,,,,13553,4528996.0,113.4026172688163,104.96807680995964,01
2008-02-01,2008,2,South Carolina,2891.0,,7339.0,5176.0,,220,0.0,0.0,4.0,,664.0,921.0,,,,,,,,,,,,,17215,4528996.0,162.04474457473577,114.2858152226233,02
2008-03-01,2008,3,South Carolina,3659.0,,6156.0,4534.0,,177,0.0,0.0,1.0,,417.0,501.0,,,,,,,,,,,,,15445,4528996.0,135.92416509089432,100.11048806402125,03
2008-04-01,2008,4,South Carolina,2659.0,,4714.0,3114.0,,151,21.0,2.0,1.0,,431.0,514.0,,,,,,,,,,,,,11607,4528996.0,104.08487885615267,68.75696070387345,04
2008-05-01,2008,5,South Carolina,3023.0,,4706.0,2914.0,,179,2.0,3.0,2.0,,531.0,614.0,,,,,,,,,,,,,11974,4528996.0,103.90823926539126,64.34097093483854,05
2008-06-01,2008,6,South Carolina,2409.0,,4198.0,2754.0,,122,0.0,2.0,0.0,,475.0,539.0,,,,,,,,,,,,,10499,4528996.0,92.69162525204261,60.808179119610614,06
2008-07-01,2008,7,South Carolina,2586.0,,4372.0,3129.0,,168,0.0,3.0,3.0,,481.0,572.0,,,,,,,,,,,,,11314,4528996.0,96.53353635110298,69.08815993655107,07
2008-08-01,2008,8,South Carolina,2412.0,,4252.0,4847.0,,167,1.0,3.0,6.0,,514.0,679.0,,,,,,,,,,,,,12881,4528996.0,93.88394248968204,107.02151205256088,08
2008-09-01,2008,9,South Carolina,2256.0,,4215.0,4709.0,,152,0.0,4.0,3.0,,494.0,682.0,,,,,,,,,,,,,12515,4528996.0,93.06698438241058,103.9744791119268,09
2008-10-01,2008,10,South Carolina,2909.0,,4768.0,6291.0,,219,0.0,4.0,9.0,,579.0,901.0,,,,,,,,,,,,,15680,4528996.0,105.27719609379209,138.90495818499286,10
2002-07-01,2002,7,South Dakota,0.0,,422.0,1585.0,,25,0.0,0.0,0.0,,44.0,191.0,,,,,,,,,,,,,2267,760020.0,55.52485460908924,208.54714349622378,07
2002-08-01,2002,8,South Dakota,0.0,,604.0,2912.0,,41,0.0,1.0,3.0,,64.0,273.0,,,,,,,,,,,,,3898,760020.0,79.47159285281965,383.1478118996869,08
2002-09-01,2002,9,South Dakota,0.0,,558.0,3656.0,,33,0.0,0.0,2.0,,66.0,264.0,,,,,,,,,,,,,4579,760020.0,73.41912054945922,481.0399726322991,09
2002-10-01,2002,10,South Dakota,0.0,,559.0,5404.0,,34,0.0,0.0,4.0,,63.0,358.0,,,,,,,,,,,,,6422,760020.0,73.5506960343149,711.0339201599959,10
2002-11-01,2002,11,South Dakota,0.0,,641.0,3835.0,,44,0.0,1.0,2.0,,66.0,299.0,,,,,,,,,,,,,4888,760020.0,84.33988579247914,504.59198442146254,11
2002-12-01,2002,12,South Dakota,0.0,,782.0,3933.0,,44,0.0,0.0,5.0,,66.0,181.0,,,,,,,,,,,,,5011,760020.0,102.89202915712745,517.4863819373174,12
2003-01-01,2003,1,South Dakota,0.0,,684.0,2086.0,,38,0.0,2.0,7.0,,69.0,285.0,,,,,,,,,,,,,3171,763729.0,89.56056402205495,273.1335329678459,01
2003-02-01,2003,2,South Dakota,0.0,,836.0,2158.0,,46,0.0,1.0,3.0,,84.0,289.0,,,,,,,,,,,,,3417,763729.0,109.4629115825116,282.56096075964115,02
2003-03-01,2003,3,South Dakota,0.0,,849.0,2463.0,,47,0.0,2.0,5.0,,50.0,234.0,,,,,,,,,,,,,3650,763729.0,111.16508604491906,322.49659237766275,03
2003-04-01,2003,4,South Dakota,0.0,,671.0,1902.0,,48,0.0,0.0,4.0,,58.0,206.0,,,,,,,,,,,,,2889,763729.0,87.85838955964746,249.04121749992473,04
2003-05-01,2003,5,South Dakota,0.0,,579.0,1795.0,,28,0.0,1.0,4.0,,72.0,241.0,,,,,,,,,,,,,2720,763729.0,75.81223182568687,235.0310123093401,05
2003-06-01,2003,6,South Dakota,0.0,,541.0,1740.0,,35,0.0,0.0,2.0,,61.0,222.0,,,,,,,,,,,,,2601,763729.0,70.83664493557269,227.82950496838538,06
2003-07-01,2003,7,South Dakota,0.0,,537.0,1791.0,,35,0.0,0.0,2.0,,55.0,232.0,,,,,,,,,,,,,2652,763729.0,70.31289894713962,234.50726632090704,07
2003-08-01,2003,8,South Dakota,0.0,,544.0,2922.0,,55,0.0,2.0,5.0,,83.0,308.0,,,,,,,,,,,,,3919,763729.0,71.2294544268975,382.59644455035755,08
2003-09-01,2003,9,South Dakota,0.0,,633.0,4100.0,,37,0.0,1.0,2.0,,81.0,311.0,,,,,,,,,,,,,5165,763729.0,82.8828026695333,536.8396381438965,09
2003-10-01,2003,10,South Dakota,0.0,,583.0,6168.0,,58,0.0,0.0,4.0,,72.0,386.0,,,,,,,,,,,,,7271,763729.0,76.33597781411993,807.6163141637936,10
2003-11-01,2003,11,South Dakota,0.0,,552.0,3993.0,,40,0.0,0.0,1.0,,61.0,264.0,,,,,,,,,,,,,4911,763729.0,72.27694640376365,522.829432953312,11
2003-12-01,2003,12,South Dakota,0.0,,825.0,4184.0,,35,0.0,0.0,2.0,,60.0,211.0,,,,,,,,,,,,,5317,763729.0,108.02261011432066,547.838303900991,12
2004-01-01,2004,1,South Dakota,0.0,,694.0,2141.0,,42,0.0,1.0,0.0,,67.0,257.0,,,,,,,,,,,,,3202,770396.0,90.0835414514094,277.90902341133653,01
2004-02-01,2004,2,South Dakota,0.0,,900.0,2391.0,,51,0.0,0.0,2.0,,68.0,273.0,,,,,,,,,,,,,3685,770396.0,116.8230364643638,310.35986687365977,02
2004-03-01,2004,3,South Dakota,0.0,,875.0,2446.0,,40,0.0,1.0,0.0,,50.0,238.0,,,,,,,,,,,,,3650,770396.0,113.57795211813146,317.49905243537086,03
2004-04-01,2004,4,South Dakota,0.0,,739.0,2176.0,,42,0.0,1.0,3.0,,68.0,221.0,,,,,,,,,,,,,3250,770396.0,95.92469327462759,282.45214149606176,04
2004-05-01,2004,5,South Dakota,0.0,,611.0,1955.0,,38,0.0,0.0,2.0,,66.0,212.0,,,,,,,,,,,,,2884,770396.0,79.30986142191809,253.765595875368,05
2004-06-01,2004,6,South Dakota,0.0,,626.0,1894.0,,49,0.0,3.0,4.0,,69.0,234.0,,,,,,,,,,,,,2879,770396.0,81.25691202965747,245.84759007056113,06
2004-07-01,2004,7,South Dakota,0.0,,626.0,2055.0,,38,0.0,1.0,3.0,,62.0,235.0,,,,,,,,,,,,,3020,770396.0,81.25691202965747,266.7459332602973,07
2004-08-01,2004,8,South Dakota,0.0,,614.0,3050.0,,37,0.0,0.0,1.0,,65.0,209.0,,,,,,,,,,,,,3976,770396.0,79.69927154346595,395.9002902403439,08
2004-09-01,2004,9,South Dakota,0.0,,649.0,4285.0,,41,0.0,0.0,3.0,,69.0,294.0,,,,,,,,,,,,,5341,770396.0,84.24238962819122,556.2074569442209,09
2004-10-01,2004,10,South Dakota,0.0,,632.0,6323.0,,33,0.0,1.0,3.0,,62.0,331.0,,,,,,,,,,,,,7385,770396.0,82.03573227275324,820.7467328490802,10
2004-11-01,2004,11,South Dakota,0.0,,595.0,4193.0,,49,0.0,0.0,6.0,,69.0,306.0,,,,,,,,,,,,,5218,770396.0,77.23300744032939,544.2655465500859,11
2004-12-01,2004,12,South Dakota,0.0,,879.0,4645.0,,70,0.0,0.0,1.0,,54.0,184.0,,,,,,,,,,,,,5833,770396.0,114.09716561352863,602.9366715299664,12
2005-01-01,2005,1,South Dakota,0.0,,720.0,2168.0,,50,0.0,3.0,2.0,,70.0,255.0,,,,,,,,,,,,,3268,775493.0,92.84416493765902,279.5640966456177,01
2005-02-01,2005,2,South Dakota,0.0,,862.0,2684.0,,71,0.0,2.0,2.0,,73.0,276.0,,,,,,,,,,,,,3970,775493.0,111.15509746703064,346.10241485093997,02
2005-03-01,2005,3,South Dakota,0.0,,1000.0,2575.0,,55,0.0,0.0,7.0,,51.0,190.0,,,,,,,,,,,,,3878,775493.0,128.95022908008195,332.04683988121104,03
2005-04-01,2005,4,South Dakota,0.0,,841.0,2513.0,,46,0.0,1.0,1.0,,64.0,212.0,,,,,,,,,,,,,3678,775493.0,108.44714265634892,324.051925678246,04
2005-05-01,2005,5,South Dakota,0.0,,632.0,1971.0,,38,0.0,1.0,3.0,,47.0,153.0,,,,,,,,,,,,,2845,775493.0,81.4965447786118,254.16090151684153,05
2005-06-01,2005,6,South Dakota,0.0,,569.0,1860.0,,35,0.0,1.0,3.0,,50.0,175.0,,,,,,,,,,,,,2693,775493.0,73.37268034656664,239.84742608895246,06
2005-07-01,2005,7,South Dakota,0.0,,636.0,1945.0,,37,0.0,1.0,1.0,,55.0,191.0,,,,,,,,,,,,,2866,775493.0,82.01234569493212,250.8081955607594,07
2005-08-01,2005,8,South Dakota,0.0,,613.0,2863.0,,46,0.0,2.0,0.0,,61.0,219.0,,,,,,,,,,,,,3804,775493.0,79.04649042609024,369.18450585627465,08
2005-09-01,2005,9,South Dakota,0.0,,697.0,4011.0,,52,0.0,0.0,1.0,,72.0,263.0,,,,,,,,,,,,,5096,775493.0,89.87830966881712,517.2193688402087,09
2005-10-01,2005,10,South Dakota,0.0,,684.0,6169.0,,58,0.0,0.0,0.0,,54.0,340.0,,,,,,,,,,,,,7305,775493.0,88.20195669077606,795.4939631950256,10
2005-11-01,2005,11,South Dakota,0.0,,616.0,4381.0,,38,0.0,0.0,2.0,,42.0,259.0,,,,,,,,,,,,,5338,775493.0,79.43334111333048,564.9309535998391,11
2005-12-01,2005,12,South Dakota,0.0,,925.0,4798.0,,68,0.0,0.0,2.0,,36.0,198.0,,,,,,,,,,,,,6027,775493.0,119.27896189907581,618.7031991262332,12
2006-01-01,2006,1,South Dakota,0.0,,886.0,2596.0,,55,0.0,0.0,2.0,,74.0,225.0,,,,,,,,,,,,,3838,783033.0,113.14976508014348,331.53136585558974,01
2006-02-01,2006,2,South Dakota,0.0,,970.0,2830.0,,58,0.0,2.0,4.0,,74.0,235.0,,,,,,,,,,,,,4173,783033.0,123.87728231121804,361.41516385644024,02
2006-03-01,2006,3,South Dakota,0.0,,982.0,2908.0,,49,0.0,0.0,0.0,,68.0,210.0,,,,,,,,,,,,,4217,783033.0,125.40978477280014,371.3764298567238,03
2006-04-01,2006,4,South Dakota,0.0,,785.0,2427.0,,55,0.0,0.0,0.0,,43.0,160.0,,,,,,,,,,,,,3470,783033.0,100.25120269516098,309.94862285497544,04
2006-05-01,2006,5,South Dakota,0.0,,618.0,1802.0,,38,0.0,3.0,0.0,,57.0,209.0,,0.0,0.0,,,,,,,,,,2727,783033.0,78.92387677147705,230.1307863142422,05
2006-06-01,2006,6,South Dakota,0.0,,610.0,1903.0,,35,0.0,0.0,0.0,,61.0,198.0,,0.0,0.0,,,,,,,,,,2807,783033.0,77.90220846375568,243.0293486992247,06
2006-07-01,2006,7,South Dakota,0.0,,556.0,2037.0,,38,0.0,0.0,1.0,,56.0,187.0,,0.0,0.0,,,,,,,,,,2875,783033.0,71.00594738663632,260.14229285355793,07
2006-08-01,2006,8,South Dakota,0.0,,687.0,2848.0,,61,0.0,0.0,2.0,,65.0,208.0,,0.0,0.0,,,,,,,,,,3871,783033.0,87.73576592557403,363.7139175488134,08
2006-09-01,2006,9,South Dakota,0.0,,734.0,4609.0,,62,0.0,0.0,2.0,,75.0,301.0,,0.0,0.0,,,,,,,,,,5783,783033.0,93.73806723343716,588.6086537859834,09
2006-10-01,2006,10,South Dakota,0.0,,650.0,6073.0,,33,0.0,1.0,0.0,,45.0,321.0,,,,,,,,,,,,,7123,783033.0,83.0105500023626,775.5739540989971,10
2006-11-01,2006,11,South Dakota,0.0,,654.0,4778.0,,38,0.0,1.0,2.0,,50.0,254.0,,,,,,,,,,,,,5777,783033.0,83.5213841562233,610.1913967865978,11
2006-12-01,2006,12,South Dakota,0.0,,975.0,4718.0,,64,0.0,0.0,0.0,,53.0,204.0,,,,,,,,,,,,,6014,783033.0,124.51582500354391,602.5288844786874,12
2007-01-01,2007,1,South Dakota,0.0,,830.0,2466.0,,56,0.0,0.0,2.0,,61.0,213.0,,,,,,,,,,,,,3628,791623.0,104.84788845195251,311.51191918375287,01
2007-02-01,2007,2,South Dakota,0.0,,936.0,2449.0,,60,0.0,0.0,0.0,,73.0,219.0,,,,,,,,,,,,,3737,791623.0,118.23810071208139,309.3644323118454,02
2007-03-01,2007,3,South Dakota,0.0,,1061.0,2881.0,,73,0.0,0.0,2.0,,60.0,169.0,,,,,,,,,,,,,4246,791623.0,134.02844535845978,363.9358634097291,03
2007-04-01,2007,4,South Dakota,0.0,,952.0,2358.0,,48,0.0,0.0,0.0,,43.0,146.0,,,,,,,,,,,,,3547,791623.0,120.25926482681783,297.869061409282,04
2007-05-01,2007,5,South Dakota,0.0,,761.0,1896.0,,54,0.0,0.0,4.0,,50.0,177.0,,,,,,,,,,,,,2942,791623.0,96.13161820715163,239.50794759626743,05
2007-06-01,2007,6,South Dakota,0.0,,732.0,1880.0,,49,0.0,0.0,2.0,,63.0,194.0,,,,,,,,,,,,,2920,791623.0,92.46825824919185,237.48678348153098,06
2007-07-01,2007,7,South Dakota,0.0,,646.0,1994.0,,42,0.0,0.0,2.0,,60.0,157.0,,,,,,,,,,,,,2901,791623.0,81.60450113248352,251.88757779902807,07
2007-08-01,2007,8,South Dakota,0.0,,827.0,3347.0,,57,0.0,0.0,1.0,,66.0,240.0,,,,,,,,,,,,,4538,791623.0,104.46892018043943,422.80226825142773,08
2007-09-01,2007,9,South Dakota,0.0,,831.0,4743.0,,79,0.0,1.0,0.0,,65.0,242.0,,,,,,,,,,,,,5961,791623.0,104.97421120912354,599.1488372621816,09
2007-10-01,2007,10,South Dakota,0.0,,786.0,6571.0,,57,0.0,2.0,8.0,,60.0,284.0,,,,,,,,,,,,,7768,791623.0,99.2896871364273,830.0668373708191,10
2007-11-01,2007,11,South Dakota,0.0,,728.0,4620.0,,52,0.0,0.0,0.0,,48.0,290.0,,,,,,,,,,,,,5738,791623.0,91.96296722050775,583.6111381301453,11
2007-12-01,2007,12,South Dakota,0.0,,1088.0,4696.0,,80,0.0,0.0,0.0,,54.0,169.0,,,,,,,,,,,,,6087,791623.0,137.4391598020775,593.2116676751434,12
2008-01-01,2008,1,South Dakota,0.0,,1107.0,2560.0,,72,0.0,0.0,1.0,,62.0,248.0,,,,,,,,,,,,,4050,799124.0,138.52668672196054,320.35078410859893,01
2008-02-01,2008,2,South Dakota,0.0,,1335.0,2856.0,,91,0.0,0.0,1.0,,59.0,251.0,,,,,,,,,,,,,4593,799124.0,167.05792843163263,357.39134352115565,02
2008-03-01,2008,3,South Dakota,0.0,,1439.0,2899.0,,70,0.0,0.0,0.0,,54.0,172.0,,,,,,,,,,,,,4634,799124.0,180.07217903604447,362.77223559797983,03
2008-04-01,2008,4,South Dakota,0.0,,1226.0,2583.0,,70,0.0,0.0,0.0,,65.0,173.0,,,,,,,,,,,,,4117,799124.0,153.41799270200872,323.22893568457465,04
2008-05-01,2008,5,South Dakota,0.0,,1060.0,2277.0,,60,0.0,0.0,0.0,,56.0,220.0,,,,,,,,,,,,,3673,799124.0,132.64524654496674,284.9370060215936,05
2008-06-01,2008,6,South Dakota,0.0,,877.0,1994.0,,56,0.0,0.0,0.0,,58.0,186.0,,,,,,,,,,,,,3171,799124.0,109.74517096220362,249.52322793458836,06
2008-07-01,2008,7,South Dakota,0.0,,824.0,2033.0,,50,0.0,0.0,0.0,,51.0,188.0,,,,,,,,,,,,,3146,799124.0,103.11290863495528,254.4035719112428,07
2008-08-01,2008,8,South Dakota,0.0,,1108.0,3795.0,,84,0.0,0.0,2.0,,52.0,220.0,,,,,,,,,,,,,5261,799124.0,138.65182374700296,474.8950100359894,08
2008-09-01,2008,9,South Dakota,0.0,,1051.0,4770.0,,72,0.0,0.0,2.0,,43.0,255.0,,,,,,,,,,,,,6193,799124.0,131.51901331958496,596.9036094523503,09
2008-10-01,2008,10,South Dakota,0.0,,1132.0,6665.0,,88,0.0,1.0,0.0,,64.0,349.0,,,,,,,,,,,,,8299,799124.0,141.65511234802108,834.038271907739,10
2002-07-01,2002,7,Tennessee,0.0,,6561.0,6462.0,,225,0.0,0.0,0.0,,0.0,0.0,,,,,,,,,,,,,13248,5795918.0,113.20035928734673,111.49226058753766,07
2002-08-01,2002,8,Tennessee,0.0,,7298.0,11242.0,,237,0.0,0.0,0.0,,0.0,0.0,,,,,,,,,,,,,18777,5795918.0,125.91620516370315,193.96409680054134,08
2002-09-01,2002,9,Tennessee,0.0,,6368.0,9989.0,,217,0.0,0.0,0.0,,0.0,0.0,,,,,,,,,,,,,16574,5795918.0,109.87042949883003,172.34543345851338,09
2002-10-01,2002,10,Tennessee,0.0,,7362.0,12112.0,,293,0.0,0.0,0.0,,0.0,0.0,,,,,,,,,,,,,19767,5795918.0,127.02043058580193,208.97466113219681,10
2002-11-01,2002,11,Tennessee,0.0,,8047.0,17707.0,,312,0.0,0.0,0.0,,0.0,0.0,,,,,,,,,,,,,26066,5795918.0,138.8390933067031,305.5081179547399,11
2002-12-01,2002,12,Tennessee,0.0,,9252.0,22229.0,,318,1.0,0.0,0.0,,0.0,0.0,,,,,,,,,,,,,31800,5795918.0,159.62958758215694,383.5285454349078,12
2003-01-01,2003,1,Tennessee,0.0,,8062.0,9711.0,,384,0.0,0.0,0.0,,0.0,0.0,,,,,,,,,,,,,18157,5847812.0,137.8635291285014,166.0621100678339,01
2003-02-01,2003,2,Tennessee,0.0,,10018.0,11302.0,,426,0.0,0.0,0.0,,0.0,0.0,,,,,,,,,,,,,21746,5847812.0,171.31193684065084,193.2688670566017,02
2003-03-01,2003,3,Tennessee,0.0,,8625.0,9591.0,,325,2.0,0.0,0.0,,0.0,0.0,,,,,,,,,,,,,18543,5847812.0,147.49106161415585,164.01006051494133,03
2003-04-01,2003,4,Tennessee,0.0,,6346.0,6755.0,,286,0.0,0.0,0.0,,0.0,0.0,,,,,,,,,,,,,13387,5847812.0,108.51922052213716,115.51328941491279,04
2003-05-01,2003,5,Tennessee,0.0,,6585.0,6410.0,,291,0.0,0.0,0.0,,0.0,0.0,,,,,,,,,,,,,13286,5847812.0,112.60621921498159,109.61364695034655,05
2003-06-01,2003,6,Tennessee,0.0,,6821.0,6487.0,,263,0.0,0.0,0.0,,0.0,0.0,,,,,,,,,,,,,13571,5847812.0,116.6419166690037,110.93037874678599,06
2003-07-01,2003,7,Tennessee,0.0,,6511.0,6670.0,,253,0.0,0.0,0.0,,0.0,0.0,,,,,,,,,,,,,13434,5847812.0,111.34078865736451,114.0597543149472,07
2003-08-01,2003,8,Tennessee,1.0,,7127.0,11123.0,,334,0.0,0.0,0.0,,0.0,0.0,,,,,,,,,,,,,18585,5847812.0,121.87464302887987,190.20789314020357,08
2003-09-01,2003,9,Tennessee,0.0,,6458.0,9642.0,,240,0.0,0.0,0.0,,0.0,0.0,,,,,,,,,,,,,16340,5847812.0,110.4344667715036,164.88218157492065,09
2003-10-01,2003,10,Tennessee,0.0,,6970.0,11580.0,,281,0.0,0.0,0.0,,0.0,0.0,,,,,,,,,,,,,18831,5847812.0,119.1898781971787,198.0227818541362,10
2003-11-01,2003,11,Tennessee,0.0,,7170.0,15346.0,,294,0.0,0.0,0.0,,0.0,0.0,,,,,,,,,,,,,22810,5847812.0,122.60996078533304,262.4229369890824,11
2003-12-01,2003,12,Tennessee,0.0,,9314.0,21419.0,,360,0.0,0.0,0.0,,0.0,0.0,,,,,,,,,,,,,31093,5847812.0,159.27324613034756,366.2737447783889,12
2004-01-01,2004,1,Tennessee,0.0,,8506.0,10041.0,,376,0.0,0.0,0.0,,0.0,0.0,,,,,,,,,,,,,18923,5910809.0,143.9058511279928,169.8752235100136,01
2004-02-01,2004,2,Tennessee,0.0,,9005.0,10213.0,,347,0.0,0.0,0.0,,0.0,0.0,,,,,,,,,,,,,19565,5910809.0,152.3480119218875,172.7851466694322,02
2004-03-01,2004,3,Tennessee,0.0,,8586.0,9401.0,,297,0.0,0.0,0.0,,0.0,0.0,,,,,,,,,,,,,18284,5910809.0,145.25930376028052,159.04760245171175,03
2004-04-01,2004,4,Tennessee,0.0,,6668.0,7055.0,,243,0.0,0.0,0.0,,0.0,0.0,,,,,,,,,,,,,13966,5910809.0,112.81027690118223,119.35760400987412,04
2004-05-01,2004,5,Tennessee,1025.0,,5884.0,5557.0,,215,0.0,0.0,0.0,,0.0,0.0,,,,,,,,,,,,,12681,5910809.0,99.54644110476247,94.01420347028639,05
2004-06-01,2004,6,Tennessee,1531.0,,5900.0,5731.0,,225,0.0,0.0,0.0,,0.0,0.0,,,,,,,,,,,,,13387,5910809.0,99.81713163122004,96.9579629455122,06
2004-07-01,2004,7,Tennessee,1472.0,,6422.0,6872.0,,259,0.0,0.0,0.0,,0.0,0.0,,,,,,,,,,,,,15025,5910809.0,108.64841005689746,116.26158111351593,07
2004-08-01,2004,8,Tennessee,1899.0,,6140.0,9822.0,,249,0.0,0.0,0.0,,0.0,0.0,,,,,,,,,,,,,18110,5910809.0,103.8774895280832,166.17014692912596,08
2004-09-01,2004,9,Tennessee,1743.0,,6395.0,10205.0,,299,0.0,0.0,0.0,,0.0,0.0,,,,,,,,,,,,,18642,5910809.0,108.19161979350035,172.64980140620344,09
2004-10-01,2004,10,Tennessee,943.0,,7236.0,12694.0,,273,0.0,0.0,0.0,,0.0,0.0,,,,,,,,,,,,,21146,5910809.0,122.4197905904251,214.75909642825545,10
2004-11-01,2004,11,Tennessee,915.0,,7231.0,16117.0,,320,0.0,0.0,0.0,,0.0,0.0,,,,,,,,,,,,,24583,5910809.0,122.33519980090712,272.66995093226666,11
2004-12-01,2004,12,Tennessee,1372.0,,9664.0,23643.0,,410,0.0,0.0,0.0,,0.0,0.0,,,,,,,,,,,,,35089,5910809.0,163.4970779803577,399.9960073147348,12
2005-01-01,2005,1,Tennessee,2241.0,,8121.0,9578.0,,338,0.0,0.0,0.0,,0.0,0.0,,,,,,,,,,,,,20278,5991057.0,135.55204031609114,159.87162198590332,01
2005-02-01,2005,2,Tennessee,2348.0,,9494.0,10146.0,,350,0.0,0.0,0.0,,0.0,0.0,,,,,,,,,,,,,22338,5991057.0,158.46953217103425,169.3524197816846,02
2005-03-01,2005,3,Tennessee,3434.0,,8607.0,9387.0,,280,0.0,0.0,0.0,,0.0,0.0,,,,,,,,,,,,,21708,5991057.0,143.66413138783358,156.68353681161773,03
2005-04-01,2005,4,Tennessee,3693.0,,6702.0,7058.0,,273,0.0,0.0,0.0,,0.0,0.0,,,,,,,,,,,,,17726,5991057.0,111.86673737205305,117.80892753983146,04
2005-05-01,2005,5,Tennessee,2002.0,,6210.0,5468.0,,261,0.0,0.0,0.0,,0.0,0.0,,,,,,,,,,,,,13941,5991057.0,103.65449702781997,91.26937032980992,05
2005-06-01,2005,6,Tennessee,3838.0,,6190.0,5626.0,,256,0.0,0.0,0.0,,0.0,0.0,,,,,,,,,,,,,15910,5991057.0,103.32066611951781,93.90663450539695,06
2005-07-01,2005,7,Tennessee,5973.0,,6532.0,6397.0,,274,0.0,0.0,0.0,,0.0,0.0,,,,,,,,,,,,,19176,5991057.0,109.02917465148471,106.77581602044513,07
2005-08-01,2005,8,Tennessee,4873.0,,6996.0,9312.0,,302,0.0,0.0,0.0,,0.0,0.0,,,,,,,,,,,,,21483,5991057.0,116.77405172409476,155.43167090548462,08
2005-09-01,2005,9,Tennessee,2691.0,,7117.0,9340.0,,334,0.0,0.0,0.0,,0.0,0.0,,,,,,,,,,,,,19482,5991057.0,118.79372871932281,155.89903417710764,09
2005-10-01,2005,10,Tennessee,1137.0,,7107.0,11116.0,,325,0.0,0.0,,,0.0,0.0,,,,,,,,,,,,,19685,5991057.0,118.62681326517173,185.54321883433926,10
2005-11-01,2005,11,Tennessee,2111.0,,7462.0,15154.0,,346,0.0,0.0,0.0,,0.0,0.0,,,,,,,,,,,,,25073,5991057.0,124.55231188753504,252.94367922054488,11
2005-12-01,2005,12,Tennessee,1210.0,,10811.0,24155.0,,474,0.0,0.0,0.0,,0.0,0.0,,,,,,,,,,,,,36650,5991057.0,180.45229748273135,403.184279501931,12
2006-01-01,2006,1,Tennessee,3443.0,,8854.0,9975.0,,374,0.0,0.0,0.0,,0.0,0.0,,,,,,,,,,,,,22646,6088766.0,145.41534360164277,163.82629912202242,01
2006-02-01,2006,2,Tennessee,2469.0,,9862.0,10843.0,,394,0.0,0.0,0.0,,0.0,0.0,,,,,,,,,,,,,23568,6088766.0,161.97042224976292,178.082061291237,02
2006-03-01,2006,3,Tennessee,2771.0,,8915.0,10125.0,,409,0.0,0.0,0.0,,0.0,0.0,,,,,,,,,,,,,22220,6088766.0,146.4171886388802,166.28985249227838,03
2006-04-01,2006,4,Tennessee,2850.0,,6854.0,6812.0,,347,0.0,0.0,0.0,,0.0,0.0,,,,,,,,,,,,,16863,6088766.0,112.56796533156309,111.8781703878914,04
2006-05-01,2006,5,Tennessee,5304.0,,6963.0,5813.0,,370,0.0,0.0,0.0,,0.0,0.0,,0.0,0.0,,,,,,,,,,18450,6088766.0,114.35814744728242,95.4709049419866,05
2006-06-01,2006,6,Tennessee,5197.0,,7038.0,6019.0,,327,0.0,0.0,0.0,,0.0,0.0,,0.0,0.0,,,,,,,,,,18581,6088766.0,115.5899241324104,98.8541849038048,06
2006-07-01,2006,7,Tennessee,2784.0,,6785.0,6452.0,,307,0.0,0.0,0.0,,0.0,0.0,,0.0,0.0,,,,,,,,,,16328,6088766.0,111.43473078124534,105.96564229927705,07
2006-08-01,2006,8,Tennessee,2269.0,,7739.0,10097.0,,332,0.0,0.0,0.0,,0.0,0.0,,0.0,0.0,,,,,,,,,,20437,6088766.0,127.10293021607335,165.82998919649728,08
2006-09-01,2006,9,Tennessee,912.0,,7359.0,10123.0,,374,0.0,0.0,0.0,,0.0,0.0,,0.0,0.0,,,,,,,,,,18768,6088766.0,120.8619283447582,166.2570051140083,09
2006-10-01,2006,10,Tennessee,0.0,,7905.0,11692.0,,372,0.0,0.0,0.0,,0.0,0.0,,,,,,,,,,,,,19969,6088766.0,129.82926261248994,192.02577336688583,10
2006-11-01,2006,11,Tennessee,0.0,,8585.0,16389.0,,377,0.0,0.0,0.0,,0.0,0.0,,,,,,,,,,,,,25351,6088766.0,140.99737122431705,269.16784123416795,11
2006-12-01,2006,12,Tennessee,0.0,,12069.0,22723.0,,527,0.0,0.0,0.0,,0.0,0.0,,,,,,,,,,,,,35319,6088766.0,198.21750417079585,373.19548821551035,12
2007-01-01,2007,1,Tennessee,0.0,,10320.0,9792.0,,411,0.0,0.0,0.0,,0.0,0.0,,,,,,,,,,,,,20523,6175727.0,167.10583223643144,158.55623151735819,01
2007-02-01,2007,2,Tennessee,0.0,,11804.0,10234.0,,480,0.0,0.0,0.0,,0.0,0.0,,,,,,,,,,,,,22518,6175727.0,191.1353918332206,165.7132836344612,02
2007-03-01,2007,3,Tennessee,0.0,,9883.0,9391.0,,446,0.0,0.0,0.0,,0.0,0.0,,,,,,,,,,,,,19720,6175727.0,160.02974224735,152.06306885003175,03
2007-04-01,2007,4,Tennessee,0.0,,8611.0,6549.0,,320,0.0,0.0,0.0,,0.0,0.0,,,,,,,,,,,,,15480,6175727.0,139.43297687867357,106.04419528259588,04
2007-05-01,2007,5,Tennessee,0.0,,8271.0,5531.0,,338,0.0,0.0,0.0,,0.0,0.0,,,,,,,,,,,,,14140,6175727.0,133.92755217320973,89.56030601741301,05
2007-06-01,2007,6,Tennessee,0.0,,8957.0,6523.0,,399,0.0,0.0,0.0,,0.0,0.0,,,,,,,,,,,,,15879,6175727.0,145.0355561377632,105.62319221688395,06
2007-07-01,2007,7,Tennessee,0.0,,8383.0,6746.0,,378,0.0,0.0,0.0,,0.0,0.0,,,,,,,,,,,,,15507,6175727.0,135.74110384089192,109.23410312664403,07
2007-08-01,2007,8,Tennessee,0.0,,8705.0,9930.0,,442,0.0,0.0,0.0,,0.0,0.0,,,,,,,,,,,,,19077,6175727.0,140.95506488547827,160.79078625075232,08
2007-09-01,2007,9,Tennessee,0.0,,8158.0,9396.0,,369,0.0,0.0,0.0,,0.0,0.0,,,,,,,,,,,,,17923,6175727.0,132.09780807992323,152.14403097805328,09
2007-10-01,2007,10,Tennessee,0.0,,8917.0,11361.0,,413,0.0,0.0,0.0,,0.0,0.0,,,,,,,,,,,,,20691,6175727.0,144.387859113591,183.96214729051334,10
2007-11-01,2007,11,Tennessee,0.0,,9250.0,15432.0,,475,0.0,0.0,0.0,,0.0,0.0,,,,,,,,,,,,,25157,6175727.0,149.7799368398247,249.8815119256405,11
2007-12-01,2007,12,Tennessee,0.0,,13549.0,21021.0,,556,0.0,0.0,0.0,,0.0,0.0,,,,,,,,,,,,,35126,6175727.0,219.39117451273347,340.3809786281032,12
2008-01-01,2008,1,Tennessee,0.0,,11125.0,9150.0,,489,0.0,0.0,0.0,,0.0,0.0,,,,,,,,,,,,,20764,6247411.0,178.07376527652815,146.46066986788605,01
2008-02-01,2008,2,Tennessee,0.0,,13818.0,10829.0,,534,0.0,0.0,0.0,,0.0,0.0,,,,,,,,,,,,,25181,6247411.0,221.17962144638796,173.3358026228785,02
2008-03-01,2008,3,Tennessee,0.0,,11968.0,9589.0,,449,0.0,0.0,0.0,,0.0,0.0,,,,,,,,,,,,,22006,6247411.0,191.56735486107766,153.48758069542728,03
2008-04-01,2008,4,Tennessee,0.0,,10360.0,7144.0,,411,0.0,0.0,0.0,,0.0,0.0,,,,,,,,,,,,,17915,6247411.0,165.82869287773767,114.3513689110577,04
2008-05-01,2008,5,Tennessee,0.0,,10393.0,6999.0,,391,0.0,0.0,0.0,,0.0,0.0,,,,,,,,,,,,,17783,6247411.0,166.35691168709727,112.03040747599286,05
2008-06-01,2008,6,Tennessee,0.0,,9823.0,6702.0,,380,0.0,0.0,0.0,,0.0,0.0,,,,,,,,,,,,,16905,6247411.0,157.23313225270437,107.27643819175657,06
2008-07-01,2008,7,Tennessee,83.0,,10258.0,7114.0,,454,0.0,0.0,0.0,,0.0,0.0,,,,,,,,,,,,,17909,6247411.0,164.19601655789893,113.8711699934581,07
2008-08-01,2008,8,Tennessee,3.0,,10621.0,9852.0,,464,0.0,0.0,0.0,,0.0,0.0,,,,,,,,,,,,,20940,6247411.0,170.00642346085442,157.69732453971733,08
2008-09-01,2008,9,Tennessee,18.0,,9053.0,8969.0,,420,0.0,0.0,0.0,,0.0,0.0,,,,,,,,,,,,,18460,6247411.0,144.9080267009806,143.56346973170164,09
2008-10-01,2008,10,Tennessee,1.0,,11614.0,12168.0,,643,0.0,0.0,0.0,,0.0,0.0,,,,,,,,,,,,,24426,6247411.0,185.90100763340206,194.7686809784085,10
2002-07-01,2002,7,Texas,7379.0,,10347.0,17005.0,,781,0.0,52.0,74.0,,2609.0,4563.0,,,,,,,,,,,,,42810,21690325.0,47.703296285325365,78.39900969671963,07
2002-08-01,2002,8,Texas,8132.0,,11118.0,32655.0,,859,5.0,58.0,123.0,,3041.0,6222.0,,,,,,,,,,,,,62213,21690325.0,51.257876495626505,150.5509945102252,08
2002-09-01,2002,9,Texas,8059.0,,10542.0,34910.0,,912,0.0,71.0,114.0,,2708.0,5800.0,,,,,,,,,,,,,63116,21690325.0,48.60231462645211,160.94733481402423,09
2002-10-01,2002,10,Texas,9264.0,,11678.0,33839.0,,1023,0.0,68.0,125.0,,2988.0,7228.0,,,,,,,,,,,,,66213,21690325.0,53.83967275732383,156.0096494635281,10
2002-11-01,2002,11,Texas,10686.0,,11955.0,35618.0,,955,0.0,57.0,114.0,,2975.0,7201.0,,,,,,,,,,,,,69561,21690325.0,55.11673983677054,164.2114629448844,11
2002-12-01,2002,12,Texas,9000.0,,14673.0,51750.0,,987,0.0,50.0,102.0,,2710.0,5195.0,,,,,,,,,,,,,84467,21690325.0,67.64767240693719,238.5856366836366,12
2003-01-01,2003,1,Texas,8862.0,,13123.0,21251.0,,1011,0.0,67.0,80.0,,3473.0,6156.0,,,,,,,,,,,,,54023,22030931.0,59.56625255646255,96.45983640001414,01
2003-02-01,2003,2,Texas,9336.0,,15836.0,21130.0,,1275,1.0,66.0,97.0,,4053.0,7464.0,,,,,,,,,,,,,59258,22030931.0,71.8807571046362,95.91060858935103,02
2003-03-01,2003,3,Texas,12061.0,,15167.0,20186.0,,963,0.0,54.0,63.0,,3070.0,5197.0,,,,,,,,,,,,,56761,22030931.0,68.84411739113521,91.6257238516157,03
2003-04-01,2003,4,Texas,8476.0,,11189.0,16365.0,,822,0.0,58.0,81.0,,2697.0,4599.0,,,,,,,,,,,,,44287,22030931.0,50.787685731483606,74.28192662398153,04
2003-05-01,2003,5,Texas,7221.0,,11533.0,16351.0,,813,0.0,57.0,78.0,,2967.0,4856.0,,,,,,,,,,,,,43876,22030931.0,52.34912677998039,74.21837960456597,05
2003-06-01,2003,6,Texas,7820.0,,10791.0,15749.0,,767,0.0,47.0,74.0,,2702.0,4564.0,,,,,,,,,,,,,42514,22030931.0,48.98113475095537,71.48585776969662,06
2003-07-01,2003,7,Texas,8704.0,,10515.0,17305.0,,848,54.0,44.0,84.0,,2954.0,5094.0,,,,,,,,,,,,,45602,22030931.0,47.728350653905636,78.54865507045527,07
2003-08-01,2003,8,Texas,9485.0,,12032.0,32370.0,,1057,1.0,47.0,86.0,,3241.0,6664.0,,,,,,,,,,,,,64983,22030931.0,54.614124114863785,146.92978703441995,08
2003-09-01,2003,9,Texas,7965.0,,11235.0,34575.0,,888,0.0,46.0,92.0,,2930.0,6006.0,,,,,,,,,,,,,63737,22030931.0,50.9964830809919,156.93844259237162,09
2003-10-01,2003,10,Texas,9488.0,,11617.0,32404.0,,1042,0.0,49.0,117.0,,3262.0,7991.0,,,,,,,,,,,,,65970,22030931.0,52.73040889647378,147.08411551014345,10
2003-11-01,2003,11,Texas,7111.0,,11348.0,31950.0,,929,0.0,45.0,72.0,,2811.0,6394.0,,,,,,,,,,,,,60660,22030931.0,51.50939830913183,145.02337645195294,11
2003-12-01,2003,12,Texas,7171.0,,16771.0,53068.0,,1107,0.0,55.0,58.0,,2917.0,5457.0,,,,,,,,,,,,,86604,22030931.0,76.12479018703294,240.8795161675192,12
2004-01-01,2004,1,Texas,7845.0,,14105.0,23163.0,,1140,41.0,54.0,75.0,,3818.0,6320.0,,,,,,,,,,,,,56561,22394023.0,62.98555645852468,103.43384929094697,01
2004-02-01,2004,2,Texas,5961.0,,15878.0,21682.0,,1260,1.0,41.0,67.0,,4112.0,6897.0,,,,,,,,,,,,,55899,22394023.0,70.90284760357709,96.82047749973286,02
2004-03-01,2004,3,Texas,7747.0,,13820.0,19043.0,,1000,0.0,41.0,49.0,,3092.0,5265.0,,,,,,,,,,,,,50057,22394023.0,61.71289544536058,85.03608306555728,03
2004-04-01,2004,4,Texas,8345.0,,11849.0,17285.0,,875,0.0,44.0,36.0,,2938.0,4803.0,,,,,,,,,,,,,46175,22394023.0,52.91143980695206,77.18577407909244,04
2004-05-01,2004,5,Texas,7047.0,,11154.0,15906.0,,815,0.0,34.0,36.0,,2645.0,4260.0,,,,,,,,,,,,,41897,22394023.0,49.807933125727345,71.0278809662739,05
2004-06-01,2004,6,Texas,6682.0,,10691.0,16034.0,,851,4.0,41.0,34.0,,2750.0,4411.0,,,,,,,,,,,,,41498,22394023.0,47.740417163990585,71.59946205288796,06
2004-07-01,2004,7,Texas,6735.0,,10779.0,17747.0,,876,0.0,29.0,45.0,,3174.0,5088.0,,,,,,,,,,,,,44473,22394023.0,48.133379161037745,79.24882456359002,07
2004-08-01,2004,8,Texas,7993.0,,11091.0,28538.0,,933,0.0,27.0,45.0,,2862.0,5525.0,,,,,,,,,,,,,57014,22394023.0,49.52660805965949,127.43578945149784,08
2004-09-01,2004,9,Texas,7709.0,,11606.0,34694.0,,946,0.0,39.0,54.0,,2963.0,6328.0,,,,,,,,,,,,,64339,22394023.0,51.8263288378332,154.92526733584225,09
2004-10-01,2004,10,Texas,5159.0,,12067.0,33043.0,,1073,0.0,39.0,51.0,,3188.0,6811.0,,,,,,,,,,,,,61431,22394023.0,53.88491384509161,147.55276441396884,10
2004-11-01,2004,11,Texas,4692.0,,12166.0,35950.0,,1030,0.0,44.0,66.0,,2934.0,7055.0,,,,,,,,,,,,,63937,22394023.0,54.326996091769665,160.5339067482426,11
2004-12-01,2004,12,Texas,6718.0,,17267.0,55935.0,,1194,0.0,55.0,68.0,,2936.0,5541.0,,,,,,,,,,,,,89714,22394023.0,77.10539548878735,249.77646937310016,12
2005-01-01,2005,1,Texas,6831.0,,14755.0,23127.0,,1107,0.0,50.0,62.0,,3561.0,5972.0,,,,,,,,,,,,,55465,22778123.0,64.77706701294045,101.53163190838859,01
2005-02-01,2005,2,Texas,6131.0,,17163.0,22081.0,,1345,0.0,51.0,69.0,,4107.0,6998.0,,,,,,,,,,,,,57945,22778123.0,75.34861410661449,96.93950638513981,02
2005-03-01,2005,3,Texas,8870.0,,15867.0,20493.0,,1001,11.0,57.0,39.0,,3011.0,4905.0,,,,,,,,,,,,,54254,22778123.0,69.65894424224507,89.96790473034147,03
2005-04-01,2005,4,Texas,6513.0,,14481.0,18359.0,,936,0.0,59.0,35.0,,2815.0,4534.0,,,,,,,,,,,,,47732,22778123.0,63.57415841507221,80.59926623453566,04
2005-05-01,2005,5,Texas,8113.0,,13062.0,17413.0,,829,0.0,54.0,43.0,,2625.0,3986.0,,,,,,,,,,,,,46125,22778123.0,57.344496734871434,76.44615844773513,05
2005-06-01,2005,6,Texas,8413.0,,12565.0,17409.0,,826,0.0,53.0,47.0,,2764.0,4250.0,,,,,,,,,,,,,46327,22778123.0,55.1625785847236,76.4285977382772,06
2005-07-01,2005,7,Texas,6101.0,,13275.0,21002.0,,955,0.0,57.0,41.0,,2783.0,4433.0,,,,,,,,,,,,,48647,22778123.0,58.27960451350623,92.20250500886311,07
2005-08-01,2005,8,Texas,7493.0,,13843.0,32244.0,,1006,0.0,48.0,55.0,,2920.0,5075.0,,,,,,,,,,,,,62684,22778123.0,60.77322525653233,141.55687894037624,08
2005-09-01,2005,9,Texas,6488.0,,16551.0,35805.0,,1131,0.0,49.0,61.0,,3251.0,5619.0,,,,,,,,,,,,,68955,22778123.0,72.66182555955115,157.19030053529872,09
2005-10-01,2005,10,Texas,5774.0,,16808.0,36705.0,,1190,0.0,65.0,57.0,,3249.0,6806.0,,,,,,,,,,,,,70654,22778123.0,73.79010114222318,161.14146016333305,10
2005-11-01,2005,11,Texas,5666.0,,16330.0,41599.0,,1156,0.0,51.0,54.0,,2857.0,6463.0,,,,,,,,,,,,,74176,22778123.0,71.6915963620005,182.62698818511078,11
2005-12-01,2005,12,Texas,5814.0,,23352.0,67200.0,,1348,0.0,58.0,63.0,,2958.0,5036.0,,,,,,,,,,,,,105829,22778123.0,102.51942181539718,295.01991889322926,12
2006-01-01,2006,1,Texas,7746.0,,18788.0,27781.0,,1222,0.0,69.0,62.0,,3418.0,5134.0,,,,,,,,,,,,,64220,23359580.0,80.42952827062815,118.92765195264641,01
2006-02-01,2006,2,Texas,5366.0,,20182.0,26709.0,,1365,0.0,66.0,52.0,,4007.0,5936.0,,,,,,,,,,,,,63683,23359580.0,86.39710131774629,114.33852834682817,02
2006-03-01,2006,3,Texas,4817.0,,18841.0,24710.0,,1081,0.0,45.0,38.0,,3010.0,4450.0,,,,,,,,,,,,,56992,23359580.0,80.65641591158744,105.7810114736652,03
2006-04-01,2006,4,Texas,6659.0,,15551.0,20402.0,,893,0.0,37.0,35.0,,2521.0,3669.0,,,,,,,,,,,,,49767,23359580.0,66.57225857656687,87.33889907267168,04
2006-05-01,2006,5,Texas,8568.0,,14920.0,18993.0,,882,0.0,47.0,33.0,,2639.0,3708.0,,0.0,0.0,,,,,,,,,,49790,23359580.0,63.87101137948542,81.30711254226317,05
2006-06-01,2006,6,Texas,9179.0,,15169.0,19334.0,,909,6.0,32.0,46.0,,2812.0,4032.0,,0.0,0.0,,,,,,,,,,51519,23359580.0,64.93695520210552,82.76689906239753,06
2006-07-01,2006,7,Texas,9124.0,,15063.0,20324.0,,963,6.0,51.0,40.0,,2753.0,3952.0,,0.0,0.0,,,,,,,,,,52276,23359580.0,64.48317992018691,87.00498895956177,07
2006-08-01,2006,8,Texas,7317.0,,16160.0,32850.0,,1104,0.0,53.0,37.0,,2869.0,4679.0,,0.0,0.0,,,,,,,,,,65069,23359580.0,69.17932599815579,140.62752840590457,08
2006-09-01,2006,9,Texas,7082.0,,16362.0,37821.0,,1138,1.0,30.0,55.0,,3101.0,5608.0,,0.0,0.0,,,,,,,,,,71198,23359580.0,70.04406757313274,161.9078767683323,09
2006-10-01,2006,10,Texas,6981.0,,16442.0,34162.0,,1144,3.0,70.0,90.0,,2881.0,5472.0,,,,,,,,,,,,,67245,23359580.0,70.38653948401469,146.2440677443687,10
2006-11-01,2006,11,Texas,7371.0,,16689.0,39310.0,,1199,1.0,76.0,118.0,,2853.0,5634.0,,,,,,,,,,,,,73251,23359580.0,71.44392150886274,168.28213520962277,11
2006-12-01,2006,12,Texas,9626.0,,24939.0,61903.0,,1365,5.0,56.0,60.0,,2858.0,4414.0,,,,,,,,,,,,,105226,23359580.0,106.7613373185648,265.0004837415741,12
2007-01-01,2007,1,Texas,5526.0,,19624.0,25320.0,,1262,0.0,47.0,59.0,,3204.0,4625.0,,,,,,,,,,,,,59667,23831983.0,82.34312688121672,106.24378172810881,01
2007-02-01,2007,2,Texas,9470.0,,21950.0,24176.0,,1343,0.0,48.0,58.0,,3693.0,5297.0,,,,,,,,,,,,,66035,23831983.0,92.10312041595532,101.44350975745493,02
2007-03-01,2007,3,Texas,10004.0,,21289.0,23174.0,,1231,0.0,33.0,57.0,,3022.0,4146.0,,,,,,,,,,,,,62956,23831983.0,89.32953669864568,97.23907574120038,03
2007-04-01,2007,4,Texas,11704.0,,18442.0,18727.0,,974,0.0,19.0,32.0,,2454.0,3296.0,,,,,,,,,,,,,55648,23831983.0,77.38340531713203,78.5792772678631,04
2007-05-01,2007,5,Texas,9833.0,,18914.0,18183.0,,997,0.0,28.0,38.0,,2672.0,3446.0,,,,,,,,,,,,,54111,23831983.0,79.36393710921999,76.29663045664307,05
2007-06-01,2007,6,Texas,6809.0,,18556.0,18695.0,,917,0.0,42.0,33.0,,2901.0,3572.0,,,,,,,,,,,,,51525,23831983.0,77.86175409742445,78.44500392602664,06
2007-07-01,2007,7,Texas,9597.0,,17474.0,19767.0,,951,0.0,32.0,40.0,,2631.0,3538.0,,,,,,,,,,,,,54030,23831983.0,73.32163672657873,82.94316087754846,07
2007-08-01,2007,8,Texas,10598.0,,18786.0,33112.0,,1209,2.0,34.0,36.0,,3127.0,4662.0,,,,,,,,,,,,,71566,23831983.0,78.8268437418741,138.93934046528986,08
2007-09-01,2007,9,Texas,1783.0,,17096.0,33983.0,,1131,5106.0,35.0,46.0,,2760.0,4300.0,,,,,,,,,,,,,66240,23831983.0,71.7355328761354,142.59409298840134,09
2007-10-01,2007,10,Texas,0.0,,18392.0,32269.0,,1165,6504.0,51.0,64.0,,2915.0,5312.0,,,,,,,,,,,,,66672,23831983.0,77.17360322051253,135.40207711628528,10
2007-11-01,2007,11,Texas,0.0,,19042.0,37621.0,,1299,5995.0,44.0,42.0,,3062.0,5565.0,,,,,,,,,,,,,72670,23831983.0,79.90103047656588,157.8592935384353,11
2007-12-01,2007,12,Texas,0.0,,30442.0,58440.0,,1549,4998.0,36.0,64.0,,2846.0,4101.0,,,,,,,,,,,,,102476,23831983.0,127.73590850580919,245.2166905288578,12
2008-01-01,2008,1,Texas,4806.0,,24005.0,26358.0,,1417,2023.0,39.0,40.0,,3447.0,4662.0,,,,,,,,,,,,,66797,24309039.0,98.74927593805745,108.42880296502054,01
2008-02-01,2008,2,Texas,6723.0,,27766.0,25882.0,,1588,0.0,40.0,49.0,,4215.0,5738.0,,,,,,,,,,,,,72001,24309039.0,114.22088713585099,106.47068360045002,02
2008-03-01,2008,3,Texas,6004.0,,26012.0,23400.0,,1384,0.0,51.0,45.0,,2898.0,3873.0,,,,,,,,,,,,,63667,24309039.0,107.00546409917726,96.26048977090373,03
2008-04-01,2008,4,Texas,9331.0,,22491.0,20257.0,,1220,0.0,38.0,37.0,,2749.0,3404.0,,,,,,,,,,,,,59527,24309039.0,92.5211399759571,83.33114279013662,04
2008-05-01,2008,5,Texas,8123.0,,23216.0,21460.0,,1178,0.0,46.0,32.0,,3215.0,3769.0,,,,,,,,,,,,,61039,24309039.0,95.50356968039749,88.27991925143566,05
2008-06-01,2008,6,Texas,8254.0,,22732.0,20558.0,,1033,0.0,43.0,31.0,,2973.0,3615.0,,,,,,,,,,,,,59239,24309039.0,93.51254074667452,84.56936532949739,06
2008-07-01,2008,7,Texas,6552.0,,21521.0,21065.0,,1083,0.0,33.0,25.0,,2934.0,3564.0,,,,,,,,,,,,,56777,24309039.0,88.53085471622305,86.65500927453364,07
2008-08-01,2008,8,Texas,7400.0,,23142.0,33949.0,,1369,0.0,38.0,37.0,,3145.0,4128.0,,,,,,,,,,,,,73208,24309039.0,95.19915616573736,139.6558703945475,08
2008-09-01,2008,9,Texas,9776.0,,20206.0,33624.0,,1245,0.0,32.0,50.0,,2908.0,4151.0,,,,,,,,,,,,,71992,24309039.0,83.12134428678979,138.31891914772936,09
2008-10-01,2008,10,Texas,13970.0,,26729.0,39563.0,,1869,0.0,30.0,53.0,,3724.0,6105.0,,,,,,,,,,,,,92043,24309039.0,109.95498423446521,162.75016054727627,10
2002-07-01,2002,7,Utah,0.0,,1227.0,2298.0,,44,0.0,0.0,0.0,,0.0,0.0,,,,,,,,,,,,,3569,2324815.0,52.77839311945251,98.84657488875459,07
2002-08-01,2002,8,Utah,0.0,,1270.0,3328.0,,64,0.0,0.0,0.0,,0.0,0.0,,,,,,,,,,,,,4662,2324815.0,54.62800265827603,143.1511754698761,08
2002-09-01,2002,9,Utah,0.0,,1215.0,4328.0,,55,0.0,0.0,0.0,,0.0,0.0,,,,,,,,,,,,,5598,2324815.0,52.26222301559479,186.1653507913533,09
2002-10-01,2002,10,Utah,0.0,,1228.0,4630.0,,64,0.0,0.0,0.0,,0.0,0.0,,,,,,,,,,,,,5922,2324815.0,52.82140729477399,199.1556317384394,10
2002-11-01,2002,11,Utah,0.0,,1327.0,4727.0,,46,0.0,0.0,0.0,,0.0,0.0,,,,,,,,,,,,,6100,2324815.0,57.07981065160023,203.32800674462268,11
2002-12-01,2002,12,Utah,0.0,,2082.0,7450.0,,65,0.0,0.0,0.0,,0.0,0.0,,,,,,,,,,,,,9597,2324815.0,89.55551301931551,320.45560614500505,12
2003-01-01,2003,1,Utah,0.0,,1347.0,2923.0,,75,0.0,0.0,0.0,,0.0,0.0,,,,,,,,,,,,,4345,2360137.0,57.072958052858795,123.84874267892076,01
2003-02-01,2003,2,Utah,0.0,,1795.0,3640.0,,84,0.0,0.0,0.0,,0.0,0.0,,,,,,,,,,,,,5519,2360137.0,76.05490698209469,154.22833505004158,02
2003-03-01,2003,3,Utah,0.0,,1868.0,3303.0,,102,0.0,0.0,0.0,,0.0,0.0,,,,,,,,,,,,,5273,2360137.0,79.14794776743894,139.94950293139763,03
2003-04-01,2003,4,Utah,0.0,,1606.0,2980.0,,82,0.0,0.0,0.0,,0.0,0.0,,,,,,,,,,,,,4668,2360137.0,68.0468972775733,126.26385671679228,04
2003-05-01,2003,5,Utah,496.0,,1289.0,2670.0,,75,0.0,0.0,0.0,,0.0,0.0,,,,,,,,,,,,,4530,2360137.0,54.615473593270224,113.12902598450852,05
2003-06-01,2003,6,Utah,2559.0,,1208.0,2321.0,,68,0.0,0.0,0.0,,1.0,0.0,,,,,,,,,,,,,6157,2360137.0,51.183469434189625,98.34174880526004,06
2003-07-01,2003,7,Utah,406.0,,1232.0,2521.0,,64,0.0,0.0,0.0,,0.0,0.0,,,,,,,,,,,,,4223,2360137.0,52.20035955539869,106.8158331486689,07
2003-08-01,2003,8,Utah,602.0,,1375.0,3315.0,,84,0.0,0.0,0.0,,0.0,0.0,,,,,,,,,,,,,5376,2360137.0,58.25932986093604,140.45794799200218,08
2003-09-01,2003,9,Utah,758.0,,1412.0,4277.0,,82,0.0,0.0,0.0,,0.0,0.0,,,,,,,,,,,,,6529,2360137.0,59.82703546446668,181.21829368379886,09
2003-10-01,2003,10,Utah,855.0,,1288.0,4301.0,,90,0.0,0.0,0.0,,0.0,0.0,,,,,,,,,,,,,6534,2360137.0,54.57310317155317,182.23518380500792,10
2003-11-01,2003,11,Utah,667.0,,1551.0,4317.0,,70,0.0,0.0,0.0,,0.0,1.0,,,,,,,,,,,,,6606,2360137.0,65.71652408313585,182.91311055248065,11
2003-12-01,2003,12,Utah,790.0,,2228.0,7630.0,,99,0.0,0.0,0.0,,0.0,0.0,,,,,,,,,,,,,10747,2360137.0,94.4012995855749,323.28631770104874,12
2004-01-01,2004,1,Utah,779.0,,1490.0,2880.0,,74,0.0,0.0,0.0,,0.0,0.0,,,,,,,,,,,,,5223,2401580.0,62.0424886949425,119.92105197411705,01
2004-02-01,2004,2,Utah,927.0,,1899.0,3456.0,,100,0.0,0.0,0.0,,0.0,0.0,,,,,,,,,,,,,6382,2401580.0,79.07294364543343,143.90526236894044,02
2004-03-01,2004,3,Utah,1316.0,,1730.0,3106.0,,89,0.0,0.0,0.0,,0.0,0.0,,,,,,,,,,,,,6241,2401580.0,72.03590969278558,129.33152341375262,03
2004-04-01,2004,4,Utah,907.0,,1660.0,2883.0,,78,0.0,0.0,0.0,,0.0,0.0,,,,,,,,,,,,,5528,2401580.0,69.12116190174801,120.04596973659008,04
2004-05-01,2004,5,Utah,1100.0,,1371.0,2643.0,,70,0.0,0.0,0.0,,0.0,0.0,,,,,,,,,,,,,5184,2401580.0,57.087417450178634,110.05254873874699,05
2004-06-01,2004,6,Utah,1175.0,,1330.0,2475.0,,88,0.0,0.0,0.0,,0.0,0.0,,,,,,,,,,,,,5068,2401580.0,55.38020802971377,103.05715404025683,06
2004-07-01,2004,7,Utah,1404.0,,1339.0,2711.0,,83,0.0,0.0,0.0,,0.0,0.0,,,,,,,,,,,,,5537,2401580.0,55.75496131713289,112.8840180214692,07
2004-08-01,2004,8,Utah,1759.0,,1411.0,2998.0,,88,0.0,0.0,0.0,,0.0,0.0,,,,,,,,,,,,,6256,2401580.0,58.75298761648582,124.83448396472322,08
2004-09-01,2004,9,Utah,1506.0,,1422.0,4411.0,,93,0.0,0.0,0.0,,0.0,0.0,,,,,,,,,,,,,7432,2401580.0,59.21101941222029,183.6707500895244,09
2004-10-01,2004,10,Utah,1113.0,,1350.0,4777.0,,69,0.0,0.0,0.0,,0.0,0.0,,,,,,,,,,,,,7309,2401580.0,56.21299311286736,198.91071711123513,10
2004-11-01,2004,11,Utah,1246.0,,1569.0,4621.0,,48,0.0,0.0,0.0,,0.0,0.0,,,,,,,,,,,,,7484,2401580.0,65.33198977339919,192.41499346263709,11
2004-12-01,2004,12,Utah,1427.0,,2328.0,8467.0,,101,0.0,0.0,0.0,,0.0,0.0,,,,,,,,,,,,,12323,2401580.0,96.93618367907794,352.55956495307254,12
2005-01-01,2005,1,Utah,1490.0,,1421.0,3146.0,,91,0.0,0.0,0.0,,0.0,0.0,,,,,,,,,,,,,6148,2457719.0,57.81783841033088,128.0048695558768,01
2005-02-01,2005,2,Utah,1135.0,,1782.0,3632.0,,118,0.0,0.0,0.0,,0.0,0.0,,,,,,,,,,,,,6667,2457719.0,72.50625478339876,147.77930267862195,02
2005-03-01,2005,3,Utah,2018.0,,1795.0,3544.0,,79,0.0,0.0,0.0,,0.0,0.0,,,,,,,,,,,,,7436,2457719.0,73.03520052536518,144.19874688684914,03
2005-04-01,2005,4,Utah,1684.0,,1668.0,3066.0,,75,0.0,0.0,0.0,,0.0,0.0,,,,,,,,,,,,,6493,2457719.0,67.8678075076931,124.74981883608338,04
2005-05-01,2005,5,Utah,899.0,,1367.0,2668.0,,79,0.0,0.0,0.0,,0.0,0.0,,,,,,,,,,,,,5013,2457719.0,55.620679174470304,108.55594150511105,05
2005-06-01,2005,6,Utah,1483.0,,1432.0,2750.0,,72,0.0,0.0,0.0,,0.0,0.0,,,,,,,,,,,,,5737,2457719.0,58.26540788430248,111.89236849289931,06
2005-07-01,2005,7,Utah,1165.0,,1270.0,2473.0,,74,0.0,0.0,0.0,,0.0,0.0,,,,,,,,,,,,,4982,2457719.0,51.673930176720766,100.62175537561453,07
2005-08-01,2005,8,Utah,1269.0,,1372.0,3278.0,,86,0.0,0.0,0.0,,0.0,0.0,,,,,,,,,,,,,6005,2457719.0,55.82411984445741,133.37570324353598,08
2005-09-01,2005,9,Utah,1079.0,,1932.0,5424.0,,108,0.0,0.0,0.0,,0.0,0.0,,,,,,,,,,,,,8543,2457719.0,78.60947488301144,220.69243880199485,09
2005-10-01,2005,10,Utah,1385.0,,1697.0,5013.0,,87,0.0,0.0,,,0.0,0.0,,,,,,,,,,,,,8182,2457719.0,69.04776339361823,203.9696157290561,10
2005-11-01,2005,11,Utah,1159.0,,1813.0,5805.0,,95,0.0,0.0,0.0,,0.0,0.0,,,,,,,,,,,,,8872,2457719.0,73.76758693731871,236.1946178550111,11
2005-12-01,2005,12,Utah,1552.0,,2800.0,10407.0,,144,0.0,0.0,0.0,,0.0,0.0,,,,,,,,,,,,,14903,2457719.0,113.9267751927702,423.4414105111284,12
2006-01-01,2006,1,Utah,958.0,,1809.0,4148.0,,94,0.0,0.0,0.0,,0.0,0.0,,,,,,,,,,,,,7009,2525507.0,71.62918178409325,164.2442487785621,01
2006-02-01,2006,2,Utah,1749.0,,2015.0,4643.0,,128,0.0,0.0,0.0,,0.0,0.0,,,,,,,,,,,,,8535,2525507.0,79.7859598092581,183.84427364485626,02
2006-03-01,2006,3,Utah,1846.0,,2103.0,4671.0,,116,0.0,0.0,0.0,,0.0,0.0,,,,,,,,,,,,,8736,2525507.0,83.27040867437707,184.9529619201214,03
2006-04-01,2006,4,Utah,1523.0,,1979.0,3857.0,,91,0.0,0.0,0.0,,0.0,0.0,,,,,,,,,,,,,7450,2525507.0,78.3605034553458,152.72180991777097,04
2006-05-01,2006,5,Utah,1370.0,,1698.0,3434.0,,95,0.0,0.0,0.0,,0.0,0.0,,0.0,0.0,,,,,,,,,,6597,2525507.0,67.23402469286366,135.9726977593014,05
2006-06-01,2006,6,Utah,1449.0,,1826.0,3494.0,,96,0.0,0.0,0.0,,0.0,0.0,,0.0,0.0,,,,,,,,,,6865,2525507.0,72.30231395121851,138.34845834915524,06
2006-07-01,2006,7,Utah,2352.0,,1751.0,3096.0,,68,0.0,0.0,0.0,,0.0,0.0,,0.0,0.0,,,,,,,,,,7267,2525507.0,69.33261321390121,122.5892464364581,07
2006-08-01,2006,8,Utah,2282.0,,1728.0,4011.0,,82,0.0,0.0,0.0,,0.0,0.0,,0.0,0.0,,,,,,,,,,8103,2525507.0,68.42190498779057,158.81959543172917,08
2006-09-01,2006,9,Utah,1710.0,,1955.0,5749.0,,88,0.0,0.0,0.0,,0.0,0.0,,0.0,0.0,,,,,,,,,,9502,2525507.0,77.41019921940426,227.6374605178287,09
2006-10-01,2006,10,Utah,1697.0,,1804.0,5376.0,,96,0.0,0.0,0.0,,0.0,0.0,,,,,,,,,,,,,8973,2525507.0,71.43120173493877,212.868148850904,10
2006-11-01,2006,11,Utah,1713.0,,2185.0,6686.0,,112,0.0,0.0,0.0,,0.0,0.0,,,,,,,,,,,,,10696,2525507.0,86.51728148051065,264.7389217293795,11
2006-12-01,2006,12,Utah,1907.0,,3345.0,11500.0,,168,0.0,0.0,0.0,,0.0,0.0,,,,,,,,,,,,,16920,2525507.0,132.44865288435153,455.3541130553192,12
2007-01-01,2007,1,Utah,2074.0,,2111.0,4170.0,,93,0.0,0.0,0.0,,0.0,0.0,,,,,,,,,,,,,8448,2597746.0,81.26275625099606,160.52377715142282,01
2007-02-01,2007,2,Utah,1795.0,,2639.0,4422.0,,126,0.0,0.0,0.0,,0.0,0.0,,,,,,,,,,,,,8982,2597746.0,101.58806904139203,170.22449461956634,02
2007-03-01,2007,3,Utah,2613.0,,2983.0,4394.0,,104,0.0,0.0,0.0,,0.0,0.0,,,,,,,,,,,,,10094,2597746.0,114.83031828361972,169.14663712310596,03
2007-04-01,2007,4,Utah,2480.0,,2612.0,3644.0,,109,0.0,0.0,0.0,,0.0,0.0,,,,,,,,,,,,,8845,2597746.0,100.54870645551952,140.2754541822026,04
2007-05-01,2007,5,Utah,2961.0,,2336.0,3241.0,,94,0.0,0.0,0.0,,0.0,0.0,,,,,,,,,,,,,8632,2597746.0,89.92411113326706,124.76200521529049,05
2007-06-01,2007,6,Utah,3597.0,,2234.0,3210.0,,94,0.0,0.0,0.0,,0.0,0.0,,,,,,,,,,,,,9135,2597746.0,85.99763025330421,123.56866298706649,06
2007-07-01,2007,7,Utah,1157.0,,1916.0,2931.0,,89,0.0,0.0,0.0,,0.0,0.0,,,,,,,,,,,,,6093,2597746.0,73.75624868636118,112.82858293305041,07
2007-08-01,2007,8,Utah,3850.0,,2098.0,4196.0,,116,0.0,0.0,0.0,,0.0,0.0,,,,,,,,,,,,,10260,2597746.0,80.76232241335373,161.52464482670746,08
2007-09-01,2007,9,Utah,5941.0,,2132.0,5106.0,,110,0.0,0.0,0.0,,0.0,0.0,,,,,,,,,,,,,13289,2597746.0,82.07114937334136,196.55501346167023,09
2007-10-01,2007,10,Utah,5533.0,,2012.0,5083.0,,98,0.0,0.0,0.0,,0.0,0.0,,,,,,,,,,,,,12726,2597746.0,77.45176010279681,195.6696305181492,10
2007-11-01,2007,11,Utah,5713.0,,2539.0,6139.0,,112,0.0,0.0,0.0,,0.0,0.0,,,,,,,,,,,,,14503,2597746.0,97.73857798260491,236.32025609894117,11
2007-12-01,2007,12,Utah,2971.0,,3542.0,9392.0,,139,0.0,0.0,0.0,,0.0,0.0,,,,,,,,,,,,,16044,2597746.0,136.34897330223973,361.5442002412861,12
2008-01-01,2008,1,Utah,3273.0,,2424.0,3734.0,,107,0.0,0.0,0.0,,0.0,0.0,,,,,,,,,,,,,9538,2663029.0,91.02416834364178,140.2162725227551,01
2008-02-01,2008,2,Utah,1562.0,,2687.0,4137.0,,139,0.0,0.0,0.0,,0.0,0.0,,,,,,,,,,,,,8525,2663029.0,100.90014040402865,155.34941602213118,02
2008-03-01,2008,3,Utah,2956.0,,2836.0,3952.0,,127,0.0,0.0,0.0,,0.0,0.0,,,,,,,,,,,,,9871,2663029.0,106.49527286409574,148.40243947775258,03
2008-04-01,2008,4,Utah,4522.0,,2800.0,3500.0,,115,0.0,0.0,0.0,,0.0,0.0,,,,,,,,,,,,,10937,2663029.0,105.14342877978422,131.42928597473028,04
2008-05-01,2008,5,Utah,5494.0,,2537.0,3498.0,,124,0.0,0.0,0.0,,0.0,0.0,,,,,,,,,,,,,11653,2663029.0,95.26745671939734,131.35418352560185,05
2008-06-01,2008,6,Utah,8630.0,,2027.0,3059.0,,97,0.0,0.0,0.0,,0.0,0.0,,,,,,,,,,,,,13813,2663029.0,76.11633219165093,114.86919594191427,06
2008-07-01,2008,7,Utah,18241.0,,1978.0,2653.0,,100,0.0,0.0,0.0,,0.0,0.0,,,,,,,,,,,,,22972,2663029.0,74.27632218800471,99.62339876884556,07
2008-08-01,2008,8,Utah,17678.0,,1976.0,3260.0,,108,0.0,0.0,0.0,,0.0,0.0,,,,,,,,,,,,,23022,2663029.0,74.20121973887629,122.41699207932021,08
2008-09-01,2008,9,Utah,4634.0,,2167.0,4068.0,,97,0.0,0.0,0.0,,0.0,0.0,,,,,,,,,,,,,10966,2663029.0,81.37350363064014,152.7583815272008,09
2008-10-01,2008,10,Utah,17155.0,,2270.0,4655.0,,137,0.0,0.0,0.0,,0.0,0.0,,,,,,,,,,,,,24217,2663029.0,85.24127976075364,174.80095034639126,10
2002-07-01,2002,7,Vermont,0.0,,411.0,729.0,,19,0.0,0.0,0.0,,0.0,0.0,,,,,,,,,,,,,1159,615442.0,66.78127264632573,118.45145440187702,07
2002-08-01,2002,8,Vermont,0.0,,435.0,994.0,,19,0.0,0.0,0.0,,0.0,0.0,,,,,,,,,,,,,1448,615442.0,70.68090900523526,161.50993919816977,08
2002-09-01,2002,9,Vermont,0.0,,480.0,1520.0,,21,0.0,0.0,0.0,,0.0,0.0,,,,,,,,,,,,,2021,615442.0,77.99272717819063,246.97696939760368,09
2002-10-01,2002,10,Vermont,0.0,,480.0,2074.0,,32,0.0,0.0,0.0,,0.0,0.0,,,,,,,,,,,,,2586,615442.0,77.99272717819063,336.9935753490987,10
2002-11-01,2002,11,Vermont,0.0,,393.0,1835.0,,17,0.0,0.0,0.0,,0.0,0.0,,,,,,,,,,,,,2245,615442.0,63.85654537714358,298.1596966082913,11
2002-12-01,2002,12,Vermont,0.0,,437.0,1280.0,,27,0.0,0.0,0.0,,0.0,0.0,,,,,,,,,,,,,1744,615442.0,71.00587870181106,207.98060580850836,12
2003-01-01,2003,1,Vermont,0.0,,375.0,655.0,,17,0.0,0.0,0.0,,0.0,0.0,,,,,,,,,,,,,1047,617858.0,60.69355741934231,106.01141362578457,01
2003-02-01,2003,2,Vermont,0.0,,580.0,910.0,,28,0.0,0.0,0.0,,0.0,0.0,,,,,,,,,,,,,1518,617858.0,93.87270214191611,147.28303267093733,02
2003-03-01,2003,3,Vermont,0.0,,630.0,1185.0,,39,0.0,0.0,0.0,,0.0,0.0,,,,,,,,,,,,,1854,617858.0,101.96517646449507,191.7916414451217,03
2003-04-01,2003,4,Vermont,0.0,,468.0,1154.0,,25,0.0,0.0,0.0,,0.0,1.0,,,,,,,,,,,,,1648,617858.0,75.7455596593392,186.77430736512272,04
2003-05-01,2003,5,Vermont,0.0,,465.0,778.0,,20,0.0,0.0,0.0,,0.0,0.0,,,,,,,,,,,,,1263,617858.0,75.26001119998446,125.91890045932884,05
2003-06-01,2003,6,Vermont,0.0,,444.0,643.0,,21,0.0,0.0,0.0,,0.0,0.0,,,,,,,,,,,,,1108,617858.0,71.86117198450128,104.0692197883656,06
2003-07-01,2003,7,Vermont,0.0,,411.0,700.0,,27,0.0,0.0,0.0,,0.0,0.0,,,,,,,,,,,,,1138,617858.0,66.52013893159916,113.29464051610566,07
2003-08-01,2003,8,Vermont,0.0,,491.0,1134.0,,22,0.0,0.0,0.0,,0.0,0.0,,,,,,,,,,,,,1647,617858.0,79.46809784772553,183.53731763609116,08
2003-09-01,2003,9,Vermont,0.0,,519.0,1665.0,,31,0.0,0.0,0.0,,0.0,0.0,,,,,,,,,,,,,2215,617858.0,83.99988346836976,269.47939494187983,09
2003-10-01,2003,10,Vermont,0.0,,529.0,2075.0,,17,0.0,0.0,0.0,,0.0,0.0,,,,,,,,,,,,,2621,617858.0,85.61837833288556,335.8376843870275,10
2003-11-01,2003,11,Vermont,0.0,,454.0,1689.0,,15,0.0,0.0,0.0,,0.0,0.0,,,,,,,,,,,,,2158,617858.0,73.4796668490171,273.3637826167178,11
2003-12-01,2003,12,Vermont,0.0,,480.0,1253.0,,21,0.0,0.0,0.0,,0.0,0.0,,,,,,,,,,,,,1754,617858.0,77.68775349675816,202.7974065238291,12
2004-01-01,2004,1,Vermont,0.0,,368.0,739.0,,18,0.0,0.0,0.0,,0.0,0.0,,,,,,,,,,,,,1125,619920.0,59.362498386888625,119.20893018453995,01
2004-02-01,2004,2,Vermont,0.0,,538.0,953.0,,24,0.0,0.0,0.0,,0.0,0.0,,,,,,,,,,,,,1515,619920.0,86.78539166344045,153.72951348561105,02
2004-03-01,2004,3,Vermont,0.0,,663.0,1155.0,,29,0.0,0.0,0.0,,0.0,1.0,,,,,,,,,,,,,1848,619920.0,106.94928377855207,186.31436314363143,03
2004-04-01,2004,4,Vermont,0.0,,574.0,1109.0,,20,0.0,0.0,0.0,,0.0,0.0,,,,,,,,,,,,,1703,619920.0,92.5925925925926,178.89405084527036,04
2004-05-01,2004,5,Vermont,0.0,,460.0,723.0,,41,0.0,0.0,0.0,,0.0,0.0,,,,,,,,,,,,,1224,619920.0,74.2031229836108,116.62795199380565,05
2004-06-01,2004,6,Vermont,0.0,,401.0,624.0,,12,0.0,0.0,0.0,,0.0,0.0,,,,,,,,,,,,,1037,619920.0,64.6857659052781,100.65814943863724,06
2004-07-01,2004,7,Vermont,0.0,,456.0,752.0,,21,0.0,0.0,0.0,,0.0,0.0,,,,,,,,,,,,,1229,619920.0,73.55787843592722,121.30597496451156,07
2004-08-01,2004,8,Vermont,0.0,,386.0,887.0,,17,0.0,0.0,0.0,,0.0,0.0,,,,,,,,,,,,,1290,619920.0,62.266098851464704,143.0829784488321,08
2004-09-01,2004,9,Vermont,0.0,,481.0,1473.0,,23,0.0,0.0,0.0,,0.0,0.0,,,,,,,,,,,,,1977,619920.0,77.59065685894954,237.6113046844754,09
2004-10-01,2004,10,Vermont,0.0,,534.0,2028.0,,26,0.0,0.0,0.0,,0.0,0.0,,,,,,,,,,,,,2588,619920.0,86.14014711575687,327.13898567557106,10
2004-11-01,2004,11,Vermont,0.0,,433.0,1575.0,,21,0.0,0.0,0.0,,0.0,0.0,,,,,,,,,,,,,2029,619920.0,69.84772228674667,254.0650406504065,11
2004-12-01,2004,12,Vermont,0.0,,522.0,1380.0,,23,0.0,0.0,0.0,,0.0,0.0,,,,,,,,,,,,,1925,619920.0,84.20441347270615,222.6093689508324,12
2005-01-01,2005,1,Vermont,0.0,,447.0,640.0,,13,0.0,0.0,0.0,,0.0,0.0,,,,,,,,,,,,,1100,621215.0,71.95576410743463,103.02391281601378,01
2005-02-01,2005,2,Vermont,0.0,,647.0,981.0,,23,0.0,0.0,0.0,,0.0,0.0,,,,,,,,,,,,,1651,621215.0,104.15073686243893,157.9163413632961,02
2005-03-01,2005,3,Vermont,0.0,,647.0,1066.0,,26,0.0,0.0,0.0,,0.0,0.0,,,,,,,,,,,,,1739,621215.0,104.15073686243893,171.59920478417294,03
2005-04-01,2005,4,Vermont,0.0,,540.0,1152.0,,23,0.0,0.0,0.0,,0.0,0.0,,,,,,,,,,,,,1715,621215.0,86.92642643851163,185.4430430688248,04
2005-05-01,2005,5,Vermont,0.0,,479.0,674.0,,17,0.0,0.0,0.0,,0.0,0.0,,,,,,,,,,,,,1170,621215.0,77.10695974823531,108.4970581843645,05
2005-06-01,2005,6,Vermont,0.0,,403.0,578.0,,12,0.0,0.0,0.0,,0.0,0.0,,,,,,,,,,,,,993,621215.0,64.87287010133367,93.04347126196245,06
2005-07-01,2005,7,Vermont,0.0,,419.0,622.0,,32,0.0,0.0,0.0,,0.0,0.0,,,,,,,,,,,,,1073,621215.0,67.44846792173402,100.1263652680634,07
2005-08-01,2005,8,Vermont,0.0,,438.0,816.0,,22,0.0,0.0,0.0,,0.0,0.0,,,,,,,,,,,,,1276,621215.0,70.50699033345943,131.35548884041756,08
2005-09-01,2005,9,Vermont,0.0,,483.0,1381.0,,36,0.0,0.0,0.0,,0.0,0.0,,,,,,,,,,,,,1900,621215.0,77.7508592033354,222.30628687330474,09
2005-10-01,2005,10,Vermont,0.0,,502.0,1678.0,,23,0.0,0.0,0.0,,0.0,0.0,,,,,,,,,,,,,2203,621215.0,80.80938161506081,270.1158214144861,10
2005-11-01,2005,11,Vermont,0.0,,424.0,1462.0,,22,0.0,0.0,0.0,,0.0,0.0,,,,,,,,,,,,,1908,621215.0,68.25334224060913,235.3452508390815,11
2005-12-01,2005,12,Vermont,0.0,,483.0,1377.0,,19,0.0,0.0,0.0,,0.0,0.0,,,,,,,,,,,,,1879,621215.0,77.7508592033354,221.66238741820467,12
2006-01-01,2006,1,Vermont,0.0,,488.0,719.0,,19,0.0,0.0,0.0,,0.0,0.0,,,,,,,,,,,,,1226,622892.0,78.34423945081973,115.42932001053151,01
2006-02-01,2006,2,Vermont,0.0,,752.0,1133.0,,23,0.0,0.0,0.0,,0.0,0.0,,,,,,,,,,,,,1908,622892.0,120.72718866191893,181.8934903643007,02
2006-03-01,2006,3,Vermont,0.0,,732.0,1335.0,,24,0.0,0.0,0.0,,0.0,0.0,,,,,,,,,,,,,2091,622892.0,117.5163591762296,214.32286816976298,03
2006-04-01,2006,4,Vermont,0.0,,614.0,1128.0,,24,0.0,0.0,0.0,,0.0,0.0,,,,,,,,,,,,,1766,622892.0,98.57246521066253,181.09078299287836,04
2006-05-01,2006,5,Vermont,0.0,,485.0,759.0,,17,0.0,0.0,0.0,,0.0,0.0,,0.0,0.0,,,,,,,,,,1261,622892.0,77.86261502796631,121.85097898191019,05
2006-06-01,2006,6,Vermont,0.0,,538.0,639.0,,20,0.0,0.0,0.0,,0.0,0.0,,0.0,0.0,,,,,,,,,,1197,622892.0,86.37131316504306,102.58600206777419,06
2006-07-01,2006,7,Vermont,0.0,,407.0,593.0,,19,0.0,0.0,0.0,,0.0,0.0,,0.0,0.0,,,,,,,,,,1019,622892.0,65.34038003377792,95.20109425068873,07
2006-08-01,2006,8,Vermont,0.0,,493.0,900.0,,22,0.0,0.0,0.0,,0.0,0.0,,0.0,0.0,,,,,,,,,,1415,622892.0,79.14694682224206,144.48732685602,08
2006-09-01,2006,9,Vermont,0.0,,584.0,1536.0,,28,0.0,0.0,0.0,,0.0,0.0,,0.0,0.0,,,,,,,,,,2148,622892.0,93.75622098212853,246.59170450094078,09
2006-10-01,2006,10,Vermont,0.0,,554.0,1748.0,,24,0.0,0.0,0.0,,0.0,0.0,,,,,,,,,,,,,2326,622892.0,88.93997675359452,280.6264970492477,10
2006-11-01,2006,11,Vermont,0.0,,448.0,1684.0,,21,0.0,0.0,0.0,,0.0,0.0,,,,,,,,,,,,,2153,622892.0,71.92258047944105,270.35184269504185,11
2006-12-01,2006,12,Vermont,0.0,,648.0,1525.0,,30,0.0,0.0,0.0,,0.0,0.0,,,,,,,,,,,,,2203,622892.0,104.03087533633439,244.82574828381163,12
2007-01-01,2007,1,Vermont,0.0,,532.0,734.0,,24,0.0,0.0,0.0,,0.0,0.0,,,,,,,,,,,,,1290,623481.0,85.32737966353426,117.72612156585366,01
2007-02-01,2007,2,Vermont,0.0,,686.0,1052.0,,33,0.0,0.0,0.0,,0.0,0.0,,,,,,,,,,,,,1771,623481.0,110.02741061876785,168.73008159029706,02
2007-03-01,2007,3,Vermont,0.0,,698.0,1211.0,,24,0.0,0.0,0.0,,0.0,0.0,,,,,,,,,,,,,1933,623481.0,111.9520883555393,194.23206160251877,03
2007-04-01,2007,4,Vermont,0.0,,612.0,1099.0,,31,0.0,0.0,0.0,,0.0,0.0,,,,,,,,,,,,,1742,623481.0,98.15856457534392,176.26840272598525,04
2007-05-01,2007,5,Vermont,0.0,,544.0,778.0,,20,0.0,0.0,0.0,,0.0,0.0,,,,,,,,,,,,,1342,623481.0,87.2520574003057,124.78327326734897,05
2007-06-01,2007,6,Vermont,0.0,,481.0,633.0,,23,0.0,0.0,0.0,,0.0,0.0,,,,,,,,,,,,,1137,623481.0,77.1474992822556,101.52675061469395,06
2007-07-01,2007,7,Vermont,0.0,,527.0,724.0,,21,0.0,0.0,0.0,,0.0,0.0,,,,,,,,,,,,,1272,623481.0,84.52543060654615,116.12222345187743,07
2007-08-01,2007,8,Vermont,0.0,,530.0,919.0,,26,0.0,0.0,0.0,,0.0,0.0,,,,,,,,,,,,,1475,623481.0,85.00660004073902,147.3982366744135,08
2007-09-01,2007,9,Vermont,0.0,,565.0,1408.0,,26,0.0,0.0,0.0,,0.0,0.0,,,,,,,,,,,,,1999,623481.0,90.62024343965574,225.82885444785006,09
2007-10-01,2007,10,Vermont,0.0,,533.0,1696.0,,24,0.0,0.0,0.0,,0.0,0.0,,,,,,,,,,,,,2253,623481.0,85.48776947493187,272.02112013036486,10
2007-11-01,2007,11,Vermont,0.0,,452.0,1480.0,,24,0.0,0.0,0.0,,0.0,0.0,,,,,,,,,,,,,1956,623481.0,72.4961947517246,237.37692086847872,11
2007-12-01,2007,12,Vermont,0.0,,513.0,1257.0,,11,0.0,0.0,0.0,,0.0,0.0,,,,,,,,,,,,,1781,623481.0,82.27997324697947,201.6099929268093,12
2008-01-01,2008,1,Vermont,0.0,,567.0,725.0,,21,0.0,0.0,0.0,,0.0,0.0,,,,,,,,,,,,,1313,624151.0,90.84340167683781,116.15778874022472,01
2008-02-01,2008,2,Vermont,0.0,,775.0,1137.0,,29,0.0,0.0,0.0,,0.0,0.0,,,,,,,,,,,,,1941,624151.0,124.16867072230919,182.1674562726007,02
2008-03-01,2008,3,Vermont,0.0,,802.0,1212.0,,23,0.0,0.0,0.0,,0.0,0.0,,,,,,,,,,,,,2037,624151.0,128.49454699263478,194.18377924572738,03
2008-04-01,2008,4,Vermont,0.0,,701.0,1162.0,,34,0.0,0.0,0.0,,0.0,0.0,,,,,,,,,,,,,1897,624151.0,112.31256538882417,186.17289726364294,04
2008-05-01,2008,5,Vermont,0.0,,662.0,898.0,,37,0.0,0.0,0.0,,0.0,0.0,,,,,,,,,,,,,1597,624151.0,106.0640774427983,143.87544039823698,05
2008-06-01,2008,6,Vermont,0.0,,573.0,651.0,,21,0.0,0.0,0.0,,0.0,0.0,,,,,,,,,,,,,1245,624151.0,91.80470751468796,104.30168340673971,06
2008-07-01,2008,7,Vermont,0.0,,660.0,840.0,,26,0.0,0.0,0.0,,0.0,0.0,,,,,,,,,,,,,1526,624151.0,105.74364216351492,134.58281729901898,07
2008-08-01,2008,8,Vermont,0.0,,661.0,869.0,,23,0.0,0.0,0.0,,0.0,0.0,,,,,,,,,,,,,1553,624151.0,105.9038598031566,139.22912884862797,08
2008-09-01,2008,9,Vermont,0.0,,611.0,1411.0,,31,0.0,0.0,0.0,,0.0,0.0,,,,,,,,,,,,,2053,624151.0,97.89297782107215,226.06708953442356,09
2008-10-01,2008,10,Vermont,0.0,,672.0,1660.0,,35,0.0,0.0,0.0,,0.0,0.0,,,,,,,,,,,,,2367,624151.0,107.6662538392152,265.9612818052042,10
2002-07-01,2002,7,Virginia,0.0,,4941.0,6839.0,,128,0.0,0.0,0.0,,0.0,0.0,,,,,,,,,,,,,11908,7286873.0,67.8068631084966,93.85370103197901,07
2002-08-01,2002,8,Virginia,0.0,,5622.0,9400.0,,155,0.0,0.0,0.0,,0.0,0.0,,,,,,,,,,,,,15177,7286873.0,77.15243561950373,128.99909192873267,08
2002-09-01,2002,9,Virginia,0.0,,5287.0,10484.0,,165,0.0,0.0,0.0,,0.0,0.0,,,,,,,,,,,,,15936,7286873.0,72.55512755608613,143.8751574234929,09
2002-10-01,2002,10,Virginia,0.0,,6792.0,13444.0,,202,0.0,0.0,0.0,,0.0,0.0,,,,,,,,,,,,,20438,7286873.0,93.20870557233535,184.4961480733917,10
2002-11-01,2002,11,Virginia,0.0,,5725.0,16402.0,,178,0.0,0.0,0.0,,0.0,0.0,,,,,,,,,,,,,22305,7286873.0,78.56593630765899,225.0896921079865,11
2002-12-01,2002,12,Virginia,0.0,,6758.0,18489.0,,215,0.0,0.0,0.0,,0.0,0.0,,,,,,,,,,,,,25462,7286873.0,92.74211311216759,253.73023517769556,12
2003-01-01,2003,1,Virginia,1.0,,6112.0,8780.0,,155,0.0,0.0,0.0,,0.0,0.0,,,,,,,,,,,,,15048,7366977.0,82.96483075758212,119.18049968121254,01
2003-02-01,2003,2,Virginia,0.0,,6932.0,8866.0,,185,0.0,0.0,0.0,,0.0,0.0,,,,,,,,,,,,,15983,7366977.0,94.09558357518965,120.34787131818112,02
2003-03-01,2003,3,Virginia,0.0,,7622.0,9514.0,,200,0.0,0.0,0.0,,0.0,0.0,,,,,,,,,,,,,17336,7366977.0,103.46170484854237,129.14388086185147,03
2003-04-01,2003,4,Virginia,0.0,,5386.0,7671.0,,158,0.0,0.0,0.0,,0.0,0.0,,,,,,,,,,,,,13215,7366977.0,73.11004228735884,104.12683519983841,04
2003-05-01,2003,5,Virginia,0.0,,6093.0,7371.0,,166,0.0,0.0,0.0,,0.0,0.0,,,,,,,,,,,,,13630,7366977.0,82.70692307034487,100.05460855925028,05
2003-06-01,2003,6,Virginia,0.0,,4849.0,6356.0,,190,0.0,0.0,0.0,,0.0,0.0,,,,,,,,,,,,,11395,7366977.0,65.82075660070609,86.27690842526046,06
2003-07-01,2003,7,Virginia,0.0,,5340.0,6950.0,,149,0.0,0.0,0.0,,0.0,0.0,,,,,,,,,,,,,12439,7366977.0,72.48563420246866,94.33991717362495,07
2003-08-01,2003,8,Virginia,0.0,,5851.0,9346.0,,168,0.0,0.0,0.0,,0.0,0.0,,,,,,,,,,,,,15365,7366977.0,79.42199358027044,126.86343394312212,08
2003-09-01,2003,9,Virginia,0.0,,5033.0,9747.0,,148,0.0,0.0,0.0,,0.0,0.0,,,,,,,,,,,,,14928,7366977.0,68.31838894026681,132.30664355270827,09
2003-10-01,2003,10,Virginia,0.0,,6184.0,13713.0,,218,0.0,0.0,0.0,,0.0,0.0,,,,,,,,,,,,,20115,7366977.0,83.94216515132327,186.14147974128332,10
2003-11-01,2003,11,Virginia,0.0,,5855.0,16862.0,,188,0.0,0.0,0.0,,0.0,0.0,,,,,,,,,,,,,22905,7366977.0,79.47628993547829,228.88628537865665,11
2003-12-01,2003,12,Virginia,0.0,,7625.0,20025.0,,261,0.0,0.0,0.0,,0.0,0.0,,,,,,,,,,,,,27911,7366977.0,103.50242711494823,271.82112825925753,12
2004-01-01,2004,1,Virginia,0.0,,6537.0,9530.0,,187,0.0,0.0,0.0,,0.0,0.0,,,,,,,,,,,,,16254,7475575.0,87.44477849529969,127.48183250117884,01
2004-02-01,2004,2,Virginia,0.0,,7757.0,9311.0,,200,0.0,0.0,0.0,,0.0,0.0,,,,,,,,,,,,,17268,7475575.0,103.76459335903927,124.5522919641633,02
2004-03-01,2004,3,Virginia,0.0,,7535.0,9358.0,,206,0.0,0.0,0.0,,0.0,0.0,,,,,,,,,,,,,17099,7475575.0,100.79492212973584,125.18100614334014,03
2004-04-01,2004,4,Virginia,0.0,,5665.0,7742.0,,176,0.0,0.0,0.0,,0.0,0.0,,,,,,,,,,,,,13583,7475575.0,75.78012393695468,103.56393989759987,04
2004-05-01,2004,5,Virginia,0.0,,6023.0,6548.0,,148,0.0,0.0,0.0,,0.0,0.0,,,,,,,,,,,,,12719,7475575.0,80.5690532166422,87.59192436702193,05
2004-06-01,2004,6,Virginia,0.0,,5100.0,6506.0,,158,0.0,0.0,0.0,,0.0,0.0,,,,,,,,,,,,,11764,7475575.0,68.22217688940316,87.03009467499155,06
2004-07-01,2004,7,Virginia,0.0,,6874.0,7779.0,,215,5.0,0.0,0.0,,0.0,0.0,,,,,,,,,,,,,14873,7475575.0,91.95279292897202,104.05888510248374,07
2004-08-01,2004,8,Virginia,0.0,,6191.0,9693.0,,209,0.0,0.0,0.0,,0.0,0.0,,,,,,,,,,,,,16093,7475575.0,82.81637198476372,129.6622667821539,08
2004-09-01,2004,9,Virginia,0.0,,6223.0,12129.0,,222,0.0,0.0,0.0,,0.0,0.0,,,,,,,,,,,,,18574,7475575.0,83.24443270250114,162.24838891991587,09
2004-10-01,2004,10,Virginia,0.0,,7167.0,14785.0,,265,0.0,0.0,0.0,,0.0,0.0,,,,,,,,,,,,,22217,7475575.0,95.87222387575537,197.77742849212265,10
2004-11-01,2004,11,Virginia,0.0,,6451.0,16670.0,,246,0.0,0.0,0.0,,0.0,0.0,,,,,,,,,,,,,23367,7475575.0,86.29436531638035,222.99288014634325,11
2004-12-01,2004,12,Virginia,0.0,,8482.0,20469.0,,300,0.0,0.0,0.0,,0.0,0.0,,,,,,,,,,,,,29251,7475575.0,113.46284399527796,273.81171348023395,12
2005-01-01,2005,1,Virginia,0.0,,7039.0,9136.0,,237,0.0,0.0,0.0,,0.0,0.0,,,,,,,,,,,,,16412,7577105.0,92.8982771124328,120.5737547519798,01
2005-02-01,2005,2,Virginia,0.0,,8540.0,9559.0,,272,0.0,0.0,0.0,,0.0,0.0,,,,,,,,,,,,,18371,7577105.0,112.70795376334365,126.15636182948501,02
2005-03-01,2005,3,Virginia,0.0,,8985.0,10129.0,,270,0.0,0.0,0.0,,0.0,0.0,,,,,,,,,,,,,19384,7577105.0,118.58090919948977,133.67902384881825,03
2005-04-01,2005,4,Virginia,0.0,,7905.0,9020.0,,236,0.0,0.0,0.0,,0.0,0.0,,,,,,,,,,,,,17161,7577105.0,104.3274443207531,119.04282704278218,04
2005-05-01,2005,5,Virginia,3.0,,6395.0,6926.0,,204,0.0,0.0,0.0,,0.0,0.0,,,,,,,,,,,,,13528,7577105.0,84.39898879585277,91.40694236123163,05
2005-06-01,2005,6,Virginia,0.0,,5614.0,6572.0,,196,0.0,0.0,0.0,,0.0,0.0,,,,,,,,,,,,,12382,7577105.0,74.09162206409968,86.73497331764572,06
2005-07-01,2005,7,Virginia,0.0,,7183.0,7379.0,,190,0.0,0.0,0.0,,0.0,0.0,,,,,,,,,,,,,14752,7577105.0,94.79873909626434,97.38547901870173,07
2005-08-01,2005,8,Virginia,0.0,,6520.0,8575.0,,204,0.0,0.0,0.0,,0.0,0.0,,,,,,,,,,,,,15299,7577105.0,86.04869537903988,113.16987160663605,08
2005-09-01,2005,9,Virginia,0.0,,7017.0,10689.0,,246,0.0,0.0,0.0,,0.0,0.0,,,,,,,,,,,,,17952,7577105.0,92.60792875379185,141.06970934149652,09
2005-10-01,2005,10,Virginia,0.0,,7544.0,12859.0,,261,0.0,0.0,0.0,,0.0,0.0,,,,,,,,,,,,,20664,7577105.0,99.56309170850874,169.70861562562482,10
2005-11-01,2005,11,Virginia,0.0,,7557.0,17045.0,,216,0.0,0.0,0.0,,0.0,0.0,,,,,,,,,,,,,24818,7577105.0,99.73466119316018,224.95398968339492,11
2005-12-01,2005,12,Virginia,0.0,,9513.0,21185.0,,304,0.0,0.0,0.0,,0.0,0.0,,,,,,,,,,,,,31002,7577105.0,125.54926980687215,279.5922717185521,12
2006-01-01,2006,1,Virginia,0.0,,8811.0,10175.0,,231,0.0,0.0,0.0,,0.0,0.0,,,,,,,,,,,,,19217,7673725.0,114.82037732652655,132.59531713737462,01
2006-02-01,2006,2,Virginia,0.0,,9595.0,10146.0,,264,0.0,0.0,0.0,,0.0,0.0,,,,,,,,,,,,,20005,7673725.0,125.03705827352427,132.21740419418208,02
2006-03-01,2006,3,Virginia,0.0,,9604.0,10320.0,,298,0.0,0.0,0.0,,0.0,0.0,,,,,,,,,,,,,20222,7673725.0,125.15434160072195,134.48488185333719,03
2006-04-01,2006,4,Virginia,0.0,,12148.0,8794.0,,261,0.0,0.0,0.0,,0.0,0.0,,,,,,,,,,,,,21203,7673725.0,158.30642875526553,114.59884215293094,04
2006-05-01,2006,5,Virginia,0.0,,7810.0,6826.0,,202,0.0,0.0,0.0,,0.0,0.0,,0.0,0.0,,,,,,,,,,14838,7673725.0,101.77586504598484,88.95288793903873,05
2006-06-01,2006,6,Virginia,0.0,,8607.0,7444.0,,237,0.0,0.0,0.0,,0.0,0.0,,3.0,0.0,,,,,,,,,,16291,7673725.0,112.1619552433792,97.00634307327927,06
2006-07-01,2006,7,Virginia,0.0,,7764.0,7647.0,,223,0.0,0.0,0.0,,0.0,0.0,,1.0,0.0,,,,,,,,,,15635,7673725.0,101.1764169291967,99.65173367562689,07
2006-08-01,2006,8,Virginia,0.0,,6994.0,8918.0,,226,0.0,0.0,0.0,,0.0,0.0,,1.0,0.0,,,,,,,,,,16139,7673725.0,91.14217671339539,116.21474577209895,08
2006-09-01,2006,9,Virginia,,,6935.0,11023.0,,242,0.0,0.0,0.0,,0.0,0.0,,0.0,0.0,,,,,,,,,,18200,7673725.0,90.37331934621061,143.6460128555558,09
2006-10-01,2006,10,Virginia,0.0,,7436.0,12437.0,,247,0.0,0.0,0.0,,0.0,0.0,,,,,,,,,,,,,20120,7673725.0,96.90209122688134,162.07252670639096,10
2006-11-01,2006,11,Virginia,0.0,,7924.0,17557.0,,282,0.0,0.0,0.0,,0.0,0.0,,,,,,,,,,,,,25763,7673725.0,103.26145385715542,228.7937084010699,11
2006-12-01,2006,12,Virginia,0.0,,10114.0,20790.0,,325,0.0,0.0,0.0,,0.0,0.0,,,,,,,,,,,,,31229,7673725.0,131.80039680859034,270.9244858266357,12
2007-01-01,2007,1,Virginia,0.0,,9031.0,10055.0,,247,5.0,0.0,0.0,,0.0,0.0,,,,,,,,,,,,,19338,7751000.0,116.51399819378145,129.7251967488066,01
2007-02-01,2007,2,Virginia,0.0,,9190.0,9349.0,,262,2.0,0.0,0.0,,0.0,0.0,,,,,,,,,,,,,18803,7751000.0,118.56534640691522,120.61669462004902,02
2007-03-01,2007,3,Virginia,0.0,,10761.0,9996.0,,318,0.0,0.0,0.0,,0.0,0.0,,,,,,,,,,,,,21075,7751000.0,138.8336988775642,128.964004644562,03
2007-04-01,2007,4,Virginia,0.0,,8849.0,7696.0,,261,1.0,0.0,0.0,,0.0,0.0,,,,,,,,,,,,,16807,7751000.0,114.16591407560315,99.29041414011095,04
2007-05-01,2007,5,Virginia,0.0,,8205.0,6515.0,,236,0.0,0.0,0.0,,0.0,0.0,,,,,,,,,,,,,14956,7751000.0,105.85730873435685,84.05367049412979,05
2007-06-01,2007,6,Virginia,0.0,,7376.0,6836.0,,215,1.0,0.0,0.0,,0.0,0.0,,,,,,,,,,,,,14428,7751000.0,95.16191459166559,88.19507160366405,06
2007-07-01,2007,7,Virginia,0.0,,8139.0,7588.0,,219,3.0,0.0,0.0,,0.0,0.0,,,,,,,,,,,,,15949,7751000.0,105.00580570249,97.89704554251065,07
2007-08-01,2007,8,Virginia,0.0,,12187.0,9222.0,,277,5.0,0.0,0.0,,0.0,0.0,,,,,,,,,,,,,21691,7751000.0,157.23132499032383,118.97819636175979,08
2007-09-01,2007,9,Virginia,0.0,,11689.0,10323.0,,270,0.0,0.0,0.0,,0.0,0.0,,,,,,,,,,,,,22282,7751000.0,150.8063475680557,133.18281512062958,09
2007-10-01,2007,10,Virginia,0.0,,8479.0,11801.0,,293,2.0,0.0,0.0,,0.0,0.0,,,,,,,,,,,,,20575,7751000.0,109.39233647271321,152.25132241001162,10
2007-11-01,2007,11,Virginia,0.0,,8729.0,15816.0,,281,2.0,0.0,0.0,,0.0,0.0,,,,,,,,,,,,,24828,7751000.0,112.61772674493614,204.051090181912,11
2007-12-01,2007,12,Virginia,0.0,,11571.0,18884.0,,349,2.0,0.0,0.0,,0.0,0.0,,,,,,,,,,,,,30806,7751000.0,149.2839633595665,243.6330796026319,12
2008-01-01,2008,1,Virginia,0.0,,9903.0,9371.0,,273,6.0,0.0,0.0,,0.0,0.0,,,,,,,,,,,,,19553,7833496.0,126.4186513914094,119.62730305855776,01
2008-02-01,2008,2,Virginia,0.0,,13359.0,10525.0,,334,0.0,0.0,0.0,,0.0,0.0,,,,,,,,,,,,,24218,7833496.0,170.5368841702351,134.35891203620963,02
2008-03-01,2008,3,Virginia,0.0,,12481.0,9553.0,,303,0.0,0.0,0.0,,0.0,0.0,,,,,,,,,,,,,22337,7833496.0,159.3286062825589,121.95065906716489,03
2008-04-01,2008,4,Virginia,0.0,,12221.0,8622.0,,303,0.0,0.0,0.0,,0.0,0.0,,,,,,,,,,,,,21146,7833496.0,156.009526270263,110.06579948467453,04
2008-05-01,2008,5,Virginia,0.0,,9485.0,7777.0,,294,0.0,0.0,0.0,,0.0,0.0,,,,,,,,,,,,,17556,7833496.0,121.08259198702596,99.27878944471281,05
2008-06-01,2008,6,Virginia,0.0,,7661.0,6765.0,,247,0.0,0.0,0.0,,0.0,0.0,,,,,,,,,,,,,14673,7833496.0,97.79796913153463,86.3599087814687,06
2008-07-01,2008,7,Virginia,0.0,,9811.0,8040.0,,261,0.0,0.0,0.0,,0.0,0.0,,,,,,,,,,,,,18112,7833496.0,125.24420769475086,102.63616653407367,07
2008-08-01,2008,8,Virginia,0.0,,9059.0,9577.0,,272,0.0,0.0,0.0,,0.0,0.0,,,,,,,,,,,,,18908,7833496.0,115.64440704380267,122.25703568368453,08
2008-09-01,2008,9,Virginia,0.0,,9266.0,10570.0,,288,0.0,0.0,0.0,,0.0,0.0,,,,,,,,,,,,,20124,7833496.0,118.28690536128443,134.9333681921839,09
2008-10-01,2008,10,Virginia,0.0,,10881.0,13834.0,,405,0.0,0.0,0.0,,0.0,0.0,,,,,,,,,,,,,25120,7833496.0,138.90349851458404,176.60058803885264,10
2002-07-01,2002,7,Washington,4262.0,,3191.0,4701.0,,221,5.0,11.0,17.0,,642.0,1052.0,,,,,,,,,,,,,14102,6052349.0,52.723331057082135,77.6723219364911,07
2002-08-01,2002,8,Washington,4114.0,,3518.0,6195.0,,249,9.0,7.0,18.0,,709.0,1331.0,,,,,,,,,,,,,16150,6052349.0,58.126191995868055,102.35695264764144,08
2002-09-01,2002,9,Washington,3620.0,,3587.0,7712.0,,259,17.0,10.0,12.0,,671.0,1427.0,,,,,,,,,,,,,17315,6052349.0,59.26624522148342,127.42160110066357,09
2002-10-01,2002,10,Washington,4647.0,,3791.0,8363.0,,280,27.0,8.0,15.0,,691.0,1815.0,,,,,,,,,,,,,19637,6052349.0,62.636837366781066,138.1777554466869,10
2002-11-01,2002,11,Washington,4181.0,,4051.0,7273.0,,224,15.0,7.0,14.0,,626.0,1112.0,,,,,,,,,,,,,17503,6052349.0,66.93269010098393,120.16821898406718,11
2002-12-01,2002,12,Washington,3961.0,,4359.0,9585.0,,245,14.0,10.0,10.0,,529.0,813.0,,,,,,,,,,,,,19526,6052349.0,72.02162333996272,158.3682632974404,12
2003-01-01,2003,1,Washington,6136.0,,4433.0,5721.0,,270,32.0,9.0,13.0,,766.0,1096.0,,,,,,,,,,,,,18476,6104115.0,72.62314029142637,93.72366018661182,01
2003-02-01,2003,2,Washington,5721.0,,5077.0,6342.0,,271,23.0,14.0,21.0,,813.0,1268.0,,,,,,,,,,,,,19550,6104115.0,83.17340023901909,103.89712513607624,02
2003-03-01,2003,3,Washington,6231.0,,5328.0,7108.0,,282,25.0,5.0,27.0,,759.0,1169.0,,,,,,,,,,,,,20934,6104115.0,87.28538043598458,116.44603681287133,03
2003-04-01,2003,4,Washington,5552.0,,4513.0,6010.0,,243,43.0,8.0,15.0,,689.0,1099.0,,,,,,,,,,,,,18172,6104115.0,73.93373158926396,98.45817125005017,04
2003-05-01,2003,5,Washington,4793.0,,4251.0,5387.0,,239,35.0,11.0,18.0,,718.0,1041.0,,,,,,,,,,,,,16493,6104115.0,69.6415450888458,88.25194151813982,05
2003-06-01,2003,6,Washington,4551.0,,3494.0,4983.0,,221,36.0,9.0,16.0,,662.0,975.0,,,,,,,,,,,,,14947,6104115.0,57.24007493305745,81.6334554640599,06
2003-07-01,2003,7,Washington,3889.0,,3688.0,4852.0,,249,38.0,15.0,16.0,,703.0,1122.0,,,,,,,,,,,,,14572,6104115.0,60.41825883031365,79.48736221385082,07
2003-08-01,2003,8,Washington,3233.0,,4017.0,6595.0,,286,29.0,16.0,24.0,,791.0,1312.0,,,,,,,,,,,,,16303,6104115.0,65.8080655426708,108.04187011548767,08
2003-09-01,2003,9,Washington,3744.0,,3843.0,7985.0,,259,24.0,14.0,22.0,,720.0,1447.0,,,,,,,,,,,,,18058,6104115.0,62.95752946987401,130.8133939154161,09
2003-10-01,2003,10,Washington,3756.0,,4388.0,8601.0,,301,39.0,7.0,14.0,,791.0,1846.0,,,,,,,,,,,,,19743,6104115.0,71.8859326863927,140.90494690876565,10
2003-11-01,2003,11,Washington,2944.0,,4094.0,7070.0,,243,26.0,11.0,14.0,,653.0,972.0,,,,,,,,,,,,,16027,6104115.0,67.0695096668395,115.82350594639846,11
2003-12-01,2003,12,Washington,3511.0,,5084.0,10261.0,,264,38.0,16.0,9.0,,640.0,818.0,,,,,,,,,,,,,20641,6104115.0,83.28807697757988,168.09971633889597,12
2004-01-01,2004,1,Washington,3180.0,,4479.0,5873.0,,273,36.0,12.0,18.0,,759.0,975.0,,,,,,,,,,,,,15605,6178645.0,72.4916223540922,95.05320341272237,01
2004-02-01,2004,2,Washington,3825.0,,5203.0,6486.0,,326,34.0,7.0,11.0,,823.0,1104.0,,,,,,,,,,,,,17819,6178645.0,84.20940189960744,104.97447255830365,02
2004-03-01,2004,3,Washington,4477.0,,5576.0,6826.0,,313,49.0,11.0,14.0,,754.0,1068.0,,,,,,,,,,,,,19088,6178645.0,90.24632423452067,110.47729720675002,03
2004-04-01,2004,4,Washington,3011.0,,4620.0,6072.0,,266,19.0,11.0,15.0,,779.0,1056.0,,,,,,,,,,,,,15849,6178645.0,74.77367610535967,98.27397430990128,04
2004-05-01,2004,5,Washington,3019.0,,4408.0,5940.0,,210,20.0,2.0,12.0,,701.0,906.0,,,,,,,,,,,,,15218,6178645.0,71.34250308926957,96.13758356403386,05
2004-06-01,2004,6,Washington,3034.0,,4225.0,5409.0,,231,25.0,5.0,14.0,,692.0,1009.0,,,,,,,,,,,,,14644,6178645.0,68.3806886461352,87.54346624543084,06
2004-07-01,2004,7,Washington,2551.0,,4210.0,5410.0,,249,29.0,4.0,8.0,,819.0,1103.0,,,,,,,,,,,,,14383,6178645.0,68.13791697046844,87.55965102380863,07
2004-08-01,2004,8,Washington,2301.0,,4047.0,6543.0,,261,44.0,7.0,14.0,,765.0,1165.0,,,,,,,,,,,,,15147,6178645.0,65.49979809488974,105.8970049258373,08
2004-09-01,2004,9,Washington,2362.0,,4230.0,8780.0,,271,82.0,10.0,20.0,,823.0,1514.0,,,,,,,,,,,,,18092,6178645.0,68.46161253802411,142.10235415693893,09
2004-10-01,2004,10,Washington,2593.0,,4668.0,9554.0,,270,53.0,10.0,7.0,,808.0,1784.0,,,,,,,,,,,,,19747,6178645.0,75.55054546749328,154.62937262134335,10
2004-11-01,2004,11,Washington,1976.0,,4532.0,7976.0,,231,90.0,7.0,7.0,,664.0,1047.0,,,,,,,,,,,,,16530,6178645.0,73.34941560811473,129.08979234120102,11
2004-12-01,2004,12,Washington,2330.0,,5622.0,11483.0,,272,49.0,6.0,3.0,,647.0,898.0,,,,,,,,,,,,,21310,6178645.0,90.99082403989871,185.84981011208768,12
2005-01-01,2005,1,Washington,1995.0,,4647.0,6147.0,,278,19.0,7.0,4.0,,731.0,952.0,,,,,,,,,,,,,14780,6257305.0,74.26519883560096,98.23718038356769,01
2005-02-01,2005,2,Washington,2098.0,,5721.0,7401.0,,339,7.0,6.0,3.0,,885.0,1227.0,,,,,,,,,,,,,17687,6257305.0,91.42913762394512,118.27775695766789,02
2005-03-01,2005,3,Washington,2983.0,,5971.0,7402.0,,297,17.0,0.0,6.0,,749.0,1082.0,,,,,,,,,,,,,18507,6257305.0,95.42446788193959,118.29373827869985,03
2005-04-01,2005,4,Washington,2248.0,,5416.0,6769.0,,268,12.0,1.0,0.0,,705.0,1011.0,,,,,,,,,,,,,16430,6257305.0,86.5548347091919,108.17756206545788,04
2005-05-01,2005,5,Washington,2612.0,,4498.0,5934.0,,221,6.0,2.0,1.0,,651.0,848.0,,,,,,,,,,,,,14773,6257305.0,71.88398200183626,94.8331590037564,05
2005-06-01,2005,6,Washington,2576.0,,4720.0,6039.0,,228,11.0,2.0,2.0,,711.0,934.0,,,,,,,,,,,,,15223,6257305.0,75.43183527093532,96.51119771211408,06
2005-07-01,2005,7,Washington,2978.0,,4359.0,5830.0,,222,2.0,4.0,4.0,,700.0,1011.0,,,,,,,,,,,,,15110,6257305.0,69.66257837839134,93.17110161643072,07
2005-08-01,2005,8,Washington,3923.0,,4776.0,6897.0,,267,7.0,2.0,1.0,,755.0,1142.0,,,,,,,,,,,,,17770,6257305.0,76.3267892487261,110.22317115755105,08
2005-09-01,2005,9,Washington,4780.0,,4904.0,9061.0,,318,13.0,3.0,7.0,,790.0,1395.0,,,,,,,,,,,,,21271,6257305.0,78.37239834081925,144.80674987075108,09
2005-10-01,2005,10,Washington,4882.0,,5405.0,10096.0,,310,10.0,2.0,3.0,,705.0,1647.0,,,,,,,,,,,,,23060,6257305.0,86.37904017784014,161.3474171388481,10
2005-11-01,2005,11,Washington,4489.0,,5140.0,8282.0,,255,6.0,2.0,4.0,,686.0,916.0,,,,,,,,,,,,,19780,6257305.0,82.14399010436601,132.35730078684034,11
2005-12-01,2005,12,Washington,4486.0,,6657.0,12358.0,,262,3.0,5.0,0.0,,615.0,782.0,,,,,,,,,,,,,25168,6257305.0,106.38765410987638,197.49716531318197,12
2006-01-01,2006,1,Washington,5134.0,,5807.0,7018.0,,253,11.0,1.0,3.0,,712.0,923.0,,,,,,,,,,,,,19862,6370753.0,91.15092046419002,110.15966244492606,01
2006-02-01,2006,2,Washington,5377.0,,6135.0,7744.0,,307,11.0,3.0,5.0,,756.0,1046.0,,,,,,,,,,,,,21384,6370753.0,96.29944843254792,121.55548959440117,02
2006-03-01,2006,3,Washington,6077.0,,6668.0,8299.0,,299,6.0,4.0,3.0,,756.0,978.0,,,,,,,,,,,,,23090,6370753.0,104.66580638112953,130.2671756384214,03
2006-04-01,2006,4,Washington,5210.0,,5774.0,7434.0,,265,13.0,2.0,2.0,,634.0,874.0,,,,,,,,,,,,,20208,6370753.0,90.63292832103207,116.6895027950385,04
2006-05-01,2006,5,Washington,5859.0,,5515.0,6733.0,,249,3.0,2.0,3.0,,627.0,793.0,,32.0,3.0,,,,,,,,,,19819,6370753.0,86.56747483382262,105.68609393583458,05
2006-06-01,2006,6,Washington,5234.0,,5570.0,6745.0,,273,4.0,1.0,2.0,,707.0,890.0,,22.0,3.0,,,,,,,,,,19451,6370753.0,87.43079507241923,105.87445471516475,06
2006-07-01,2006,7,Washington,4394.0,,5006.0,5785.0,,235,16.0,4.0,1.0,,647.0,896.0,,35.0,4.0,,,,,,,,,,17023,6370753.0,78.57783844390137,90.80559236875139,07
2006-08-01,2006,8,Washington,5714.0,,5750.0,7484.0,,262,12.0,3.0,3.0,,694.0,1092.0,,36.0,3.0,,,,,,,,,,21053,6370753.0,90.25620676237173,117.47433937558088,08
2006-09-01,2006,9,Washington,5503.0,,5446.0,9061.0,,277,5.0,2.0,4.0,,683.0,1292.0,,34.0,1.0,,,,,,,,,,22308,6370753.0,85.48440035267416,142.228085125887,09
2006-10-01,2006,10,Washington,6409.0,,6031.0,9600.0,,265,23.0,2.0,6.0,,643.0,1457.0,,,,,,,,,,,,,24436,6370753.0,94.66698834501982,150.68862346413368,10
2006-11-01,2006,11,Washington,4956.0,,5817.0,8532.0,,236,18.0,1.0,4.0,,596.0,835.0,,,,,,,,,,,,,20995,6370753.0,91.3078877802985,133.9245141037488,11
2006-12-01,2006,12,Washington,5105.0,,6759.0,12298.0,,261,12.0,5.0,4.0,,579.0,735.0,,,,,,,,,,,,,25758,6370753.0,106.0942089577166,193.03840535019958,12
2007-01-01,2007,1,Washington,6407.0,,6347.0,6619.0,,287,14.0,4.0,4.0,,641.0,791.0,,,,,,,,,,,,,21114,6461587.0,98.22664308319304,102.43613527141243,01
2007-02-01,2007,2,Washington,6507.0,,7219.0,7432.0,,357,21.0,5.0,2.0,,740.0,958.0,,,,,,,,,,,,,23241,6461587.0,111.72177980424932,115.01818361340642,02
2007-03-01,2007,3,Washington,7745.0,,7440.0,8206.0,,329,20.0,4.0,8.0,,647.0,872.0,,,,,,,,,,,,,25271,6461587.0,115.14199220717758,126.99666506076603,03
2007-04-01,2007,4,Washington,8015.0,,6556.0,7098.0,,240,7.0,3.0,2.0,,519.0,816.0,,,,,,,,,,,,,23256,6461587.0,101.46114259546457,109.84917482346056,04
2007-05-01,2007,5,Washington,7362.0,,6377.0,6057.0,,238,10.0,4.0,3.0,,620.0,701.0,,,,,,,,,,,,,21372,6461587.0,98.69092530983487,93.73858155898853,05
2007-06-01,2007,6,Washington,5813.0,,6233.0,6635.0,,263,8.0,3.0,3.0,,632.0,788.0,,,,,,,,,,,,,20378,6461587.0,96.46237062195402,102.68375245895474,06
2007-07-01,2007,7,Washington,5513.0,,5760.0,6002.0,,227,2.0,2.0,3.0,,593.0,796.0,,,,,,,,,,,,,18898,6461587.0,89.14218751523426,92.88739747681181,07
2007-08-01,2007,8,Washington,5804.0,,6214.0,8031.0,,300,9.0,7.0,6.0,,667.0,1129.0,,,,,,,,,,,,,22167,6461587.0,96.16832521174751,124.28835207202194,08
2007-09-01,2007,9,Washington,5687.0,,5705.0,9207.0,,289,10.0,3.0,3.0,,641.0,1125.0,,,,,,,,,,,,,22670,6461587.0,88.29100343305755,142.48821535638226,09
2007-10-01,2007,10,Washington,6868.0,,6882.0,9622.0,,334,4.0,4.0,5.0,,691.0,1389.0,,,,,,,,,,,,,25799,6461587.0,106.50634279163927,148.91078615826112,10
2007-11-01,2007,11,Washington,5857.0,,6612.0,9469.0,,289,13.0,0.0,1.0,,632.0,893.0,,,,,,,,,,,,,23766,6461587.0,102.32780275186266,146.54294680238772,11
2007-12-01,2007,12,Washington,6145.0,,7995.0,12543.0,,309,7.0,4.0,3.0,,553.0,665.0,,,,,,,,,,,,,28224,6461587.0,123.73121340005173,194.11639895895544,12
2008-01-01,2008,1,Washington,7097.0,,7637.0,7277.0,,329,2.0,1.0,0.0,,672.0,831.0,,,,,,,,,,,,,23846,6562231.0,116.37810372722326,110.89216457025057,01
2008-02-01,2008,2,Washington,6768.0,,8534.0,8546.0,,386,8.0,0.0,1.0,,775.0,1034.0,,,,,,,,,,,,,26052,6562231.0,130.04723546001352,130.2301000985793,02
2008-03-01,2008,3,Washington,8172.0,,8423.0,9169.0,,310,1.0,0.0,2.0,,670.0,891.0,,,,,,,,,,,,,27638,6562231.0,128.35573755328028,139.72382258411812,03
2008-04-01,2008,4,Washington,6801.0,,7891.0,8233.0,,306,0.0,3.0,1.0,,652.0,760.0,,,,,,,,,,,,,24647,6562231.0,120.2487385768651,125.46038077598915,04
2008-05-01,2008,5,Washington,6768.0,,7419.0,7598.0,,294,12.0,1.0,2.0,,649.0,820.0,,,,,,,,,,,,,23563,6562231.0,113.05606279327868,115.78379365188454,05
2008-06-01,2008,6,Washington,6071.0,,7067.0,7939.0,,294,13.0,1.0,6.0,,619.0,805.0,,,,,,,,,,,,,22815,6562231.0,107.69203339534984,120.98019713112811,06
2008-07-01,2008,7,Washington,5611.0,,6686.0,6654.0,,268,5.0,1.0,4.0,,716.0,863.0,,,,,,,,,,,,,20808,6562231.0,101.88608112088708,101.39844208471175,07
2008-08-01,2008,8,Washington,5259.0,,6490.0,8427.0,,297,5.0,0.0,3.0,,730.0,958.0,,,,,,,,,,,,,22169,6562231.0,98.89929202431308,128.4166924328022,08
2008-09-01,2008,9,Washington,5916.0,,6488.0,9412.0,,308,6.0,1.0,2.0,,620.0,1126.0,,,,,,,,,,,,,23879,6562231.0,98.86881458455211,143.42683151507467,09
2008-10-01,2008,10,Washington,6610.0,,7896.0,11333.0,,354,4.0,4.0,4.0,,757.0,1453.0,,,,,,,,,,,,,28415,6562231.0,120.32493217626748,172.70041240547613,10
2002-07-01,2002,7,West Virginia,0.0,,2201.0,3462.0,,159,0.0,4.0,15.0,,466.0,1518.0,,,,,,,,,,,,,7825,1805414.0,121.91109629148772,191.75657217679714,07
2002-08-01,2002,8,West Virginia,0.0,,2374.0,4767.0,,214,0.0,6.0,10.0,,606.0,1954.0,,,,,,,,,,,,,9931,1805414.0,131.49338600453967,264.03916220877875,08
2002-09-01,2002,9,West Virginia,0.0,,2393.0,6584.0,,179,0.0,3.0,13.0,,464.0,1948.0,,,,,,,,,,,,,11584,1805414.0,132.54577620423902,364.6808986747638,09
2002-10-01,2002,10,West Virginia,0.0,,2680.0,9080.0,,207,0.0,2.0,10.0,,556.0,2674.0,,,,,,,,,,,,,15209,1805414.0,148.4424071154871,502.93173754053083,10
2002-11-01,2002,11,West Virginia,0.0,,2536.0,10929.0,,251,0.0,7.0,13.0,,542.0,3737.0,,,,,,,,,,,,,18015,1805414.0,140.4663971809236,605.3459206586411,11
2002-12-01,2002,12,West Virginia,0.0,,3464.0,9895.0,,208,0.0,3.0,5.0,,413.0,1238.0,,,,,,,,,,,,,15226,1805414.0,191.86735009255494,548.073738211845,12
2003-01-01,2003,1,West Virginia,0.0,,2512.0,4294.0,,215,0.0,5.0,14.0,,595.0,2098.0,,,,,,,,,,,,,9733,1812295.0,138.6087805793207,236.93714323551077,01
2003-02-01,2003,2,West Virginia,0.0,,3044.0,4715.0,,288,0.0,2.0,21.0,,625.0,2582.0,,,,,,,,,,,,,11277,1812295.0,167.96382487398574,260.1673568596724,02
2003-03-01,2003,3,West Virginia,0.0,,3290.0,5108.0,,245,0.0,5.0,6.0,,447.0,1497.0,,,,,,,,,,,,,10598,1812295.0,181.5377739275339,281.85256815253587,03
2003-04-01,2003,4,West Virginia,0.0,,2495.0,4884.0,,207,0.0,5.0,25.0,,450.0,1518.0,,,,,,,,,,,,,9584,1812295.0,137.67074344960398,269.4925495021506,04
2003-05-01,2003,5,West Virginia,0.0,,2236.0,3846.0,,190,1.0,7.0,10.0,,552.0,1625.0,,,,,,,,,,,,,8467,1812295.0,123.37947188509598,212.2171059347402,05
2003-06-01,2003,6,West Virginia,0.0,,2058.0,3204.0,,163,0.0,11.0,9.0,,474.0,1214.0,,,,,,,,,,,,,7133,1812295.0,113.55767135041481,176.79240962426096,06
2003-07-01,2003,7,West Virginia,0.0,,2024.0,3298.0,,192,0.0,4.0,10.0,,503.0,1542.0,,,,,,,,,,,,,7573,1812295.0,111.68159709098133,181.97920316504764,07
2003-08-01,2003,8,West Virginia,0.0,,2407.0,4363.0,,246,0.0,3.0,8.0,,600.0,1928.0,,,,,,,,,,,,,9555,1812295.0,132.8150218369526,240.74447040906693,08
2003-09-01,2003,9,West Virginia,0.0,,2172.0,5981.0,,230,1.0,3.0,10.0,,481.0,1778.0,,,,,,,,,,,,,10656,1812295.0,119.84803798498588,330.02353369622494,09
2003-10-01,2003,10,West Virginia,0.0,,2391.0,9284.0,,256,0.0,1.0,7.0,,568.0,2951.0,,,,,,,,,,,,,15458,1812295.0,131.93216336192506,512.2786301347187,10
2003-11-01,2003,11,West Virginia,0.0,,2282.0,10165.0,,244,0.0,3.0,18.0,,458.0,3264.0,,,,,,,,,,,,,16434,1812295.0,125.91769000080009,560.8910249159214,11
2003-12-01,2003,12,West Virginia,0.0,,3347.0,9867.0,,216,1.0,4.0,8.0,,497.0,1369.0,,,,,,,,,,,,,15309,1812295.0,184.68295724481942,544.4477858185339,12
2004-01-01,2004,1,West Virginia,0.0,,2758.0,4887.0,,278,0.0,6.0,4.0,,640.0,2236.0,,,,,,,,,,,,,10809,1816438.0,151.83562554846355,269.0430391788765,01
2004-02-01,2004,2,West Virginia,0.0,,3229.0,4858.0,,294,0.0,1.0,8.0,,632.0,2381.0,,,,,,,,,,,,,11403,1816438.0,177.7654948861453,267.4465079457708,02
2004-03-01,2004,3,West Virginia,0.0,,3132.0,4993.0,,221,0.0,1.0,8.0,,500.0,1689.0,,,,,,,,,,,,,10544,1816438.0,172.42537317541255,274.8786360998834,03
2004-04-01,2004,4,West Virginia,0.0,,2524.0,4438.0,,207,0.0,0.0,6.0,,503.0,1705.0,,,,,,,,,,,,,9383,1816438.0,138.953270081335,244.32433146630933,04
2004-05-01,2004,5,West Virginia,0.0,,2026.0,2850.0,,153,0.0,0.0,2.0,,447.0,1389.0,,,,,,,,,,,,,6867,1816438.0,111.5369751128307,156.90048325348843,05
2004-06-01,2004,6,West Virginia,0.0,,1928.0,2984.0,,188,0.0,3.0,4.0,,526.0,1541.0,,,,,,,,,,,,,7174,1816438.0,106.14180060095637,164.27755860645945,06
2004-07-01,2004,7,West Virginia,0.0,,2092.0,3289.0,,182,0.0,4.0,3.0,,570.0,1757.0,,,,,,,,,,,,,7897,1816438.0,115.17045998817466,181.0686629546398,07
2004-08-01,2004,8,West Virginia,0.0,,2281.0,4992.0,,177,0.0,0.0,3.0,,454.0,1596.0,,,,,,,,,,,,,9503,1816438.0,125.57543940393231,274.8235832987418,08
2004-09-01,2004,9,West Virginia,0.0,,2121.0,6131.0,,182,0.0,4.0,6.0,,457.0,1976.0,,,,,,,,,,,,,10877,1816438.0,116.76699122128032,337.5287237989956,09
2004-10-01,2004,10,West Virginia,0.0,,2404.0,9150.0,,254,0.0,2.0,7.0,,526.0,2675.0,,,,,,,,,,,,,15018,1816438.0,132.346933944346,503.73313044541015,10
2004-11-01,2004,11,West Virginia,0.0,,2312.0,10831.0,,221,0.0,2.0,8.0,,488.0,3522.0,,,,,,,,,,,,,17384,1816438.0,127.28207623932113,596.2768891643976,11
2004-12-01,2004,12,West Virginia,0.0,,3549.0,10327.0,,204,0.0,0.0,3.0,,486.0,1418.0,,,,,,,,,,,,,15987,1816438.0,195.38239125144926,568.5302773890438,12
2005-01-01,2005,1,West Virginia,0.0,,2640.0,4332.0,,268,0.0,4.0,2.0,,590.0,1904.0,,,,,,,,,,,,,9740,1820492.0,145.01574299694806,237.95765100862843,01
2005-02-01,2005,2,West Virginia,0.0,,3383.0,5207.0,,272,0.0,3.0,7.0,,626.0,2482.0,,,,,,,,,,,,,11980,1820492.0,185.82888581768006,286.02158097920784,02
2005-03-01,2005,3,West Virginia,0.0,,3627.0,5628.0,,282,0.0,7.0,5.0,,558.0,1575.0,,,,,,,,,,,,,11682,1820492.0,199.23185600376164,309.1471975707666,03
2005-04-01,2005,4,West Virginia,0.0,,2673.0,4597.0,,203,0.0,5.0,4.0,,516.0,1693.0,,,,,,,,,,,,,9691,1820492.0,146.82843978440994,252.51415551400393,04
2005-05-01,2005,5,West Virginia,0.0,,2191.0,3238.0,,162,0.0,1.0,7.0,,445.0,1238.0,,,,,,,,,,,,,7282,1820492.0,120.35208064633076,177.86400599398402,05
2005-06-01,2005,6,West Virginia,2.0,,2048.0,3085.0,,151,0.0,2.0,2.0,,497.0,1385.0,,,,,,,,,,,,,7172,1820492.0,112.49706123399609,169.45968452484271,06
2005-07-01,2005,7,West Virginia,0.0,,2142.0,3386.0,,147,0.0,2.0,2.0,,512.0,1459.0,,,,,,,,,,,,,7650,1820492.0,117.66050056797833,185.99367643472203,07
2005-08-01,2005,8,West Virginia,0.0,,2355.0,4597.0,,164,0.0,2.0,6.0,,521.0,1641.0,,,,,,,,,,,,,9286,1820492.0,129.36063437795937,252.51415551400393,08
2005-09-01,2005,9,West Virginia,0.0,,2497.0,5778.0,,224,0.0,5.0,7.0,,644.0,2209.0,,,,,,,,,,,,,11364,1820492.0,137.16072358461338,317.38672842286593,09
2005-10-01,2005,10,West Virginia,0.0,,2504.0,8020.0,,211,0.0,2.0,9.0,,473.0,2317.0,,,,,,,,,,,,,13536,1820492.0,137.54523502437803,440.54024955891043,10
2005-11-01,2005,11,West Virginia,0.0,,2481.0,10525.0,,237,0.0,0.0,11.0,,510.0,3344.0,,,,,,,,,,,,,17108,1820492.0,136.28184029372278,578.1404147889691,11
2005-12-01,2005,12,West Virginia,0.0,,3740.0,11216.0,,229,0.0,1.0,15.0,,523.0,1452.0,,,,,,,,,,,,,17176,1820492.0,205.43896924567645,616.0971869143067,12
2006-01-01,2006,1,West Virginia,2.0,,2842.0,4936.0,,254,3.0,4.0,13.0,,628.0,1963.0,,,,,,,,,,,,,10645,1827912.0,155.47794423363925,270.0348813290793,01
2006-02-01,2006,2,West Virginia,4.0,,3286.0,5543.0,,284,1.0,2.0,8.0,,675.0,2328.0,,,,,,,,,,,,,12131,1827912.0,179.76795381834575,303.24216920727036,02
2006-03-01,2006,3,West Virginia,2.0,,3471.0,5897.0,,229,0.0,4.0,15.0,,585.0,1611.0,,,,,,,,,,,,,11814,1827912.0,189.88879114530675,322.60852820048234,03
2006-04-01,2006,4,West Virginia,6.0,,2508.0,4619.0,,151,0.0,3.0,5.0,,472.0,1320.0,,,,,,,,,,,,,9084,1827912.0,137.205729816315,252.69268980125958,04
2006-05-01,2006,5,West Virginia,2.0,,2365.0,3502.0,,178,0.0,0.0,14.0,,554.0,1373.0,,0.0,0.0,,,,,,,,,,7988,1827912.0,129.3825960987181,191.5847152379327,05
2006-06-01,2006,6,West Virginia,0.0,,2390.0,3350.0,,166,0.0,1.0,7.0,,578.0,1555.0,,0.0,0.0,,,,,,,,,,8047,1827912.0,130.7502768185777,183.26921646118632,06
2006-07-01,2006,7,West Virginia,0.0,,2114.0,3487.0,,151,0.0,1.0,8.0,,510.0,1361.0,,0.0,0.0,,,,,,,,,,7632,1827912.0,115.65108167132772,190.7641068060169,07
2006-08-01,2006,8,West Virginia,0.0,,2323.0,4006.0,,200,0.0,2.0,12.0,,610.0,1579.0,,0.0,0.0,,,,,,,,,,8732,1827912.0,127.08489248935398,219.15715855030223,08
2006-09-01,2006,9,West Virginia,1.0,,2606.0,6987.0,,227,1.0,4.0,14.0,,632.0,2096.0,,1.0,0.0,,,,,,,,,,12569,1827912.0,142.56703823816463,382.2394075863608,09
2006-10-01,2006,10,West Virginia,0.0,,2569.0,8331.0,,196,0.0,3.0,9.0,,515.0,2292.0,,,,,,,,,,,,,13915,1827912.0,140.54287077277243,455.7659230860129,10
2006-11-01,2006,11,West Virginia,0.0,,2604.0,10779.0,,203,0.0,2.0,12.0,,523.0,3196.0,,,,,,,,,,,,,17319,1827912.0,142.45762378057586,589.6892191746649,11
2006-12-01,2006,12,West Virginia,0.0,,4130.0,11781.0,,258,0.0,3.0,14.0,,525.0,1338.0,,,,,,,,,,,,,18049,1827912.0,225.9408549208058,644.5058624266377,12
2007-01-01,2007,1,West Virginia,0.0,,3061.0,4519.0,,247,0.0,4.0,9.0,,615.0,1908.0,,,,,,,,,,,,,10363,1834052.0,166.8982122644287,246.39432251648262,01
2007-02-01,2007,2,West Virginia,0.0,,3417.0,4803.0,,276,0.0,1.0,8.0,,690.0,2144.0,,,,,,,,,,,,,11339,1834052.0,186.30878513804407,261.8791615504904,02
2007-03-01,2007,3,West Virginia,0.0,,3719.0,5213.0,,211,0.0,3.0,12.0,,575.0,1598.0,,,,,,,,,,,,,11331,1834052.0,202.77505763195373,284.2340348038114,03
2007-04-01,2007,4,West Virginia,0.0,,2971.0,4246.0,,202,0.0,5.0,8.0,,454.0,1284.0,,,,,,,,,,,,,9170,1834052.0,161.9910449649192,231.50924837463714,04
2007-05-01,2007,5,West Virginia,0.0,,2587.0,3204.0,,181,0.0,8.0,12.0,,483.0,1279.0,,,,,,,,,,,,,7754,1834052.0,141.05379782034532,174.69515586253826,05
2007-06-01,2007,6,West Virginia,0.0,,2634.0,3176.0,,181,4.0,2.0,12.0,,614.0,1417.0,,,,,,,,,,,,,8040,1834052.0,143.6164296323114,173.16848159157973,06
2007-07-01,2007,7,West Virginia,1.0,,2472.0,3667.0,,169,0.0,1.0,4.0,,537.0,1293.0,,,,,,,,,,,,,8144,1834052.0,134.7835284931943,199.93980541445936,07
2007-08-01,2007,8,West Virginia,0.0,,2770.0,4840.0,,196,0.0,1.0,6.0,,651.0,1705.0,,,,,,,,,,,,,10169,1834052.0,151.03170466268134,263.89655255139985,08
2007-09-01,2007,9,West Virginia,0.0,,2515.0,6045.0,,183,0.0,1.0,8.0,,545.0,1619.0,,,,,,,,,,,,,10916,1834052.0,137.12806398073772,329.5980702837215,09
2007-10-01,2007,10,West Virginia,0.0,,2613.0,7557.0,,234,0.0,1.0,8.0,,525.0,2307.0,,,,,,,,,,,,,13245,1834052.0,142.47142392909254,412.0384809154811,10
2007-11-01,2007,11,West Virginia,0.0,,2583.0,9690.0,,231,0.0,4.0,18.0,,551.0,3098.0,,,,,,,,,,,,,16175,1834052.0,140.83570149592268,528.3383459138563,11
2007-12-01,2007,12,West Virginia,0.0,,4051.0,9789.0,,224,0.0,2.0,5.0,,471.0,1208.0,,,,,,,,,,,,,15750,1834052.0,220.87705255903322,533.7362299433167,12
2008-01-01,2008,1,West Virginia,0.0,,3326.0,4727.0,,280,0.0,1.0,3.0,,615.0,1782.0,,,,,,,,,,,,,10734,1840310.0,180.73042041829908,256.8588987724894,01
2008-02-01,2008,2,West Virginia,0.0,,4220.0,5402.0,,324,0.0,1.0,7.0,,765.0,2440.0,,,,,,,,,,,,,13159,1840310.0,229.30919247300727,293.53750183393015,02
2008-03-01,2008,3,West Virginia,0.0,,4175.0,5142.0,,253,0.0,1.0,2.0,,481.0,1285.0,,,,,,,,,,,,,11339,1840310.0,226.86395226891122,279.4094473213752,03
2008-04-01,2008,4,West Virginia,0.0,,3199.0,4379.0,,196,0.0,0.0,4.0,,511.0,1402.0,,,,,,,,,,,,,9691,1840310.0,173.829409175628,237.94904119414664,04
2008-05-01,2008,5,West Virginia,0.0,,3229.0,3863.0,,228,0.0,2.0,4.0,,655.0,1568.0,,,,,,,,,,,,,9549,1840310.0,175.45956931169204,209.9102868538453,05
2008-06-01,2008,6,West Virginia,0.0,,2760.0,3511.0,,160,0.0,5.0,16.0,,543.0,1453.0,,,,,,,,,,,,,8448,1840310.0,149.974732517891,190.78307459069396,06
2008-07-01,2008,7,West Virginia,0.0,,3018.0,3673.0,,198,0.0,6.0,6.0,,533.0,1498.0,,,,,,,,,,,,,8932,1840310.0,163.9941096880417,199.58593932543974,07
2008-08-01,2008,8,West Virginia,0.0,,3030.0,4817.0,,213,0.0,1.0,3.0,,641.0,1576.0,,,,,,,,,,,,,10281,1840310.0,164.6461737424673,261.7493791806815,08
2008-09-01,2008,9,West Virginia,0.0,,2912.0,5369.0,,211,0.0,2.0,6.0,,576.0,1694.0,,,,,,,,,,,,,10770,1840310.0,158.23421054061544,291.7443256842597,09
2008-10-01,2008,10,West Virginia,0.0,,3437.0,8506.0,,310,0.0,1.0,7.0,,697.0,2650.0,,,,,,,,,,,,,15608,1840310.0,186.76201292173602,462.2047372453554,10
2002-07-01,2002,7,Wisconsin,0.0,,2248.0,5824.0,,5,0.0,0.0,0.0,,1.0,140.0,,,,,,,,,,,,,8218,5445162.0,41.284354808911104,106.95733203162735,07
2002-08-01,2002,8,Wisconsin,0.0,,2993.0,9764.0,,1,0.0,0.0,3.0,,6.0,205.0,,,,,,,,,,,,,12972,5445162.0,54.966225063643655,179.31514250632029,08
2002-09-01,2002,9,Wisconsin,0.0,,3277.0,14561.0,,0,0.0,0.0,4.0,,1.0,196.0,,,,,,,,,,,,,18039,5445162.0,60.1818641943068,267.41169500558476,09
2002-10-01,2002,10,Wisconsin,0.0,,3694.0,17404.0,,2,0.0,0.0,8.0,,2.0,251.0,,,,,,,,,,,,,21361,5445162.0,67.84003855165375,319.6231810917655,10
2002-11-01,2002,11,Wisconsin,0.0,,3452.0,16555.0,,5,0.0,0.0,4.0,,6.0,312.0,,,,,,,,,,,,,20334,5445162.0,63.39572633468021,304.0313584793253,11
2002-12-01,2002,12,Wisconsin,0.0,,3658.0,13156.0,,0,0.0,0.0,3.0,,1.0,120.0,,,,,,,,,,,,,16938,5445162.0,67.17890119706264,241.6089732500153,12
2003-01-01,2003,1,Wisconsin,0.0,,3306.0,7656.0,,3,0.0,1.0,4.0,,7.0,196.0,,,,,,,,,,,,,11173,5479203.0,60.33724247851375,139.72835100287395,01
2003-02-01,2003,2,Wisconsin,0.0,,3697.0,9953.0,,2,0.0,1.0,6.0,,2.0,224.0,,,,,,,,,,,,,13885,5479203.0,67.47331683093326,181.6505064696453,02
2003-03-01,2003,3,Wisconsin,0.0,,4208.0,13222.0,,1,0.0,0.0,7.0,,3.0,185.0,,,,,,,,,,,,,17626,5479203.0,76.79949072885235,241.31246825496336,03
2003-04-01,2003,4,Wisconsin,0.0,,3685.0,11661.0,,1,0.0,0.0,7.0,,1.0,172.0,,,,,,,,,,,,,15527,5479203.0,67.2543068763833,212.82292333392283,04
2003-05-01,2003,5,Wisconsin,0.0,,3074.0,7244.0,,0,0.0,0.0,6.0,,4.0,185.0,,,,,,,,,,,,,10513,5479203.0,56.10305002388121,132.20900922999203,05
2003-06-01,2003,6,Wisconsin,0.0,,2777.0,6302.0,,1,0.0,0.0,5.0,,4.0,169.0,,,,,,,,,,,,,9258,5479203.0,50.68255364876972,115.01672779782022,06
2003-07-01,2003,7,Wisconsin,0.0,,2711.0,6562.0,,0,0.0,0.0,0.0,,3.0,166.0,,,,,,,,,,,,,9442,5479203.0,49.47799889874494,119.761943479736,07
2003-08-01,2003,8,Wisconsin,0.0,,3199.0,10185.0,,1,0.0,0.0,2.0,,5.0,200.0,,,,,,,,,,,,,13592,5479203.0,58.384403717109954,185.88469892427784,08
2003-09-01,2003,9,Wisconsin,0.0,,3780.0,16527.0,,2,0.0,2.0,1.0,,5.0,225.0,,,,,,,,,,,,,20542,5479203.0,68.98813568323715,301.6314599039313,09
2003-10-01,2003,10,Wisconsin,0.0,,4460.0,19541.0,,2,0.0,0.0,1.0,,4.0,306.0,,,,,,,,,,,,,24314,5479203.0,81.39869977440149,356.6394601550627,10
2003-11-01,2003,11,Wisconsin,0.0,,3793.0,18558.0,,1,0.0,0.0,0.0,,4.0,340.0,,,,,,,,,,,,,22696,5479203.0,69.22539646733293,338.69889471151185,11
2003-12-01,2003,12,Wisconsin,0.0,,4513.0,15366.0,,0,0.0,0.0,3.0,,4.0,140.0,,,,,,,,,,,,,20026,5479203.0,82.36599374033048,280.4422468012227,12
2004-01-01,2004,1,Wisconsin,0.0,,3485.0,8366.0,,1,0.0,0.0,2.0,,4.0,220.0,,,,,,,,,,,,,12078,5514026.0,63.202458602843,151.72217178518926,01
2004-02-01,2004,2,Wisconsin,0.0,,4392.0,10943.0,,2,0.0,0.0,1.0,,4.0,248.0,,,,,,,,,,,,,15590,5514026.0,79.65141985184691,198.45753356984537,02
2004-03-01,2004,3,Wisconsin,0.0,,4974.0,14036.0,,2,0.0,0.0,0.0,,3.0,182.0,,,,,,,,,,,,,19197,5514026.0,90.2063211163676,254.55084905294245,03
2004-04-01,2004,4,Wisconsin,0.0,,3960.0,11819.0,,2,0.0,0.0,1.0,,4.0,195.0,,,,,,,,,,,,,15981,5514026.0,71.81685396478,214.34429217417548,04
2004-05-01,2004,5,Wisconsin,0.0,,3093.0,7440.0,,4,0.0,0.0,0.0,,4.0,158.0,,,,,,,,,,,,,10699,5514026.0,56.09331548309711,134.92863472170788,05
2004-06-01,2004,6,Wisconsin,0.0,,2546.0,6327.0,,2,0.0,0.0,1.0,,1.0,178.0,,,,,,,,,,,,,9055,5514026.0,46.173159139982296,114.74374622100078,06
2004-07-01,2004,7,Wisconsin,0.0,,2635.0,6810.0,,1,0.0,0.0,0.0,,3.0,190.0,,,,,,,,,,,,,9639,5514026.0,47.78722479727154,123.50322613640196,07
2004-08-01,2004,8,Wisconsin,0.0,,2774.0,10566.0,,2,0.0,0.0,0.0,,7.0,193.0,,,,,,,,,,,,,13542,5514026.0,50.30806891371205,191.62042398784482,08
2004-09-01,2004,9,Wisconsin,0.0,,2976.0,15717.0,,4,0.0,0.0,0.0,,4.0,252.0,,,,,,,,,,,,,18953,5514026.0,53.97145388868315,285.0367408496079,09
2004-10-01,2004,10,Wisconsin,0.0,,3226.0,19533.0,,3,0.0,0.0,0.0,,6.0,329.0,,,,,,,,,,,,,23097,5514026.0,58.50534618443946,354.24207285203227,10
2004-11-01,2004,11,Wisconsin,0.0,,3150.0,17315.0,,2,0.0,0.0,0.0,,4.0,359.0,,,,,,,,,,,,,20830,5514026.0,57.12704292652954,314.01738040408225,11
2004-12-01,2004,12,Wisconsin,0.0,,3770.0,14515.0,,2,0.0,0.0,2.0,,3.0,144.0,,,,,,,,,,,,,18436,5514026.0,68.3710958200052,263.2377866916115,12
2005-01-01,2005,1,Wisconsin,0.0,,2887.0,7931.0,,2,0.0,0.0,1.0,,5.0,170.0,,,,,,,,,,,,,10996,5546166.0,52.05397746839889,142.99968663036773,01
2005-02-01,2005,2,Wisconsin,0.0,,3851.0,11709.0,,1,0.0,0.0,0.0,,2.0,233.0,,,,,,,,,,,,,15796,5546166.0,69.43535408063877,211.11881613352358,02
2005-03-01,2005,3,Wisconsin,0.0,,4714.0,14430.0,,3,0.0,0.0,1.0,,3.0,183.0,,,,,,,,,,,,,19334,5546166.0,84.99565285279957,260.1797349736737,03
2005-04-01,2005,4,Wisconsin,0.0,,3470.0,12561.0,,2,0.0,1.0,2.0,,2.0,182.0,,,,,,,,,,,,,16220,5546166.0,62.565743614597906,226.48077969537874,04
2005-05-01,2005,5,Wisconsin,0.0,,2838.0,7361.0,,0,0.0,1.0,5.0,,1.0,143.0,,,,,,,,,,,,,10349,5546166.0,51.17048425885557,132.72231664180265,05
2005-06-01,2005,6,Wisconsin,0.0,,2605.0,6075.0,,2,0.0,0.0,3.0,,4.0,160.0,,,,,,,,,,,,,8849,5546166.0,46.9693838951088,109.53512750970671,06
2005-07-01,2005,7,Wisconsin,0.0,,2615.0,6437.0,,1,0.0,1.0,1.0,,5.0,153.0,,,,,,,,,,,,,9213,5546166.0,47.149688631750294,116.06215897612873,07
2005-08-01,2005,8,Wisconsin,0.0,,2835.0,9789.0,,2,0.0,0.0,1.0,,4.0,178.0,,,,,,,,,,,,,12809,5546166.0,51.116392837863124,176.500306698357,08
2005-09-01,2005,9,Wisconsin,0.0,,3373.0,14795.0,,0,0.0,0.0,1.0,,4.0,250.0,,,,,,,,,,,,,18423,5546166.0,60.81678766917543,266.7608578610882,09
2005-10-01,2005,10,Wisconsin,0.0,,3538.0,18093.0,,1,0.0,0.0,1.0,,4.0,272.0,,,,,,,,,,,,,21909,5546166.0,63.791815823760054,326.2253600054524,10
2005-11-01,2005,11,Wisconsin,0.0,,3122.0,17121.0,,0,0.0,0.0,3.0,,3.0,323.0,,,,,,,,,,,,,20572,5546166.0,56.29113877947396,308.69973960389933,11
2005-12-01,2005,12,Wisconsin,0.0,,4082.0,14332.0,,0,0.0,0.0,6.0,,2.0,121.0,,,,,,,,,,,,,18543,5546166.0,73.60039349705725,258.4127485545871,12
2006-01-01,2006,1,Wisconsin,0.0,,3779.0,8810.0,,2,0.0,0.0,6.0,,2.0,181.0,,,,,,,,,,,,,12780,5577655.0,67.75248738044931,157.9516839962314,01
2006-02-01,2006,2,Wisconsin,0.0,,4472.0,11602.0,,1,0.0,0.0,4.0,,6.0,220.0,,,,,,,,,,,,,16305,5577655.0,80.17706365847296,208.0085627382834,02
2006-03-01,2006,3,Wisconsin,0.0,,4362.0,15105.0,,1,0.0,0.0,2.0,,6.0,164.0,,,,,,,,,,,,,19640,5577655.0,78.20490869370731,270.8127340253207,03
2006-04-01,2006,4,Wisconsin,0.0,,3448.0,11593.0,,2,0.0,0.0,0.0,,1.0,134.0,,,,,,,,,,,,,15178,5577655.0,61.818093804654474,207.84720460480256,04
2006-05-01,2006,5,Wisconsin,0.0,,3099.0,7089.0,,1,0.0,0.0,2.0,,1.0,166.0,,0.0,0.0,,,,,,,,,,10358,5577655.0,55.56098396189797,127.09642313839775,05
2006-06-01,2006,6,Wisconsin,0.0,,2765.0,6080.0,,2,0.0,1.0,3.0,,3.0,145.0,,0.0,0.0,,,,,,,,,,8999,5577655.0,49.57280434160951,109.00638350704732,06
2006-07-01,2006,7,Wisconsin,0.0,,2669.0,6244.0,,4,0.0,2.0,1.0,,4.0,144.0,,0.0,0.0,,,,,,,,,,9068,5577655.0,47.85165091781403,111.94668727269794,07
2006-08-01,2006,8,Wisconsin,0.0,,3084.0,9857.0,,1,0.0,0.0,1.0,,8.0,185.0,,0.0,0.0,,,,,,,,,,13136,5577655.0,55.292053739429925,176.72301352450089,08
2006-09-01,2006,9,Wisconsin,0.0,,3800.0,16212.0,,1,0.0,0.0,2.0,,6.0,229.0,,0.0,0.0,,,,,,,,,,20250,5577655.0,68.12898969190458,290.65978444346234,09
2006-10-01,2006,10,Wisconsin,0.0,,3949.0,18096.0,,4,0.0,0.0,5.0,,6.0,251.0,,,,,,,,,,,,,22311,5577655.0,70.80036323508715,324.4374203854487,10
2006-11-01,2006,11,Wisconsin,0.0,,3577.0,17465.0,,2,0.0,0.0,2.0,,7.0,379.0,,,,,,,,,,,,,21432,5577655.0,64.13089371787964,313.124422360293,11
2006-12-01,2006,12,Wisconsin,0.0,,4648.0,14981.0,,3,0.0,0.0,0.0,,7.0,132.0,,,,,,,,,,,,,19771,5577655.0,83.33251160209801,268.58957751958485,12
2007-01-01,2007,1,Wisconsin,0.0,,3732.0,8895.0,,4,0.0,0.0,1.0,,3.0,186.0,,,,,,,,,,,,,12821,5610775.0,66.51487539600144,158.53424883371724,01
2007-02-01,2007,2,Wisconsin,0.0,,4385.0,10595.0,,4,0.0,0.0,0.0,,2.0,233.0,,,,,,,,,,,,,15219,5610775.0,78.15319630532323,188.83309346747998,02
2007-03-01,2007,3,Wisconsin,0.0,,4636.0,15150.0,,0,0.0,0.0,2.0,,6.0,170.0,,,,,,,,,,,,,19964,5610775.0,82.62673160124939,270.0161742361795,03
2007-04-01,2007,4,Wisconsin,0.0,,4193.0,10879.0,,1,0.0,0.0,1.0,,4.0,120.0,,,,,,,,,,,,,15198,5610775.0,74.73120914668651,193.8947828062968,04
2007-05-01,2007,5,Wisconsin,0.0,,3105.0,6804.0,,3,0.0,0.0,1.0,,5.0,147.0,,,,,,,,,,,,,10065,5610775.0,55.339948581078374,121.26666993418912,05
2007-06-01,2007,6,Wisconsin,0.0,,2803.0,6019.0,,0,0.0,0.0,0.0,,7.0,148.0,,,,,,,,,,,,,8977,5610775.0,49.95744794613935,107.27573285330458,06
2007-07-01,2007,7,Wisconsin,0.0,,2728.0,6362.0,,1,0.0,0.0,0.0,,1.0,154.0,,,,,,,,,,,,,9246,5610775.0,48.620734212296874,113.38897032941082,07
2007-08-01,2007,8,Wisconsin,0.0,,3331.0,10834.0,,3,0.0,0.0,1.0,,14.0,208.0,,,,,,,,,,,,,14391,5610775.0,59.36791263239036,193.09275456599133,08
2007-09-01,2007,9,Wisconsin,0.0,,3453.0,14404.0,,0,0.0,0.0,0.0,,9.0,214.0,,,,,,,,,,,,,18080,5610775.0,61.54230030610744,256.72032829689306,09
2007-10-01,2007,10,Wisconsin,0.0,,3607.0,16496.0,,2,0.0,0.0,0.0,,7.0,254.0,,,,,,,,,,,,,20366,5610775.0,64.28701917293066,294.0057300462057,10
2007-11-01,2007,11,Wisconsin,0.0,,3399.0,16032.0,,7,0.0,1.0,3.0,,3.0,329.0,,,,,,,,,,,,,19774,5610775.0,60.57986641774087,285.73592774616696,11
2007-12-01,2007,12,Wisconsin,0.0,,4178.0,12216.0,,0,0.0,0.0,0.0,,3.0,109.0,,,,,,,,,,,,,16506,5610775.0,74.46386639991802,217.72393296826195,12
2008-01-01,2008,1,Wisconsin,0.0,,3679.0,7574.0,,1,0.0,0.0,5.0,,2.0,165.0,,,,,,,,,,,,,11426,5640996.0,65.21897905972632,134.26706914878153,01
2008-02-01,2008,2,Wisconsin,0.0,,4853.0,10213.0,,1,0.0,0.0,0.0,,0.0,244.0,,,,,,,,,,,,,15311,5640996.0,86.03090659876376,181.04958769692445,02
2008-03-01,2008,3,Wisconsin,0.0,,5257.0,14027.0,,1,0.0,0.0,0.0,,2.0,153.0,,,,,,,,,,,,,19440,5640996.0,93.19276241287886,248.6617611499813,03
2008-04-01,2008,4,Wisconsin,0.0,,4802.0,11642.0,,0,0.0,0.0,1.0,,5.0,138.0,,,,,,,,,,,,,16588,5640996.0,85.12681093906112,206.3819935344751,04
2008-05-01,2008,5,Wisconsin,0.0,,3951.0,7200.0,,2,0.0,1.0,3.0,,5.0,192.0,,,,,,,,,,,,,11354,5640996.0,70.04082257814045,127.6370343109621,05
2008-06-01,2008,6,Wisconsin,0.0,,3420.0,6108.0,,0,0.0,0.0,0.0,,2.0,141.0,,,,,,,,,,,,,9671,5640996.0,60.627591297707,108.27875077379953,06
2008-07-01,2008,7,Wisconsin,0.0,,3448.0,5699.0,,2,0.0,0.0,4.0,,3.0,136.0,,,,,,,,,,,,,9292,5640996.0,61.12395754224963,101.02825813030181,07
2008-08-01,2008,8,Wisconsin,0.0,,3607.0,9685.0,,0,0.0,0.0,2.0,,7.0,194.0,,,,,,,,,,,,,13495,5640996.0,63.94260871661671,171.68953851412056,08
2008-09-01,2008,9,Wisconsin,0.0,,3787.0,13429.0,,2,0.0,0.0,1.0,,1.0,215.0,,,,,,,,,,,,,17435,5640996.0,67.13353457439077,238.06079635582083,09
2008-10-01,2008,10,Wisconsin,0.0,,4298.0,15795.0,,6,0.0,1.0,3.0,,4.0,362.0,,,,,,,,,,,,,20469,5640996.0,76.19221853729377,280.0037440196731,10
2002-07-01,2002,7,Wyoming,133.0,,549.0,1092.0,,46,0.0,5.0,15.0,,113.0,274.0,,,,,,,,,,,,,2227,500017.0,109.79626692692449,218.39257465246183,07
2002-08-01,2002,8,Wyoming,143.0,,700.0,1562.0,,68,0.0,4.0,13.0,,108.0,374.0,,,,,,,,,,,,,2972,500017.0,139.9952401618345,312.3893787611221,08
2002-09-01,2002,9,Wyoming,160.0,,642.0,1852.0,,47,0.0,2.0,11.0,,110.0,466.0,,,,,,,,,,,,,3290,500017.0,128.39563454842536,370.38740682816785,09
2002-10-01,2002,10,Wyoming,182.0,,609.0,1885.0,,53,0.0,4.0,22.0,,97.0,400.0,,,,,,,,,,,,,3252,500017.0,121.79585894079601,376.9871824357972,10
2002-11-01,2002,11,Wyoming,106.0,,532.0,1703.0,,41,0.0,7.0,32.0,,93.0,241.0,,,,,,,,,,,,,2755,500017.0,106.39638252299422,340.5884199937202,11
2002-12-01,2002,12,Wyoming,122.0,,800.0,2292.0,,52,0.0,1.0,16.0,,78.0,205.0,,,,,,,,,,,,,3566,500017.0,159.9945601849537,458.3844149298924,12
2003-01-01,2003,1,Wyoming,175.0,,563.0,1173.0,,55,3.0,6.0,21.0,,91.0,338.0,,,,,,,,,,,,,2425,503453.0,111.82771778100438,232.99096439985462,01
2003-02-01,2003,2,Wyoming,173.0,,685.0,1268.0,,66,0.0,9.0,51.0,,138.0,383.0,,,,,,,,,,,,,2773,503453.0,136.06036710477443,251.86065034869193,02
2003-03-01,2003,3,Wyoming,121.0,,761.0,1314.0,,58,0.0,3.0,20.0,,92.0,244.0,,,,,,,,,,,,,2613,503453.0,151.1561158638443,260.9975509133921,03
2003-04-01,2003,4,Wyoming,211.0,,681.0,1198.0,,46,0.0,4.0,22.0,,76.0,222.0,,,,,,,,,,,,,2460,503453.0,135.2658540121918,237.95667122849602,04
2003-05-01,2003,5,Wyoming,159.0,,647.0,1228.0,,50,10.0,5.0,20.0,,96.0,235.0,,,,,,,,,,,,,2450,503453.0,128.5124927252395,243.91551942286569,05
2003-06-01,2003,6,Wyoming,178.0,,602.0,1085.0,,45,6.0,7.0,25.0,,89.0,252.0,,,,,,,,,,,,,2289,503453.0,119.57422043368499,215.51167636303686,06
2003-07-01,2003,7,Wyoming,158.0,,541.0,1082.0,,39,7.0,7.0,19.0,,95.0,217.0,,,,,,,,,,,,,2165,503453.0,107.45789577179995,214.9157915435999,07
2003-08-01,2003,8,Wyoming,160.0,,587.0,1412.0,,61,1.0,5.0,26.0,,95.0,352.0,,,,,,,,,,,,,2699,503453.0,116.59479633650014,280.4631216816664,08
2003-09-01,2003,9,Wyoming,159.0,,648.0,1991.0,,50,7.0,8.0,47.0,,105.0,407.0,,,,,,,,,,,,,3422,503453.0,128.71112099838516,395.4688918330013,09
2003-10-01,2003,10,Wyoming,133.0,,607.0,1773.0,,66,3.0,10.0,38.0,,83.0,349.0,,,,,,,,,,,,,3062,503453.0,120.56736179941325,352.1679282872483,10
2003-11-01,2003,11,Wyoming,97.0,,631.0,1608.0,,42,0.0,8.0,14.0,,88.0,211.0,,,,,,,,,,,,,2699,503453.0,125.33444035490899,319.394263218215,11
2003-12-01,2003,12,Wyoming,106.0,,1066.0,2615.0,,42,6.0,2.0,11.0,,73.0,206.0,,,,,,,,,,,,,4127,503453.0,211.7377391732694,519.4129342758907,12
2004-01-01,2004,1,Wyoming,165.0,,636.0,1286.0,,56,4.0,7.0,28.0,,82.0,286.0,,,,,,,,,,,,,2550,509106.0,124.92486829854687,252.59965508165294,01
2004-02-01,2004,2,Wyoming,175.0,,787.0,1323.0,,69,6.0,1.0,23.0,,110.0,390.0,,,,,,,,,,,,,2884,509106.0,154.5847033820069,259.8672967908451,02
2004-03-01,2004,3,Wyoming,238.0,,783.0,1519.0,,65,0.0,1.0,1.0,,102.0,256.0,,,,,,,,,,,,,2965,509106.0,153.79901238641855,298.366155574674,03
2004-04-01,2004,4,Wyoming,256.0,,742.0,1381.0,,58,2.0,3.0,1.0,,103.0,269.0,,,,,,,,,,,,,2815,509106.0,145.745679681638,271.2598162268761,04
2004-05-01,2004,5,Wyoming,152.0,,630.0,1241.0,,44,0.0,0.0,1.0,,91.0,213.0,,,,,,,,,,,,,2372,509106.0,123.74633180516435,243.76063138128404,05
2004-06-01,2004,6,Wyoming,185.0,,659.0,1263.0,,41,0.0,0.0,1.0,,112.0,283.0,,,,,,,,,,,,,2544,509106.0,129.44259152317983,248.08193185701998,06
2004-07-01,2004,7,Wyoming,98.0,,579.0,1314.0,,50,0.0,0.0,2.0,,98.0,309.0,,,,,,,,,,,,,2450,509106.0,113.72877161141294,258.09949205077135,07
2004-08-01,2004,8,Wyoming,217.0,,597.0,1436.0,,47,0.0,0.0,2.0,,84.0,289.0,,,,,,,,,,,,,2672,509106.0,117.2643810915605,282.06306741621586,08
2004-09-01,2004,9,Wyoming,199.0,,681.0,2118.0,,57,0.0,1.0,1.0,,96.0,407.0,,,,,,,,,,,,,3560,509106.0,133.76389199891574,416.0233821640287,09
2004-10-01,2004,10,Wyoming,218.0,,581.0,1857.0,,47,0.0,0.0,1.0,,91.0,338.0,,,,,,,,,,,,,3133,509106.0,114.12161710920714,364.7570447018892,10
2004-11-01,2004,11,Wyoming,290.0,,580.0,1737.0,,37,0.0,0.0,0.0,,79.0,264.0,,,,,,,,,,,,,2987,509106.0,113.92519436031003,341.18631483423883,11
2004-12-01,2004,12,Wyoming,151.0,,1077.0,2895.0,,49,0.0,1.0,1.0,,94.0,227.0,,,,,,,,,,,,,4495,509106.0,211.54730056216192,568.6438580570648,12
2005-01-01,2005,1,Wyoming,208.0,,702.0,1281.0,,54,0.0,0.0,2.0,,93.0,286.0,,,,,,,,,,,,,2626,514157.0,136.534171469026,249.14568896270984,01
2005-02-01,2005,2,Wyoming,237.0,,863.0,1545.0,,67,0.0,0.0,3.0,,124.0,336.0,,,,,,,,,,,,,3175,514157.0,167.84756407089662,300.49187310490765,02
2005-03-01,2005,3,Wyoming,325.0,,786.0,1614.0,,54,0.0,2.0,3.0,,95.0,239.0,,,,,,,,,,,,,3118,514157.0,152.87159369608895,313.91189850570936,03
2005-04-01,2005,4,Wyoming,319.0,,848.0,1498.0,,49,0.0,0.0,0.0,,89.0,218.0,,,,,,,,,,,,,3021,514157.0,164.93016724463538,291.3506963826224,04
2005-05-01,2005,5,Wyoming,264.0,,685.0,1250.0,,47,0.0,0.0,1.0,,61.0,223.0,,,,,,,,,,,,,2531,514157.0,133.22778839926326,243.11640218843664,05
2005-06-01,2005,6,Wyoming,366.0,,644.0,1269.0,,55,0.0,0.0,0.0,,91.0,246.0,,,,,,,,,,,,,2671,514157.0,125.25357040748256,246.81177150170083,06
2005-07-01,2005,7,Wyoming,192.0,,660.0,1170.0,,40,16.0,3.0,0.0,,83.0,222.0,,,,,,,,,,,,,2386,514157.0,128.36546035549455,227.55695244837665,07
2005-08-01,2005,8,Wyoming,244.0,,720.0,1609.0,,59,1.0,1.0,0.0,,84.0,298.0,,,,,,,,,,,,,3016,514157.0,140.03504766053948,312.93943289695557,08
2005-09-01,2005,9,Wyoming,188.0,,821.0,2161.0,,56,0.0,2.0,1.0,,102.0,430.0,,,,,,,,,,,,,3761,514157.0,159.67885295736517,420.2996361033692,09
2005-10-01,2005,10,Wyoming,240.0,,637.0,2032.0,,32,0.0,2.0,1.0,,85.0,344.0,,,,,,,,,,,,,3373,514157.0,123.8921185552273,395.21002339752255,10
2005-11-01,2005,11,Wyoming,120.0,,698.0,1976.0,,43,0.0,0.0,0.0,,91.0,242.0,,,,,,,,,,,,,3170,514157.0,135.75619898202302,384.3184085794806,11
2005-12-01,2005,12,Wyoming,204.0,,1159.0,3317.0,,72,0.0,0.0,3.0,,79.0,229.0,,,,,,,,,,,,,5063,514157.0,225.41752810911845,645.1336848472354,12
2006-01-01,2006,1,Wyoming,256.0,,807.0,1708.0,,60,0.0,0.0,0.0,,84.0,282.0,,,,,,,,,,,,,3197,522667.0,154.4004117344313,326.7855058765906,01
2006-02-01,2006,2,Wyoming,214.0,,825.0,1779.0,,67,2.0,1.0,1.0,,115.0,304.0,,,,,,,,,,,,,3308,522667.0,157.8442870891026,340.3696808866831,02
2006-03-01,2006,3,Wyoming,226.0,,891.0,1929.0,,52,7.0,1.0,2.0,,106.0,248.0,,,,,,,,,,,,,3462,522667.0,170.47183005623083,369.0686421756109,03
2006-04-01,2006,4,Wyoming,307.0,,826.0,1882.0,,56,3.0,0.0,0.0,,71.0,212.0,,,,,,,,,,,,,3357,522667.0,158.03561349769546,360.07630097174683,04
2006-05-01,2006,5,Wyoming,274.0,,802.0,1566.0,,47,0.0,0.0,1.0,,73.0,201.0,,0.0,0.0,,,,,,,,,,2964,522667.0,153.44377969146703,299.6171558564057,05
2006-06-01,2006,6,Wyoming,237.0,,861.0,1495.0,,50,3.0,1.0,2.0,,103.0,260.0,,0.0,0.0,,,,,,,,,,3012,522667.0,164.73203779844528,286.03298084631325,06
2006-07-01,2006,7,Wyoming,282.0,,677.0,1485.0,,47,1.0,0.0,1.0,,75.0,212.0,,0.0,0.0,,,,,,,,,,2780,522667.0,129.52797861736056,284.11971676038473,07
2006-08-01,2006,8,Wyoming,205.0,,821.0,1948.0,,61,8.0,2.0,1.0,,85.0,256.0,,0.0,0.0,,,,,,,,,,3387,522667.0,157.0789814547312,372.703843938875,08
2006-09-01,2006,9,Wyoming,213.0,,984.0,2440.0,,53,6.0,3.0,7.0,,77.0,426.0,,0.0,0.0,,,,,,,,,,4209,522667.0,188.26518605536603,466.83643696655804,09
2006-10-01,2006,10,Wyoming,203.0,,818.0,2340.0,,56,12.0,2.0,8.0,,87.0,288.0,,,,,,,,,,,,,3814,522667.0,156.50500222895266,447.70379610727286,10
2006-11-01,2006,11,Wyoming,188.0,,861.0,2252.0,,63,9.0,0.0,2.0,,71.0,249.0,,,,,,,,,,,,,3695,522667.0,164.73203779844528,430.8670721511019,11
2006-12-01,2006,12,Wyoming,153.0,,1296.0,3415.0,,69,16.0,3.0,2.0,,65.0,172.0,,,,,,,,,,,,,5191,522667.0,247.95902553633576,653.3796853445884,12
2007-01-01,2007,1,Wyoming,270.0,,836.0,1569.0,,49,32.0,0.0,2.0,,65.0,209.0,,,,,,,,,,,,,3032,534876.0,156.29790830024155,293.3390168936352,01
2007-02-01,2007,2,Wyoming,214.0,,1029.0,1756.0,,73,10.0,1.0,3.0,,80.0,256.0,,,,,,,,,,,,,3422,534876.0,192.3810378480246,328.3003911186892,02
2007-03-01,2007,3,Wyoming,239.0,,1059.0,1936.0,,52,14.0,2.0,1.0,,70.0,169.0,,,,,,,,,,,,,3542,534876.0,197.98981446166962,361.95305080055937,03
2007-04-01,2007,4,Wyoming,307.0,,943.0,1754.0,,66,13.0,3.0,1.0,,68.0,180.0,,,,,,,,,,,,,3335,534876.0,176.30254488890884,327.9264726777795,04
2007-05-01,2007,5,Wyoming,360.0,,910.0,1560.0,,55,8.0,2.0,2.0,,62.0,207.0,,,,,,,,,,,,,3166,534876.0,170.1328906138993,291.65638390954166,05
2007-06-01,2007,6,Wyoming,327.0,,1008.0,1604.0,,52,8.0,1.0,1.0,,76.0,185.0,,,,,,,,,,,,,3262,534876.0,188.45489421847307,299.8825896095544,06
2007-07-01,2007,7,Wyoming,324.0,,797.0,1445.0,,47,6.0,0.0,4.0,,70.0,174.0,,,,,,,,,,,,,2867,534876.0,149.006498702503,270.1560735572357,07
2007-08-01,2007,8,Wyoming,300.0,,918.0,2052.0,,57,7.0,0.0,3.0,,82.0,261.0,,,,,,,,,,,,,3680,534876.0,171.62856437753797,383.64032037332015,08
2007-09-01,2007,9,Wyoming,220.0,,840.0,2451.0,,79,4.0,1.0,6.0,,71.0,321.0,,,,,,,,,,,,,3993,534876.0,157.0457451820609,458.23704933479905,09
2007-10-01,2007,10,Wyoming,276.0,,785.0,2185.0,,50,12.0,0.0,2.0,,59.0,298.0,,,,,,,,,,,,,3667,534876.0,146.762988057045,408.5058966938131,10
2007-11-01,2007,11,Wyoming,233.0,,908.0,2202.0,,57,8.0,2.0,6.0,,58.0,207.0,,,,,,,,,,,,,3681,534876.0,169.75897217298964,411.6842034415453,11
2007-12-01,2007,12,Wyoming,226.0,,1284.0,3314.0,,56,3.0,1.0,4.0,,67.0,168.0,,,,,,,,,,,,,5123,534876.0,240.05563906400735,619.5828565873212,12
2008-01-01,2008,1,Wyoming,223.0,,885.0,1499.0,,62,1.0,1.0,2.0,,73.0,220.0,,,,,,,,,,,,,2966,546043.0,162.07514792791045,274.52050479540986,01
2008-02-01,2008,2,Wyoming,339.0,,1169.0,1785.0,,67,24.0,2.0,3.0,,97.0,262.0,,,,,,,,,,,,,3748,546043.0,214.08570387313821,326.89733226137866,02
2008-03-01,2008,3,Wyoming,353.0,,1347.0,2037.0,,56,19.0,0.0,6.0,,79.0,182.0,,,,,,,,,,,,,4079,546043.0,246.6838692190908,373.0475438747498,03
2008-04-01,2008,4,Wyoming,382.0,,1120.0,1830.0,,72,9.0,0.0,4.0,,82.0,196.0,,,,,,,,,,,,,3695,546043.0,205.1120516149827,335.1384414780521,04
2008-05-01,2008,5,Wyoming,269.0,,1134.0,1833.0,,74,18.0,1.0,2.0,,85.0,181.0,,,,,,,,,,,,,3597,546043.0,207.67595226017,335.68784875916367,05
2008-06-01,2008,6,Wyoming,552.0,,1062.0,1574.0,,74,8.0,1.0,2.0,,78.0,199.0,,,,,,,,,,,,,3550,546043.0,194.4901775134925,288.2556868231989,06
2008-07-01,2008,7,Wyoming,467.0,,967.0,1505.0,,61,14.0,1.0,2.0,,81.0,198.0,,,,,,,,,,,,,3296,546043.0,177.0922802782931,275.619319357633,07
2008-08-01,2008,8,Wyoming,340.0,,1027.0,1859.0,,61,13.0,0.0,7.0,,83.0,211.0,,,,,,,,,,,,,3601,546043.0,188.08042590052432,340.4493785287972,08
2008-09-01,2008,9,Wyoming,285.0,,1012.0,2226.0,,69,5.0,0.0,5.0,,85.0,293.0,,,,,,,,,,,,,3980,546043.0,185.33338949496653,407.66020258477806,09
2008-10-01,2008,10,Wyoming,323.0,,1043.0,2165.0,,79,11.0,0.0,1.0,,75.0,320.0,,,,,,,,,,,,,4017,546043.0,191.01059806645264,396.4889212021764,10
