id,time,Y,D,X1,X2,eff,error,mu,alpha,xi,F1,L1,F2,L2
101.0,1.0,6.210997679808306,0.0,0.37767355533841573,-0.17324695972328508,0.0,0.2982275915407153,5.0,-0.060523639897960946,1.1313372134141755,0.2533185139947548,-0.04303273260034024,0.005764185899886933,-0.8804666660441749
101.0,2.0,4.027105939235412,0.0,1.7332008574011386,-0.49450092533148604,0.0,0.6365696740338487,5.0,-0.060523639897960946,-1.460640070924822,-0.028546755348703018,-0.04303273260034024,0.3852804011263305,-0.8804666660441749
101.0,3.0,8.877187360452224,0.0,1.858015893139937,0.4984431955628321,0.0,-0.4837806257087436,5.0,-0.060523639897960946,0.7399475108773345,-0.04287045729131609,-0.04303273260034024,-0.37066003179240936,-0.8804666660441749
101.0,4.0,11.51534596808878,0.0,1.3943369339827116,1.1272712759828591,0.0,0.516862044313609,5.0,-0.060523639897960946,1.9091035692174834,1.3686022840144576,-0.04303273260034024,0.644376548518833,-0.8804666660441749
101.0,5.0,5.971526201306805,0.0,2.3636962503166954,-0.1535214619907015,0.0,0.368964527385086,5.0,-0.060523639897960946,-1.4438931609717993,-0.22577098565926762,-0.04303273260034024,-0.22048656181875062,-0.8804666660441749
101.0,6.0,8.237905272019628,0.0,0.5370866758602469,0.8774397473211533,0.0,-0.2153805076416934,5.0,-0.060523639897960946,0.7017843353747109,1.5164706044295397,-0.04303273260034024,0.3317819639156969,-0.8804666660441749
101.0,7.0,0.1911081741957421,0.0,1.219142334439415,-1.6238409802207454,0.0,0.06529303352531526,5.0,-0.060523639897960946,-0.262197489402468,-1.5487528042302212,-0.04303273260034024,1.0968390131493477,-0.8804666660441749
101.0,8.0,4.828448032885117,0.0,0.7839737689050486,0.3731765467610413,0.0,-0.034067253738464,5.0,-0.060523639897960946,-1.5721441591454877,0.5846137496360692,-0.04303273260034024,0.43518149083380286,-0.8804666660441749
101.0,9.0,12.117269922750381,0.0,0.19208477369800359,2.0300941446005067,0.0,2.128451899016181,5.0,-0.060523639897960946,-1.5146676537817514,0.12385424384461378,-0.04303273260034024,-0.32593158553122675,-0.8804666660441749
101.0,10.0,1.4446481155103073,0.0,1.5233028007040552,-0.5514931353065082,0.0,-0.7413360962728284,5.0,-0.060523639897960946,-1.6015361735745934,0.21594156874397272,-0.04303273260034024,1.1488076184510938,-0.8804666660441749
101.0,11.0,2.891269925322563,0.0,2.0479693398153027,-0.5260630110808915,0.0,-1.095996267074664,5.0,-0.060523639897960946,-0.530906522170303,0.3796394827598821,-0.04303273260034024,0.9935038559621194,-0.8804666660441749
101.0,12.0,5.473062647384148,0.0,1.428279497238262,0.3301676225463226,0.0,0.03778839917107882,5.0,-0.060523639897960946,-1.4617555849958999,-0.5023234531093023,-0.04303273260034024,0.54839695950807,-0.8804666660441749
101.0,13.0,9.426938046893802,0.0,0.13817452745180958,1.1822487158571988,0.0,0.310480749443137,5.0,-0.060523639897960946,0.6879167729758275,-0.3332073836694201,-0.04303273260034024,0.2387317351114412,-0.8804666660441749
101.0,14.0,13.934715138514107,0.0,0.18605837712405815,1.8919551767994514,0.0,0.43652347891018295,5.0,-0.060523639897960946,2.1001089405256717,-1.0185753831070887,-0.04303273260034024,-0.6279060760393714,-0.8804666660441749
101.0,15.0,12.442679348133893,0.0,1.6430727927836088,2.919137674581425,0.0,-0.4583653327111057,5.0,-0.060523639897960946,-1.287030476035179,-1.0717912264755778,-0.04303273260034024,1.3606524485300076,-0.8804666660441749
101.0,16.0,11.745505521643814,0.0,1.305492265618097,1.7535590972751003,0.0,-1.063326133971191,5.0,-0.060523639897960946,0.7877388474751781,0.30352864140425806,-0.04303273260034024,-0.6002595871471269,-0.8804666660441749
101.0,17.0,9.692197270848986,0.0,1.2850040828503178,1.1268836300828602,0.0,1.26318517608949,5.0,-0.060523639897960946,0.7690422410009099,0.4482097786294262,-0.04303273260034024,2.1873329930165766,-0.8804666660441749
101.0,18.0,11.274133917613105,0.0,0.15098013735512272,2.5176062380853703,0.0,-0.34965038795355474,5.0,-0.060523639897960946,0.3322025789501177,0.053004226730504145,-0.04303273260034024,1.5326106261851893,-0.8804666660441749
101.0,19.0,7.6904324842567116,0.0,2.2857211740140126,0.7237619336798973,0.0,-0.865512862653374,5.0,-0.060523639897960946,-1.0083766082770078,0.9222674678797376,-0.04303273260034024,-0.23570035910047687,-0.8804666660441749
101.0,20.0,9.681631135611504,0.0,0.6240402726900323,1.2194460121415536,0.0,-0.23627956894109653,5.0,-0.060523639897960946,-0.11945260663065868,2.0500846856271444,-0.04303273260034024,-1.0264209003067808,-0.8804666660441749
101.0,21.0,10.127144776114559,1.0,1.417427094538326,1.0453457232841445,0.4651556695969923,-0.1971758943485522,5.0,-0.060523639897960946,-0.2803953351702467,-0.4910311660565353,-0.04303273260034024,-0.710406563699301,-0.8804666660441749
101.0,22.0,5.3084514384965935,1.0,-0.6245249549541272,-1.2274380342265436,3.129712009301824,1.1099202897136404,5.0,-0.060523639897960946,0.5629895332204798,-2.3091688756408124,-0.04303273260034024,0.2568837091565295,-0.8804666660441749
101.0,23.0,5.072099688870215,1.0,-1.4167260553564782,-0.789587694198697,4.031889631846482,0.08473729219719646,5.0,-0.060523639897960946,-0.37243875610382904,1.0057385244622565,-0.04303273260034024,-0.24669187846237361,-0.8804666660441749
101.0,24.0,16.787844368941315,1.0,-0.6697589405477238,2.479987944170215,3.0106174244299977,0.7540537851845215,5.0,-0.060523639897960946,0.9769733866856207,-0.7092007625823926,-0.04303273260034024,-0.3475425993977332,-0.8804666660441749
101.0,25.0,11.8293793542806,1.0,0.9292512126583059,0.21796027093776293,5.31316852556151,-0.4992920171722608,5.0,-0.060523639897960946,-0.37458085776701383,-0.688008616467358,-0.04303273260034024,-0.9516185672650157,-0.8804666660441749
101.0,26.0,14.599829607081793,1.0,1.8949399473003141,0.5541363408814362,4.840335229646856,0.21444530958160127,5.0,-0.060523639897960946,1.052711465579332,1.0255713696966988,-0.04303273260034024,-0.04502772480892027,-0.8804666660441749
101.0,27.0,11.41901107095073,1.0,-0.8979279108578331,-0.13958159375245383,8.466733539070523,-0.3246859114908347,5.0,-0.060523639897960946,-1.0491770066660657,-0.2847730070510089,-0.04303273260034024,-0.7849044694570758,-0.8804666660441749
101.0,28.0,15.975892780001793,1.0,-0.44391518331383795,0.9515818822716827,8.270059578028116,0.09458352817357142,5.0,-0.060523639897960946,-1.2601552447581124,-1.2207177122545356,-0.04303273260034024,-1.6679419365881367,-0.8804666660441749
101.0,29.0,24.748757760440697,1.0,2.647427783027598,1.4740223088878008,10.067135321187006,-0.8953633579775416,5.0,-0.060523639897960946,3.2410399349424046,0.1813034797491502,-0.04303273260034024,-0.38022652028776244,-0.8804666660441749
101.0,30.0,13.927326807777561,1.0,0.12866760935838828,0.33395572130824425,10.388143801506102,-1.310801533327972,5.0,-0.060523639897960946,-0.4168575881604318,-0.13889136243904462,-0.04303273260034024,0.918996609060766,-0.8804666660441749
102.0,1.0,18.705728185517245,0.0,2.332173065034467,1.8411776266512387,0.0,1.9972133847479665,5.0,2.2901341836554145,1.1313372134141755,0.2533185139947548,1.6915386083709505,0.005764185899886933,0.49259550672685526
102.0,2.0,15.722812487513426,0.0,1.1790313466458875,2.657359582951943,0.0,0.6007088236724176,5.0,2.2901341836554145,-1.460640070924822,-0.028546755348703018,1.6915386083709505,0.3852804011263305,0.49259550672685526
102.0,3.0,11.453219343176142,0.0,1.0165167714265386,1.3043315795642507,0.0,-1.251271361624944,5.0,2.2901341836554145,0.7399475108773345,-0.04287045729131609,1.6915386083709505,-0.37066003179240936,0.49259550672685526
102.0,4.0,23.08578035996477,0.0,3.4527527411908396,2.8041650624085976,0.0,-0.6111659166804209,5.0,2.2901341836554145,1.9091035692174834,1.3686022840144576,1.6915386083709505,0.644376548518833,0.49259550672685526
102.0,5.0,8.756236018551016,0.0,1.2001754704348602,1.1286035461893456,0.0,-1.1854800845973104,5.0,2.2901341836554145,-1.4438931609717993,-0.22577098565926762,1.6915386083709505,-0.22048656181875062,0.49259550672685526
102.0,6.0,23.68938494364108,0.0,3.1798379000637365,2.5300717650578046,0.0,2.1988103488837196,5.0,2.2901341836554145,0.7017843353747109,1.5164706044295397,1.6915386083709505,0.3317819639156969,0.49259550672685526
102.0,7.0,7.670006179383915,0.0,-0.07648000098856023,0.4952045677947091,0.0,1.3124129764335104,5.0,2.2901341836554145,-0.262197489402468,-1.5487528042302212,1.6915386083709505,1.0968390131493477,0.49259550672685526
102.0,8.0,10.524931607605515,0.0,-0.6452459631621319,1.504689142488243,0.0,-0.26514505669635297,5.0,2.2901341836554145,-1.5721441591454877,0.5846137496360692,1.6915386083709505,0.43518149083380286,0.49259550672685526
102.0,9.0,18.49800460090281,0.0,3.388645594056858,2.913915538999828,0.0,0.5431940592320895,5.0,2.2901341836554145,-1.5146676537817514,0.12385424384461378,1.6915386083709505,-0.32593158553122675,0.49259550672685526
102.0,10.0,9.94750677443061,0.0,4.14323051962886,-0.13371759299513997,0.0,-0.4143399479188597,5.0,2.2901341836554145,-1.6015361735745934,0.21594156874397272,1.6915386083709505,1.1488076184510938,0.49259550672685526
102.0,11.0,17.33777001954133,0.0,1.3540228105922514,2.8563986881221615,0.0,-0.4762468946155784,5.0,2.2901341836554145,-0.530906522170303,0.3796394827598821,1.6915386083709505,0.9935038559621194,0.49259550672685526
102.0,12.0,7.899109281308386,0.0,1.0996635649300477,0.7797438640791068,0.0,-0.7886028378502425,5.0,2.2901341836554145,-1.4617555849958999,-0.5023234531093023,1.6915386083709505,0.54839695950807,0.49259550672685526
102.0,13.0,19.47170896274717,0.0,2.6746724343264026,3.2865459377637096,0.0,-0.594617267459511,5.0,2.2901341836554145,0.6879167729758275,-0.3332073836694201,1.6915386083709505,0.2387317351114412,0.49259550672685526
102.0,14.0,9.776913085163322,0.0,1.116571538157359,-0.11618191558215196,0.0,1.6509074673366901,5.0,2.2901341836554145,2.1001089405256717,-1.0185753831070887,1.6915386083709505,-0.6279060760393714,0.49259550672685526
102.0,15.0,11.716009747629226,0.0,2.3234879743668717,1.528723716020492,0.0,-0.0540281250854405,5.0,2.2901341836554145,-1.287030476035179,-1.0717912264755778,1.6915386083709505,1.3606524485300076,0.49259550672685526
102.0,16.0,14.82669214691621,0.0,0.5089764942705839,1.967617381634719,0.0,0.11924523642758414,5.0,2.2901341836554145,0.7877388474751781,0.30352864140425806,1.6915386083709505,-0.6002595871471269,0.49259550672685526
102.0,17.0,25.949729713036852,0.0,5.7000045925221405,3.37040890566095,0.0,0.243687429599092,5.0,2.2901341836554145,0.7690422410009099,0.4482097786294262,1.6915386083709505,2.1873329930165766,0.49259550672685526
102.0,18.0,19.579308567212458,0.0,1.231285184204123,2.882864979325105,0.0,1.2324758784853378,5.0,2.2901341836554145,0.3322025789501177,0.053004226730504145,1.6915386083709505,1.5326106261851893,0.49259550672685526
102.0,19.0,23.714390785855123,0.0,3.1935646935206994,4.437062085521502,0.0,-0.5160638309447803,5.0,2.2901341836554145,-1.0083766082770078,0.9222674678797376,1.6915386083709505,-0.23570035910047687,0.49259550672685526
102.0,20.0,25.196335996538643,0.0,3.4243189918835735,4.210551835118556,0.0,-0.9925071503920374,5.0,2.2901341836554145,-0.11945260663065868,2.0500846856271444,1.6915386083709505,-1.0264209003067808,0.49259550672685526
102.0,21.0,11.203800138625546,1.0,0.2516931501106723,0.8518276169502833,0.8917296133012449,1.6756969324031898,5.0,2.2901341836554145,-0.2803953351702467,-0.4910311660565353,1.6915386083709505,-0.710406563699301,0.49259550672685526
102.0,22.0,7.947155212981913,1.0,-1.2362078337842073,0.9334741833842491,2.7504885421559018,-0.44116321690528554,5.0,2.2901341836554145,0.5629895332204798,-2.3091688756408124,1.6915386083709505,0.2568837091565295,0.49259550672685526
102.0,23.0,20.531867606522844,1.0,1.5342614943321022,3.1088560560530643,1.8966822532424745,-0.7230659699398736,5.0,2.2901341836554145,-0.37243875610382904,1.0057385244622565,1.6915386083709505,-0.24669187846237361,0.49259550672685526
102.0,24.0,14.186688189678312,1.0,2.219088287109361,1.24676209045421,2.5673175736023115,-1.236273118883293,5.0,2.2901341836554145,0.9769733866856207,-0.7092007625823926,1.6915386083709505,-0.3475425993977332,0.49259550672685526
102.0,25.0,13.471126066222471,1.0,0.40936187660460344,1.564878797460355,4.368846361665209,-1.2847157223177965,5.0,2.2901341836554145,-0.37458085776701383,-0.688008616467358,1.6915386083709505,-0.9516185672650157,0.49259550672685526
102.0,26.0,27.077545045926612,1.0,2.906693945492192,2.8085826222977825,6.263617951041476,-0.5739734792979869,5.0,2.2901341836554145,1.052711465579332,1.0255713696966988,1.6915386083709505,-0.04502772480892027,0.49259550672685526
102.0,27.0,18.340781616935146,1.0,1.054074517251937,1.5699323756485408,6.586311929494768,0.6179858171665286,5.0,2.2901341836554145,-1.0491770066660657,-0.2847730070510089,1.6915386083709505,-0.7849044694570758,0.49259550672685526
102.0,28.0,8.11203586379278,1.0,-0.9945580583197899,-0.8938675233911915,7.534881258104537,1.1098481389297183,5.0,2.2901341836554145,-1.2601552447581124,-1.2207177122545356,1.6915386083709505,-1.6679419365881367,0.49259550672685526
102.0,29.0,26.74346388365843,1.0,0.4219735040825251,1.6808308142337192,9.920851504045787,0.707588353835588,5.0,2.2901341836554145,3.2410399349424046,0.1813034797491502,1.6915386083709505,-0.38022652028776244,0.49259550672685526
102.0,30.0,23.997580633064082,1.0,2.1036628993066744,1.8895792169501722,9.497807286121498,-0.3636572970952526,5.0,2.2901341836554145,-0.4168575881604318,-0.13889136243904462,1.6915386083709505,0.918996609060766,0.49259550672685526
103.0,1.0,10.343942433106148,0.0,-0.4496144314299124,1.004291980996725,0.0,0.059749937384600695,5.0,1.4840018308794534,1.1313372134141755,0.2533185139947548,0.37750713086065013,0.005764185899886933,1.7283263636254542
103.0,2.0,17.43206616333552,0.0,0.5246316777041974,3.977851839469668,0.0,-0.70459646368007,5.0,1.4840018308794534,-1.460640070924822,-0.028546755348703018,0.37750713086065013,0.3852804011263305,1.7283263636254542
103.0,3.0,7.47552846782087,0.0,0.01827635230231439,0.5357754478518588,0.0,-0.7172181615740102,5.0,1.4840018308794534,0.7399475108773345,-0.04287045729131609,0.37750713086065013,-0.37066003179240936,1.7283263636254542
103.0,4.0,20.141601426708952,0.0,1.766199268299848,2.4890987203001806,0.0,0.88465049897692,5.0,1.4840018308794534,1.9091035692174834,1.3686022840144576,0.37750713086065013,0.644376548518833,1.7283263636254542
103.0,5.0,12.365624342018737,0.0,1.2889313559969562,2.506159929787321,0.0,-1.0155925786035442,5.0,1.4840018308794534,-1.4438931609717993,-0.22577098565926762,0.37750713086065013,-0.22048656181875062,1.7283263636254542
103.0,6.0,22.0695050015867,0.0,4.1599620550943985,2.5408522775406768,0.0,1.955293965492464,5.0,1.4840018308794534,0.7017843353747109,1.5164706044295397,0.37750713086065013,0.3317819639156969,1.7283263636254542
103.0,7.0,17.70755125504393,0.0,0.5536710595571446,3.237121630811348,0.0,-0.09031959396585161,5.0,1.4840018308794534,-0.262197489402468,-1.5487528042302212,0.37750713086065013,1.0968390131493477,1.7283263636254542
103.0,8.0,13.782124399741406,0.0,2.70149895576395,1.660465814252528,0.0,0.21453882662921628,5.0,1.4840018308794534,-1.5721441591454877,0.5846137496360692,0.37750713086065013,0.43518149083380286,1.7283263636254542
103.0,9.0,9.445901525242839,0.0,2.117203645634328,1.20481723300785,0.0,-0.7385277047395734,5.0,1.4840018308794534,-1.5146676537817514,0.12385424384461378,0.37750713086065013,-0.32593158553122675,1.7283263636254542
103.0,10.0,16.23741873891327,0.0,1.9116304560078583,2.650225779870313,0.0,-0.5743886897632697,5.0,1.4840018308794534,-1.6015361735745934,0.21594156874397272,0.37750713086065013,1.1488076184510938,1.7283263636254542
103.0,11.0,14.736162242432492,0.0,2.7471525660400378,1.8308383271558548,0.0,-1.3170161323052418,5.0,1.4840018308794534,-0.530906522170303,0.3796394827598821,0.37750713086065013,0.9935038559621194,1.7283263636254542
103.0,12.0,13.17943761282432,0.0,2.7406767714945404,1.613753915505474,0.0,-0.18292538837272732,5.0,1.4840018308794534,-1.4617555849958999,-0.5023234531093023,0.37750713086065013,0.54839695950807,1.7283263636254542
103.0,13.0,12.241402897874504,0.0,1.3907394530529056,0.9909814159351098,0.0,0.41898240492446387,5.0,1.4840018308794534,0.6879167729758275,-0.3332073836694201,0.37750713086065013,0.2387317351114412,1.7283263636254542
103.0,14.0,11.310186491871587,0.0,0.15928061381294834,1.2374122860112107,0.0,0.32430434416138,5.0,1.4840018308794534,2.1001089405256717,-1.0185753831070887,0.37750713086065013,-0.6279060760393714,1.7283263636254542
103.0,15.0,16.08603362968237,0.0,2.879921804214514,2.281211429980269,0.0,-0.7815364870547514,5.0,1.4840018308794534,-1.287030476035179,-1.0717912264755778,0.37750713086065013,1.3606524485300076,1.7283263636254542
103.0,16.0,9.215283660773423,0.0,0.930832262385159,0.9080643112741311,0.0,-0.7886219708540015,5.0,1.4840018308794534,0.7877388474751781,0.30352864140425806,0.37750713086065013,-0.6002595871471269,1.7283263636254542
103.0,17.0,24.301917647553196,0.0,3.6045050093000106,3.332313206434426,0.0,-0.5021987183428608,5.0,1.4840018308794534,0.7690422410009099,0.4482097786294262,0.37750713086065013,2.1873329930165766,1.7283263636254542
103.0,18.0,24.51727789634431,0.0,3.118677479372008,3.472491504443828,0.0,1.4960606698463506,5.0,1.4840018308794534,0.3322025789501177,0.053004226730504145,0.37750713086065013,1.5326106261851893,1.7283263636254542
103.0,19.0,8.000139130285815,0.0,3.5513376437708404,0.05656149448073933,0.0,-1.137303620665745,5.0,1.4840018308794534,-1.0083766082770078,0.9222674678797376,0.37750713086065013,-0.23570035910047687,1.7283263636254542
103.0,20.0,2.338842092979644,0.0,2.156008642315684,-1.6675318215735713,0.0,-0.17905159438019844,5.0,1.4840018308794534,-0.11945260663065868,2.0500846856271444,0.37750713086065013,-1.0264209003067808,1.7283263636254542
103.0,21.0,15.47099643210927,1.0,-0.3950892114426712,2.3996142046507853,1.9744568718066793,1.902361821678927,5.0,1.4840018308794534,-0.2803953351702467,-0.4910311660565353,0.37750713086065013,-0.710406563699301,1.7283263636254542
103.0,22.0,11.970249868998096,1.0,-0.44540495532824087,1.5567743644257774,1.2270640822726326,-0.1009748853288084,5.0,1.4840018308794534,0.5629895332204798,-2.3091688756408124,0.37750713086065013,0.2568837091565295,1.7283263636254542
103.0,23.0,15.764250972843087,1.0,1.3328924882023707,2.327603362945423,2.7435166373232525,-1.3598407038213938,5.0,1.4840018308794534,-0.37243875610382904,1.0057385244622565,0.37750713086065013,-0.24669187846237361,1.7283263636254542
103.0,24.0,7.033046327231388,1.0,2.1568495430201358,-1.408433423730842,3.173686655221454,-0.6647694352740622,5.0,1.4840018308794534,0.9769733866856207,-0.7092007625823926,0.37750713086065013,-0.3475425993977332,1.7283263636254542
103.0,25.0,12.245647560477911,1.0,0.457012887740582,0.8414628863508183,4.5738006783971645,0.48545997890487813,5.0,1.4840018308794534,-0.37458085776701383,-0.688008616467358,0.37750713086065013,-0.9516185672650157,1.7283263636254542
103.0,26.0,20.87174197487208,1.0,1.2247579986956587,2.4460775061143734,4.838303131658592,-0.37560287166977346,5.0,1.4840018308794534,1.052711465579332,1.0255713696966988,0.37750713086065013,-0.04502772480892027,1.7283263636254542
103.0,27.0,13.613136109606973,1.0,1.4092361081482747,0.44934649893030554,7.4469869723326765,-0.561876363549783,5.0,1.4840018308794534,-1.0491770066660657,-0.2847730070510089,0.37750713086065013,-0.7849044694570758,1.7283263636254542
103.0,28.0,9.590430406272644,1.0,-1.0008657588849132,-0.0424566075082744,9.182314298835257,-0.34391723412845926,5.0,1.4840018308794534,-1.2601552447581124,-1.2207177122545356,0.37750713086065013,-1.6679419365881367,1.7283263636254542
103.0,29.0,25.480699665787206,1.0,0.061693032841577455,2.3029405628391917,9.283358694174728,0.09049664713922118,5.0,1.4840018308794534,3.2410399349424046,0.1813034797491502,0.37750713086065013,-0.38022652028776244,1.7283263636254542
103.0,30.0,30.96624201964404,1.0,2.9506239333819577,2.367267879983223,11.712267844661138,1.598508771145826,5.0,1.4840018308794534,-0.4168575881604318,-0.13889136243904462,0.37750713086065013,0.918996609060766,1.7283263636254542
104.0,1.0,21.92728523412152,0.0,3.193608498322351,3.614802765802367,0.0,-0.08856511213888398,5.0,1.338442545621863,1.1313372134141755,0.2533185139947548,2.0196315308669037,0.005764185899886933,-0.6169590611772082
104.0,2.0,14.231495997622936,0.0,1.726641746112127,2.2805361474791046,0.0,1.0807994961515173,5.0,1.338442545621863,-1.460640070924822,-0.028546755348703018,2.0196315308669037,0.3852804011263305,-0.6169590611772082
104.0,3.0,16.989741281579022,0.0,1.5103356352615884,2.542720645408446,0.0,0.6307541156505666,5.0,1.338442545621863,0.7399475108773345,-0.04287045729131609,2.0196315308669037,-0.37066003179240936,-0.6169590611772082
104.0,4.0,21.047516675421036,0.0,2.380928884935324,2.722054398519745,0.0,-0.11363989550614068,5.0,1.338442545621863,1.9091035692174834,1.3686022840144576,2.0196315308669037,0.644376548518833,-0.6169590611772082
104.0,5.0,7.533263210224759,0.0,1.6475307518172122,0.948009365286184,0.0,-1.5329020028905982,5.0,1.338442545621863,-1.4438931609717993,-0.22577098565926762,2.0196315308669037,-0.22048656181875062,-0.6169590611772082
104.0,6.0,18.50575567732409,0.0,2.171168704301213,2.3191538167376975,0.0,-0.5211173175525201,5.0,1.338442545621863,0.7017843353747109,1.5164706044295397,2.0196315308669037,0.3317819639156969,-0.6169590611772082
104.0,7.0,-1.307752780621228,0.0,-2.31776673720721,-0.2572486272459633,0.0,-0.48987045313847427,5.0,1.338442545621863,-0.262197489402468,-1.5487528042302212,2.0196315308669037,1.0968390131493477,-0.6169590611772082
104.0,8.0,14.72124765839568,0.0,2.0183717581045446,2.325735960978806,0.0,0.04715443276152723,5.0,1.338442545621863,-1.5721441591454877,0.5846137496360692,2.0196315308669037,0.43518149083380286,-0.6169590611772082
104.0,9.0,12.917504996888784,0.0,1.4911684667605347,1.6170455265012378,0.0,1.3001986776668206,5.0,1.338442545621863,-1.5146676537817514,0.12385424384461378,2.0196315308669037,-0.32593158553122675,-0.6169590611772082
104.0,10.0,13.302465642090818,0.0,3.9205885118776913,0.8748455510091273,0.0,2.293078973831094,5.0,1.338442545621863,-1.6015361735745934,0.21594156874397272,2.0196315308669037,1.1488076184510938,-0.6169590611772082
104.0,11.0,12.680019088042778,0.0,0.5544969759577929,1.5388747887187075,0.0,1.5475810589837693,5.0,1.338442545621863,-0.530906522170303,0.3796394827598821,2.0196315308669037,0.9935038559621194,-0.6169590611772082
104.0,12.0,12.25998337037622,0.0,0.856669438429148,2.6708748978446923,0.0,-0.13315096432894447,5.0,1.338442545621863,-1.4617555849958999,-0.5023234531093023,2.0196315308669037,0.54839695950807,-0.6169590611772082
104.0,13.0,6.134872229846326,0.0,1.721980376133129,-0.012232074594289877,0.0,-1.7565273955576375,5.0,1.338442545621863,0.6879167729758275,-0.3332073836694201,2.0196315308669037,0.2387317351114412,-0.6169590611772082
104.0,14.0,6.6290209275347305,0.0,1.1547632881980952,-0.30191978854398593,0.0,-0.3887798640717435,5.0,1.338442545621863,2.1001089405256717,-1.0185753831070887,2.0196315308669037,-0.6279060760393714,-0.6169590611772082
104.0,15.0,-2.401139799882988,0.0,-0.08988616808835759,-1.4825942372414929,0.0,0.08920722307329454,5.0,1.338442545621863,-1.287030476035179,-1.0717912264755778,2.0196315308669037,1.3606524485300076,-0.6169590611772082
104.0,16.0,11.561747395104687,0.0,1.0249050425825266,0.5274321164358466,0.0,0.845013004067436,5.0,1.338442545621863,0.7877388474751781,0.30352864140425806,2.0196315308669037,-0.6002595871471269,-0.6169590611772082
104.0,17.0,13.849319414795469,0.0,1.7216316042186495,1.5006504546534507,0.0,0.962527968484271,5.0,1.338442545621863,0.7690422410009099,0.4482097786294262,2.0196315308669037,2.1873329930165766,-0.6169590611772082
104.0,18.0,12.593608946647915,0.0,3.267573319834865,0.9365300261106286,0.0,0.6843094294164646,5.0,1.338442545621863,0.3322025789501177,0.053004226730504145,2.0196315308669037,1.5326106261851893,-0.6169590611772082
104.0,19.0,14.680239272369834,0.0,3.0090778679393013,1.9094372955308956,0.0,-1.3952743497994675,5.0,1.338442545621863,-1.0083766082770078,0.9222674678797376,2.0196315308669037,-0.23570035910047687,-0.6169590611772082
104.0,20.0,23.44998527967554,0.0,1.9489446647273814,3.2195774277525735,0.0,0.8496430456333551,5.0,1.338442545621863,-0.11945260663065868,2.0500846856271444,2.0196315308669037,-1.0264209003067808,-0.6169590611772082
104.0,21.0,8.34597231116556,1.0,2.197062684127677,0.5769766322584569,-0.640100004749808,-0.44655721642722224,5.0,1.338442545621863,-0.2803953351702467,-0.4910311660565353,2.0196315308669037,-0.710406563699301,-0.6169590611772082
104.0,22.0,1.1511632884188638,1.0,-1.032979014970362,-0.4394611327650084,1.2484479260542445,0.17480270016125568,5.0,1.338442545621863,0.5629895332204798,-2.3091688756408124,2.0196315308669037,0.2568837091565295,-0.6169590611772082
104.0,23.0,21.170203233298114,1.0,2.5985680198587273,2.2743386061695743,3.5246444026911803,0.07455117717373456,5.0,1.338442545621863,-0.37243875610382904,1.0057385244622565,2.0196315308669037,-0.24669187846237361,-0.6169590611772082
104.0,24.0,9.201701883452508,1.0,0.45966632282592323,-0.8056739196870824,4.633379288392583,0.4281667649705055,5.0,1.338442545621863,0.9769733866856207,-0.7092007625823926,2.0196315308669037,-0.3475425993977332,-0.6169590611772082
104.0,25.0,9.31439094999119,1.0,0.3897645029624439,-0.5294975817448391,5.326996719049241,0.02467498282613994,5.0,1.338442545621863,-0.37458085776701383,-0.688008616467358,2.0196315308669037,-0.9516185672650157,-0.6169590611772082
104.0,26.0,20.39326616870663,1.0,2.901891778709053,0.6409846486826706,7.745684992115166,-1.667475097585663,5.0,1.338442545621863,1.052711465579332,1.0255713696966988,2.0196315308669037,-0.04502772480892027,-0.6169590611772082
104.0,27.0,13.126082304893085,1.0,0.5339405054634021,-0.6727088837176556,8.675389566443378,0.7364959647734421,5.0,1.338442545621863,-1.0491770066660657,-0.2847730070510089,2.0196315308669037,-0.7849044694570758,-0.6169590611772082
104.0,28.0,8.244728760045275,1.0,0.1873404115410333,-0.8370910228819404,6.540695638598097,0.3860265683496758,5.0,1.338442545621863,-1.2601552447581124,-1.2207177122545356,2.0196315308669037,-1.6679419365881367,-0.6169590611772082
104.0,29.0,21.0418248870914,1.0,0.6699565431413737,0.6248971067277383,8.582595747132078,-0.26565162527822234,5.0,1.338442545621863,3.2410399349424046,0.1813034797491502,2.0196315308669037,-0.38022652028776244,-0.6169590611772082
104.0,30.0,14.999064377323936,1.0,1.322094974303548,-0.027078011572325256,8.565966629327377,0.11814451104668068,5.0,1.338442545621863,-0.4168575881604318,-0.13889136243904462,2.0196315308669037,0.918996609060766,-0.6169590611772082
105.0,1.0,21.567149559491945,0.0,3.2358736554306913,4.118279888571664,0.0,0.13403864536846335,5.0,-0.856173697032526,1.1313372134141755,0.2533185139947548,2.2186437539652006,0.005764185899886933,0.9039503320048434
105.0,2.0,17.000950592288827,0.0,2.5215076796220854,3.763432648666785,0.0,0.2210194685610021,5.0,-0.856173697032526,-1.460640070924822,-0.028546755348703018,2.2186437539652006,0.3852804011263305,0.9039503320048434
105.0,3.0,20.670143561702535,0.0,2.4959293101233504,4.026588934285192,0.0,1.640846165977486,5.0,-0.856173697032526,0.7399475108773345,-0.04287045729131609,2.2186437539652006,-0.37066003179240936,0.9039503320048434
105.0,4.0,27.064847266758967,0.0,3.0024871198536753,4.86985178319763,0.0,-0.21905037893347584,5.0,-0.856173697032526,1.9091035692174834,1.3686022840144576,2.2186437539652006,0.644376548518833,0.9039503320048434
105.0,5.0,7.014739350572665,0.0,1.3737697751365197,1.1577284458246597,0.0,0.16806538388465753,5.0,-0.856173697032526,-1.4438931609717993,-0.22577098565926762,2.2186437539652006,-0.22048656181875062,0.9039503320048434
105.0,6.0,23.465576738169496,0.0,4.692173191813005,3.0316621946403237,0.0,1.168383873069093,5.0,-0.856173697032526,0.7017843353747109,1.5164706044295397,2.2186437539652006,0.3317819639156969,0.9039503320048434
105.0,7.0,-0.09774175865856938,0.0,-0.6226561667356174,-0.6554175611385418,0.0,1.054181023376919,5.0,-0.856173697032526,-0.262197489402468,-1.5487528042302212,2.2186437539652006,1.0968390131493477,0.9039503320048434
105.0,8.0,17.005823366989837,0.0,4.446627717285348,2.383939432756109,0.0,1.1452631103803574,5.0,-0.856173697032526,-1.5721441591454877,0.5846137496360692,2.2186437539652006,0.43518149083380286,0.9039503320048434
105.0,9.0,11.719449599882052,0.0,0.6854024148636552,3.000731352445371,0.0,-0.5774680010595568,5.0,-0.856173697032526,-1.5146676537817514,0.12385424384461378,2.2186437539652006,-0.32593158553122675,0.9039503320048434
105.0,10.0,19.74873385084547,0.0,3.045135747209028,3.5470876010423025,0.0,2.0024827302928294,5.0,-0.856173697032526,-1.6015361735745934,0.21594156874397272,2.2186437539652006,1.1488076184510938,0.9039503320048434
105.0,11.0,20.216779721477955,0.0,3.145948140342513,3.883616007259749,0.0,0.06670087093018297,5.0,-0.856173697032526,-0.530906522170303,0.3796394827598821,2.2186437539652006,0.9935038559621194,0.9039503320048434
105.0,12.0,9.421636639524017,0.0,1.6044606110123483,1.295668881308883,0.0,1.8668518447068625,5.0,-0.856173697032526,-1.4617555849958999,-0.5023234531093023,2.2186437539652006,0.54839695950807,0.9039503320048434
105.0,13.0,4.067224666885963,0.0,1.2848716010399652,-0.058340158242475404,0.0,-1.3509026860307116,5.0,-0.856173697032526,0.6879167729758275,-0.3332073836694201,2.2186437539652006,0.2387317351114412,0.9039503320048434
105.0,14.0,4.687820806425208,0.0,0.40523903506364956,0.2817049196970256,0.0,0.02098358635423748,5.0,-0.856173697032526,2.1001089405256717,-1.0185753831070887,2.2186437539652006,-0.6279060760393714,0.9039503320048434
105.0,15.0,6.399283265086514,0.0,0.24771899631723593,1.0642715161502023,0.0,1.2499145709692157,5.0,-0.856173697032526,-1.287030476035179,-1.0717912264755778,2.2186437539652006,1.3606524485300076,0.9039503320048434
105.0,16.0,9.233398207706905,0.0,0.4825101324887533,1.467916013562644,0.0,-0.7152421872227963,5.0,-0.856173697032526,0.7877388474751781,0.30352864140425806,2.2186437539652006,-0.6002595871471269,0.9039503320048434
105.0,17.0,28.731242113624628,0.0,3.2707946818231575,6.109536548328681,0.0,-0.752688968217742,5.0,-0.856173697032526,0.7690422410009099,0.4482097786294262,2.2186437539652006,2.1873329930165766,0.9039503320048434
105.0,18.0,19.306453005835237,0.0,2.8712288213454755,3.798244208411808,0.0,-0.9385387036068938,5.0,-0.856173697032526,0.3322025789501177,0.053004226730504145,2.2186437539652006,1.5326106261851893,0.9039503320048434
105.0,19.0,15.962991437098548,0.0,4.125598888661444,2.640444864617077,0.0,-1.0525132793387366,5.0,-0.856173697032526,-1.0083766082770078,0.9222674678797376,2.2186437539652006,-0.23570035910047687,0.9039503320048434
105.0,20.0,18.472309123513465,0.0,5.43430564231582,1.9434050829279583,0.0,-0.43715953318039885,5.0,-0.856173697032526,-0.11945260663065868,2.0500846856271444,2.2186437539652006,-1.0264209003067808,0.9039503320048434
105.0,21.0,4.349763138973566,1.0,0.9339728122543054,0.32784987898580353,-0.030773972306374464,0.33117917295898186,5.0,-0.856173697032526,-0.2803953351702467,-0.4910311660565353,2.2186437539652006,-0.710406563699301,0.9039503320048434
105.0,22.0,-1.3091099309440608,1.0,-0.7963376417417383,-0.18754034433470057,2.2482563941471994,-2.01421049792072,5.0,-0.856173697032526,0.5629895332204798,-2.3091688756408124,2.2186437539652006,0.2568837091565295,0.9039503320048434
105.0,23.0,22.116369450620518,1.0,2.730954444343737,3.3474203206974313,3.3514077739671446,0.21198043337229178,5.0,-0.856173697032526,-0.37243875610382904,1.0057385244622565,2.2186437539652006,-0.24669187846237361,0.9039503320048434
105.0,24.0,10.844373682257023,1.0,0.6207032198894188,0.8447575038519015,3.2195483050644254,1.2366750464165703,5.0,-0.856173697032526,0.9769733866856207,-0.7092007625823926,2.2186437539652006,-0.3475425993977332,0.9039503320048434
105.0,25.0,11.1621360485666,1.0,-1.2271351052527382,1.2225043949771428,5.301600444867741,2.037574018240435,5.0,-0.856173697032526,-0.37458085776701383,-0.688008616467358,2.2186437539652006,-0.9516185672650157,0.9039503320048434
105.0,26.0,26.35994389117831,1.0,3.4330555050265548,2.974111788915966,5.272164571823793,1.3011759922005872,5.0,-0.856173697032526,1.052711465579332,1.0255713696966988,2.2186437539652006,-0.04502772480892027,0.9039503320048434
105.0,27.0,11.556821353050822,1.0,0.3070133154970358,0.49676487257402147,7.249413868883769,0.7567747637959615,5.0,-0.856173697032526,-1.0491770066660657,-0.2847730070510089,2.2186437539652006,-0.7849044694570758,0.9039503320048434
105.0,28.0,0.4285775388626165,1.0,-0.7148748151135396,-1.3035197218830552,8.113145255522152,-1.72673039911433,5.0,-0.856173697032526,-1.2601552447581124,-1.2207177122545356,2.2186437539652006,-1.6679419365881367,0.9039503320048434
105.0,29.0,24.456201268865044,1.0,1.4142073940365758,2.4947016606517805,8.71598741930359,-0.601506708006782,5.0,-0.856173697032526,3.2410399349424046,0.1813034797491502,2.2186437539652006,-0.38022652028776244,0.9039503320048434
105.0,30.0,20.415599508461497,1.0,1.575347516369845,1.9676151202419692,9.039907537024616,-0.35204645658261685,5.0,-0.856173697032526,-0.4168575881604318,-0.13889136243904462,2.2186437539652006,0.918996609060766,0.9039503320048434
106.0,1.0,8.9879932664858,0.0,-0.004373414345889559,0.9750391048952177,0.0,0.7035239027568945,5.0,-0.3629681008271026,1.1313372134141755,0.2533185139947548,-1.5742384644521932,0.005764185899886933,-1.0166050872219579
106.0,2.0,-0.2550610268218616,0.0,-0.09880169485119228,-0.9600804035760868,0.0,-0.10567133400377447,5.0,-0.3629681008271026,-1.460640070924822,-0.028546755348703018,-1.5742384644521932,0.3852804011263305,-1.0166050872219579
106.0,3.0,3.7282494753484716,0.0,1.5656362960562313,-0.8000069331681601,0.0,-1.2586486280601719,5.0,-0.3629681008271026,0.7399475108773345,-0.04287045729131609,-1.5742384644521932,-0.37066003179240936,-1.0166050872219579
106.0,4.0,3.8153168586697217,0.0,-0.34004951501981573,-0.42187398915050034,0.0,1.6844357080941148,5.0,-0.3629681008271026,1.9091035692174834,1.3686022840144576,-1.5742384644521932,0.644376548518833,-1.0166050872219579
106.0,5.0,9.519765221535561,0.0,0.9629987164607353,1.290890448295547,0.0,0.9113912917959627,5.0,-0.3629681008271026,-1.4438931609717993,-0.22577098565926762,-1.5742384644521932,-0.22048656181875062,-1.0166050872219579
106.0,6.0,-1.8038895743653836,0.0,-1.788790125667624,-0.9555894558890521,0.0,0.23743027249102577,5.0,-0.3629681008271026,0.7017843353747109,1.5164706044295397,-1.5742384644521932,0.3317819639156969,-1.0166050872219579
106.0,7.0,10.283905699363922,0.0,2.3976594317973983,0.323416377251337,0.0,1.2181086103258114,5.0,-0.3629681008271026,-0.262197489402468,-1.5487528042302212,-1.5742384644521932,1.0968390131493477,-1.0166050872219579
106.0,8.0,-8.291880424891374,0.0,0.08524377887408985,-2.913502829195566,0.0,-1.3387742872349724,5.0,-0.3629681008271026,-1.5721441591454877,0.5846137496360692,-1.5742384644521932,0.43518149083380286,-1.0166050872219579
106.0,9.0,5.666047648954411,0.0,-0.48632783009767877,0.7442744475265374,0.0,0.6608202977898003,5.0,-0.3629681008271026,-1.5146676537817514,0.12385424384461378,-1.5742384644521932,-0.32593158553122675,-1.0166050872219579
106.0,10.0,-1.6365108842187268,0.0,0.2486094579532332,-0.9632921662364029,0.0,-0.5229123763134219,5.0,-0.3629681008271026,-1.6015361735745934,0.21594156874397272,-1.5742384644521932,1.1488076184510938,-1.0166050872219579
106.0,11.0,4.8273969827020435,0.0,0.7621869013413078,0.2943277776794977,0.0,0.6837455218507125,5.0,-0.3629681008271026,-0.530906522170303,0.3796394827598821,-1.5742384644521932,0.9935038559621194,-1.0166050872219579
106.0,12.0,8.167463632684633,0.0,-0.9032327683063301,1.907656092948629,0.0,-0.06082195466007423,5.0,-0.3629681008271026,-1.4617555849958999,-0.5023234531093023,-1.5742384644521932,0.54839695950807,-1.0166050872219579
106.0,13.0,8.320495968045416,0.0,2.1597031617806612,-0.026322854177229127,0.0,0.6329607130314509,5.0,-0.3629681008271026,0.6879167729758275,-0.3332073836694201,-1.5742384644521932,0.2387317351114412,-1.0166050872219579
106.0,14.0,16.49291805811216,0.0,0.90354457123174,1.7583006579639833,0.0,1.335517615059392,5.0,-0.3629681008271026,2.1001089405256717,-1.0185753831070887,-1.5742384644521932,-0.6279060760393714,-1.0166050872219579
106.0,15.0,6.630868964981521,0.0,1.6976795849755282,0.42396303102924904,0.0,0.0072900903168987945,5.0,-0.3629681008271026,-1.287030476035179,-1.0717912264755778,-1.5742384644521932,1.3606524485300076,-1.0166050872219579
106.0,16.0,9.1300315751651,0.0,0.4165679385276708,0.7129112551504135,0.0,1.0175586369520924,5.0,-0.3629681008271026,0.7877388474751781,0.30352864140425806,-1.5742384644521932,-0.6002595871471269,-1.0166050872219579
106.0,17.0,-4.325210440841118,0.0,-0.785869500479325,-1.6092460411921645,0.0,-1.188434035147979,5.0,-0.3629681008271026,0.7690422410009099,0.4482097786294262,-1.5742384644521932,2.1873329930165766,-1.0166050872219579
106.0,18.0,1.7364489216619994,0.0,-1.9069777472204779,0.3457658943344919,0.0,-0.7216044404360152,5.0,-0.3629681008271026,0.3322025789501177,0.053004226730504145,-1.5742384644521932,1.5326106261851893,-1.0166050872219579
106.0,19.0,6.421544759166019,0.0,-1.1823686984747255,1.2227650645614334,0.0,1.5192177113881782,5.0,-0.3629681008271026,-1.0083766082770078,0.9222674678797376,-1.5742384644521932,-0.23570035910047687,-1.0166050872219579
106.0,20.0,6.125010390310815,0.0,-0.525063970813787,1.3129881847247507,0.0,0.3773879730239293,5.0,-0.3629681008271026,-0.11945260663065868,2.0500846856271444,-1.5742384644521932,-1.0264209003067808,-1.0166050872219579
106.0,21.0,4.26345226919559,0.0,1.6273837625114398,-0.38784943746278633,0.534674939907469,-2.05222282043373,5.0,-0.3629681008271026,-0.2803953351702467,-0.4910311660565353,-1.5742384644521932,-0.710406563699301,-1.0166050872219579
106.0,22.0,13.034331171259494,0.0,-0.35544424399587227,2.059919418515916,2.491146204122848,-1.3640374520823753,5.0,-0.3629681008271026,0.5629895332204798,-2.3091688756408124,-1.5742384644521932,0.2568837091565295,-1.0166050872219579
106.0,23.0,2.0859316665266006,0.0,1.2512498600213329,-0.6322154230686641,2.505818156122935,-0.2007810155891212,5.0,-0.3629681008271026,-0.37243875610382904,1.0057385244622565,-1.5742384644521932,-0.24669187846237361,-1.0166050872219579
106.0,24.0,14.208644207303205,0.0,2.221976082914461,1.34570624671521,3.6744922083924267,0.865779404334488,5.0,-0.3629681008271026,0.9769733866856207,-0.7092007625823926,-1.5742384644521932,-0.3475425993977332,-1.0166050872219579
106.0,25.0,8.402918920485712,0.0,-0.17567898751560307,0.7891734059389054,3.9302393180415662,-0.10188325571522247,5.0,-0.3629681008271026,-0.37458085776701383,-0.688008616467358,-1.5742384644521932,-0.9516185672650157,-1.0166050872219579
106.0,26.0,3.7256762430430435,0.0,0.28536634344117473,-0.434967484353443,5.565885203177207,0.6241874720206527,5.0,-0.3629681008271026,1.052711465579332,1.0255713696966988,-1.5742384644521932,-0.04502772480892027,-1.0166050872219579
106.0,27.0,9.637714012889553,0.0,-0.3256502214144057,1.390088488679524,6.9751433561987835,0.9590053777878254,5.0,-0.3629681008271026,-1.0491770066660657,-0.2847730070510089,-1.5742384644521932,-0.7849044694570758,-1.0166050872219579
106.0,28.0,16.533849988666702,0.0,1.3135937385802696,2.1849952440043965,7.2708911545385755,1.6710548288629392,5.0,-0.3629681008271026,-1.2601552447581124,-1.2207177122545356,-1.5742384644521932,-1.6679419365881367,-1.0166050872219579
106.0,29.0,11.213591737165686,0.0,1.2817837424240426,0.6321980413634263,8.61728766067148,0.056016733274961934,5.0,-0.3629681008271026,3.2410399349424046,0.1813034797491502,-1.5742384644521932,-0.38022652028776244,-1.0166050872219579
106.0,30.0,6.47111638527918,0.0,1.0578508200460695,0.6535605543935776,8.899305879655513,-0.05198190618089897,5.0,-0.3629681008271026,-0.4168575881604318,-0.13889136243904462,-1.5742384644521932,0.918996609060766,-1.0166050872219579
107.0,1.0,7.705412823867086,0.0,-0.07401800891682941,1.1536170072499368,0.0,-1.7532373591422696,5.0,-0.07674585544473933,1.1313372134141755,0.2533185139947548,0.09736026653786056,0.005764185899886933,-1.2902682119797848
107.0,2.0,5.6745697962923884,0.0,0.15437278361752704,0.8193832396460872,0.0,0.09932759408782749,5.0,-0.07674585544473933,-1.460640070924822,-0.028546755348703018,0.09736026653786056,0.3852804011263305,-1.2902682119797848
107.0,3.0,8.204671004309118,0.0,-0.14073469096623814,0.9266590401378816,0.0,-0.5718500578955633,5.0,-0.07674585544473933,0.7399475108773345,-0.04287045729131609,0.09736026653786056,-0.37066003179240936,-1.2902682119797848
107.0,4.0,11.670280073430034,0.0,1.1954758347061927,1.771542400566105,0.0,-0.9740095828040912,5.0,-0.07674585544473933,1.9091035692174834,1.3686022840144576,0.09736026653786056,0.644376548518833,-1.2902682119797848
107.0,5.0,7.018429007577674,0.0,-0.8376136983921845,1.4313607582969294,0.0,-0.1799062310475403,5.0,-0.07674585544473933,-1.4438931609717993,-0.22577098565926762,0.09736026653786056,-0.22048656181875062,-1.2902682119797848
107.0,6.0,10.206468132427979,0.0,-1.6057111553778114,1.8175471247455728,0.0,1.0149431727436575,5.0,-0.07674585544473933,0.7017843353747109,1.5164706044295397,0.09736026653786056,0.3317819639156969,-1.2902682119797848
107.0,7.0,5.11619371285558,0.0,1.2756050986686627,0.9127613152899002,0.0,-1.9927484886885825,5.0,-0.07674585544473933,-0.262197489402468,-1.5487528042302212,0.09736026653786056,1.0968390131493477,-1.2902682119797848
107.0,8.0,9.158454824534992,0.0,2.9779033899624303,1.2537678099822598,0.0,-0.4272792872054287,5.0,-0.07674585544473933,-1.5721441591454877,0.5846137496360692,0.09736026653786056,0.43518149083380286,-1.2902682119797848
107.0,9.0,6.514002899755858,0.0,0.41251896112087183,0.7145541726650337,0.0,0.11663728358270642,5.0,-0.07674585544473933,-1.5146676537817514,0.12385424384461378,0.09736026653786056,-0.32593158553122675,-1.2902682119797848
107.0,10.0,-0.2906946091964331,0.0,1.0734398859941126,-0.777133024346043,0.0,-0.893207570054953,5.0,-0.07674585544473933,-1.6015361735745934,0.21594156874397272,0.09736026653786056,1.1488076184510938,-1.2902682119797848
107.0,11.0,3.700111885257356,0.0,0.41509374331156423,-0.06543592678030774,0.0,0.3339029424992251,5.0,-0.07674585544473933,-0.530906522170303,0.3796394827598821,0.09736026653786056,0.9935038559621194,-1.2902682119797848
107.0,12.0,3.321086559897839,0.0,1.809362435113919,-0.534906281902868,0.0,0.4114299206157307,5.0,-0.07674585544473933,-1.4617555849958999,-0.5023234531093023,0.09736026653786056,0.54839695950807,-1.2902682119797848
107.0,13.0,6.92796194982429,0.0,1.062063469723651,0.20941095017901712,0.0,-0.033036159275991746,5.0,-0.07674585544473933,0.6879167729758275,-0.3332073836694201,0.09736026653786056,0.2387317351114412,-1.2902682119797848
107.0,14.0,6.478851171630569,0.0,0.8493158535862314,0.12035731582969311,0.0,-2.4658981937600273,5.0,-0.07674585544473933,2.1001089405256717,-1.0185753831070887,0.09736026653786056,-0.6279060760393714,-1.2902682119797848
107.0,15.0,1.3345717474825027,0.0,-1.9551263732994117,-0.3526757374104912,0.0,2.5714581458666377,5.0,-0.07674585544473933,-1.287030476035179,-1.0717912264755778,0.09736026653786056,1.3606524485300076,-1.2902682119797848
107.0,16.0,8.439453250335587,0.0,2.1125697048320764,0.005714105760076693,0.0,-0.2052992574681995,5.0,-0.07674585544473933,0.7877388474751781,0.30352864140425806,0.09736026653786056,-0.6002595871471269,-1.2902682119797848
107.0,17.0,1.2325393094042432,0.0,-0.37949911169166217,-0.650947613218761,0.0,0.6511932815876703,5.0,-0.07674585544473933,0.7690422410009099,0.4482097786294262,0.09736026653786056,2.1873329930165766,-1.2902682119797848
107.0,18.0,3.668246708533258,0.0,-1.2914724911801176,0.4676047506128391,0.0,0.273766491036548,5.0,-0.07674585544473933,0.3322025789501177,0.053004226730504145,0.09736026653786056,1.5326106261851893,-1.2902682119797848
107.0,19.0,10.053957792203068,0.0,0.8685725696167709,1.2839751880327193,0.0,1.0246732348183503,5.0,-0.07674585544473933,-1.0083766082770078,0.9222674678797376,0.09736026653786056,-0.23570035910047687,-1.2902682119797848
107.0,20.0,12.685094773254466,0.0,1.5928883257749844,1.3155968039951456,0.0,0.8176594463740879,5.0,-0.07674585544473933,-0.11945260663065868,2.0500846856271444,0.09736026653786056,-1.0264209003067808,-1.2902682119797848
107.0,21.0,12.742818076329968,0.0,1.8950244946253831,1.8486399540102472,1.7491647572404536,-0.20979317122850863,5.0,-0.07674585544473933,-0.2803953351702467,-0.4910311660565353,0.09736026653786056,-0.710406563699301,-1.2902682119797848
107.0,22.0,-1.140376562145513,0.0,-1.2568294009022738,-1.730562809971345,4.209775177910021,0.378167772208507,5.0,-0.07674585544473933,0.5629895332204798,-2.3091688756408124,0.09736026653786056,0.2568837091565295,-1.2902682119797848
107.0,23.0,9.310830435476161,0.0,0.5419998776923554,1.5824021135712154,2.574769771079965,-0.9454088311238928,5.0,-0.07674585544473933,-0.37243875610382904,1.0057385244622565,0.09736026653786056,-0.24669187846237361,-1.2902682119797848
107.0,24.0,15.843236443576695,0.0,2.115394698046569,2.197105336784027,4.4666662872896,0.8569230108993184,5.0,-0.07674585544473933,0.9769733866856207,-0.7092007625823926,0.09736026653786056,-0.3475425993977332,-1.2902682119797848
107.0,25.0,8.872797767730336,0.0,2.230961228972552,0.46444770195390106,6.581967447068695,-0.461038338884354,5.0,-0.07674585544473933,-0.37458085776701383,-0.688008616467358,0.09736026653786056,-0.9516185672650157,-1.2902682119797848
107.0,26.0,14.980187193051538,0.0,2.189097340706822,1.4134677148453072,5.615555837527388,2.416773353788211,5.0,-0.07674585544473933,1.052711465579332,1.0255713696966988,0.09736026653786056,-0.04502772480892027,-1.2902682119797848
107.0,27.0,6.90213788716219,0.0,2.5883834451164027,0.3685714964442435,6.610835015914908,-1.6510488956881872,5.0,-0.07674585544473933,-1.0491770066660657,-0.2847730070510089,0.09736026653786056,-0.7849044694570758,-1.2902682119797848
107.0,28.0,9.355259108781432,0.0,1.20026061044629,0.9742145943763075,8.647275142770482,-0.4639872429660149,5.0,-0.07674585544473933,-1.2601552447581124,-1.2207177122545356,0.09736026653786056,-1.6679419365881367,-1.2902682119797848
107.0,29.0,14.987507498548606,0.0,0.32428154043089374,1.7217686894230657,8.047654200717002,0.8253798627592425,5.0,-0.07674585544473933,3.2410399349424046,0.1813034797491502,0.09736026653786056,-0.38022652028776244,-1.2902682119797848
107.0,30.0,2.819063187170443,0.0,0.8523660813307754,-0.6168524619262112,9.826863496910363,0.5101325468786635,5.0,-0.07674585544473933,-0.4168575881604318,-0.13889136243904462,0.09736026653786056,0.918996609060766,-1.2902682119797848
108.0,1.0,12.689028551881588,0.0,2.857416689156505,1.2438727655814394,0.0,-0.5894810385150003,5.0,0.20872342804502964,1.1313372134141755,0.2533185139947548,1.359379445496229,0.005764185899886933,0.8774841818583181
108.0,2.0,14.253017957005692,0.0,4.211668382309966,2.3302584582237644,0.0,-0.9967807422075223,5.0,0.20872342804502964,-1.460640070924822,-0.028546755348703018,1.359379445496229,0.3852804011263305,0.8774841818583181
108.0,3.0,10.048049918748728,0.0,-0.7009118147463724,1.6797802076892732,0.0,0.14447570471069665,5.0,0.20872342804502964,0.7399475108773345,-0.04287045729131609,1.359379445496229,-0.37066003179240936,0.8774841818583181
108.0,4.0,25.324815419789733,0.0,3.548636339255867,4.082259818001361,0.0,-0.014307413166913387,5.0,0.20872342804502964,1.9091035692174834,1.3686022840144576,1.359379445496229,0.644376548518833,0.8774841818583181
108.0,5.0,10.677048560436141,0.0,1.8522551490373216,2.450208763064187,0.0,-1.7902812372640602,5.0,0.20872342804502964,-1.4438931609717993,-0.22577098565926762,1.359379445496229,-0.22048656181875062,0.8774841818583181
108.0,6.0,23.342911779805547,0.0,3.1429765908258975,3.9674279879677967,0.0,0.034551067133851025,5.0,0.20872342804502964,0.7017843353747109,1.5164706044295397,1.359379445496229,0.3317819639156969,0.8774841818583181
108.0,7.0,2.702334488059309,0.0,-0.6830267114874768,-0.2028370702155553,0.0,0.1902303156924571,5.0,0.20872342804502964,-0.262197489402468,-1.5487528042302212,1.359379445496229,1.0968390131493477,0.8774841818583181
108.0,8.0,15.80053989318572,0.0,3.143954003669316,2.556234478127029,0.0,0.17472639698184156,5.0,0.20872342804502964,-1.5721441591454877,0.5846137496360692,1.359379445496229,0.43518149083380286,0.8774841818583181
108.0,9.0,6.344572323262301,0.0,0.6707933814771605,1.050791702492117,0.0,-1.0550170426026815,5.0,0.20872342804502964,-1.5146676537817514,0.12385424384461378,1.359379445496229,-0.32593158553122675,0.8774841818583181
108.0,10.0,16.078043481318595,0.0,3.0570682240518803,2.545349227108573,0.0,0.476133278302629,5.0,0.20872342804502964,-1.6015361735745934,0.21594156874397272,1.359379445496229,1.1488076184510938,0.8774841818583181
108.0,11.0,21.48960686444962,0.0,3.503982461429292,3.513793110800584,0.0,1.3785701369592405,5.0,0.20872342804502964,-0.530906522170303,0.3796394827598821,1.359379445496229,0.9935038559621194,0.8774841818583181
108.0,12.0,11.99364916266503,0.0,2.753872034012949,1.7460704674076948,0.0,0.4562364031798125,5.0,0.20872342804502964,-1.4617555849958999,-0.5023234531093023,1.359379445496229,0.54839695950807,0.8774841818583181
108.0,13.0,9.080725151144454,0.0,-0.1440027762763798,1.5690493813180753,0.0,-1.135588470374343,5.0,0.20872342804502964,0.6879167729758275,-0.3332073836694201,1.359379445496229,0.2387317351114412,0.8774841818583181
108.0,14.0,6.378142412368155,0.0,1.2615333457803892,0.05967675220348945,0.0,-0.43564546969190504,5.0,0.20872342804502964,2.1001089405256717,-1.0185753831070887,1.359379445496229,-0.6279060760393714,0.8774841818583181
108.0,15.0,10.43853569097069,0.0,0.7429398741351133,1.896939735938114,0.0,0.34610361955360675,5.0,0.20872342804502964,-1.287030476035179,-1.0717912264755778,1.359379445496229,1.3606524485300076,0.8774841818583181
108.0,16.0,6.122331196832027,0.0,0.13895984831092645,0.2493541336017422,0.0,-0.647045631318269,5.0,0.20872342804502964,0.7877388474751781,0.30352864140425806,1.359379445496229,-0.6002595871471269,0.8774841818583181
108.0,17.0,20.328114113433635,0.0,4.796740896753629,3.0608722068270775,0.0,-2.157646335015277,5.0,0.20872342804502964,0.7690422410009099,0.4482097786294262,1.359379445496229,2.1873329930165766,0.8774841818583181
108.0,18.0,24.49432670198911,0.0,3.8103268122162084,4.280642874994067,0.0,0.884250820028209,5.0,0.20872342804502964,0.3322025789501177,0.053004226730504145,1.359379445496229,1.5326106261851893,0.8774841818583181
108.0,19.0,15.040749513415149,0.0,2.0117184674867357,2.8704245784894447,0.0,-0.829477611624518,5.0,0.20872342804502964,-1.0083766082770078,0.9222674678797376,1.359379445496229,-0.23570035910047687,0.8774841818583181
108.0,20.0,15.308921226925436,0.0,3.517759999017155,1.7964252660140096,0.0,-0.5735602707682829,5.0,0.20872342804502964,-0.11945260663065868,2.0500846856271444,1.359379445496229,-1.0264209003067808,0.8774841818583181
108.0,21.0,3.049054290297867,0.0,-0.24690336530826396,-0.6151342832344757,0.4468349247388702,1.503900609004535,5.0,0.20872342804502964,-0.2803953351702467,-0.4910311660565353,1.359379445496229,-0.710406563699301,0.8774841818583181
108.0,22.0,-2.587751790380982,0.0,-0.5616996210163829,-1.3699982955536312,1.032162976183336,-0.774144929605405,5.0,0.20872342804502964,0.5629895332204798,-2.3091688756408124,1.359379445496229,0.2568837091565295,0.8774841818583181
108.0,23.0,17.7768099910761,0.0,2.230610362854761,2.9044904531789313,3.4206959586870567,0.8457315401892959,5.0,0.20872342804502964,-0.37243875610382904,1.0057385244622565,1.359379445496229,-0.24669187846237361,0.8774841818583181
108.0,24.0,7.316762821895565,0.0,0.3797719754005068,1.093670994487124,3.86118610682455,-1.2606828788187754,5.0,0.20872342804502964,0.9769733866856207,-0.7092007625823926,1.359379445496229,-0.3475425993977332,0.8774841818583181
108.0,25.0,2.79430340343684,0.0,0.9982603416589101,-0.3044206979794519,7.169525792413102,-0.3545424030739777,5.0,0.20872342804502964,-0.37458085776701383,-0.688008616467358,1.359379445496229,-0.9516185672650157,0.8774841818583181
108.0,26.0,17.90044923029998,0.0,4.0189941153516315,2.112982238956752,3.1569821049659237,-0.07355601913647834,5.0,0.20872342804502964,1.052711465579332,1.0255713696966988,1.359379445496229,-0.04502772480892027,0.8774841818583181
108.0,27.0,7.409426807691666,0.0,0.2980975606148264,1.732096692919335,7.645281929502747,-1.1686514244243555,5.0,0.20872342804502964,-1.0491770066660657,-0.2847730070510089,1.359379445496229,-0.7849044694570758,0.8774841818583181
108.0,28.0,-3.660889082582548,0.0,-0.7571130739308685,-1.0315282315411571,7.178678292919402,-0.6347482649089092,5.0,0.20872342804502964,-1.2601552447581124,-1.2207177122545356,1.359379445496229,-1.6679419365881367,0.8774841818583181
108.0,29.0,15.658844306582239,0.0,3.1026512292156783,1.407484600205015,8.713770830421916,-0.028841552928314446,5.0,0.20872342804502964,3.2410399349424046,0.1813034797491502,1.359379445496229,-0.38022652028776244,0.8774841818583181
108.0,30.0,15.060886726671248,0.0,1.7339997101553544,2.415575427840571,8.911199016124005,0.6706959687339302,5.0,0.20872342804502964,-0.4168575881604318,-0.13889136243904462,1.359379445496229,0.918996609060766,0.8774841818583181
109.0,1.0,7.981374401544043,0.0,-1.1260924165515251,1.2956181235466855,0.0,-1.6505465434251092,5.0,0.6867983109932658,1.1313372134141755,0.2533185139947548,0.17817611668569389,0.005764185899886933,1.3684772666956224
109.0,2.0,9.655178963953883,0.0,2.25091110385404,1.0019009130033076,0.0,-0.3497542392112684,5.0,0.6867983109932658,-1.460640070924822,-0.028546755348703018,0.17817611668569389,0.3852804011263305,1.3684772666956224
109.0,3.0,8.646348361789304,0.0,0.1393735530724931,0.6129002890273404,0.0,0.7564064385454836,5.0,0.6867983109932658,0.7399475108773345,-0.04287045729131609,0.17817611668569389,-0.37066003179240936,1.3684772666956224
109.0,4.0,13.752185918825822,0.0,1.454203097021065,1.3717410678263071,0.0,-0.5388091599775925,5.0,0.6867983109932658,1.9091035692174834,1.3686022840144576,0.17817611668569389,0.644376548518833,1.3684772666956224
109.0,5.0,11.373474034367852,0.0,2.5249368500877223,1.5734326525105438,0.0,0.22729192167294204,5.0,0.6867983109932658,-1.4438931609717993,-0.22577098565926762,0.17817611668569389,-0.22048656181875062,1.3684772666956224
109.0,6.0,22.892540298177373,0.0,4.658841954188631,3.5428840696909374,0.0,0.4922285700644314,5.0,0.6867983109932658,0.7017843353747109,1.5164706044295397,0.17817611668569389,0.3317819639156969,1.3684772666956224
109.0,7.0,14.155326278494442,0.0,0.8464266038495298,2.130471781122169,0.0,0.26783501533168314,5.0,0.6867983109932658,-0.262197489402468,-1.5487528042302212,0.17817611668569389,1.0968390131493477,1.3684772666956224
109.0,8.0,16.902673869710586,0.0,3.02248743001155,2.80419147453863,0.0,0.6532576794713816,5.0,0.6867983109932658,-1.5721441591454877,0.5846137496360692,0.17817611668569389,0.43518149083380286,1.3684772666956224
109.0,9.0,6.074558833473417,0.0,1.030015123506909,0.47302793694221346,0.0,-0.12270866097738006,5.0,0.6867983109932658,-1.5146676537817514,0.12385424384461378,0.17817611668569389,-0.32593158553122675,1.3684772666956224
109.0,10.0,15.135647544253313,0.0,2.6749544717679825,2.392838236283967,0.0,-0.41367651359212027,5.0,0.6867983109932658,-1.6015361735745934,0.21594156874397272,0.17817611668569389,1.1488076184510938,1.3684772666956224
109.0,11.0,14.528130180684846,0.0,3.665800947000895,2.307452088950881,0.0,-2.6431489520289784,5.0,0.6867983109932658,-0.530906522170303,0.3796394827598821,0.17817611668569389,0.9935038559621194,1.3684772666956224
109.0,12.0,7.629481430491301,0.0,1.9423396058944018,0.29802446235412516,0.0,-0.09294101847947203,5.0,0.6867983109932658,-1.4617555849958999,-0.5023234531093023,0.17817611668569389,0.54839695950807,1.3684772666956224
109.0,13.0,12.474479052881705,0.0,0.6453437571778724,1.58560205356972,0.0,0.4302846963599871,5.0,0.6867983109932658,0.6879167729758275,-0.3332073836694201,0.17817611668569389,0.2387317351114412,1.3684772666956224
109.0,14.0,10.06749792780533,0.0,-0.015746392180945756,0.933899741530928,0.0,0.5353988408681499,5.0,0.6867983109932658,2.1001089405256717,-1.0185753831070887,0.17817611668569389,-0.6279060760393714,1.3684772666956224
109.0,15.0,17.429521746163367,0.0,2.9805410791857265,2.9778122794256565,0.0,-0.5552783513132517,5.0,0.6867983109932658,-1.287030476035179,-1.0717912264755778,0.17817611668569389,1.3606524485300076,1.3684772666956224
109.0,16.0,12.812897162850298,0.0,-1.4071467446996127,2.2444546279349877,0.0,1.7795029097751494,5.0,0.6867983109932658,0.7877388474751781,0.30352864140425806,0.17817611668569389,-0.6002595871471269,1.3684772666956224
109.0,17.0,20.82128445852597,0.0,4.677381297331915,2.109487478705943,0.0,0.2864244196288247,5.0,0.6867983109932658,0.7690422410009099,0.4482097786294262,0.17817611668569389,2.1873329930165766,1.3684772666956224
109.0,18.0,19.883749926680892,0.0,1.269310404200684,3.4541119620535317,0.0,0.12631585845888565,5.0,0.6867983109932658,0.3322025789501177,0.053004226730504145,0.17817611668569389,1.5326106261851893,1.3684772666956224
109.0,19.0,13.882388614035627,0.0,1.5011239122542077,2.1962669222684266,0.0,1.272266779468519,5.0,0.6867983109932658,-1.0083766082770078,0.9222674678797376,0.17817611668569389,-0.23570035910047687,1.3684772666956224
109.0,20.0,7.480687630171056,0.0,0.9325415445988463,0.9128747141660298,0.0,-0.7184662213192593,5.0,0.6867983109932658,-0.11945260663065868,2.0500846856271444,0.17817611668569389,-1.0264209003067808,1.3684772666956224
109.0,21.0,9.222731713173655,0.0,1.8495407699939894,1.1589306167182696,1.5784004888552792,-0.4503386239247119,5.0,0.6867983109932658,-0.2803953351702467,-0.4910311660565353,0.17817611668569389,-0.710406563699301,1.3684772666956224
109.0,22.0,7.907162751388105,0.0,1.0324917558468933,-0.5708900339514358,3.3554177692818525,2.397452480049763,5.0,0.6867983109932658,0.5629895332204798,-2.3091688756408124,0.17817611668569389,0.2568837091565295,1.3684772666956224
109.0,23.0,11.901130999626101,0.0,1.5991673208183552,1.711622859853911,3.489112200603266,0.011129187220887952,5.0,0.6867983109932658,-0.37243875610382904,1.0057385244622565,0.17817611668569389,-0.24669187846237361,1.3684772666956224
109.0,24.0,2.292221022237147,0.0,1.519629922053113,-2.307594078197198,3.088143475643353,1.6335684214083066,5.0,0.6867983109932658,0.9769733866856207,-0.7092007625823926,0.17817611668569389,-0.3475425993977332,1.3684772666956224
109.0,25.0,3.6153321230184003,0.0,-0.5626855459762381,0.5763873133596642,6.6144774688425105,-1.438506644914523,5.0,0.6867983109932658,-0.37458085776701383,-0.688008616467358,0.17817611668569389,-0.9516185672650157,1.3684772666956224
109.0,26.0,18.048320230539098,0.0,1.4964568541331738,3.293919165203892,5.83627333441448,-0.19051680204290142,5.0,0.6867983109932658,1.052711465579332,1.0255713696966988,0.17817611668569389,-0.04502772480892027,1.3684772666956224
109.0,27.0,11.92197559723058,0.0,1.7343965547695492,2.098799168670017,7.178738701781817,0.37842390363683187,5.0,0.6867983109932658,-1.0491770066660657,-0.2847730070510089,0.17817611668569389,-0.7849044694570758,1.3684772666956224
109.0,28.0,-7.410989264032521,0.0,0.09795037265046469,-3.245192628065281,7.950761371170862,0.30003854520579754,5.0,0.6867983109932658,-1.2601552447581124,-1.2207177122545356,0.17817611668569389,-1.6679419365881367,1.3684772666956224
109.0,29.0,12.13543395283159,0.0,-0.18257782066449035,1.6279457287721748,8.784199276419592,-1.0056362595108368,5.0,0.6867983109932658,3.2410399349424046,0.1813034797491502,0.17817611668569389,-0.38022652028776244,1.3684772666956224
109.0,30.0,14.903388544039519,0.0,2.836085446946364,1.8484080851885005,10.080977083040631,0.019259274625370804,5.0,0.6867983109932658,-0.4168575881604318,-0.13889136243904462,0.17817611668569389,0.918996609060766,1.3684772666956224
110.0,1.0,8.59345628109782,0.0,-0.47939920466239627,0.8731823618448661,0.0,-1.0774206531119819,5.0,1.4399700168273348,1.1313372134141755,0.2533185139947548,-0.1502909655085094,0.005764185899886933,-0.4348737008130139
110.0,2.0,1.7271170963476195,0.0,0.26295244391183725,-1.3548702080819917,0.0,0.7127033252442824,5.0,1.4399700168273348,-1.460640070924822,-0.028546755348703018,-0.1502909655085094,0.3852804011263305,-0.4348737008130139
110.0,3.0,14.134939376103894,0.0,2.045063266099262,1.219183383417393,0.0,1.0847750898606459,5.0,1.4399700168273348,0.7399475108773345,-0.04287045729131609,-0.1502909655085094,-0.37066003179240936,-0.4348737008130139
110.0,4.0,6.262959897995114,0.0,-1.1370471204095023,0.5872773672934655,0.0,-2.2249876964874127,5.0,1.4399700168273348,1.9091035692174834,1.3686022840144576,-0.1502909655085094,0.644376548518833,-0.4348737008130139
110.0,5.0,8.932447819780496,0.0,-0.9719621710626154,1.1809415087170785,0.0,1.2356934623001432,5.0,1.4399700168273348,-1.4438931609717993,-0.22577098565926762,-0.1502909655085094,-0.22048656181875062,-0.4348737008130139
110.0,6.0,10.774930583725778,0.0,2.4310471074243445,0.9384562342412986,0.0,-1.241044496808491,5.0,1.4399700168273348,0.7017843353747109,1.5164706044295397,-0.1502909655085094,0.3317819639156969,-0.4348737008130139
110.0,7.0,4.971689229147865,0.0,-0.19617384168454377,-0.4068186130041709,0.0,0.45476926898263287,5.0,1.4399700168273348,-0.262197489402468,-1.5487528042302212,-0.1502909655085094,1.0968390131493477,-0.4348737008130139
110.0,8.0,11.374321645893472,0.0,2.213809086952711,1.3032984044809606,0.0,0.6599026381426083,5.0,1.4399700168273348,-1.5721441591454877,0.5846137496360692,-0.1502909655085094,0.43518149083380286,-0.4348737008130139
110.0,9.0,9.92450224287958,0.0,0.6965017477029024,1.4598210197701476,0.0,-0.1998898281014332,5.0,1.4399700168273348,-1.5146676537817514,0.12385424384461378,-0.1502909655085094,-0.32593158553122675,-0.4348737008130139
110.0,10.0,7.967517085667707,0.0,1.3566516648723264,0.9831952739401317,0.0,-0.6451139568597918,5.0,1.4399700168273348,-1.6015361735745934,0.21594156874397272,-0.1502909655085094,1.1488076184510938,-0.4348737008130139
110.0,11.0,11.909631591172907,0.0,1.7657210162176682,1.519543714026513,0.0,0.16532102124205025,5.0,1.4399700168273348,-0.530906522170303,0.3796394827598821,-0.1502909655085094,0.9935038559621194,-0.4348737008130139
110.0,12.0,6.345732001463616,0.0,0.1325209713940102,0.3197222120180768,0.0,0.4388187007144536,5.0,1.4399700168273348,-1.4617555849958999,-0.5023234531093023,-0.1502909655085094,0.54839695950807,-0.4348737008130139
110.0,13.0,14.720140535676173,0.0,0.4986289512619274,2.0880206894685203,0.0,0.8833028199487049,5.0,1.4399700168273348,0.6879167729758275,-0.3332073836694201,-0.1502909655085094,0.2387317351114412,-0.4348737008130139
110.0,14.0,8.045509383382207,0.0,0.24006255739766003,0.29718744523763596,0.0,-2.0523369839019527,5.0,1.4399700168273348,2.1001089405256717,-1.0185753831070887,-0.1502909655085094,-0.6279060760393714,-0.4348737008130139
110.0,15.0,7.005491152264673,0.0,3.5266927011746203,0.13095653530629692,0.0,-1.6363792680590246,5.0,1.4399700168273348,-1.287030476035179,-1.0717912264755778,-0.1502909655085094,1.3606524485300076,-0.4348737008130139
110.0,16.0,15.673399496570905,0.0,1.0133829138489967,1.9288286272320614,0.0,1.430402341188183,5.0,1.4399700168273348,0.7877388474751781,0.30352864140425806,-0.1502909655085094,-0.6002595871471269,-0.4348737008130139
110.0,17.0,15.067739754716708,0.0,1.476107212460157,2.1181889704269516,0.0,1.046628847111547,5.0,1.4399700168273348,0.7690422410009099,0.4482097786294262,-0.1502909655085094,2.1873329930165766,-0.4348737008130139
110.0,18.0,11.885750767664009,0.0,0.572129950044661,1.5935391280866922,0.0,0.4352889489076821,5.0,1.4399700168273348,0.3322025789501177,0.053004226730504145,-0.1502909655085094,1.5326106261851893,-0.4348737008130139
110.0,19.0,10.559577852963567,0.0,0.765505677579948,1.2278029801606618,0.0,0.7151784071110604,5.0,1.4399700168273348,-1.0083766082770078,0.9222674678797376,-0.1502909655085094,-0.23570035910047687,-0.4348737008130139
110.0,20.0,18.254366815831496,0.0,2.557506572972584,2.7736378887633704,0.0,0.9171749176410033,5.0,1.4399700168273348,-0.11945260663065868,2.0500846856271444,-0.1502909655085094,-1.0264209003067808,-0.4348737008130139
110.0,21.0,3.4894471742736863,0.0,0.40583307118285805,-0.2659241531932519,-0.03055273658385671,-2.660922798465681,5.0,1.4399700168273348,-0.2803953351702467,-0.4910311660565353,-0.1502909655085094,-0.710406563699301,-0.4348737008130139
110.0,22.0,13.615238847154455,0.0,0.4784414698407008,1.596075160021445,3.153211302322851,1.1102770966388196,5.0,1.4399700168273348,0.5629895332204798,-2.3091688756408124,-0.1502909655085094,0.2568837091565295,-0.4348737008130139
110.0,23.0,15.144948500206166,0.0,1.3984958571891124,2.7359275275329873,3.6463288849385647,-0.4849875965623248,5.0,1.4399700168273348,-0.37243875610382904,1.0057385244622565,-0.1502909655085094,-0.24669187846237361,-0.4348737008130139
110.0,24.0,10.510927994429261,0.0,0.286661049755784,0.7729943689303914,4.078828555378344,0.23061683063120178,5.0,1.4399700168273348,0.9769733866856207,-0.7092007625823926,-0.1502909655085094,-0.3475425993977332,-0.4348737008130139
110.0,25.0,12.81337577820399,0.0,2.6614838773415426,1.2881417251099117,5.945405729852455,-0.29515780088357724,5.0,1.4399700168273348,-0.37458085776701383,-0.688008616467358,-0.1502909655085094,-0.9516185672650157,-0.4348737008130139
110.0,26.0,12.757014169690157,0.0,-0.3968912365909869,1.6412705692728298,4.7778512092773795,0.871964954078744,5.0,1.4399700168273348,1.052711465579332,1.0255713696966988,-0.1502909655085094,-0.04502772480892027,-0.4348737008130139
110.0,27.0,14.131916787946578,0.0,2.789649004937189,1.9719380334019327,8.085128963605428,-0.3484724489556109,5.0,1.4399700168273348,-1.0491770066660657,-0.2847730070510089,-0.1502909655085094,-0.7849044694570758,-0.4348737008130139
110.0,28.0,6.0228918329319185,0.0,0.2343554954764625,-0.2728630422651319,8.212001873527642,0.5185037658882478,5.0,1.4399700168273348,-1.2601552447581124,-1.2207177122545356,-0.1502909655085094,-1.6679419365881367,-0.4348737008130139
110.0,29.0,16.964782210176743,0.0,2.2301488396360774,1.768735386135554,9.503221026911538,-0.3906849786389791,5.0,1.4399700168273348,3.2410399349424046,0.1813034797491502,-0.1502909655085094,-0.38022652028776244,-0.4348737008130139
110.0,30.0,0.8629271719860183,0.0,-1.1398289356599758,-0.8495985908214312,9.544288005922025,-1.0927872091015058,5.0,1.4399700168273348,-0.4168575881604318,-0.13889136243904462,-0.1502909655085094,0.918996609060766,-0.4348737008130139
111.0,1.0,22.564228888675718,0.0,2.761563463131015,3.8823863870926534,0.0,1.2100105104402648,5.0,0.40998067788949344,1.1313372134141755,0.2533185139947548,1.582517129475296,0.005764185899886933,0.5719758123946921
111.0,2.0,10.889465216288258,0.0,2.5918355824406305,1.1440645581683198,0.0,0.7409000112742742,5.0,0.40998067788949344,-1.460640070924822,-0.028546755348703018,1.582517129475296,0.3852804011263305,0.5719758123946921
111.0,3.0,10.555807595233384,0.0,0.024097738727153484,0.9791237448005341,0.0,1.7242622391564528,5.0,0.40998067788949344,0.7399475108773345,-0.04287045729131609,1.582517129475296,-0.37066003179240936,0.5719758123946921
111.0,4.0,23.163254678706416,0.0,2.5407462439707116,3.5679552991101278,0.0,0.0651539325793032,5.0,0.40998067788949344,1.9091035692174834,1.3686022840144576,1.582517129475296,0.644376548518833,0.5719758123946921
111.0,5.0,5.791716024608933,0.0,1.3788839778368618,-0.06495292783703022,0.0,1.1250027458281737,5.0,0.40998067788949344,-1.4438931609717993,-0.22577098565926762,1.582517129475296,-0.22048656181875062,0.5719758123946921
111.0,6.0,24.213916375199823,0.0,4.439327789452861,3.0325975174198634,0.0,1.9754190540190784,5.0,0.40998067788949344,0.7017843353747109,1.5164706044295397,1.582517129475296,0.3317819639156969,0.5719758123946921
111.0,7.0,4.516655872390398,0.0,-0.252135744533863,0.5753509999603789,0.0,-0.28148211503896653,5.0,0.40998067788949344,-0.262197489402468,-1.5487528042302212,1.582517129475296,1.0968390131493477,0.5719758123946921
111.0,8.0,11.967368803795058,0.0,2.156483326373996,2.040641837249204,0.0,-1.3229511127552154,5.0,0.40998067788949344,-1.5721441591454877,0.5846137496360692,1.582517129475296,0.43518149083380286,0.5719758123946921
111.0,9.0,17.287335613232774,0.0,3.0642390745346786,3.519186200901824,0.0,-0.2393515671381162,5.0,0.40998067788949344,-1.5146676537817514,0.12385424384461378,1.582517129475296,-0.32593158553122675,0.5719758123946921
111.0,10.0,7.622480406729403,0.0,1.2518739925907114,0.5924605824857649,0.0,-0.2140412399853833,5.0,0.40998067788949344,-1.6015361735745934,0.21594156874397272,1.582517129475296,1.1488076184510938,0.5719758123946921
111.0,11.0,16.697158153483155,0.0,3.4142261306767794,2.3610437343180064,0.0,0.15168050450931972,5.0,0.40998067788949344,-0.530906522170303,0.3796394827598821,1.582517129475296,0.9935038559621194,0.5719758123946921
111.0,12.0,14.402609555536664,0.0,1.7582769649754635,2.4883560643338565,0.0,1.7123049773192824,5.0,0.40998067788949344,-1.4617555849958999,-0.5023234531093023,1.582517129475296,0.54839695950807,0.5719758123946921
111.0,13.0,7.045189067155812,0.0,0.21381098767680473,0.4834607117695927,0.0,-0.32614389250534814,5.0,0.40998067788949344,0.6879167729758275,-0.3332073836694201,1.582517129475296,0.2387317351114412,0.5719758123946921
111.0,14.0,5.393204311214832,0.0,-0.5263950111824058,0.0025217091853898532,0.0,0.37300465580491543,5.0,0.40998067788949344,2.1001089405256717,-1.0185753831070887,1.582517129475296,-0.6279060760393714,0.5719758123946921
111.0,15.0,14.19814944505233,0.0,1.9351822085412216,3.0951895950121617,0.0,-0.22768406489553114,5.0,0.40998067788949344,-1.287030476035179,-1.0717912264755778,1.582517129475296,1.3606524485300076,0.5719758123946921
111.0,16.0,7.133870797685056,0.0,1.781902586395118,-0.3344024439673965,0.0,0.020450708525032547,5.0,0.40998067788949344,0.7877388474751781,0.30352864140425806,1.582517129475296,-0.6002595871471269,0.5719758123946921
111.0,17.0,20.178624631719195,0.0,4.602807814815357,2.3741116721898012,0.0,0.31405766350626224,5.0,0.40998067788949344,0.7690422410009099,0.4482097786294262,1.582517129475296,2.1873329930165766,0.5719758123946921
111.0,18.0,13.494985012034405,0.0,1.8134911389711472,1.2168665384846789,0.0,1.3282146960369865,5.0,0.40998067788949344,0.3322025789501177,0.053004226730504145,1.582517129475296,1.5326106261851893,0.5719758123946921
111.0,19.0,15.512126438740626,0.0,0.658121897032474,3.0021309777018708,0.0,0.12131837749077803,5.0,0.40998067788949344,-1.0083766082770078,0.9222674678797376,1.582517129475296,-0.23570035910047687,0.5719758123946921
111.0,20.0,19.602587086781025,0.0,4.170969210059888,2.2570137606210396,0.0,0.7128423200311134,5.0,0.40998067788949344,-0.11945260663065868,2.0500846856271444,1.582517129475296,-1.0264209003067808,0.5719758123946921
111.0,21.0,8.106093966703867,0.0,0.03794188319784708,1.1143691045987878,0.21770641345882602,0.7788600297835346,5.0,0.40998067788949344,-0.2803953351702467,-0.4910311660565353,1.582517129475296,-0.710406563699301,0.5719758123946921
111.0,22.0,-1.3492314593969263,0.0,-0.6077915454895317,-1.3739384545186581,1.4537969496295404,0.9147732708556343,5.0,0.40998067788949344,0.5629895332204798,-2.3091688756408124,1.582517129475296,0.2568837091565295,0.5719758123946921
111.0,23.0,16.98964205776764,0.0,4.17267503838929,2.301107664879009,4.036253046275217,-0.5743945521843834,5.0,0.40998067788949344,-0.37243875610382904,1.0057385244622565,1.582517129475296,-0.24669187846237361,0.5719758123946921
111.0,24.0,11.466490497510804,0.0,0.36346918483334,1.4700981165211775,5.090776655032626,1.626881214194677,5.0,0.40998067788949344,0.9769733866856207,-0.7092007625823926,1.582517129475296,-0.3475425993977332,0.5719758123946921
111.0,25.0,6.230610755586221,0.0,1.8617276549876438,0.44917608121919483,6.554872398106745,-0.38095673929401297,5.0,0.40998067788949344,-0.37458085776701383,-0.688008616467358,1.582517129475296,-0.9516185672650157,0.5719758123946921
111.0,26.0,11.364377022445142,0.0,1.4852342420402962,0.6416684380063907,5.938002794504612,-0.10578416764975175,5.0,0.40998067788949344,1.052711465579332,1.0255713696966988,1.582517129475296,-0.04502772480892027,0.5719758123946921
111.0,27.0,7.46870463831103,0.0,1.746912835836539,0.28551413225907907,6.2439435572465305,1.4040502677141713,5.0,0.40998067788949344,-1.0491770066660657,-0.2847730070510089,1.582517129475296,-0.7849044694570758,0.5719758123946921
111.0,28.0,2.439839734893555,0.0,-0.37965703192410993,0.08713885388152565,9.472466173752611,1.2940839061455802,5.0,0.40998067788949344,-1.2601552447581124,-1.2207177122545356,1.582517129475296,-1.6679419365881367,0.5719758123946921
111.0,29.0,18.56857852981979,0.0,0.7868386807318474,3.383758539722124,7.448055104901457,-1.089991872411238,5.0,0.40998067788949344,3.2410399349424046,0.1813034797491502,1.582517129475296,-0.38022652028776244,0.5719758123946921
111.0,30.0,7.347700519567155,0.0,0.6065635441630473,0.7717463380776537,9.84111462171084,-0.8730710004174634,5.0,0.40998067788949344,-0.4168575881604318,-0.13889136243904462,1.582517129475296,0.918996609060766,0.5719758123946921
112.0,1.0,6.462876780650387,0.0,0.7256020661725022,0.4203373664884603,0.0,-1.3580790593706142,5.0,-0.24795516713552757,1.1313372134141755,0.2533185139947548,-0.16165522491060447,0.005764185899886933,-1.4035131208809983
112.0,2.0,4.666818279306728,0.0,0.68499040442922,0.3482357621202541,0.0,0.18184719261983215,5.0,-0.24795516713552757,-1.460640070924822,-0.028546755348703018,-0.16165522491060447,0.3852804011263305,-1.4035131208809983
112.0,3.0,7.33935108599989,0.0,1.0463503340269775,0.03633702963012575,0.0,0.16484086791846608,5.0,-0.24795516713552757,0.7399475108773345,-0.04287045729131609,-0.16165522491060447,-0.37066003179240936,-1.4035131208809983
112.0,4.0,4.485133177233812,0.0,1.0859923185821114,-0.8334965267051997,0.0,0.3641146873550629,5.0,-0.24795516713552757,1.9091035692174834,1.3686022840144576,-0.16165522491060447,0.644376548518833,-1.4035131208809983
112.0,5.0,11.942646253763854,0.0,0.20963438168368043,2.50891654800445,0.0,0.5521577142185579,5.0,-0.24795516713552757,-1.4438931609717993,-0.22577098565926762,-0.16165522491060447,-0.22048656181875062,-1.4035131208809983
112.0,6.0,10.926002992099702,0.0,0.20376446532046544,2.1937026469272647,0.0,-0.6018928459850164,5.0,-0.24795516713552757,0.7017843353747109,1.5164706044295397,-0.16165522491060447,0.3317819639156969,-1.4035131208809983
112.0,7.0,-2.3715475458565223,0.0,0.08813536313425674,-1.5555892326011866,0.0,-0.9936985910987144,5.0,-0.24795516713552757,-0.262197489402468,-1.5487528042302212,-0.16165522491060447,1.0968390131493477,-1.4035131208809983
112.0,8.0,-0.6480593421322443,0.0,-0.0305768477186541,-1.372959808224811,0.0,1.0267850560749041,5.0,-0.24795516713552757,-1.5721441591454877,0.5846137496360692,-0.16165522491060447,0.43518149083380286,-1.4035131208809983
112.0,9.0,7.9206044719054365,0.0,1.9961300107524145,0.4995361361020627,0.0,0.7510613026063233,5.0,-0.24795516713552757,-1.5146676537817514,0.12385424384461378,-0.16165522491060447,-0.32593158553122675,-1.4035131208809983
112.0,10.0,1.964518307863498,0.0,0.30039376109350635,0.5566856911786104,0.0,-1.509166537328701,5.0,-0.24795516713552757,-1.6015361735745934,0.21594156874397272,-0.16165522491060447,1.1488076184510938,-1.4035131208809983
112.0,11.0,2.5650383221370996,0.0,-0.3911577695934756,0.0953238784482957,0.0,-0.09514745084928676,5.0,-0.24795516713552757,-0.530906522170303,0.3796394827598821,-0.16165522491060447,0.9935038559621194,-1.4035131208809983
112.0,12.0,4.39071005588362,0.0,-1.5309062325988196,1.4052513269003108,0.0,-0.8959478227564988,5.0,-0.24795516713552757,-1.4617555849958999,-0.5023234531093023,-0.16165522491060447,0.54839695950807,-1.4035131208809983
112.0,13.0,3.4827047318673534,0.0,-0.1991913085087551,0.19796130437613768,0.0,-2.070751070541964,5.0,-0.24795516713552757,0.6879167729758275,-0.3332073836694201,-0.16165522491060447,0.2387317351114412,-1.4035131208809983
112.0,14.0,9.477796851541283,0.0,2.766072625421671,-0.44549404250180547,0.0,0.15012013118814335,5.0,-0.24795516713552757,2.1001089405256717,-1.0185753831070887,-0.16165522491060447,-0.6279060760393714,-1.4035131208809983
112.0,15.0,4.899081243460886,0.0,-0.7480556584141584,1.3325890556673134,0.0,-0.07921170925858824,5.0,-0.24795516713552757,-1.287030476035179,-1.0717912264755778,-0.16165522491060447,1.3606524485300076,-1.4035131208809983
112.0,16.0,8.422651231109095,0.0,0.09522847911481813,0.6972010411550396,0.0,-0.09736926751308099,5.0,-0.24795516713552757,0.7877388474751781,0.30352864140425806,-0.16165522491060447,-0.6002595871471269,-1.4035131208809983
112.0,17.0,1.1814227591636541,0.0,0.34933810523837605,-0.5875829845783982,0.0,0.21615254180123264,5.0,-0.24795516713552757,0.7690422410009099,0.4482097786294262,-0.16165522491060447,2.1873329930165766,-1.4035131208809983
112.0,18.0,3.160154756077549,0.0,0.3666009850010121,-0.3378504239629172,0.0,0.8824651643965872,5.0,-0.24795516713552757,0.3322025789501177,0.053004226730504145,-0.16165522491060447,1.5326106261851893,-1.4035131208809983
112.0,19.0,8.535464034862589,0.0,1.6228383431612146,0.9272135903281575,0.0,0.20559750448338662,5.0,-0.24795516713552757,-1.0083766082770078,0.9222674678797376,-0.16165522491060447,-0.23570035910047687,-1.4035131208809983
112.0,20.0,3.5682559692919673,0.0,1.141242924819959,-0.8994438796914961,0.0,-0.6164358428735284,5.0,-0.24795516713552757,-0.11945260663065868,2.0500846856271444,-0.16165522491060447,-1.0264209003067808,-1.4035131208809983
112.0,21.0,11.37211784323532,0.0,1.9692240408222808,1.5298669565803857,1.6032570197890093,-0.7347992519212811,5.0,-0.24795516713552757,-0.2803953351702467,-0.4910311660565353,-0.16165522491060447,-0.710406563699301,-1.4035131208809983
112.0,22.0,6.595113569524248,0.0,-1.0705974594637233,0.8232432994458945,0.8377152609204475,-0.13180279304118106,5.0,-0.24795516713552757,0.5629895332204798,-2.3091688756408124,-0.16165522491060447,0.2568837091565295,-1.4035131208809983
112.0,23.0,10.27331737059737,0.0,0.8414190075101693,1.5195409662946966,1.4399042162091271,0.31001698657895177,5.0,-0.24795516713552757,-0.37243875610382904,1.0057385244622565,-0.16165522491060447,-0.24669187846237361,-1.4035131208809983
112.0,24.0,5.9371887826342515,0.0,-0.058404960609971024,0.2346097564314451,4.489185585613409,-1.0396803527020415,5.0,-0.24795516713552757,0.9769733866856207,-0.7092007625823926,-0.16165522491060447,-0.3475425993977332,-1.4035131208809983
112.0,25.0,10.307531493988554,0.0,1.6029744220691344,1.0215242109328178,6.621050507476789,-0.18430886884238382,5.0,-0.24795516713552757,-0.37458085776701383,-0.688008616467358,-0.16165522491060447,-0.9516185672650157,-1.4035131208809983
112.0,26.0,5.704891700604171,0.0,0.9325546022474511,-0.6323648307991798,5.285263471561443,0.9672672601679138,5.0,-0.24795516713552757,1.052711465579332,1.0255713696966988,-0.16165522491060447,-0.04502772480892027,-1.4035131208809983
112.0,27.0,10.591767355319094,0.0,2.0248260092074366,1.274898281707764,6.313312562833344,-0.10828009123448613,5.0,-0.24795516713552757,-1.0491770066660657,-0.2847730070510089,-0.16165522491060447,-0.7849044694570758,-1.4035131208809983
112.0,28.0,9.561917091282606,0.0,3.2142007649207653,0.3386445388846312,7.058396233881907,-0.6984206675943903,5.0,-0.24795516713552757,-1.2601552447581124,-1.2207177122545356,-0.16165522491060447,-1.6679419365881367,-1.4035131208809983
112.0,29.0,15.557415285356596,0.0,0.9518048128098681,2.1280422059435047,10.484725999003926,-0.27594516842553973,5.0,-0.24795516713552757,3.2410399349424046,0.1813034797491502,-0.16165522491060447,-0.38022652028776244,-1.4035131208809983
112.0,30.0,1.5505714814392362,0.0,-0.36456806920520624,-0.7557749849976241,9.292064805629348,1.1146485453619799,5.0,-0.24795516713552757,-0.4168575881604318,-0.13889136243904462,-0.16165522491060447,0.918996609060766,-1.4035131208809983
113.0,1.0,4.75915876379309,0.0,0.3713019445443242,-0.8642667118724343,0.0,0.550043961214136,5.0,0.14577066804144656,1.1313372134141755,0.2533185139947548,0.6151227250733124,0.005764185899886933,-0.4019409651084631
113.0,2.0,9.229406169974409,0.0,0.7932350021008803,1.2289281682944955,0.0,1.2366758000816054,5.0,0.14577066804144656,-1.460640070924822,-0.028546755348703018,0.6151227250733124,0.3852804011263305,-0.4019409651084631
113.0,3.0,5.231035647838541,0.0,0.9416174105557037,-0.6193368857297721,0.0,0.1390978571617711,5.0,0.14577066804144656,0.7399475108773345,-0.04287045729131609,0.6151227250733124,-0.37066003179240936,-0.4019409651084631
113.0,4.0,14.648143087678996,0.0,3.839770580184916,0.9201220463550374,0.0,0.41027509649042515,5.0,0.14577066804144656,1.9091035692174834,1.3686022840144576,0.6151227250733124,0.644376548518833,-0.4019409651084631
113.0,5.0,8.042569287427098,0.0,-0.2125056308612312,1.7206362020190518,0.0,-0.5584569123481329,5.0,0.14577066804144656,-1.4438931609717993,-0.22577098565926762,0.6151227250733124,-0.22048656181875062,-0.4019409651084631
113.0,6.0,19.43651411377485,0.0,0.8218705295068469,3.787419714671033,0.0,0.6053706689303329,5.0,0.14577066804144656,0.7017843353747109,1.5164706044295397,0.6151227250733124,0.3317819639156969,-0.4019409651084631
113.0,7.0,2.7618939142207353,0.0,-0.16441848655523028,-0.019129886252294392,0.0,-0.5063335421892394,5.0,0.14577066804144656,-0.262197489402468,-1.5487528042302212,0.6151227250733124,1.0968390131493477,-0.4019409651084631
113.0,8.0,11.442627164280147,0.0,1.9881496807911867,2.372241514973453,0.0,-1.4205655046957444,5.0,0.14577066804144656,-1.5721441591454877,0.5846137496360692,0.6151227250733124,0.43518149083380286,-0.4019409651084631
113.0,9.0,5.080793120983611,0.0,1.9274833723236395,-0.2709923491057318,0.0,0.12799296568412577,5.0,0.14577066804144656,-1.5146676537817514,0.12385424384461378,0.6151227250733124,-0.32593158553122675,-0.4019409651084631
113.0,10.0,14.364819072982588,0.0,0.32208689921723765,2.9605229127429498,0.0,1.9458512177314353,5.0,0.14577066804144656,-1.6015361735745934,0.21594156874397272,0.6151227250733124,1.1488076184510938,-0.4019409651084631
113.0,11.0,10.616465569544104,0.0,1.440717368259445,1.3085915804547223,0.0,0.8009143395730616,5.0,0.14577066804144656,-0.530906522170303,0.3796394827598821,0.6151227250733124,0.9935038559621194,-0.4019409651084631
113.0,12.0,5.137748707663204,0.0,0.7572139514373024,0.02022668591538168,0.0,1.1652533899462603,5.0,0.14577066804144656,-1.4617555849958999,-0.5023234531093023,0.6151227250733124,0.54839695950807,-0.4019409651084631
113.0,13.0,11.796329016579978,0.0,2.0744232493424875,1.2767607003323524,0.0,0.3588557230931522,5.0,0.14577066804144656,0.6879167729758275,-0.3332073836694201,0.6151227250733124,0.2387317351114412,-0.4019409651084631
113.0,14.0,6.742965084003833,0.0,1.5437834661323044,-0.35465770707689126,0.0,-0.6085571783162245,5.0,0.14577066804144656,2.1001089405256717,-1.0185753831070887,0.6151227250733124,-0.6279060760393714,-0.4019409651084631
113.0,15.0,4.3786754203906675,0.0,0.21013750193096403,0.57274122661413,0.0,-0.20224085511028375,5.0,0.14577066804144656,-1.287030476035179,-1.0717912264755778,0.6151227250733124,1.3606524485300076,-0.4019409651084631
113.0,16.0,11.211950963189775,0.0,1.2390946116233703,1.2948728866832648,0.0,-0.27324810681192524,5.0,0.14577066804144656,0.7877388474751781,0.30352864140425806,0.6151227250733124,-0.6002595871471269,-0.4019409651084631
113.0,17.0,14.644506771087485,0.0,2.063166389408442,2.579567322070133,0.0,-0.4686997797820871,5.0,0.14577066804144656,0.7690422410009099,0.4482097786294262,0.6151227250733124,2.1873329930165766,-0.4019409651084631
113.0,18.0,6.877426556001264,0.0,-0.49550092829557535,0.5914006144043495,0.0,0.7041672839297158,5.0,0.14577066804144656,0.3322025789501177,0.053004226730504145,0.6151227250733124,1.5326106261851893,-0.4019409651084631
113.0,19.0,8.389623519398125,0.0,1.2456889056569342,1.1806195828134194,0.0,-1.1973635023654117,5.0,0.14577066804144656,-1.0083766082770078,0.9222674678797376,0.6151227250733124,-0.23570035910047687,-0.4019409651084631
113.0,20.0,17.097226096992095,0.0,2.7208914131892046,2.2700120681828304,0.0,0.8663661321127734,5.0,0.14577066804144656,-0.11945260663065868,2.0500846856271444,0.6151227250733124,-1.0264209003067808,-0.4019409651084631
113.0,21.0,10.860654340742148,0.0,0.22145238860816563,1.6420590207216088,0.16255619357368345,0.8641524862258932,5.0,0.14577066804144656,-0.2803953351702467,-0.4910311660565353,0.6151227250733124,-0.710406563699301,-0.4019409651084631
113.0,22.0,7.7268842015927905,0.0,-0.28153122168688216,1.6739839728347217,1.195970010630536,-1.1986223590687484,5.0,0.14577066804144656,0.5629895332204798,-2.3091688756408124,0.6151227250733124,0.2568837091565295,-0.4019409651084631
113.0,23.0,17.26402872815659,0.0,1.5809536628534868,3.184147653957644,2.4120960103309197,0.6394919979005336,5.0,0.14577066804144656,-0.37243875610382904,1.0057385244622565,0.6151227250733124,-0.24669187846237361,-0.4019409651084631
113.0,24.0,12.97686025843294,0.0,-0.0828205637628936,1.6010880043365934,3.4022820580504693,2.4302266523445084,5.0,0.14577066804144656,0.9769733866856207,-0.7092007625823926,0.6151227250733124,-0.3475425993977332,-0.4019409651084631
113.0,25.0,-0.03832761200754131,0.0,-0.37144881696711596,-1.2800459578931873,5.606447474560152,-0.5572154819416083,5.0,0.14577066804144656,-0.37458085776701383,-0.688008616467358,0.6151227250733124,-0.9516185672650157,-0.4019409651084631
113.0,26.0,16.826071035063077,0.0,1.4230394876406984,2.5702314765140626,6.301728112720811,0.8449042414080717,5.0,0.14577066804144656,1.052711465579332,1.0255713696966988,0.6151227250733124,-0.04502772480892027,-0.4019409651084631
113.0,27.0,8.792074128465647,0.0,0.509005703980598,1.6094538989606952,7.474748254024927,-0.7822018456194033,5.0,0.14577066804144656,-1.0491770066660657,-0.2847730070510089,0.6151227250733124,-0.7849044694570758,-0.4019409651084631
113.0,28.0,4.820121595293822,0.0,1.1249870864569202,-0.40690510622635934,7.369799710117061,1.1107114182028008,5.0,0.14577066804144656,-1.2601552447581124,-1.2207177122545356,0.6151227250733124,-1.6679419365881367,-0.4019409651084631
113.0,29.0,13.279043136887417,0.0,2.665623144877916,0.57081072134874,9.72451431007157,0.2498247199265625,5.0,0.14577066804144656,3.2410399349424046,0.1813034797491502,0.6151227250733124,-0.38022652028776244,-0.4019409651084631
113.0,30.0,5.890289211908344,0.0,1.0089905636150258,-0.3482374019603074,6.956865157422408,1.6519153916231646,5.0,0.14577066804144656,-0.4168575881604318,-0.13889136243904462,0.6151227250733124,0.918996609060766,-0.4019409651084631
114.0,1.0,7.410753261993905,0.0,1.3605716910937629,0.9493527238226059,0.0,-1.4589707285369156,5.0,-1.5294753808043795,1.1313372134141755,0.2533185139947548,0.2516094850301469,0.005764185899886933,-0.7815579812348117
114.0,2.0,5.061941724068987,0.0,0.7321301700244105,0.893175499608447,0.0,-0.051297886125361236,5.0,-1.5294753808043795,-1.460640070924822,-0.028546755348703018,0.2516094850301469,0.3852804011263305,-0.7815579812348117
114.0,3.0,2.9174935080764586,0.0,1.5049429438040494,-0.8499673607216598,0.0,-0.5269251761255977,5.0,-1.5294753808043795,0.7399475108773345,-0.04287045729131609,0.2516094850301469,-0.37066003179240936,-0.7815579812348117
114.0,4.0,5.662083263448693,0.0,1.5096208870992167,-0.2902122081546179,0.0,-0.1972648690762991,5.0,-1.5294753808043795,1.9091035692174834,1.3686022840144576,0.2516094850301469,0.644376548518833,-0.7815579812348117
114.0,5.0,5.52744813809144,0.0,1.050302446293533,0.9881920218507003,0.0,-0.629578742686005,5.0,-1.5294753808043795,-1.4438931609717993,-0.22577098565926762,0.2516094850301469,-0.22048656181875062,-0.7815579812348117
114.0,6.0,7.055787396436127,0.0,2.503616918609045,0.3638178526253172,0.0,-0.8338435805350006,5.0,-1.5294753808043795,0.7017843353747109,1.5164706044295397,0.2516094850301469,0.3317819639156969,-0.7815579812348117
114.0,7.0,1.1793445595163194,0.0,-0.8563488114008138,-0.16814398437484002,0.0,0.5787223746164499,5.0,-1.5294753808043795,-0.262197489402468,-1.5487528042302212,0.2516094850301469,1.0968390131493477,-0.7815579812348117
114.0,8.0,9.192584952817741,0.0,2.473813097712122,2.0336657706972536,0.0,-1.0875807140769271,5.0,-1.5294753808043795,-1.5721441591454877,0.5846137496360692,0.2516094850301469,0.43518149083380286,-0.7815579812348117
114.0,9.0,6.636932870971616,0.0,1.3090546199675042,0.5340310065043243,0.0,1.4840309315562832,5.0,-1.5294753808043795,-1.5146676537817514,0.12385424384461378,0.2516094850301469,-0.32593158553122675,-0.7815579812348117
114.0,10.0,3.5490170579041105,0.0,0.9677587753620274,0.9140010794767808,0.0,-1.1862065853137507,5.0,-1.5294753808043795,-1.6015361735745934,0.21594156874397272,0.2516094850301469,1.1488076184510938,-0.7815579812348117
114.0,11.0,7.128083393775535,0.0,0.31007687286854035,1.486089748582276,0.0,0.10107915139527966,5.0,-1.5294753808043795,-0.530906522170303,0.3796394827598821,0.2516094850301469,0.9935038559621194,-0.7815579812348117
114.0,12.0,0.8550525087428651,0.0,0.4376569779940799,-0.5231231414445279,0.0,0.5329892868264807,5.0,-1.5294753808043795,-1.4617555849958999,-0.5023234531093023,0.2516094850301469,0.54839695950807,-0.7815579812348117
114.0,13.0,11.411205963276357,0.0,1.082368352657939,1.9513605701726773,0.0,0.5867353390926253,5.0,-1.5294753808043795,0.6879167729758275,-0.3332073836694201,0.2516094850301469,0.2387317351114412,-0.7815579812348117
114.0,14.0,8.483174087703844,0.0,-1.4905908574429807,1.490138757235157,0.0,-0.3017466638663803,5.0,-1.5294753808043795,2.1001089405256717,-1.0185753831070887,0.2516094850301469,-0.6279060760393714,-0.7815579812348117
114.0,15.0,5.239977936317894,0.0,-0.3283445770699842,1.5461426647625673,0.0,0.07950199532840103,5.0,-1.5294753808043795,-1.287030476035179,-1.0717912264755778,0.2516094850301469,1.3606524485300076,-0.7815579812348117
114.0,16.0,9.336761549047797,0.0,1.652075929970514,0.639883214764544,0.0,0.9612641518096774,5.0,-1.5294753808043795,0.7877388474751781,0.30352864140425806,0.2516094850301469,-0.6002595871471269,-0.7815579812348117
114.0,17.0,-0.5890065167661143,0.0,0.4335399191466057,-0.7362978841029721,0.0,-1.4564659170764258,5.0,-1.5294753808043795,0.7690422410009099,0.4482097786294262,0.2516094850301469,2.1873329930165766,-0.7815579812348117
114.0,18.0,5.256152044698355,0.0,-0.12885480672062255,1.1828356885445186,0.0,-0.7817397115320819,5.0,-1.5294753808043795,0.3322025789501177,0.053004226730504145,0.2516094850301469,1.5326106261851893,-0.7815579812348117
114.0,19.0,9.40786538049208,0.0,0.6115924917527424,1.865819274671982,0.0,0.3204023143166103,5.0,-1.5294753808043795,-1.0083766082770078,0.9222674678797376,0.2516094850301469,-0.23570035910047687,-0.7815579812348117
114.0,20.0,19.210944823606503,0.0,2.018191954072879,4.322811545515277,0.0,-0.4447819783369915,5.0,-1.5294753808043795,-0.11945260663065868,2.0500846856271444,0.2516094850301469,-1.0264209003067808,-0.7815579812348117
114.0,21.0,11.647420908204865,0.0,-0.8518410308598598,2.5024842800376006,2.1277021713671855,1.3700039939710003,5.0,-1.5294753808043795,-0.2803953351702467,-0.4910311660565353,0.2516094850301469,-0.710406563699301,-0.7815579812348117
114.0,22.0,3.2557803857588734,0.0,0.8347816725159116,-0.5013303325799525,2.1998463833433752,0.6732538633548357,5.0,-1.5294753808043795,0.5629895332204798,-2.3091688756408124,0.2516094850301469,0.2568837091565295,-0.7815579812348117
114.0,23.0,3.547656296485964,0.0,-0.8887314576206413,0.27342592662235143,2.5948978137116216,0.07216675241475584,5.0,-1.5294753808043795,-0.37243875610382904,1.0057385244622565,0.2516094850301469,-0.24669187846237361,-0.7815579812348117
114.0,24.0,6.992225359342051,0.0,0.14657903999926747,1.2709075257587248,4.4755274992456116,-1.50775731753668,5.0,-1.5294753808043795,0.9769733866856207,-0.7092007625823926,0.2516094850301469,-0.3475425993977332,-0.7815579812348117
114.0,25.0,11.85692008342916,0.0,-0.044258602631969346,2.736166368884909,3.7768779160634756,0.026100225326241802,5.0,-1.5294753808043795,-0.37458085776701383,-0.688008616467358,0.2516094850301469,-0.9516185672650157,-0.7815579812348117
114.0,26.0,4.739119044864692,0.0,0.010666208568512081,0.07613245260863843,5.3672864454117235,-0.3164158681969931,5.0,-1.5294753808043795,1.052711465579332,1.0255713696966988,0.2516094850301469,-0.04502772480892027,-0.7815579812348117
114.0,27.0,2.925353249293162,0.0,-0.20691545181291016,0.09049027971355095,7.109171617679726,-0.10234651352059783,5.0,-1.5294753808043795,-1.0491770066660657,-0.2847730070510089,0.2516094850301469,-0.7849044694570758,-0.7815579812348117
114.0,28.0,10.09271185313485,0.0,0.8936499062583496,2.3912675405551713,6.437443415863905,-1.1815592270556854,5.0,-1.5294753808043795,-1.2601552447581124,-1.2207177122545356,0.2516094850301469,-1.6679419365881367,-0.7815579812348117
114.0,29.0,16.901498216855426,0.0,0.8694014579892497,2.82636247137211,8.959754567185152,0.49865804382992457,5.0,-1.5294753808043795,3.2410399349424046,0.1813034797491502,0.2516094850301469,-0.38022652028776244,-0.7815579812348117
114.0,30.0,4.288097395879005,0.0,0.38508879579260724,0.880497842691945,9.963670070281271,-1.038956440307033,5.0,-1.5294753808043795,-0.4168575881604318,-0.13889136243904462,0.2516094850301469,0.918996609060766,-0.7815579812348117
115.0,1.0,0.8422850364209418,0.0,-1.4984638022835957,-0.7979303109401819,0.0,-0.22622198144240974,5.0,-0.8284161477156761,1.1313372134141755,0.2533185139947548,-1.375509248109375,0.005764185899886933,1.0899450668697876
115.0,2.0,5.589109177248119,0.0,-0.07692794608381881,0.7048222379887231,0.0,0.3814258294513523,5.0,-0.8284161477156761,-1.460640070924822,-0.028546755348703018,-1.375509248109375,0.3852804011263305,1.0899450668697876
115.0,3.0,9.764779224798497,0.0,0.5214040386249432,1.8201299915626652,0.0,-0.783515789013048,5.0,-0.8284161477156761,0.7399475108773345,-0.04287045729131609,-1.375509248109375,-0.37066003179240936,1.0899450668697876
115.0,4.0,14.433688874951997,0.0,-0.03627651938004295,2.995492208510329,0.0,0.5829914056800642,5.0,-0.8284161477156761,1.9091035692174834,1.3686022840144576,-1.375509248109375,0.644376548518833,1.0899450668697876
115.0,5.0,4.045655525205611,0.0,0.05539155669142237,0.8362839468298973,0.0,-1.3165104016516926,5.0,-0.8284161477156761,-1.4438931609717993,-0.22577098565926762,-1.375509248109375,-0.22048656181875062,1.0899450668697876
115.0,6.0,1.6086015288121462,0.0,1.578065196757834,-0.10292065020387309,0.0,-2.8097746789605416,5.0,-0.8284161477156761,0.7017843353747109,1.5164706044295397,-1.375509248109375,0.3317819639156969,1.0899450668697876
115.0,7.0,18.705780908972514,0.0,2.6541278938304536,2.7838268615626327,0.0,0.4649679907858525,5.0,-0.8284161477156761,-0.262197489402468,-1.5487528042302212,-1.375509248109375,1.0968390131493477,1.0899450668697876
115.0,8.0,6.575548669160698,0.0,-0.025195706865683398,1.163527518665171,0.0,0.8405398269609996,5.0,-0.8284161477156761,-1.5721441591454877,0.5846137496360692,-1.375509248109375,0.43518149083380286,1.0899450668697876
115.0,9.0,1.109896773573169,0.0,0.1465885134599012,-0.29405077772841737,0.0,-0.2858454235913839,5.0,-0.8284161477156761,-1.5146676537817514,0.12385424384461378,-1.375509248109375,-0.32593158553122675,1.0899450668697876
115.0,10.0,12.50943069382736,0.0,1.4624465557653092,2.3392342110353646,0.0,0.5041262545916082,5.0,-0.8284161477156761,-1.6015361735745934,0.21594156874397272,-1.375509248109375,1.1488076184510938,1.0899450668697876
115.0,11.0,12.745378726366397,0.0,0.8719331117546736,2.942672600781009,0.0,-1.1559165250836716,5.0,-0.8284161477156761,-0.530906522170303,0.3796394827598821,-1.375509248109375,0.9935038559621194,1.0899450668697876
115.0,12.0,9.284516004972609,0.0,0.6204102787933771,1.5975843165733923,0.0,-0.1271486068256622,5.0,-0.8284161477156761,-1.4617555849958999,-0.5023234531093023,-1.375509248109375,0.54839695950807,1.0899450668697876
115.0,13.0,10.518991883398055,0.0,1.2124531179330122,1.8900074004933043,0.0,-1.9415183760406178,5.0,-0.8284161477156761,0.6879167729758275,-0.3332073836694201,-1.375509248109375,0.2387317351114412,1.0899450668697876
115.0,14.0,13.168308050945255,0.0,1.6165216740850863,1.1274119877626596,0.0,1.1811808914385218,5.0,-0.8284161477156761,2.1001089405256717,-1.0185753831070887,-1.375509248109375,-0.6279060760393714,1.0899450668697876
115.0,15.0,19.231197067784674,0.0,2.7063238478006193,2.9410379380441745,0.0,1.859910861543161,5.0,-0.8284161477156761,-1.287030476035179,-1.0717912264755778,-1.375509248109375,1.3606524485300076,1.0899450668697876
115.0,16.0,5.3947542616038815,0.0,0.11840099095365608,0.1049249132595571,0.0,1.07401226028199,5.0,-0.8284161477156761,0.7877388474751781,0.30352864140425806,-1.375509248109375,-0.6002595871471269,1.0899450668697876
115.0,17.0,20.547374465013906,0.0,2.859092947241484,3.6691487603862725,0.0,-0.027346966413741798,5.0,-0.8284161477156761,0.7690422410009099,0.4482097786294262,-1.375509248109375,2.1873329930165766,1.0899450668697876
115.0,18.0,16.052495290170068,0.0,2.9177078286635583,2.3555925950539724,0.0,-0.03333034227591927,5.0,-0.8284161477156761,0.3322025789501177,0.053004226730504145,-1.375509248109375,1.5326106261851893,1.0899450668697876
115.0,19.0,-0.17735939058467975,0.0,0.19699283615655627,-0.16533465754581855,0.0,-1.5160676231510992,5.0,-0.8284161477156761,-1.0083766082770078,0.9222674678797376,-1.375509248109375,-0.23570035910047687,1.0899450668697876
115.0,20.0,0.11183426010284836,0.0,-0.32899632068841167,-0.15434438914722448,0.0,0.790385343888228,5.0,-0.8284161477156761,-0.11945260663065868,2.0500846856271444,-1.375509248109375,-1.0264209003067808,1.0899450668697876
115.0,21.0,7.6231134370178575,0.0,-0.566766494612458,1.5361039382544301,0.7210744185080907,-0.21073418069177566,5.0,-0.8284161477156761,-0.2803953351702467,-0.4910311660565353,-1.375509248109375,-0.710406563699301,1.0899450668697876
115.0,22.0,15.635698661159918,0.0,1.8940231126224807,2.06919093764969,0.7068705506206081,-0.6567429253610754,5.0,-0.8284161477156761,0.5629895332204798,-2.3091688756408124,-1.375509248109375,0.2568837091565295,1.0899450668697876
115.0,23.0,-6.551039452308209,0.0,-0.12806927807627622,-2.3859354134031676,4.166800806145265,-1.4120257926583086,5.0,-0.8284161477156761,-0.37243875610382904,1.0057385244622565,-1.375509248109375,-0.24669187846237361,1.0899450668697876
115.0,24.0,14.40077446029887,0.0,1.1584425507339327,2.5989424337612084,2.5146259528873407,-0.2997624966462722,5.0,-0.8284161477156761,0.9769733866856207,-0.7092007625823926,-1.375509248109375,-0.3475425993977332,1.0899450668697876
115.0,25.0,2.8556291178552384,0.0,0.8305967984987879,-0.2773532639805798,3.5228795896801883,-0.8490611350167082,5.0,-0.8284161477156761,-0.37458085776701383,-0.688008616467358,-1.375509248109375,-0.9516185672650157,1.0899450668697876
115.0,26.0,3.971912608889763,0.0,0.32024656184377975,0.09472063321734159,5.41735964373311,-0.39703052032783664,5.0,-0.8284161477156761,1.052711465579332,1.0255713696966988,-1.375509248109375,-0.04502772480892027,1.0899450668697876
115.0,27.0,7.247858647787481,0.0,-0.336922062045824,2.047922900538951,8.54930379091226,-1.2175999877635975,5.0,-0.8284161477156761,-1.0491770066660657,-0.2847730070510089,-1.375509248109375,-0.7849044694570758,1.0899450668697876
115.0,28.0,-1.6156093711188815,0.0,-0.7926984658415073,-1.7610241375589455,8.10688293076497,1.6875894829456983,5.0,-0.8284161477156761,-1.2601552447581124,-1.2207177122545356,-1.375509248109375,-1.6679419365881367,1.0899450668697876
115.0,29.0,5.87958966797909,0.0,0.82549348856249,-0.5595714824706934,9.259566728752779,-0.01600252720796886,5.0,-0.8284161477156761,3.2410399349424046,0.1813034797491502,-1.375509248109375,-0.38022652028776244,1.0899450668697876
115.0,30.0,12.010803654899437,0.0,3.0768232056375826,0.9705356446107716,9.784011298112704,1.0749450772723859,5.0,-0.8284161477156761,-0.4168575881604318,-0.13889136243904462,-1.375509248109375,0.918996609060766,1.0899450668697876
116.0,1.0,4.962834630850418,0.0,0.7542209180730419,0.22847514287484472,0.0,-2.601699670257652,5.0,-0.3562760846598261,1.1313372134141755,0.2533185139947548,1.3850343257413615,0.005764185899886933,-0.17834462493734393
116.0,2.0,10.893622886555974,0.0,0.951931702007677,2.4400186982696206,0.0,-0.4531978299948375,5.0,-0.3562760846598261,-1.460640070924822,-0.028546755348703018,1.3850343257413615,0.3852804011263305,-0.17834462493734393
116.0,3.0,13.64570181584988,0.0,1.5323344479023056,2.4661500212938527,0.0,-0.6754822915920712,5.0,-0.3562760846598261,0.7399475108773345,-0.04287045729131609,1.3850343257413615,-0.37066003179240936,-0.17834462493734393
116.0,4.0,18.839497925119908,0.0,2.140616707163517,3.19611328832687,0.0,-1.2229261793659132,5.0,-0.3562760846598261,1.9091035692174834,1.3686022840144576,1.3850343257413615,0.644376548518833,-0.17834462493734393
116.0,5.0,7.490092984388603,0.0,1.1749913672903243,0.614013226743022,0.0,1.546609154224095,5.0,-0.3562760846598261,-1.4438931609717993,-0.22577098565926762,1.3850343257413615,-0.22048656181875062,-0.17834462493734393
116.0,6.0,15.790109489871302,0.0,2.7367356059075245,2.360651747273747,0.0,-1.4152819197694901,5.0,-0.3562760846598261,0.7017843353747109,1.5164706044295397,1.3850343257413615,0.3317819639156969,-0.17834462493734393
116.0,7.0,-0.04785162621125272,0.0,-0.7579031823178037,-0.5497246639584552,0.0,0.31839026040802515,5.0,-0.3562760846598261,-0.262197489402468,-1.5487528042302212,1.3850343257413615,1.0968390131493477,-0.17834462493734393
116.0,8.0,11.598116627692777,0.0,2.7541114018487303,1.3979637844285915,0.0,0.8464362855796922,5.0,-0.3562760846598261,-1.5721441591454877,0.5846137496360692,1.3850343257413615,0.43518149083380286,-0.17834462493734393
116.0,9.0,11.29565500439774,0.0,2.212296189747487,1.8488139463944928,0.0,0.17819018841802312,5.0,-0.3562760846598261,-1.5146676537817514,0.12385424384461378,1.3850343257413615,-0.32593158553122675,-0.17834462493734393
116.0,10.0,12.772909218785667,0.0,2.7141006392704803,2.5992244980060346,0.0,-0.8752554774955156,5.0,-0.3562760846598261,-1.6015361735745934,0.21594156874397272,1.3850343257413615,1.1488076184510938,-0.17834462493734393
116.0,11.0,12.577962691937458,0.0,3.0872686672957625,1.3626943940946314,0.0,0.9411658067241672,5.0,-0.3562760846598261,-0.530906522170303,0.3796394827598821,1.3850343257413615,0.9935038559621194,-0.17834462493734393
116.0,12.0,6.675312402641209,0.0,0.41005957625734013,1.235411763146773,0.0,0.17058808184083793,5.0,-0.3562760846598261,-1.4617555849958999,-0.5023234531093023,1.3850343257413615,0.54839695950807,-0.17834462493734393
116.0,13.0,0.24625612779194306,0.0,0.5615315236873495,-1.3597793306992183,0.0,-1.0634979063820433,5.0,-0.3562760846598261,0.6879167729758275,-0.3332073836694201,1.3850343257413615,0.2387317351114412,-0.17834462493734393
116.0,14.0,5.508386383891775,0.0,0.5018809632404524,0.3164999359062972,0.0,-1.3880490476020615,5.0,-0.3562760846598261,2.1001089405256717,-1.0185753831070887,1.3850343257413615,-0.6279060760393714,-0.17834462493734393
116.0,15.0,3.7523191361827135,0.0,1.140402362616101,-0.3681204703104197,0.0,2.086717434493147,5.0,-0.3562760846598261,-1.287030476035179,-1.0717912264755778,1.3850343257413615,1.3606524485300076,-0.17834462493734393
116.0,16.0,14.201243730018426,0.0,1.151588861603052,2.5897481976310406,0.0,-0.6785031454184371,5.0,-0.3562760846598261,0.7877388474751781,0.30352864140425806,1.3850343257413615,-0.6002595871471269,-0.17834462493734393
116.0,17.0,15.225615928219813,0.0,1.6525567328530604,3.261725948887212,0.0,-1.8555716539180402,5.0,-0.3562760846598261,0.7690422410009099,0.4482097786294262,1.3850343257413615,2.1873329930165766,-0.17834462493734393
116.0,18.0,4.493972158284544,0.0,0.9798445139398461,-0.5983793396094621,0.0,0.5332593627536522,5.0,-0.3562760846598261,0.3322025789501177,0.053004226730504145,1.3850343257413615,1.5326106261851893,-0.17834462493734393
116.0,19.0,18.046212796858427,0.0,3.615220089457251,3.055335717202578,0.0,0.3102302560608955,5.0,-0.3562760846598261,-1.0083766082770078,0.9222674678797376,1.3850343257413615,-0.23570035910047687,-0.17834462493734393
116.0,20.0,14.262921858206333,0.0,0.5606691748712929,2.5031071331949253,0.0,-1.3538343357225984,5.0,-0.3562760846598261,-0.11945260663065868,2.0500846856271444,1.3850343257413615,-1.0264209003067808,-0.17834462493734393
116.0,21.0,4.106029555295482,0.0,0.5570360450576013,0.5606730571636777,1.270847411651089,-1.9429564135819501,5.0,-0.3562760846598261,-0.2803953351702467,-0.4910311660565353,1.3850343257413615,-0.710406563699301,-0.17834462493734393
116.0,22.0,1.2462548674471985,0.0,-0.7952319820956049,0.0650559678663003,2.6331892474038923,-0.11630251715860555,5.0,-0.3562760846598261,0.5629895332204798,-2.3091688756408124,1.3850343257413615,0.2568837091565295,-0.17834462493734393
116.0,23.0,16.6952458007455,0.0,1.1503137585274825,2.8990906805440324,3.707469331514634,1.1393962917094222,5.0,-0.3562760846598261,-0.37243875610382904,1.0057385244622565,1.3850343257413615,-0.24669187846237361,-0.17834462493734393
116.0,24.0,5.574268698386753,0.0,0.962769956786998,-0.24167918337632077,5.370681468392013,0.6361240351821486,5.0,-0.3562760846598261,0.9769733866856207,-0.7092007625823926,1.3850343257413615,-0.3475425993977332,-0.17834462493734393
116.0,25.0,3.986782256348907,0.0,-1.4669218014176066,0.8202326393687176,4.221943865922371,-0.49293742416197733,5.0,-0.3562760846598261,-0.37458085776701383,-0.688008616467358,1.3850343257413615,-0.9516185672650157,-0.17834462493734393
116.0,26.0,14.88866967215229,0.0,3.216018199145038,1.7939741068172612,5.8418864551025935,-0.8341882315843776,5.0,-0.3562760846598261,1.052711465579332,1.0255713696966988,1.3850343257413615,-0.04502772480892027,-0.17834462493734393
116.0,27.0,9.331520623209645,0.0,-0.7563259770932462,2.1588899438238354,7.413538663207615,0.27106675675054515,5.0,-0.3562760846598261,-1.0491770066660657,-0.2847730070510089,1.3850343257413615,-0.7849044694570758,-0.17834462493734393
116.0,28.0,-5.238002930172202,0.0,-2.3198610943141493,-1.6885987997471172,8.825075725328578,0.1573533472161576,5.0,-0.3562760846598261,-1.2601552447581124,-1.2207177122545356,1.3850343257413615,-1.6679419365881367,-0.17834462493734393
116.0,29.0,16.174710484638553,0.0,0.6478392887647624,2.231157566639202,8.666977751223333,0.6297117466927278,5.0,-0.3562760846598261,3.2410399349424046,0.1813034797491502,1.3850343257413615,-0.38022652028776244,-0.17834462493734393
116.0,30.0,13.084429752551802,0.0,1.4806454257244088,2.7096611200084144,10.6507739654104,-0.3957979502888964,5.0,-0.3562760846598261,-0.4168575881604318,-0.13889136243904462,1.3850343257413615,0.918996609060766,-0.17834462493734393
117.0,1.0,1.3072391130982792,0.0,0.3535216023911254,-1.604436242030491,0.0,0.8993540532030995,5.0,-1.0470429458480632,1.1313372134141755,0.2533185139947548,-0.8795778895253091,0.005764185899886933,1.074094426192996
117.0,2.0,8.913518312520893,0.0,0.7979938634305105,2.005027455668638,0.0,-0.8308115273362484,5.0,-1.0470429458480632,-1.460640070924822,-0.028546755348703018,-0.8795778895253091,0.3852804011263305,1.074094426192996
117.0,3.0,6.306364237896269,0.0,1.0982435030470374,0.4020589459177961,0.0,-0.3305447001199631,5.0,-1.0470429458480632,0.7399475108773345,-0.04287045729131609,-0.8795778895253091,-0.37066003179240936,1.074094426192996
117.0,4.0,10.547121699543794,0.0,0.2371373960920955,1.4062600685985898,0.0,0.7408145237259045,5.0,-1.0470429458480632,1.9091035692174834,1.3686022840144576,-0.8795778895253091,0.644376548518833,1.074094426192996
117.0,5.0,6.236501842503659,0.0,0.8320950915280696,0.6478704897286965,0.0,0.9899716086271126,5.0,-1.0470429458480632,-1.4438931609717993,-0.22577098565926762,-0.8795778895253091,-0.22048656181875062,1.074094426192996
117.0,6.0,8.400764139962469,0.0,1.519880841373581,1.7140451553779024,0.0,-1.9385047014533794,5.0,-1.0470429458480632,0.7017843353747109,1.5164706044295397,-0.8795778895253091,0.3317819639156969,1.074094426192996
117.0,7.0,19.58045547066493,0.0,3.8398190398032934,3.134109688566684,0.0,0.10719040701615291,5.0,-1.0470429458480632,-0.262197489402468,-1.5487528042302212,-0.8795778895253091,1.0968390131493477,1.074094426192996
117.0,8.0,10.322383925921644,0.0,1.7596361683218738,1.873314388421372,0.0,0.6087790117346299,5.0,-1.0470429458480632,-1.5721441591454877,0.5846137496360692,-0.8795778895253091,0.43518149083380286,1.074094426192996
117.0,9.0,4.998726706313036,0.0,2.4833624140375603,0.6623066530482858,0.0,-1.4508243134906313,5.0,-1.0470429458480632,-1.5146676537817514,0.12385424384461378,-0.8795778895253091,-0.32593158553122675,1.074094426192996
117.0,10.0,10.704056142587646,0.0,2.364971679720285,1.4876825173216794,0.0,0.48062559987521725,5.0,-1.0470429458480632,-1.6015361735745934,0.21594156874397272,-0.8795778895253091,1.1488076184510938,1.074094426192996
117.0,11.0,9.936937131283969,0.0,1.7552710715539341,1.6181984463604846,0.0,-0.828174270396797,5.0,-1.0470429458480632,-0.530906522170303,0.3796394827598821,-0.8795778895253091,0.9935038559621194,1.074094426192996
117.0,12.0,7.906224375083369,0.0,-0.6809559853359046,1.3482877196016858,0.0,1.020253012164429,5.0,-1.0470429458480632,-1.4617555849958999,-0.5023234531093023,-0.8795778895253091,0.54839695950807,1.074094426192996
117.0,13.0,10.318430830131426,0.0,0.07510280676717318,1.504823296931022,0.0,0.538482032102641,5.0,-1.0470429458480632,0.6879167729758275,-0.3332073836694201,-0.8795778895253091,0.2387317351114412,1.074094426192996
117.0,14.0,7.2418621858725345,0.0,0.4287891303166642,-0.07684373448883663,0.0,0.7690522949956095,5.0,-1.0470429458480632,2.1001089405256717,-1.0185753831070887,-0.8795778895253091,-0.6279060760393714,1.074094426192996
117.0,15.0,16.9486151008564,0.0,3.035211433507844,2.907521561332566,0.0,0.12071932928703423,5.0,-1.0470429458480632,-1.287030476035179,-1.0717912264755778,-0.8795778895253091,1.3606524485300076,1.074094426192996
117.0,16.0,3.449582679999227,0.0,0.19607654523279439,-0.479708547459319,0.0,0.8636484341577534,5.0,-1.0470429458480632,0.7877388474751781,0.30352864140425806,-0.8795778895253091,-0.6002595871471269,1.074094426192996
117.0,17.0,14.888877529281183,0.0,3.2287468307710956,1.2008167033890107,0.0,1.3805145283145377,5.0,-1.0470429458480632,0.7690422410009099,0.4482097786294262,-0.8795778895253091,2.1873329930165766,1.074094426192996
117.0,18.0,16.539701691243195,0.0,1.1809950881701703,2.5025839230964007,0.0,1.9662480154556337,5.0,-1.0470429458480632,0.3322025789501177,0.053004226730504145,-0.8795778895253091,1.5326106261851893,1.074094426192996
117.0,19.0,5.575897786587635,0.0,0.4139559365426697,1.1033756579520404,0.0,-0.028395054749064987,5.0,-1.0470429458480632,-1.0083766082770078,0.9222674678797376,-0.8795778895253091,-0.23570035910047687,1.074094426192996
117.0,20.0,1.378852043153163,0.0,0.06871004843436723,0.8771235888698379,0.0,-2.249051090332405,5.0,-1.0470429458480632,-0.11945260663065868,2.0500846856271444,-0.8795778895253091,-1.0264209003067808,1.074094426192996
117.0,21.0,7.522578295077086,0.0,0.22331219672776204,1.308773982814274,0.4515473170625367,0.031526004593991706,5.0,-1.0470429458480632,-0.2803953351702467,-0.4910311660565353,-0.8795778895253091,-0.710406563699301,1.074094426192996
117.0,22.0,14.556966728563483,0.0,1.8018951607182454,1.9088508418814523,1.6585235473315325,0.20556120844997466,5.0,-1.0470429458480632,0.5629895332204798,-2.3091688756408124,-0.8795778895253091,0.2568837091565295,1.074094426192996
117.0,23.0,6.333999721693243,0.0,-0.007155100588527974,1.355192537260796,4.012143766251495,-0.15534534714439854,5.0,-1.0470429458480632,-0.37243875610382904,1.0057385244622565,-0.8795778895253091,-0.24669187846237361,1.074094426192996
117.0,24.0,6.82035547682099,0.0,1.2840403874935093,-0.0708025711371274,2.1172454981474718,0.5682886207770745,5.0,-1.0470429458480632,0.9769733866856207,-0.7092007625823926,-0.8795778895253091,-0.3475425993977332,1.074094426192996
117.0,25.0,2.390146413398239,0.0,0.3491819296658052,-0.7103728816844077,5.221546740723215,1.010677964514265,5.0,-1.0470429458480632,-0.37458085776701383,-0.688008616467358,-0.8795778895253091,-0.9516185672650157,1.074094426192996
117.0,26.0,3.117931146610859,0.0,0.7714987341573297,-0.3969399159843672,6.925939991622145,-0.5179824301678216,5.0,-1.0470429458480632,1.052711465579332,1.0255713696966988,-0.8795778895253091,-0.04502772480892027,1.074094426192996
117.0,27.0,2.1421778774068523,0.0,-1.4638680590073014,0.5296475637621689,6.655223018277383,-0.2940953271561105,5.0,-1.0470429458480632,-1.0491770066660657,-0.2847730070510089,-0.8795778895253091,-0.7849044694570758,1.074094426192996
117.0,28.0,3.5538109640276696,0.0,-0.7061097734484179,0.6290291825112618,8.624855729729621,0.39784220880033905,5.0,-1.0470429458480632,-1.2601552447581124,-1.2207177122545356,-0.8795778895253091,-1.6679419365881367,1.074094426192996
117.0,29.0,10.165290245624375,0.0,-0.7746805699725772,1.621355762068315,8.293503706259035,-0.5502237414891381,5.0,-1.0470429458480632,3.2410399349424046,0.1813034797491502,-0.8795778895253091,-0.38022652028776244,1.074094426192996
117.0,30.0,14.775139655088875,0.0,0.1925648416669794,3.281984352337431,10.171207414363385,0.09126738348823545,5.0,-1.0470429458480632,-0.4168575881604318,-0.13889136243904462,-0.8795778895253091,0.918996609060766,1.074094426192996
118.0,1.0,8.38121437269101,0.0,0.24702939702004978,1.070113085440124,0.0,-1.961707598885302,5.0,1.1498308065115004,1.1313372134141755,0.2533185139947548,-1.586352309532732,0.005764185899886933,1.082149004478806
118.0,2.0,8.263096680538023,0.0,1.0334422243358894,1.0660491427373149,0.0,-1.119899721397624,5.0,1.1498308065115004,-1.460640070924822,-0.028546755348703018,-1.586352309532732,0.3852804011263305,1.082149004478806
118.0,3.0,5.944753238070684,0.0,0.8876159095314891,-0.05726125925869319,0.0,-1.3277554756041252,5.0,1.1498308065115004,0.7399475108773345,-0.04287045729131609,-1.586352309532732,-0.37066003179240936,1.082149004478806
118.0,4.0,10.146231654954734,0.0,1.7315695553756814,0.894375124722091,0.0,-0.8536236967272416,5.0,1.1498308065115004,1.9091035692174834,1.3686022840144576,-1.586352309532732,0.644376548518833,1.082149004478806
118.0,5.0,7.672165771049059,0.0,1.2665615893660709,0.757806017640336,0.0,-0.6933045279306658,5.0,1.1498308065115004,-1.4438931609717993,-0.22577098565926762,-1.586352309532732,-0.22048656181875062,1.082149004478806
118.0,6.0,6.474794567336078,0.0,1.3247730947213512,-0.012426562699316968,0.0,0.38230514254636994,5.0,1.1498308065115004,0.7017843353747109,1.5164706044295397,-1.586352309532732,0.3317819639156969,1.082149004478806
118.0,7.0,18.287682242131623,0.0,2.056565855351262,1.9058530777032332,0.0,0.9821130025226407,5.0,1.1498308065115004,-0.262197489402468,-1.5487528042302212,-1.586352309532732,1.0968390131493477,1.082149004478806
118.0,8.0,3.671043721880453,0.0,0.5928217332420165,-0.10520299159789159,0.0,-0.7273835290875355,5.0,1.1498308065115004,-1.5721441591454877,0.5846137496360692,-1.586352309532732,0.43518149083380286,1.082149004478806
118.0,9.0,3.420822394219475,0.0,1.6340072194515431,-0.4341086630015545,0.0,-0.9968389823780047,5.0,1.1498308065115004,-1.5146676537817514,0.12385424384461378,-1.586352309532732,-0.32593158553122675,1.082149004478806
118.0,10.0,15.476714768570579,0.0,1.6666544616450873,3.134277639544899,0.0,-1.0416888589895097,5.0,1.1498308065115004,-1.6015361735745934,0.21594156874397272,-1.586352309532732,1.1488076184510938,1.082149004478806
118.0,11.0,10.56351609107071,0.0,-0.22657108806169934,1.7042914609151913,0.0,-0.41458872636367367,5.0,1.1498308065115004,-0.530906522170303,0.3796394827598821,-1.586352309532732,0.9935038559621194,1.082149004478806
118.0,12.0,10.025073147005648,0.0,0.7340666281257161,1.1505503905845444,0.0,-0.23902906815256408,5.0,1.1498308065115004,-1.4617555849958999,-0.5023234531093023,-1.586352309532732,0.54839695950807,1.082149004478806
118.0,13.0,9.35348781724415,0.0,2.2513861274926024,-0.33539701189991233,0.0,0.48361753383826944,5.0,1.1498308065115004,0.6879167729758275,-0.3332073836694201,-1.586352309532732,0.2387317351114412,1.082149004478806
118.0,14.0,12.554778522721607,0.0,0.31975728943890247,1.123358284027001,0.0,-0.3213248421683899,5.0,1.1498308065115004,2.1001089405256717,-1.0185753831070887,-1.586352309532732,-0.6279060760393714,1.082149004478806
118.0,15.0,14.928514486077173,0.0,2.865942202064673,2.0351980141071175,0.0,-2.078489268860023,5.0,1.1498308065115004,-1.287030476035179,-1.0717912264755778,-1.586352309532732,1.3606524485300076,1.082149004478806
118.0,16.0,6.408528141410635,0.0,0.2484522950008965,0.14833804797809935,0.0,-0.09143427555013835,5.0,1.1498308065115004,0.7877388474751781,0.30352864140425806,-1.586352309532732,-0.6002595871471269,1.082149004478806
118.0,17.0,18.087600261654803,0.0,1.864478060984652,2.153686913044531,0.0,1.1871868106515564,5.0,1.1498308065115004,0.7690422410009099,0.4482097786294262,-1.586352309532732,2.1873329930165766,1.082149004478806
118.0,18.0,19.45571503320787,0.0,1.706781337504566,2.8336231186134504,0.0,1.1916012685103252,5.0,1.1498308065115004,0.3322025789501177,0.053004226730504145,-1.586352309532732,1.5326106261851893,1.082149004478806
118.0,19.0,3.566357444646762,0.0,0.5782594804725258,0.11790367356159259,0.0,-0.7889632181112297,5.0,1.1498308065115004,-1.0083766082770078,0.9222674678797376,-1.586352309532732,-0.23570035910047687,1.082149004478806
118.0,20.0,-4.411054079366755,0.0,-0.8420045166539094,-1.229584762576863,0.0,-1.5477765436375708,5.0,1.1498308065115004,-0.11945260663065868,2.0500846856271444,-1.586352309532732,-1.0264209003067808,1.082149004478806
118.0,21.0,19.00558850982131,0.0,1.8133512155186886,2.9515195541507233,1.0097787569156957,2.458060491865274,5.0,1.1498308065115004,-0.2803953351702467,-0.4910311660565353,-1.586352309532732,-0.710406563699301,1.082149004478806
118.0,22.0,22.879128221324866,0.0,2.131629012232745,3.418652994245031,1.971408281833879,-0.16242194247941932,5.0,1.1498308065115004,0.5629895332204798,-2.3091688756408124,-1.586352309532732,0.2568837091565295,1.082149004478806
118.0,23.0,3.8143917878535207,0.0,-0.7907037076690968,0.2625225656594572,1.724212735854426,-0.09745125010561723,5.0,1.1498308065115004,-0.37243875610382904,1.0057385244622565,-1.586352309532732,-0.24669187846237361,1.082149004478806
118.0,24.0,10.205588995634916,0.0,1.1501411296672903,0.25304003145987863,3.8374119589293163,0.42057418869814694,5.0,1.1498308065115004,0.9769733866856207,-0.7092007625823926,-1.586352309532732,-0.3475425993977332,1.082149004478806
118.0,25.0,10.44499652474856,0.0,1.2001924172986198,1.6739875476075148,4.186047331982591,-1.6140394566191194,5.0,1.1498308065115004,-0.37458085776701383,-0.688008616467358,-1.586352309532732,-0.9516185672650157,1.082149004478806
118.0,26.0,5.407749132427317,0.0,2.5632299314429954,-0.651386580476766,5.640392718556639,-0.7282191111912876,5.0,1.1498308065115004,1.052711465579332,1.0255713696966988,-1.586352309532732,-0.04502772480892027,1.082149004478806
118.0,27.0,4.185555261788759,0.0,-0.05596984489723167,0.35964899497885194,8.024243995267822,-1.5404424052900094,5.0,1.1498308065115004,-1.0491770066660657,-0.2847730070510089,-1.586352309532732,-0.7849044694570758,1.082149004478806
118.0,28.0,7.429701635246431,0.0,-0.10880598242482042,1.0701333380044225,7.4334074179431004,-0.6930946140105951,5.0,1.1498308065115004,-1.2601552447581124,-1.2207177122545356,-1.586352309532732,-1.6679419365881367,1.082149004478806
118.0,29.0,10.357931860589408,0.0,1.3571751518837005,0.063369826159823,8.967270838929645,0.11884943300456097,5.0,1.1498308065115004,3.2410399349424046,0.1813034797491502,-1.586352309532732,-0.38022652028776244,1.082149004478806
118.0,30.0,12.468288054291822,0.0,2.9576725614933292,1.309176611080167,10.103023621831118,-1.3647094579869121,5.0,1.1498308065115004,-0.4168575881604318,-0.13889136243904462,-1.586352309532732,0.918996609060766,1.082149004478806
119.0,1.0,10.428368278688993,0.0,0.4394087930874846,1.5383997910955363,0.0,0.589982679367313,5.0,-1.2024339320546438,1.1313372134141755,0.2533185139947548,-0.5961001142645364,0.005764185899886933,1.0196317099636274
119.0,2.0,9.719101635175026,0.0,2.0645671844841713,1.5394678621706097,0.0,0.28934402881733584,5.0,-1.2024339320546438,-1.460640070924822,-0.028546755348703018,-0.5961001142645364,0.3852804011263305,1.0196317099636274
119.0,3.0,5.273239397123283,0.0,0.26115194384063245,0.577056845874113,0.0,-0.904215025620639,5.0,-1.2024339320546438,0.7399475108773345,-0.04287045729131609,-0.5961001142645364,-0.37066003179240936,1.0196317099636274
119.0,4.0,10.302812985137503,0.0,0.5675507288873544,1.3203549641877501,0.0,0.22632494238106354,5.0,-1.2024339320546438,1.9091035692174834,1.3686022840144576,-0.5961001142645364,0.644376548518833,1.0196317099636274
119.0,5.0,8.184387757891654,0.0,1.5725629241044516,1.2001012480073168,0.0,0.7480811624938435,5.0,-1.2024339320546438,-1.4438931609717993,-0.22577098565926762,-0.5961001142645364,-0.22048656181875062,1.0196317099636274
119.0,6.0,11.641894926938555,0.0,1.3916073685237498,1.7518382637366006,0.0,1.0610952532617417,5.0,-1.2024339320546438,0.7017843353747109,1.5164706044295397,-0.5961001142645364,0.3317819639156969,1.0196317099636274
119.0,7.0,17.691005116820257,0.0,2.4030271103474963,3.307958048158319,0.0,-0.2128482786465276,5.0,-1.2024339320546438,-0.262197489402468,-1.5487528042302212,-0.5961001142645364,1.0968390131493477,1.0196317099636274
119.0,8.0,6.022621190368809,0.0,0.8279464746626453,0.9892176920442095,0.0,-0.09363679391104562,5.0,-1.2024339320546438,-1.5721441591454877,0.5846137496360692,-0.5961001142645364,0.43518149083380286,1.0196317099636274
119.0,9.0,10.94411571658875,0.0,2.647261665032741,2.168943160389537,0.0,-0.08671413498192511,5.0,-1.2024339320546438,-1.5146676537817514,0.12385424384461378,-0.5961001142645364,-0.32593158553122675,1.0196317099636274
119.0,10.0,8.823325019692392,0.0,2.6336771460801396,0.5031727801895529,0.0,1.4414617560550447,5.0,-1.2024339320546438,-1.6015361735745934,0.21594156874397272,-0.5961001142645364,1.1488076184510938,1.0196317099636274
119.0,11.0,10.23885892651463,0.0,1.4681187561820495,1.1974346119406396,0.0,1.1250718922779939,5.0,-1.2024339320546438,-0.530906522170303,0.3796394827598821,-0.5961001142645364,0.9935038559621194,1.0196317099636274
119.0,12.0,6.859654527379275,0.0,2.249449205214063,0.19379842470014608,0.0,0.8344015677570392,5.0,-1.2024339320546438,-1.4617555849958999,-0.5023234531093023,-0.5961001142645364,0.54839695950807,1.0196317099636274
119.0,13.0,9.567138509879168,0.0,0.08877130627829566,1.612727251915664,0.0,-0.2873407998406928,5.0,-1.2024339320546438,0.6879167729758275,-0.3332073836694201,-0.5961001142645364,0.2387317351114412,1.0196317099636274
119.0,14.0,10.073620463156953,0.0,0.5399823853132327,1.0985938929858936,0.0,0.37324143416640604,5.0,-1.2024339320546438,2.1001089405256717,-1.0185753831070887,-0.5961001142645364,-0.6279060760393714,1.0196317099636274
119.0,15.0,11.010278149800747,0.0,3.594585730784237,0.825202413518323,0.0,0.4032903312206958,5.0,-1.2024339320546438,-1.287030476035179,-1.0717912264755778,-0.5961001142645364,1.3606524485300076,1.0196317099636274
119.0,16.0,5.246254874687881,0.0,0.44637226734044955,0.683076051101581,0.0,-1.0416732942893223,5.0,-1.2024339320546438,0.7877388474751781,0.30352864140425806,-0.5961001142645364,-0.6002595871471269,1.0196317099636274
119.0,17.0,13.955558249358308,0.0,3.6568070536687567,1.832450407463387,0.0,-1.7283045153207428,5.0,-1.2024339320546438,0.7690422410009099,0.4482097786294262,-0.5961001142645364,2.1873329930165766,1.0196317099636274
119.0,18.0,16.63365939187983,0.0,2.0459158959013206,2.76168075118545,0.0,0.6418300276516161,5.0,-1.2024339320546438,0.3322025789501177,0.053004226730504145,-0.5961001142645364,1.5326106261851893,1.0196317099636274
119.0,19.0,-2.963064195098477,0.0,-1.415547375773754,-0.6724348148794712,0.0,-1.5293105311804218,5.0,-1.2024339320546438,-1.0083766082770078,0.9222674678797376,-0.5961001142645364,-0.23570035910047687,1.0196317099636274
119.0,20.0,4.0350508934913165,0.0,-0.6527272068494956,1.0922026545394765,0.0,0.00168368848420991,5.0,-1.2024339320546438,-0.11945260663065868,2.0500846856271444,-0.5961001142645364,-1.0264209003067808,1.0196317099636274
119.0,21.0,5.784076336635499,0.0,0.8124344929606073,0.545290871557268,0.8105339655875852,0.2502478213483311,5.0,-1.2024339320546438,-0.2803953351702467,-0.4910311660565353,-0.5961001142645364,-0.710406563699301,1.0196317099636274
119.0,22.0,10.549661869160147,0.0,2.858575621365043,0.3760802166895707,2.806090490556974,0.5638673903058834,5.0,-1.2024339320546438,0.5629895332204798,-2.3091688756408124,-0.5961001142645364,0.2568837091565295,1.0196317099636274
119.0,23.0,5.4017961963471475,0.0,0.27671457981244685,0.78719459280043,2.957552176160535,0.18942623751481066,5.0,-1.2024339320546438,-0.37243875610382904,1.0057385244622565,-0.5961001142645364,-0.24669187846237361,1.0196317099636274
119.0,24.0,7.092619420126473,0.0,1.1518706701636652,0.6102246336420705,4.154898225663517,-0.7328538062971252,5.0,-1.2024339320546438,0.9769733866856207,-0.7092007625823926,-0.5961001142645364,-0.3475425993977332,1.0196317099636274
119.0,25.0,3.454516714016237,0.0,-0.5489324125290813,0.05142550285130065,4.1097187995171085,0.9863658598954617,5.0,-1.2024339320546438,-0.37458085776701383,-0.688008616467358,-0.5961001142645364,-0.9516185672650157,1.0196317099636274
119.0,26.0,4.512718304870269,0.0,0.00593511546025316,-0.47495773477186254,5.617740923787037,1.7386337669062457,5.0,-1.2024339320546438,1.052711465579332,1.0255713696966988,-0.5961001142645364,-0.04502772480892027,1.0196317099636274
119.0,27.0,2.5587940851477287,0.0,-0.2541332457730958,-0.06202675832528581,6.352995567975169,0.8811788089254428,5.0,-1.2024339320546438,-1.0491770066660657,-0.2847730070510089,-0.5961001142645364,-0.7849044694570758,1.0196317099636274
119.0,28.0,0.058661504096033434,0.0,1.2662717934658172,-0.2761178966897728,8.474278292025529,-1.9436509013239756,5.0,-1.2024339320546438,-1.2601552447581124,-1.2207177122545356,-0.5961001142645364,-1.6679419365881367,1.0196317099636274
119.0,29.0,7.666046085367004,0.0,1.7485792076762419,-0.6749830895167956,10.151528923292329,1.3995761854029438,5.0,-1.2024339320546438,3.2410399349424046,0.1813034797491502,-0.5961001142645364,-0.38022652028776244,1.0196317099636274
119.0,30.0,13.088532411688426,0.0,2.4044899883817408,2.1131862162467847,9.539368506303733,-0.05605594618626797,5.0,-1.2024339320546438,-0.4168575881604318,-0.13889136243904462,-0.5961001142645364,0.918996609060766,1.0196317099636274
120.0,1.0,19.76014155989924,0.0,2.720555200516049,2.978209033138555,0.0,0.5249142793192899,5.0,1.0510726614936612,1.1313372134141755,0.2533185139947548,1.574446825096914,0.005764185899886933,-0.20842914815405544
120.0,2.0,12.481306711066244,0.0,0.9436383268802164,2.150150523959642,0.0,0.6220332358710604,5.0,1.0510726614936612,-1.460640070924822,-0.028546755348703018,1.574446825096914,0.3852804011263305,-0.20842914815405544
120.0,3.0,10.04007664926658,0.0,2.002578283512146,0.4444683890938872,0.0,-0.09668607320670514,5.0,1.0510726614936612,0.7399475108773345,-0.04287045729131609,1.574446825096914,-0.37066003179240936,-0.20842914815405544
120.0,4.0,19.564394166370516,0.0,3.064620738134945,2.1981252431281453,0.0,-0.07526319764872627,5.0,1.0510726614936612,1.9091035692174834,1.3686022840144576,1.574446825096914,0.644376548518833,-0.20842914815405544
120.0,5.0,7.171393255131029,0.0,0.026084814897924358,0.6094934852304263,0.0,1.0191570693309,5.0,1.0510726614936612,-1.4438931609717993,-0.22577098565926762,1.574446825096914,-0.22048656181875062,-0.20842914815405544
120.0,6.0,22.620695077676856,0.0,2.13172998723281,3.5686856249014576,0.0,0.711601922486244,5.0,1.0510726614936612,0.7017843353747109,1.5164706044295397,1.574446825096914,0.3317819639156969,-0.20842914815405544
120.0,7.0,3.6236091542031854,0.0,-0.054942174941891686,-0.14451464411242654,0.0,0.9902622460442313,5.0,1.0510726614936612,-0.262197489402468,-1.5487528042302212,1.574446825096914,1.0968390131493477,-0.20842914815405544
120.0,8.0,13.107344931897913,0.0,2.216952668147532,1.0662661038587562,0.0,2.3829266952303274,5.0,1.0510726614936612,-1.5721441591454877,0.5846137496360692,1.574446825096914,0.43518149083380286,-0.20842914815405544
120.0,9.0,6.296255647421977,0.0,1.1010944470154362,-0.08953174490805371,0.0,0.664415863694087,5.0,1.0510726614936612,-1.5146676537817514,0.12385424384461378,1.574446825096914,-0.32593158553122675,-0.20842914815405544
120.0,10.0,12.370715326617802,0.0,0.7364722342523162,2.2922606410174557,0.0,0.20738115738530685,5.0,1.0510726614936612,-1.6015361735745934,0.21594156874397272,1.574446825096914,1.1488076184510938,-0.20842914815405544
120.0,11.0,5.997852800579141,0.0,-0.21077817860955306,0.8361503115047262,0.0,-2.2106331105756207,5.0,1.0510726614936612,-0.530906522170303,0.3796394827598821,1.574446825096914,0.9935038559621194,-0.20842914815405544
120.0,12.0,11.893843528719366,0.0,1.3256665367564053,1.3974431297530947,0.0,2.6917140032461155,5.0,1.0510726614936612,-1.4617555849958999,-0.5023234531093023,1.574446825096914,0.54839695950807,-0.20842914815405544
120.0,13.0,9.728667800153781,0.0,0.7354258182072306,1.1037684429257184,0.0,-0.48267682179630783,5.0,1.0510726614936612,0.6879167729758275,-0.3332073836694201,1.574446825096914,0.2387317351114412,-0.20842914815405544
120.0,14.0,12.541469914406214,0.0,0.7426355128777861,0.915245644639629,0.0,2.374734715095394,5.0,1.0510726614936612,2.1001089405256717,-1.0185753831070887,1.574446825096914,-0.6279060760393714,-0.20842914815405544
120.0,15.0,6.616953568943536,0.0,-1.1177110507368626,1.5223522635629898,0.0,0.3746435680049877,5.0,1.0510726614936612,-1.287030476035179,-1.0717912264755778,1.574446825096914,1.3606524485300076,-0.20842914815405544
120.0,16.0,9.73231323587624,0.0,0.31548639759020225,0.14552794340503628,0.0,1.5384301988967937,5.0,1.0510726614936612,0.7877388474751781,0.30352864140425806,1.574446825096914,-0.6002595871471269,-0.20842914815405544
120.0,17.0,18.41687965929903,0.0,2.01394749271364,3.1475830249300913,0.0,-0.10971032117623881,5.0,1.0510726614936612,0.7690422410009099,0.4482097786294262,1.574446825096914,2.1873329930165766,-0.20842914815405544
120.0,18.0,13.78904505380632,0.0,0.20710040144539832,2.30772901599803,0.0,0.5114707546981254,5.0,1.0510726614936612,0.3322025789501177,0.053004226730504145,1.574446825096914,1.5326106261851893,-0.20842914815405544
120.0,19.0,12.907484034158564,0.0,0.28078630158998896,1.9562852626497726,0.0,0.2139579796422618,5.0,1.0510726614936612,-1.0083766082770078,0.9222674678797376,1.574446825096914,-0.23570035910047687,-0.20842914815405544
120.0,20.0,23.184585133966948,0.0,4.101858452581333,3.298513989177396,0.0,-0.1861206993734956,5.0,1.0510726614936612,-0.11945260663065868,2.0500846856271444,1.574446825096914,-1.0264209003067808,-0.20842914815405544
120.0,21.0,10.305828869223026,0.0,1.6294978137930622,1.217026859745165,-1.2152623848457105,-0.1203938246224936,5.0,1.0510726614936612,-0.2803953351702467,-0.4910311660565353,1.574446825096914,-0.710406563699301,-0.20842914815405544
120.0,22.0,0.8245508574564073,0.0,-2.0461333431595774,-0.35566889080099107,1.1544872274858688,1.0128343358442544,5.0,1.0510726614936612,0.5629895332204798,-2.3091688756408124,1.574446825096914,0.2568837091565295,-0.20842914815405544
120.0,23.0,11.092751645255973,0.0,2.0766586145699377,0.6346725558220037,2.0657241053262663,-0.20145814697149975,5.0,1.0510726614936612,-0.37243875610382904,1.0057385244622565,1.574446825096914,-0.24669187846237361,-0.20842914815405544
120.0,24.0,9.40975326365849,0.0,-0.5787347669627922,2.0140951193157477,5.180754787257663,-2.0376824944408,5.0,1.0510726614936612,0.9769733866856207,-0.7092007625823926,1.574446825096914,-0.3475425993977332,-0.20842914815405544
120.0,25.0,2.6450697112872867,0.0,0.8055805728087442,-0.9187418273081849,5.1429936839576555,-0.19588924882982778,5.0,1.0510726614936612,-0.37458085776701383,-0.688008616467358,1.574446825096914,-0.9516185672650157,-0.20842914815405544
120.0,26.0,12.589243427394694,0.0,2.369008368082917,0.31752254981600414,7.564737459398149,0.5397906055362739,5.0,1.0510726614936612,1.052711465579332,1.0255713696966988,1.574446825096914,-0.04502772480892027,-0.20842914815405544
120.0,27.0,11.053660316984843,0.0,0.062243105712570745,1.8859429423222493,7.400904127545379,0.6164557163514397,5.0,1.0510726614936612,-1.0491770066660657,-0.2847730070510089,1.574446825096914,-0.7849044694570758,-0.20842914815405544
120.0,28.0,-2.1470732730983464,0.0,-0.9420317415637545,-1.6794064521207814,6.452442779287745,0.616567817477434,5.0,1.0510726614936612,-1.2601552447581124,-1.2207177122545356,1.574446825096914,-1.6679419365881367,-0.20842914815405544
120.0,29.0,12.126704049842727,0.0,0.4120439545724801,1.2499820139680107,9.494910618258434,-1.6921015208690813,5.0,1.0510726614936612,3.2410399349424046,0.1813034797491502,1.574446825096914,-0.38022652028776244,-0.20842914815405544
120.0,30.0,7.315199395541673,0.0,1.767793620579418,-0.015109537124543104,9.25214610514934,0.36874205801119403,5.0,1.0510726614936612,-0.4168575881604318,-0.13889136243904462,1.574446825096914,0.918996609060766,-0.20842914815405544
121.0,1.0,9.979407936431494,0.0,2.3669675427624233,0.001374385600633965,0.0,0.9678592099470636,5.0,0.1622105645519809,1.1313372134141755,0.2533185139947548,1.3494037739360816,0.005764185899886933,0.8815278080546696
121.0,2.0,11.519290173398037,0.0,2.173948345403055,1.3553594549366732,0.0,1.2765786814676567,5.0,0.1622105645519809,-1.460640070924822,-0.028546755348703018,1.3494037739360816,0.3852804011263305,0.8815278080546696
121.0,3.0,11.439254226716935,0.0,0.41916223470142744,1.9091639566163374,0.0,-0.22496127104411592,5.0,0.1622105645519809,0.7399475108773345,-0.04287045729131609,1.3494037739360816,-0.37066003179240936,0.8815278080546696
121.0,4.0,21.399359274561363,0.0,1.4822244421178832,3.5842934504708417,0.0,-0.3218925861828012,5.0,0.1622105645519809,1.9091035692174834,1.3686022840144576,1.3494037739360816,0.644376548518833,0.8815278080546696
121.0,5.0,8.097219717249434,0.0,1.7275335439629163,0.5541840644892586,0.0,1.4878378318780394,5.0,0.1622105645519809,-1.4438931609717993,-0.22577098565926762,1.3494037739360816,-0.22048656181875062,0.8815278080546696
121.0,6.0,19.06733946812566,0.0,3.0121401822311933,3.1734420825546885,0.0,-1.6679280457793197,5.0,0.1622105645519809,0.7017843353747109,1.5164706044295397,1.3494037739360816,0.3317819639156969,0.8815278080546696
121.0,7.0,6.537726733066371,0.0,0.8438627038199935,0.7845599062939829,0.0,-0.43682997691312486,5.0,0.1622105645519809,-0.262197489402468,-1.5487528042302212,1.3494037739360816,1.0968390131493477,0.8815278080546696
121.0,8.0,15.777323583737182,0.0,3.431061983375803,2.3754095099409698,0.0,0.45746207935745464,5.0,0.1622105645519809,-1.5721441591454877,0.5846137496360692,1.3494037739360816,0.43518149083380286,0.8815278080546696
121.0,9.0,5.466427549390316,0.0,0.5536035396208328,1.0010810788292281,0.0,-1.6177737653812263,5.0,0.1622105645519809,-1.5146676537817514,0.12385424384461378,1.3494037739360816,-0.32593158553122675,0.8815278080546696
121.0,10.0,17.575142744858482,0.0,3.6949846327727136,2.911919209698043,0.0,0.27962786243175747,5.0,0.1622105645519809,-1.6015361735745934,0.21594156874397272,1.3494037739360816,1.1488076184510938,0.8815278080546696
121.0,11.0,14.616208637593854,0.0,2.181871348570997,1.5123603327925035,0.0,1.877864021052193,5.0,0.1622105645519809,-0.530906522170303,0.3796394827598821,1.3494037739360816,0.9935038559621194,0.8815278080546696
121.0,12.0,9.809533798967033,0.0,0.7588584534897158,1.849563671020293,0.0,-0.00406065343634058,5.0,0.1622105645519809,-1.4617555849958999,-0.5023234531093023,1.3494037739360816,0.54839695950807,0.8815278080546696
121.0,13.0,9.766612075158925,0.0,1.2087765206101224,1.0751149599485283,0.0,-0.27845402496358623,5.0,0.1622105645519809,0.6879167729758275,-0.3332073836694201,1.3494037739360816,0.2387317351114412,0.8815278080546696
121.0,14.0,5.920946896079263,0.0,0.5721391931147732,-0.15347912775630856,0.0,0.4749117140340542,5.0,0.1622105645519809,2.1001089405256717,-1.0185753831070887,1.3494037739360816,-0.6279060760393714,0.8815278080546696
121.0,15.0,11.285618891217805,0.0,1.2993194780551467,2.2123392169446703,0.0,-0.2790721707873067,5.0,0.1622105645519809,-1.287030476035179,-1.0717912264755778,1.3494037739360816,1.3606524485300076,0.8815278080546696
121.0,16.0,10.155639264012816,0.0,0.5232615265576068,0.9961969250873316,0.0,0.8134003740790647,5.0,0.1622105645519809,0.7877388474751781,0.30352864140425806,1.3494037739360816,-0.6002595871471269,0.8815278080546696
121.0,17.0,20.063520067087325,0.0,3.2014997224269925,2.4977737496801935,0.0,0.9044354644496952,5.0,0.1622105645519809,0.7690422410009099,0.4482097786294262,1.3494037739360816,2.1873329930165766,0.8815278080546696
121.0,18.0,11.430294082425059,0.0,0.12348700233214682,1.462379761957887,0.0,0.0026916612301209055,5.0,0.1622105645519809,0.3322025789501177,0.053004226730504145,1.3494037739360816,1.5326106261851893,0.8815278080546696
121.0,19.0,14.503431379976425,0.0,1.7392303812299832,2.9167748064671146,0.0,-1.1766921577497271,5.0,0.1622105645519809,-1.0083766082770078,0.9222674678797376,1.3494037739360816,-0.23570035910047687,0.8815278080546696
121.0,20.0,10.019957019149924,0.0,3.200401782009254,0.4111481871311793,0.0,-1.3182207274590878,5.0,0.1622105645519809,-0.11945260663065868,2.0500846856271444,1.3494037739360816,-1.0264209003067808,0.8815278080546696
121.0,21.0,4.031777872172917,0.0,0.4436924637654327,0.1960366647344951,1.0006033593903587,-0.5929973656553169,5.0,0.1622105645519809,-0.2803953351702467,-0.4910311660565353,1.3494037739360816,-0.710406563699301,0.8815278080546696
121.0,22.0,3.2652707118637356,0.0,0.28821379494397203,-0.21865753967159707,1.8983466288752342,0.7973805005498356,5.0,0.1622105645519809,0.5629895332204798,-2.3091688756408124,1.3494037739360816,0.2568837091565295,0.8815278080546696
121.0,23.0,9.601690900149954,0.0,2.8033177957803437,0.9423749536539775,2.855941857370345,-1.9582051746569251,5.0,0.1622105645519809,-0.37243875610382904,1.0057385244622565,1.3494037739360816,-0.24669187846237361,0.8815278080546696
121.0,24.0,6.303482680963269,0.0,1.3075104756783777,0.6688266880465229,3.668630943266148,-1.8863251587325458,5.0,0.1622105645519809,0.9769733866856207,-0.7092007625823926,1.3494037739360816,-0.3475425993977332,0.8815278080546696
121.0,25.0,6.090080322310884,0.0,0.9202312179566521,0.9344262918654058,6.921208154613211,-0.6537798247601029,5.0,0.1622105645519809,-0.37458085776701383,-0.688008616467358,1.3494037739360816,-0.9516185672650157,0.8815278080546696
121.0,26.0,10.641575637157505,0.0,0.7363963879238792,0.6505485619882342,7.5098548579768,0.39439484798058455,5.0,0.1622105645519809,1.052711465579332,1.0255713696966988,1.3494037739360816,-0.04502772480892027,0.8815278080546696
121.0,27.0,2.474672757885193,0.0,0.756378762927826,-0.13499487594699633,6.110715601928849,-0.9135660481649922,5.0,0.1622105645519809,-1.0491770066660657,-0.2847730070510089,1.3494037739360816,-0.7849044694570758,0.8815278080546696
121.0,28.0,5.695196095146645,0.0,0.906846174318901,1.0390412836959024,8.198680207047596,0.8867490370960592,5.0,0.1622105645519809,-1.2601552447581124,-1.2207177122545356,1.3494037739360816,-1.6679419365881367,0.8815278080546696
121.0,29.0,12.052684566062261,0.0,0.9822525827224765,0.8081133882941651,10.151364679953907,0.3333699701551824,5.0,0.1622105645519809,3.2410399349424046,0.1813034797491502,1.3494037739360816,-0.38022652028776244,0.8815278080546696
121.0,30.0,11.00837086265744,0.0,2.5169119184500017,1.0980150161006197,11.102525570670686,-0.17063961823860985,5.0,0.1622105645519809,-0.4168575881604318,-0.13889136243904462,1.3494037739360816,0.918996609060766,0.8815278080546696
122.0,1.0,10.972604534783976,0.0,1.572930488281482,0.5718181955513595,0.0,0.8188281365317798,5.0,0.5622848058547851,1.1313372134141755,0.2533185139947548,0.6678905906711368,0.005764185899886933,0.4476351305450583
122.0,2.0,9.676520091280603,0.0,2.001776533618002,1.010444908850074,0.0,0.3883651628193677,5.0,0.5622848058547851,-1.460640070924822,-0.028546755348703018,0.6678905906711368,0.3852804011263305,0.4476351305450583
122.0,3.0,10.260362382955801,0.0,0.8061920774816684,1.264142080905347,0.0,-0.44593502721215617,5.0,0.5622848058547851,0.7399475108773345,-0.04287045729131609,0.6678905906711368,-0.37066003179240936,0.4476351305450583
122.0,4.0,15.679273270819731,0.0,1.7350879260617114,1.6797199556623026,0.0,0.23111493441816,5.0,0.5622848058547851,1.9091035692174834,1.3686022840144576,0.6678905906711368,0.644376548518833,0.4476351305450583
122.0,5.0,9.363829274912415,0.0,1.114533963874419,1.24429271867632,0.0,0.6475133579775916,5.0,0.5622848058547851,-1.4438931609717993,-0.22577098565926762,0.6678905906711368,-0.22048656181875062,0.4476351305450583
122.0,6.0,19.381864979556042,0.0,2.5294362583226513,3.0235741748946965,0.0,0.35628334486204694,5.0,0.5622848058547851,0.7017843353747109,1.5164706044295397,0.6678905906711368,0.3317819639156969,0.4476351305450583
122.0,7.0,8.498660034465999,0.0,0.7088638176585255,1.2303776195625054,0.0,-0.6580102079494788,5.0,0.5622848058547851,-0.262197489402468,-1.5487528042302212,0.6678905906711368,1.0968390131493477,0.4476351305450583
122.0,8.0,15.017363220429486,0.0,1.8579011784575052,2.576286214726469,0.0,0.8552022050641918,5.0,0.5622848058547851,-1.5721441591454877,0.5846137496360692,0.6678905906711368,0.43518149083380286,0.4476351305450583
122.0,9.0,7.933174654007782,0.0,1.608125356693412,0.39589108781408155,0.0,1.152936225558616,5.0,0.5622848058547851,-1.5146676537817514,0.12385424384461378,0.6678905906711368,-0.32593158553122675,0.4476351305450583
122.0,10.0,11.548305998046423,0.0,1.1731208317180406,1.8265633291164924,0.0,0.27627455654333666,5.0,0.5622848058547851,-1.6015361735745934,0.21594156874397272,0.6678905906711368,1.1488076184510938,0.4476351305450583
122.0,11.0,16.89155003771661,0.0,3.1109873555042133,2.6355982898075077,0.0,0.14410466246218698,5.0,0.5622848058547851,-0.530906522170303,0.3796394827598821,0.6678905906711368,0.9935038559621194,0.4476351305450583
122.0,12.0,11.282091198409276,0.0,3.446152396027714,1.3003500085159145,0.0,-0.07562508077983801,5.0,0.5622848058547851,-1.4617555849958999,-0.5023234531093023,0.6678905906711368,0.54839695950807,0.4476351305450583
122.0,13.0,15.200913833401334,0.0,2.674627164457848,1.4101168695643937,0.0,2.1614158463027877,5.0,0.5622848058547851,0.6879167729758275,-0.3332073836694201,0.6678905906711368,0.2387317351114412,0.4476351305450583
122.0,14.0,8.221808531285504,0.0,-0.06784165148233057,0.4374368789453251,0.0,0.2763155321357929,5.0,0.5622848058547851,2.1001089405256717,-1.0185753831070887,0.6678905906711368,-0.6279060760393714,0.4476351305450583
122.0,15.0,7.926920210658336,0.0,-0.5251722526661573,1.4806318670358545,0.0,-0.15829402869994402,5.0,0.5622848058547851,-1.287030476035179,-1.0717912264755778,0.6678905906711368,1.3606524485300076,0.4476351305450583
122.0,16.0,8.443159733418872,0.0,1.225909973447712,1.1470390879662935,0.0,-2.5079178021972544,5.0,0.5622848058547851,0.7877388474751781,0.30352864140425806,0.6678905906711368,-0.6002595871471269,0.4476351305450583
122.0,17.0,13.93466055166231,0.0,3.4572814356535564,1.477617216838572,0.0,-1.5652817650305326,5.0,0.5622848058547851,0.7690422410009099,0.4482097786294262,0.6678905906711368,2.1873329930165766,0.4476351305450583
122.0,18.0,15.982413595558093,0.0,2.8141175324817658,2.210010165618578,0.0,-0.0776732006105648,5.0,0.5622848058547851,0.3322025789501177,0.053004226730504145,0.6678905906711368,1.5326106261851893,0.4476351305450583
122.0,19.0,9.497846139247287,0.0,0.4760094342188774,1.2503894865813407,0.0,0.20629404484309793,5.0,0.5622848058547851,-1.0083766082770078,0.9222674678797376,0.6678905906711368,-0.23570035910047687,0.4476351305450583
122.0,20.0,17.782392893002584,0.0,0.8765339748439089,3.425461347388857,0.0,0.2768724588616144,5.0,0.5622848058547851,-0.11945260663065868,2.0500846856271444,0.6678905906711368,-1.0264209003067808,0.4476351305450583
122.0,21.0,6.624584277381406,0.0,0.7892876175342072,0.12595281304369355,0.10461695393671877,0.8215067804486178,5.0,0.5622848058547851,-0.2803953351702467,-0.4910311660565353,0.6678905906711368,-0.710406563699301,0.4476351305450583
122.0,22.0,5.795052043195263,0.0,0.6782504882458493,0.20432053894085667,3.4098008988474993,-0.19415240932045666,5.0,0.5622848058547851,0.5629895332204798,-2.3091688756408124,0.6678905906711368,0.2568837091565295,0.4476351305450583
122.0,23.0,8.916040940848227,0.0,2.6222224286314297,-0.2239705593202086,2.2954042029641206,1.214588794482562,5.0,0.5622848058547851,-0.37243875610382904,1.0057385244622565,0.6678905906711368,-0.24669187846237361,0.4476351305450583
122.0,24.0,6.628557826511427,0.0,1.5164671722095004,0.041196432569348795,4.1266425332683765,-0.921516042869578,5.0,0.5622848058547851,0.9769733866856207,-0.7092007625823926,0.6678905906711368,-0.3475425993977332,0.4476351305450583
122.0,25.0,1.3453491780358502,0.0,-0.5417470490085297,-0.4022242059247776,5.168755803793434,-1.2084427204430666,5.0,0.5622848058547851,-0.37458085776701383,-0.688008616467358,0.6678905906711368,-0.9516185672650157,0.4476351305450583
122.0,26.0,15.859025462212996,0.0,0.5438190235305813,3.0881276227976544,4.080008875446197,-1.2289861775538142,5.0,0.5622848058547851,1.052711465579332,1.0255713696966988,0.6678905906711368,-0.04502772480892027,0.4476351305450583
122.0,27.0,5.210831357706537,0.0,-1.2718317300509132,0.5896020969731746,6.866692579766294,0.7422970241865179,5.0,0.5622848058547851,-1.0491770066660657,-0.2847730070510089,0.6678905906711368,-0.7849044694570758,0.4476351305450583
122.0,28.0,2.7000713716084883,0.0,0.28068157561789375,-0.07929484745341453,5.899613426980064,-0.08291994233922603,5.0,0.5622848058547851,-1.2601552447581124,-1.2207177122545356,0.6678905906711368,-1.6679419365881367,0.4476351305450583
122.0,29.0,16.091412065615845,0.0,2.0327063060061654,1.5048916522857683,7.033661495818224,0.7898179218204991,5.0,0.5622848058547851,3.2410399349424046,0.1813034797491502,0.6678905906711368,-0.38022652028776244,0.4476351305450583
122.0,30.0,10.471700813912802,0.0,1.969063897268948,1.1021017291792456,10.320515432417219,-0.26770642155708474,5.0,0.5622848058547851,-0.4168575881604318,-0.13889136243904462,0.6678905906711368,0.918996609060766,0.4476351305450583
123.0,1.0,10.101585752800553,0.0,0.37309927538066245,1.7329388630760245,0.0,-0.5918921022128126,5.0,-1.1372697775920095,1.1313372134141755,0.2533185139947548,0.4867298805126188,0.005764185899886933,0.7280931959957155
123.0,2.0,14.492759609523475,0.0,3.093918670416178,3.03282596098665,0.0,-0.36835257512650604,5.0,-1.1372697775920095,-1.460640070924822,-0.028546755348703018,0.4867298805126188,0.3852804011263305,0.7280931959957155
123.0,3.0,8.15996086278362,0.0,0.6848058326274953,1.6719451669476875,0.0,-1.8526168242417291,5.0,-1.1372697775920095,0.7399475108773345,-0.04287045729131609,0.4867298805126188,-0.37066003179240936,0.7280931959957155
123.0,4.0,19.15817639676808,0.0,4.153641742157809,3.089003438865164,0.0,-1.1696152604141148,5.0,-1.1372697775920095,1.9091035692174834,1.3686022840144576,0.4867298805126188,0.644376548518833,0.7280931959957155
123.0,5.0,2.981928720907324,0.0,1.608331262167218,0.2224064313347458,0.0,-1.4420346463584501,5.0,-1.1372697775920095,-1.4438931609717993,-0.22577098565926762,0.4867298805126188,-0.22048656181875062,0.7280931959957155
123.0,6.0,17.34840497725557,0.0,3.4459194295869175,2.4346563237781997,0.0,1.0543222719753484,5.0,-1.1372697775920095,0.7017843353747109,1.5164706044295397,0.4867298805126188,0.3317819639156969,0.7280931959957155
123.0,7.0,9.111083729200992,0.0,1.543717925266339,1.5064621356872645,0.0,-0.5973300913628001,5.0,-1.1372697775920095,-0.262197489402468,-1.5487528042302212,0.4867298805126188,1.0968390131493477,0.7280931959957155
123.0,8.0,9.088912103673579,0.0,1.7947031826475548,1.2042537806558602,0.0,0.7894598527901798,5.0,-1.1372697775920095,-1.5721441591454877,0.5846137496360692,0.4867298805126188,0.43518149083380286,0.7280931959957155
123.0,9.0,7.685937456340765,0.0,0.15212586109325965,1.2820944778024068,0.0,1.5164906016919582,5.0,-1.1372697775920095,-1.5146676537817514,0.12385424384461378,0.4867298805126188,-0.32593158553122675,0.7280931959957155
123.0,10.0,16.835694257797883,0.0,1.557150987961863,4.089193268552607,0.0,-0.19177480910994216,5.0,-1.1372697775920095,-1.6015361735745934,0.21594156874397272,0.4867298805126188,1.1488076184510938,0.7280931959957155
123.0,11.0,9.957397323069033,0.0,2.053956406432717,1.1265310107477204,0.0,0.2838789063523513,5.0,-1.1372697775920095,-0.530906522170303,0.3796394827598821,0.4867298805126188,0.9935038559621194,0.7280931959957155
123.0,12.0,8.316085504367553,0.0,1.6746923440178119,1.9455659272405808,0.0,-1.7510675193960785,5.0,-1.1372697775920095,-1.4617555849958999,-0.5023234531093023,0.4867298805126188,0.54839695950807,0.7280931959957155
123.0,13.0,5.632552930117134,0.0,1.2526861256382689,0.21208420821709895,0.0,-0.8186697775198026,5.0,-1.1372697775920095,0.6879167729758275,-0.3332073836694201,0.4867298805126188,0.2387317351114412,0.7280931959957155
123.0,14.0,7.606578299821954,0.0,0.2376408071463304,0.7676095655201884,0.0,0.05621484938283862,5.0,-1.1372697775920095,2.1001089405256717,-1.0185753831070887,0.4867298805126188,-0.6279060760393714,0.7280931959957155
123.0,15.0,6.8435090608689455,0.0,1.793911078729091,0.5686007860460707,0.0,0.29908690333615234,5.0,-1.1372697775920095,-1.287030476035179,-1.0717912264755778,0.4867298805126188,1.3606524485300076,0.7280931959957155
123.0,16.0,9.18791911019953,0.0,0.5604967591587664,1.6752199534422154,0.0,-0.7593981172988821,5.0,-1.1372697775920095,0.7877388474751781,0.30352864140425806,0.4867298805126188,-0.6002595871471269,0.7280931959957155
123.0,17.0,16.257958242821875,0.0,2.332023686493675,1.599521244034433,0.0,2.684858999226799,5.0,-1.1372697775920095,0.7690422410009099,0.4482097786294262,0.4867298805126188,2.1873329930165766,0.7280931959957155
123.0,18.0,12.567755214093186,0.0,0.8152458356896684,2.291428202052809,0.0,-0.4583901390923888,5.0,-1.1372697775920095,0.3322025789501177,0.053004226730504145,0.4867298805126188,1.5326106261851893,0.7280931959957155
123.0,19.0,14.522057522700571,0.0,2.460260669933393,2.955305458439727,0.0,0.0642435566300379,5.0,-1.1372697775920095,-1.0083766082770078,0.9222674678797376,0.4867298805126188,-0.23570035910047687,0.7280931959957155
123.0,20.0,10.762588651417406,0.0,1.7318077836261414,1.4624013281751762,0.0,0.6497918671535179,5.0,-1.1372697775920095,-0.11945260663065868,2.0500846856271444,0.4867298805126188,-1.0264209003067808,0.7280931959957155
123.0,21.0,4.898159404569508,0.0,0.5416012401593633,0.5188278793830743,1.3412434206339905,-0.026018634773995304,5.0,-1.1372697775920095,-0.2803953351702467,-0.4910311660565353,0.4867298805126188,-0.710406563699301,0.7280931959957155
123.0,22.0,7.6056239688444665,0.0,-0.41873724233145326,1.7263716842332213,2.9743347006993557,-0.643567387027114,5.0,-1.1372697775920095,0.5629895332204798,-2.3091688756408124,0.4867298805126188,0.2568837091565295,0.7280931959957155
123.0,23.0,17.30030758922553,0.0,1.4006477235359451,3.684718140599841,3.3795461982193884,1.0453056639633052,5.0,-1.1372697775920095,-0.37243875610382904,1.0057385244622565,0.4867298805126188,-0.24669187846237361,0.7280931959957155
123.0,24.0,15.181163316133723,0.0,-0.34637922925491504,3.223508739153056,3.3262307043858623,1.615545323207201,5.0,-1.1372697775920095,0.9769733866856207,-0.7092007625823926,0.4867298805126188,-0.3475425993977332,0.7280931959957155
123.0,25.0,1.7202538936421066,0.0,-0.6693690570055879,-0.01369702908326298,4.199272925896244,-0.0296939710498354,5.0,-1.1372697775920095,-0.37458085776701383,-0.688008616467358,0.4867298805126188,-0.9516185672650157,0.7280931959957155
123.0,26.0,7.987889761598106,0.0,-0.13691416627501973,0.7269010147725475,6.804554506792211,0.5622673454030662,5.0,-1.1372697775920095,1.052711465579332,1.0255713696966988,0.4867298805126188,-0.04502772480892027,0.7280931959957155
123.0,27.0,7.666174710900042,0.0,1.662939604941758,1.3323951747108234,8.451035648757717,-0.09741249850263016,5.0,-1.1372697775920095,-1.0491770066660657,-0.2847730070510089,0.4867298805126188,-0.7849044694570758,0.7280931959957155
123.0,28.0,1.9522131532204268,0.0,-0.19678354172380086,0.11284782038773811,8.798793711024647,1.0164552177021617,5.0,-1.1372697775920095,-1.2601552447581124,-1.2207177122545356,0.4867298805126188,-1.6679419365881367,0.7280931959957155
123.0,29.0,13.136567562634303,0.0,0.0429013727760893,2.444885982697164,9.21692478937968,-1.156167394259853,5.0,-1.1372697775920095,3.2410399349424046,0.1813034797491502,0.4867298805126188,-0.38022652028776244,0.7280931959957155
123.0,30.0,15.180625694037346,0.0,2.96327498550646,1.949701749444255,9.931002803717591,2.3208602239944756,5.0,-1.1372697775920095,-0.4168575881604318,-0.13889136243904462,0.4867298805126188,0.918996609060766,0.7280931959957155
124.0,1.0,12.608452188620436,0.0,1.896821287614865,1.433048963694706,0.0,-0.6035312477883376,5.0,0.46091728686776934,1.1313372134141755,0.2533185139947548,1.7122007315159227,0.005764185899886933,-1.729886529283269
124.0,2.0,10.018026373512022,0.0,1.4694596609393593,2.2408360207878517,0.0,-1.4588494144380924,5.0,0.46091728686776934,-1.460640070924822,-0.028546755348703018,1.7122007315159227,0.3852804011263305,-1.729886529283269
124.0,3.0,11.382323329503393,0.0,0.9503238451478059,1.3380851820655897,0.0,-0.3509178271930697,5.0,0.46091728686776934,0.7399475108773345,-0.04287045729131609,1.7122007315159227,-0.37066003179240936,-1.729886529283269
124.0,4.0,18.821726311568984,0.0,1.690263012493399,2.795370146023397,0.0,0.14670848414500187,5.0,0.46091728686776934,1.9091035692174834,1.3686022840144576,1.7122007315159227,0.644376548518833,-1.729886529283269
124.0,5.0,10.516756180452198,0.0,0.7833870048708512,1.3659574518759259,0.0,1.6236212076802288,5.0,0.46091728686776934,-1.4438931609717993,-0.22577098565926762,1.7122007315159227,-0.22048656181875062,-1.729886529283269
124.0,6.0,19.243423749224128,0.0,2.8736108129769242,2.4244482363478883,0.0,0.9112096767713199,5.0,0.46091728686776934,0.7017843353747109,1.5164706044295397,1.7122007315159227,0.3317819639156969,-1.729886529283269
124.0,7.0,-5.5804883963260545,0.0,-0.5920766495608052,-1.9268024194322013,0.0,0.14245843204578665,5.0,0.46091728686776934,-0.262197489402468,-1.5487528042302212,1.7122007315159227,1.0968390131493477,-1.729886529283269
124.0,8.0,8.82270913880934,0.0,2.9640772561297286,1.0370602626503844,0.0,-1.38948352398816,5.0,0.46091728686776934,-1.5721441591454877,0.5846137496360692,1.7122007315159227,0.43518149083380286,-1.729886529283269
124.0,9.0,2.833461399025167,0.0,0.8239328040944917,-0.6155237598912451,0.0,-0.8660377446721136,5.0,0.46091728686776934,-1.5146676537817514,0.12385424384461378,1.7122007315159227,-0.32593158553122675,-1.729886529283269
124.0,10.0,7.010245336051732,0.0,-0.48758465675875895,1.8064351078916743,0.0,-0.1632849322292941,5.0,0.46091728686776934,-1.6015361735745934,0.21594156874397272,1.7122007315159227,1.1488076184510938,-1.729886529283269
124.0,11.0,4.94813078572083,0.0,0.9054080822860634,-0.7905614125324114,0.0,2.553026113460593,5.0,0.46091728686776934,-0.530906522170303,0.3796394827598821,1.7122007315159227,0.9935038559621194,-1.729886529283269
124.0,12.0,1.99109528117327,0.0,3.12482956403611,-0.48797510456400994,0.0,-1.860227574218415,5.0,0.46091728686776934,-1.4617555849958999,-0.5023234531093023,1.7122007315159227,0.54839695950807,-1.729886529283269
124.0,13.0,6.677628066850352,0.0,0.0515954239614691,0.1098802233154188,0.0,1.1310546518460212,5.0,0.46091728686776934,0.6879167729758275,-0.3332073836694201,1.7122007315159227,0.2387317351114412,-1.729886529283269
124.0,14.0,12.158493240700711,0.0,1.4007397768240861,1.4605869157271827,0.0,-0.5272342572339209,5.0,0.46091728686776934,2.1001089405256717,-1.0185753831070887,1.7122007315159227,-0.6279060760393714,-1.729886529283269
124.0,15.0,-2.5251811529900556,0.0,-1.269752385389416,-0.9688034715561533,0.0,1.6659908999874187,5.0,0.46091728686776934,-1.287030476035179,-1.0717912264755778,1.7122007315159227,1.3606524485300076,-1.729886529283269
124.0,16.0,15.823420188407795,0.0,1.2218940442222468,2.644662571362883,0.0,-1.1392006399734047,5.0,0.46091728686776934,0.7877388474751781,0.30352864140425806,1.7122007315159227,-0.6002595871471269,-1.729886529283269
124.0,17.0,2.349088759221809,0.0,-0.5641592631550605,-0.14797399044007342,0.0,0.14362323466274737,5.0,0.46091728686776934,0.7690422410009099,0.4482097786294262,1.7122007315159227,2.1873329930165766,-1.729886529283269
124.0,18.0,7.382892893587948,0.0,-0.09950666447689138,1.7831064116808175,0.0,-1.099550941702751,5.0,0.46091728686776934,0.3322025789501177,0.053004226730504145,1.7122007315159227,1.5326106261851893,-1.729886529283269
124.0,19.0,19.088242069846935,0.0,3.802425753284496,2.6476391007659448,0.0,0.9035164263616751,5.0,0.46091728686776934,-1.0083766082770078,0.9222674678797376,1.7122007315159227,-0.23570035910047687,-1.729886529283269
124.0,20.0,29.632196090843582,0.0,4.196215311059641,4.441662807864284,0.0,1.4837794887380855,5.0,0.46091728686776934,-0.11945260663065868,2.0500846856271444,1.7122007315159227,-1.0264209003067808,-1.729886529283269
124.0,21.0,14.196577975114048,0.0,1.3766376529038498,1.766839513657601,2.6284169621074964,1.9507210064011518,5.0,0.46091728686776934,-0.2803953351702467,-0.4910311660565353,1.7122007315159227,-0.710406563699301,-1.729886529283269
124.0,22.0,-8.050845370713045,0.0,-0.8778271016947468,-3.1987951468559546,-0.4916869814223137,0.7976006575895186,5.0,0.46091728686776934,0.5629895332204798,-2.3091688756408124,1.7122007315159227,0.2568837091565295,-1.729886529283269
124.0,23.0,20.159600693458433,0.0,4.331469322310969,2.249203797024012,3.99290910096881,1.8432662545778213,5.0,0.46091728686776934,-0.37243875610382904,1.0057385244622565,1.7122007315159227,-0.24669187846237361,-1.729886529283269
124.0,24.0,10.189522599873,0.0,1.200469150425166,0.6392745568892635,3.832304718046993,1.2464239086616464,5.0,0.46091728686776934,0.9769733866856207,-0.7092007625823926,1.7122007315159227,-0.3475425993977332,-1.729886529283269
124.0,25.0,4.974399290183526,0.0,-0.6073479562654005,0.053034148349753285,3.8728988203568093,-0.13187491182401517,5.0,0.46091728686776934,-0.37458085776701383,-0.688008616467358,1.7122007315159227,-0.9516185672650157,-1.729886529283269
124.0,26.0,16.45815477430448,0.0,1.1241415783178124,2.1698234337490545,6.836662040400748,0.47703723828470007,5.0,0.46091728686776934,1.052711465579332,1.0255713696966988,1.7122007315159227,-0.04502772480892027,-1.729886529283269
124.0,27.0,5.2095280408113,0.0,-0.4261923734110331,0.4419224093324208,6.019721353516551,-0.9719942114759335,5.0,0.46091728686776934,-1.0491770066660657,-0.2847730070510089,1.7122007315159227,-0.7849044694570758,-1.729886529283269
124.0,28.0,5.305619528745122,0.0,-2.177514867629388,0.8907793319440138,8.344005988229783,-0.18520216940099382,5.0,0.46091728686776934,-1.2601552447581124,-1.2207177122545356,1.7122007315159227,-1.6679419365881367,-1.729886529283269
124.0,29.0,12.54709140850478,0.0,2.72067006130358,-0.35489208971090846,9.185534561177572,1.2209637083488218,5.0,0.46091728686776934,3.2410399349424046,0.1813034797491502,1.7122007315159227,-0.38022652028776244,-1.729886529283269
124.0,30.0,5.22455894226036,0.0,-0.21690388548911277,0.5612295774667939,10.141199612995274,0.5412841434823501,5.0,0.46091728686776934,-0.4168575881604318,-0.13889136243904462,1.7122007315159227,0.918996609060766,-1.729886529283269
125.0,1.0,9.544526686990338,0.0,1.6412811804018337,0.6100370091672068,0.0,0.45735733162533,5.0,-0.6517023140614067,1.1313372134141755,0.2533185139947548,0.5393807102034329,0.005764185899886933,-0.08550589553237264
125.0,2.0,10.514748636444795,0.0,2.3600993108044026,2.1178213550723974,0.0,-1.0381310396872052,5.0,-0.6517023140614067,-1.460640070924822,-0.028546755348703018,0.5393807102034329,0.3852804011263305,-0.08550589553237264
125.0,3.0,2.1186224637967648,0.0,0.5025384469443288,-0.9587393566284357,0.0,-0.6045132303341167,5.0,-0.6517023140614067,0.7399475108773345,-0.04287045729131609,0.5393807102034329,-0.37066003179240936,-0.08550589553237264
125.0,4.0,14.001520202151985,0.0,1.823295602187165,2.0007765601552387,0.0,-0.7646060137535687,5.0,-0.6517023140614067,1.9091035692174834,1.3686022840144576,0.5393807102034329,0.644376548518833,-0.08550589553237264
125.0,5.0,6.686074073309232,0.0,1.3006986894891859,0.7295328675022706,0.0,0.39529587001349903,5.0,-0.6517023140614067,-1.4438931609717993,-0.22577098565926762,0.5393807102034329,-0.22048656181875062,-0.08550589553237264
125.0,6.0,15.777908868087064,0.0,2.1962039064085657,2.91084829771934,0.0,-0.9905076304665589,5.0,-0.6517023140614067,0.7017843353747109,1.5164706044295397,0.5393807102034329,0.3317819639156969,-0.08550589553237264
125.0,7.0,0.3482932655505184,0.0,-0.2384017884652736,-1.0440976476899841,0.0,0.5620413900990521,5.0,-0.6517023140614067,-0.262197489402468,-1.5487528042302212,0.5393807102034329,1.0968390131493477,-0.08550589553237264
125.0,8.0,7.052386123953797,0.0,2.238292521982093,0.9587458969105342,0.0,-1.116416411933542,5.0,-0.6517023140614067,-1.5721441591454877,0.5846137496360692,0.5393807102034329,0.43518149083380286,-0.08550589553237264
125.0,9.0,11.879199029934014,0.0,1.6559217275434528,1.8221477166628681,0.0,1.8285304581353643,5.0,-0.6517023140614067,-1.5146676537817514,0.12385424384461378,0.5393807102034329,-0.32593158553122675,-0.08550589553237264
125.0,10.0,10.630883113086721,0.0,1.1753291507957884,2.076652069315778,0.0,0.4605913494781038,5.0,-0.6517023140614067,-1.6015361735745934,0.21594156874397272,0.5393807102034329,1.1488076184510938,-0.08550589553237264
125.0,11.0,9.149486447585991,0.0,0.29428351594595403,1.8729985344038775,0.0,-0.7010036122532697,5.0,-0.6517023140614067,-0.530906522170303,0.3796394827598821,0.5393807102034329,0.9935038559621194,-0.08550589553237264
125.0,12.0,8.173076609829256,0.0,1.5994032988260911,1.2546400105263835,0.0,0.2410459325012233,5.0,-0.6517023140614067,-1.4617555849958999,-0.5023234531093023,0.5393807102034329,0.54839695950807,-0.08550589553237264
125.0,13.0,4.8646391214776745,0.0,2.4173001444176005,-0.6787612255250166,0.0,-0.35245319922795615,5.0,-0.6517023140614067,0.6879167729758275,-0.3332073836694201,0.5393807102034329,0.2387317351114412,-0.08550589553237264
125.0,14.0,12.07352130009128,0.0,1.83451071117347,1.3050554149626523,0.0,0.371147959759657,5.0,-0.6517023140614067,2.1001089405256717,-1.0185753831070887,0.5393807102034329,-0.6279060760393714,-0.08550589553237264
125.0,15.0,7.484156765396552,0.0,1.7110949164536704,1.0542364131084154,0.0,0.2435327187603004,5.0,-0.6517023140614067,-1.287030476035179,-1.0717912264755778,0.5393807102034329,1.3606524485300076,-0.08550589553237264
125.0,16.0,2.9969395882934444,0.0,0.6636725124390851,-0.6678995042055191,0.0,-1.0141141726614744,5.0,-0.6517023140614067,0.7877388474751781,0.30352864140425806,0.5393807102034329,-0.6002595871471269,-0.08550589553237264
125.0,17.0,10.527920251455848,0.0,1.2683703982496546,1.626265987588095,0.0,-0.79131387881947,5.0,-0.6517023140614067,0.7690422410009099,0.4482097786294262,0.5393807102034329,2.1873329930165766,-0.08550589553237264
125.0,18.0,12.985828784534984,0.0,0.8709587669924317,2.4124112848503296,0.0,0.2995936847395636,5.0,-0.6517023140614067,0.3322025789501177,0.053004226730504145,0.5393807102034329,1.5326106261851893,-0.08550589553237264
125.0,19.0,13.371900950623463,0.0,1.132216137927419,2.2477015913927376,0.0,1.6390519087515616,5.0,-0.6517023140614067,-1.0083766082770078,0.9222674678797376,0.5393807102034329,-0.23570035910047687,-0.08550589553237264
125.0,20.0,13.186954973969815,0.0,2.6753408572435537,1.3348702855875922,0.0,1.0846170086709221,5.0,-0.6517023140614067,-0.11945260663065868,2.0500846856271444,0.5393807102034329,-1.0264209003067808,-0.08550589553237264
125.0,21.0,9.062617651255469,0.0,0.9674516299352578,1.6186466446094554,-0.8520974027794184,-0.6245674736180938,5.0,-0.6517023140614067,-0.2803953351702467,-0.4910311660565353,0.5393807102034329,-0.710406563699301,-0.08550589553237264
125.0,22.0,1.2890905463218736,0.0,-1.8897062841190628,-0.4303090235479068,2.162420018098686,0.8259229016474942,5.0,-0.6517023140614067,0.5629895332204798,-2.3091688756408124,0.5393807102034329,0.2568837091565295,-0.08550589553237264
125.0,23.0,10.116210013071058,0.0,-0.2755724798507715,1.9669741154171536,2.506821037168756,-0.04856835275628854,5.0,-0.6517023140614067,-0.37243875610382904,1.0057385244622565,0.5393807102034329,-0.24669187846237361,-0.08550589553237264
125.0,24.0,10.728043377323093,0.0,0.6500426345377037,1.6014094294147085,3.29621493346257,0.3013136517184046,5.0,-0.6517023140614067,0.9769733866856207,-0.7092007625823926,0.5393807102034329,-0.3475425993977332,-0.08550589553237264
125.0,25.0,7.500804228301324,0.0,0.7086358658272026,0.9492732073143328,3.8163792936514627,0.2603614907365583,5.0,-0.6517023140614067,-0.37458085776701383,-0.688008616467358,0.5393807102034329,-0.9516185672650157,-0.08550589553237264
125.0,26.0,10.816366035578035,0.0,-0.6703579523031398,0.9844138409849906,4.861301817966097,2.575449763723391,5.0,-0.6517023140614067,1.052711465579332,1.0255713696966988,0.5393807102034329,-0.04502772480892027,-0.08550589553237264
125.0,27.0,6.882067759814921,0.0,-0.013641444882188658,1.6227881477444859,6.15439653146913,-1.1852888105872244,5.0,-0.6517023140614067,-1.0491770066660657,-0.2847730070510089,0.5393807102034329,-0.7849044694570758,-0.08550589553237264
125.0,28.0,7.666690722238982,0.0,0.16095858434888444,1.6108275184355176,9.246990408075037,0.10091985901285687,5.0,-0.6517023140614067,-1.2601552447581124,-1.2207177122545356,0.5393807102034329,-1.6679419365881367,-0.08550589553237264
125.0,29.0,9.129418347219849,0.0,2.5906754631054945,0.19969311413638602,9.695165011889777,-1.7799772879676157,5.0,-0.6517023140614067,3.2410399349424046,0.1813034797491502,0.5393807102034329,-0.38022652028776244,-0.08550589553237264
125.0,30.0,6.735319504862118,0.0,-0.7811211878803119,1.049553207255986,10.27483248030804,0.5898359229587584,5.0,-0.6517023140614067,-0.4168575881604318,-0.13889136243904462,0.5393807102034329,0.918996609060766,-0.08550589553237264
126.0,1.0,14.305476578636494,0.0,-0.16376443012538644,2.095338319530989,0.0,1.0966084717214049,5.0,0.777879074080563,1.1313372134141755,0.2533185139947548,0.7223707315852903,0.005764185899886933,-0.969536621959105
126.0,2.0,5.053692090574264,0.0,-0.24999730794762054,-0.02168234885810305,0.0,1.4456622411011533,5.0,0.777879074080563,-1.460640070924822,-0.028546755348703018,0.7223707315852903,0.3852804011263305,-0.969536621959105
126.0,3.0,3.934453957989578,0.0,1.1744220395456377,-0.7203498420663932,0.0,-1.9251452518371208,5.0,0.777879074080563,0.7399475108773345,-0.04287045729131609,0.7223707315852903,-0.37066003179240936,-0.969536621959105
126.0,4.0,13.803981911248112,0.0,1.954238242470225,1.1286999857512017,0.0,0.4127694971940302,5.0,0.777879074080563,1.9091035692174834,1.3686022840144576,0.7223707315852903,0.644376548518833,-0.969536621959105
126.0,5.0,12.264750860470315,0.0,0.531294631362505,1.9184736401212277,0.0,1.5933699513836517,5.0,0.777879074080563,-1.4438931609717993,-0.22577098565926762,0.7223707315852903,-0.22048656181875062,-0.969536621959105
126.0,6.0,8.290200284486742,0.0,0.17483258925665546,0.42531364446318165,0.0,-0.414015863042303,5.0,0.777879074080563,0.7017843353747109,1.5164706044295397,0.7223707315852903,0.3317819639156969,-0.969536621959105
126.0,7.0,0.6823895988398649,0.0,-0.896421981167157,-0.5141733949035974,0.0,-0.21215053208194942,5.0,0.777879074080563,-0.262197489402468,-1.5487528042302212,0.7223707315852903,1.0968390131493477,-0.969536621959105
126.0,8.0,11.268281698988279,0.0,0.6328630855967765,2.155279150401291,0.0,-0.03653722220474125,5.0,0.777879074080563,-1.5721441591454877,0.5846137496360692,0.7223707315852903,0.43518149083380286,-0.969536621959105
126.0,9.0,9.333601885554978,0.0,0.8878435521487228,1.1373522908375706,0.0,0.3650187514330356,5.0,0.777879074080563,-1.5146676537817514,0.12385424384461378,0.7223707315852903,-0.32593158553122675,-0.969536621959105
126.0,10.0,10.409264851167814,0.0,2.423370410996639,1.3674042841999785,0.0,0.6651598757459689,5.0,0.777879074080563,-1.6015361735745934,0.21594156874397272,0.7223707315852903,1.1488076184510938,-0.969536621959105
126.0,11.0,13.818947069140165,0.0,0.26022487089258006,2.5609755613795953,0.0,1.317820883711482,5.0,0.777879074080563,-0.530906522170303,0.3796394827598821,0.7223707315852903,0.9935038559621194,-0.969536621959105
126.0,12.0,8.114457466381433,0.0,0.5787139611803723,1.403220767496835,0.0,-0.09548759044499239,5.0,0.777879074080563,-1.4617555849958999,-0.5023234531093023,0.7223707315852903,0.54839695950807,-0.969536621959105
126.0,13.0,9.972130701812173,0.0,-0.02688793712250037,1.2697010559770316,0.0,0.1962780454724688,5.0,0.777879074080563,0.6879167729758275,-0.3332073836694201,0.7223707315852903,0.2387317351114412,-0.969536621959105
126.0,14.0,12.324036591417896,0.0,-0.7771452408235004,0.9540690164042421,0.0,2.4879978772214617,5.0,0.777879074080563,2.1001089405256717,-1.0185753831070887,0.7223707315852903,-0.6279060760393714,-0.969536621959105
126.0,15.0,-0.1559580281522761,0.0,0.5996552352967408,-1.1947092662084549,0.0,0.4310989281149912,5.0,0.777879074080563,-1.287030476035179,-1.0717912264755778,0.7223707315852903,1.3606524485300076,-0.969536621959105
126.0,16.0,14.081137772944217,0.0,0.21401404090281972,2.1038396139954494,0.0,0.18875310932983336,5.0,0.777879074080563,0.7877388474751781,0.30352864140425806,0.7223707315852903,-0.6002595871471269,-0.969536621959105
126.0,17.0,10.56380667993816,0.0,3.433840502211856,1.2407379344616833,0.0,-1.3422431252834488,5.0,0.777879074080563,0.7690422410009099,0.4482097786294262,0.7223707315852903,2.1873329930165766,-0.969536621959105
126.0,18.0,8.411911522089595,0.0,0.7033584648377893,1.0144162612828962,0.0,0.002856047622226594,5.0,0.777879074080563,0.3322025789501177,0.053004226730504145,0.7223707315852903,1.5326106261851893,-0.969536621959105
126.0,19.0,11.903649604784922,0.0,1.6174734584032497,1.6144202260995253,0.0,-0.22132615316688106,5.0,0.777879074080563,-1.0083766082770078,0.9222674678797376,0.7223707315852903,-0.23570035910047687,-0.969536621959105
126.0,20.0,13.972411151952583,0.0,2.3656161760057466,1.1611135039154559,0.0,-0.011045829809373778,5.0,0.777879074080563,-0.11945260663065868,2.0500846856271444,0.7223707315852903,-1.0264209003067808,-0.969536621959105
126.0,21.0,10.780065185473218,0.0,2.6485239536732252,0.9584721656098947,2.716485272649819,-0.5754176412711666,5.0,0.777879074080563,-0.2803953351702467,-0.4910311660565353,0.7223707315852903,-0.710406563699301,-0.969536621959105
126.0,22.0,6.031994773069046,0.0,0.1304972593577901,0.7215262441718322,3.6120811973651215,-0.6868156524427007,5.0,0.777879074080563,0.5629895332204798,-2.3091688756408124,0.7223707315852903,0.2568837091565295,-0.969536621959105
126.0,23.0,10.007496571116208,0.0,1.3598259872627818,0.999103671162783,3.9029607681008294,-0.7207736318201219,5.0,0.777879074080563,-0.37243875610382904,1.0057385244622565,0.7223707315852903,-0.24669187846237361,-0.969536621959105
126.0,24.0,2.1416493562698045,0.0,-0.5798424176495827,-1.2145018585154994,2.8165580137581903,-0.2145045153997742,5.0,0.777879074080563,0.9769733866856207,-0.7092007625823926,0.7223707315852903,-0.3475425993977332,-0.969536621959105
126.0,25.0,14.636888930531878,0.0,-0.2976101475014019,2.5791454834019754,6.433080023909366,1.3681326480286269,5.0,0.777879074080563,-0.37458085776701383,-0.688008616467358,0.7223707315852903,-0.9516185672650157,-0.969536621959105
126.0,26.0,12.488728111516483,0.0,0.7906045177044195,1.0113158862554545,5.797873364515622,1.0490866265593277,5.0,0.777879074080563,1.052711465579332,1.0255713696966988,0.7223707315852903,-0.04502772480892027,-0.969536621959105
126.0,27.0,13.353747642841508,0.0,2.1633785604772524,2.088786730151326,6.757328702082496,-0.3599751179430565,5.0,0.777879074080563,-1.0491770066660657,-0.2847730070510089,0.7223707315852903,-0.7849044694570758,-0.969536621959105
126.0,28.0,7.585120803104241,0.0,0.39472206140655497,1.2077571076502718,8.237540119595662,-1.68591645453874,5.0,0.777879074080563,-1.2601552447581124,-1.2207177122545356,0.7223707315852903,-1.6679419365881367,-0.969536621959105
126.0,29.0,17.443091917724672,0.0,0.38108507627427524,2.7960197991996565,9.0629377155423,-0.8445834285359536,5.0,0.777879074080563,3.2410399349424046,0.1813034797491502,0.7223707315852903,-0.38022652028776244,-0.969536621959105
126.0,30.0,7.127992264056025,0.0,1.4296283554239417,0.5954782929963589,9.506119946445105,-0.4577605332405078,5.0,0.777879074080563,-0.4168575881604318,-0.13889136243904462,0.7223707315852903,0.918996609060766,-0.969536621959105
127.0,1.0,10.432950321723318,0.0,2.3621655968438144,0.7165410496486558,0.0,0.1036380042283041,5.0,-0.3500827166106508,1.1313372134141755,0.2533185139947548,0.15264918737530708,0.005764185899886933,-0.4163277257867928
127.0,2.0,10.62768584092165,0.0,0.24635201667155548,2.6731414798945705,0.0,-0.6626072757008146,5.0,-0.3500827166106508,-1.460640070924822,-0.028546755348703018,0.15264918737530708,0.3852804011263305,-0.4163277257867928
127.0,3.0,17.187309106584216,0.0,0.45965115288795655,3.0611135203298065,0.0,2.00668069083189,5.0,-0.3500827166106508,0.7399475108773345,-0.04287045729131609,0.15264918737530708,-0.37066003179240936,-0.4163277257867928
127.0,4.0,13.158827050586655,0.0,1.7529313620040405,1.7261660556315088,0.0,-0.27226753441835105,5.0,-0.3500827166106508,1.9091035692174834,1.3686022840144576,0.15264918737530708,0.644376548518833,-0.4163277257867928
127.0,5.0,5.958833000387111,0.0,0.8463369976690271,1.0210284797284346,0.0,-1.2139444702395097,5.0,-0.3500827166106508,-1.4438931609717993,-0.22577098565926762,0.15264918737530708,-0.22048656181875062,-0.4163277257867928
127.0,6.0,13.708502782625079,0.0,1.849188966443521,2.1851719932498,0.0,-0.14126175728251325,5.0,-0.3500827166106508,0.7017843353747109,1.5164706044295397,0.15264918737530708,0.3317819639156969,-0.4163277257867928
127.0,7.0,4.284157290714936,0.0,2.1887702689435065,-0.19796494723745628,0.0,-1.0053775815934138,5.0,-0.3500827166106508,-0.262197489402468,-1.5487528042302212,0.15264918737530708,1.0968390131493477,-0.4163277257867928
127.0,8.0,9.147325516900032,0.0,1.082673968107149,1.6408866746155535,0.0,0.15615570727532643,5.0,-0.3500827166106508,-1.5721441591454877,0.5846137496360692,0.15264918737530708,0.43518149083380286,-0.4163277257867928
127.0,9.0,4.11739090596947,0.0,0.6801590651623141,-0.02875066944415794,0.0,0.23363361408986943,5.0,-0.3500827166106508,-1.5146676537817514,0.12385424384461378,0.15264918737530708,-0.32593158553122675,-0.4163277257867928
127.0,10.0,6.76206351338338,0.0,1.538023544006867,0.755129468700114,0.0,0.3555876116283844,5.0,-0.3500827166106508,-1.6015361735745934,0.21594156874397272,0.15264918737530708,1.1488076184510938,-0.4163277257867928
127.0,11.0,8.874908747037678,0.0,1.0501858991505466,1.8944139627221799,0.0,-1.6218582591242146,5.0,-0.3500827166106508,-0.530906522170303,0.3796394827598821,0.15264918737530708,0.9935038559621194,-0.4163277257867928
127.0,12.0,4.615196410666837,0.0,1.4208677405810661,0.030149268872917356,0.0,0.22071129097064884,5.0,-0.3500827166106508,-1.4617555849958999,-0.5023234531093023,0.15264918737530708,0.54839695950807,-0.4163277257867928
127.0,13.0,11.167977239321417,0.0,0.6113630634890421,1.68619483854074,0.0,0.31045008054164597,5.0,-0.3500827166106508,0.6879167729758275,-0.3332073836694201,0.15264918737530708,0.2387317351114412,-0.4163277257867928
127.0,14.0,9.68660768471215,0.0,1.0189477170783166,1.077604062363303,0.0,-1.4211084475044877,5.0,-0.3500827166106508,2.1001089405256717,-1.0185753831070887,0.15264918737530708,-0.6279060760393714,-0.4163277257867928
127.0,15.0,8.890665831987185,0.0,-0.9224877362772608,2.074995506806691,0.0,0.9553656397304111,5.0,-0.3500827166106508,-1.287030476035179,-1.0717912264755778,0.15264918737530708,1.3606524485300076,-0.4163277257867928
127.0,16.0,17.061024479934623,0.0,1.0219203418918898,3.1736796729432317,0.0,0.7841708790943376,5.0,-0.3500827166106508,0.7877388474751781,0.30352864140425806,0.15264918737530708,-0.6002595871471269,-0.4163277257867928
127.0,17.0,9.32141432266523,0.0,0.6556358150051643,0.5964760447183076,0.0,2.2996193611544453,5.0,-0.3500827166106508,0.7690422410009099,0.4482097786294262,0.15264918737530708,2.1873329930165766,-0.4163277257867928
127.0,18.0,8.552201353376544,0.0,-0.17504711908071857,1.406134289040184,0.0,0.156702987375728,5.0,-0.3500827166106508,0.3322025789501177,0.053004226730504145,0.15264918737530708,1.5326106261851893,-0.4163277257867928
127.0,19.0,13.090820830406594,0.0,0.8121089217478941,2.783841910680801,0.0,0.04673352751800071,5.0,-0.3500827166106508,-1.0083766082770078,0.9222674678797376,0.15264918737530708,-0.23570035910047687,-0.4163277257867928
127.0,20.0,12.57698070766147,0.0,1.9321268773682774,1.7591773596719216,0.0,0.09658583408243634,5.0,-0.3500827166106508,-0.11945260663065868,2.0500846856271444,0.15264918737530708,-1.0264209003067808,-0.4163277257867928
127.0,21.0,5.767495192736892,0.0,0.8364671172658636,0.09031115192572114,1.6848694750415585,0.06976623090030058,5.0,-0.3500827166106508,-0.2803953351702467,-0.4910311660565353,0.15264918737530708,-0.710406563699301,-0.4163277257867928
127.0,22.0,1.370919994240591,0.0,0.8847725548953165,-0.8062820130410506,1.5179575095690896,-1.8484727753376669,5.0,-0.3500827166106508,0.5629895332204798,-2.3091688756408124,0.15264918737530708,0.2568837091565295,-0.4163277257867928
127.0,23.0,13.01264124061766,0.0,2.1928561886514037,2.652401248707154,2.435204832648327,-1.6711270586422435,5.0,-0.3500827166106508,-0.37243875610382904,1.0057385244622565,0.15264918737530708,-0.24669187846237361,-0.4163277257867928
127.0,24.0,16.96516704945354,0.0,1.516574904593525,3.287602580549705,3.745706592495274,-0.07753896679120335,5.0,-0.3500827166106508,0.9769733866856207,-0.7092007625823926,0.15264918737530708,-0.3475425993977332,-0.4163277257867928
127.0,25.0,3.1980570105488293,0.0,0.34526501184617664,-0.37754609468938805,4.240317128743094,-0.5810673805664984,5.0,-0.3500827166106508,-0.37458085776701383,-0.688008616467358,0.15264918737530708,-0.9516185672650157,-0.4163277257867928
127.0,26.0,10.003582873851542,0.0,-0.061290458214666055,1.3774030438644895,6.153682006360345,0.054736525057425274,5.0,-0.3500827166106508,1.052711465579332,1.0255713696966988,0.15264918737530708,-0.04502772480892027,-0.4163277257867928
127.0,27.0,0.02155485563635695,0.0,0.527979588665843,-0.7597545870361442,6.902746501586071,-2.1112083732605313,5.0,-0.3500827166106508,-1.0491770066660657,-0.2847730070510089,0.15264918737530708,-0.7849044694570758,-0.4163277257867928
127.0,28.0,5.64160137154517,0.0,1.6356053429042057,0.5356211127075421,7.704099423628767,-1.4986982545267578,5.0,-0.3500827166106508,-1.2601552447581124,-1.2207177122545356,0.15264918737530708,-1.6679419365881367,-0.4163277257867928
127.0,29.0,9.84178025525964,0.0,0.8558605760180301,0.6701570761737814,9.463791381562935,-1.1014834389387425,5.0,-0.3500827166106508,3.2410399349424046,0.1813034797491502,0.15264918737530708,-0.38022652028776244,-0.4163277257867928
127.0,30.0,6.850676849095678,0.0,-0.7100876849254654,0.9151506798659306,8.175169061616854,0.9860582210602473,5.0,-0.3500827166106508,-0.4168575881604318,-0.13889136243904462,0.15264918737530708,0.918996609060766,-0.4163277257867928
128.0,1.0,21.06513250496417,0.0,1.7777775264102758,4.181248694345172,0.0,-1.0984900070901165,5.0,1.6258983018938564,1.1313372134141755,0.2533185139947548,0.3261175250834065,0.005764185899886933,0.3906502145830242
128.0,2.0,5.948624360664386,0.0,1.6207947941399623,-0.05970499501307769,0.0,-0.7995139535765308,5.0,1.6258983018938564,-1.460640070924822,-0.028546755348703018,0.3261175250834065,0.3852804011263305,0.3906502145830242
128.0,3.0,12.168356046790844,0.0,0.595816343259445,1.4285331001580828,0.0,0.07987381867405269,5.0,1.6258983018938564,0.7399475108773345,-0.04287045729131609,0.3261175250834065,-0.37066003179240936,0.3906502145830242
128.0,4.0,22.707489814388346,0.0,2.2048236592246546,3.864119873080006,0.0,-0.32274636182510885,5.0,1.6258983018938564,1.9091035692174834,1.3686022840144576,0.3261175250834065,0.644376548518833,0.3906502145830242
128.0,5.0,8.65596955777814,0.0,2.357134718709431,0.37672450574823335,0.0,0.14641717866796228,5.0,1.6258983018938564,-1.4438931609717993,-0.22577098565926762,0.3261175250834065,-0.22048656181875062,0.3906502145830242
128.0,6.0,16.911407888932434,0.0,3.252530338648128,1.1339915317311013,0.0,2.3050619820456917,5.0,1.6258983018938564,0.7017843353747109,1.5164706044295397,0.3261175250834065,0.3317819639156969,0.3906502145830242
128.0,7.0,8.96279747071552,0.0,0.5716190757850707,1.0762254297763392,0.0,-1.1246036712582366,5.0,1.6258983018938564,-0.262197489402468,-1.5487528042302212,0.3261175250834065,1.0968390131493477,0.3906502145830242
128.0,8.0,15.479136050515706,0.0,1.625133872861047,2.915020380959421,0.0,-0.3054696399098045,5.0,1.6258983018938564,-1.5721441591454877,0.5846137496360692,0.3261175250834065,0.43518149083380286,0.3906502145830242
128.0,9.0,6.364895317138539,0.0,-0.3688836476160249,0.742080656913223,0.0,-0.516759449743733,5.0,1.6258983018938564,-1.5146676537817514,0.12385424384461378,0.3261175250834065,-0.32593158553122675,0.3906502145830242
128.0,10.0,10.370760161581273,0.0,1.0522280420586034,0.7541900972490025,0.0,1.512395426832454,5.0,1.6258983018938564,-1.6015361735745934,0.21594156874397272,0.3261175250834065,1.1488076184510938,0.3906502145830242
128.0,11.0,15.17106270725134,0.0,3.7866779585934185,1.8489861029207943,0.0,-0.7694849228902776,5.0,1.6258983018938564,-0.530906522170303,0.3796394827598821,0.3261175250834065,0.9935038559621194,0.3906502145830242
128.0,12.0,5.4406936661336225,0.0,2.713927451321825,-0.8019015022998635,0.0,-0.08208690377571831,5.0,1.6258983018938564,-1.4617555849958999,-0.5023234531093023,0.3261175250834065,0.54839695950807,0.3906502145830242
128.0,13.0,8.021408200798227,0.0,0.9186162156176163,-0.32758418008635126,0.0,0.7871336143227076,5.0,1.6258983018938564,0.6879167729758275,-0.3332073836694201,0.3261175250834065,0.2387317351114412,0.3906502145830242
128.0,14.0,11.57222545678362,0.0,-0.21362703836904662,1.5653009050246904,0.0,-1.0585905359483998,5.0,1.6258983018938564,2.1001089405256717,-1.0185753831070887,0.3261175250834065,-0.6279060760393714,0.3906502145830242
128.0,15.0,12.555523835900814,0.0,-0.024211422334766697,1.8012274492760176,0.0,1.6551758157420098,5.0,1.6258983018938564,-1.287030476035179,-1.0717912264755778,0.3261175250834065,1.3606524485300076,0.3906502145830242
128.0,16.0,7.706982341045049,0.0,3.1633082886456574,-1.136739995082011,0.0,0.675762415474246,5.0,1.6258983018938564,0.7877388474751781,0.30352864140425806,0.3261175250834065,-0.6002595871471269,0.3906502145830242
128.0,17.0,18.64247644161791,0.0,2.4530329360722143,2.9560194684566725,0.0,-1.0742066095303544,5.0,1.6258983018938564,0.7690422410009099,0.4482097786294262,0.3261175250834065,2.1873329930165766,0.3906502145830242
128.0,18.0,8.054727147465304,0.0,1.2896468773943035,-0.42119956568749695,0.0,0.45457780905773804,5.0,1.6258983018938564,0.3322025789501177,0.053004226730504145,0.3261175250834065,1.5326106261851893,0.3906502145830242
128.0,19.0,11.17078416593535,0.0,2.5332466441776686,1.0082105943813064,0.0,-0.21330714323306832,5.0,1.6258983018938564,-1.0083766082770078,0.9222674678797376,0.3261175250834065,-0.23570035910047687,0.3906502145830242
128.0,20.0,13.16178318705389,0.0,0.4693205478531708,1.8683970576708047,0.0,0.3132287719943345,5.0,1.6258983018938564,-0.11945260663065868,2.0500846856271444,0.3261175250834065,-1.0264209003067808,0.3906502145830242
128.0,21.0,4.8990351815607704,0.0,1.3865695275023524,-0.7684692568286771,1.252441911929357,-0.08997519701566341,5.0,1.6258983018938564,-0.2803953351702467,-0.4910311660565353,0.3261175250834065,-0.710406563699301,0.3906502145830242
128.0,22.0,14.209122911555948,0.0,1.7806365642247692,1.607263746019077,2.901248254480784,1.0705160367783437,5.0,1.6258983018938564,0.5629895332204798,-2.3091688756408124,0.3261175250834065,0.2568837091565295,0.3906502145830242
128.0,23.0,14.506376925631631,0.0,1.2745927984056402,2.699268747972615,3.8804406898562593,-1.3511003857033341,5.0,1.6258983018938564,-0.37243875610382904,1.0057385244622565,0.3261175250834065,-0.24669187846237361,0.3906502145830242
128.0,24.0,9.065841354288622,0.0,2.182761844048895,0.05662496912275594,6.231770098829847,-0.5226166971959159,5.0,1.6258983018938564,0.9769733866856207,-0.7092007625823926,0.3261175250834065,-0.3475425993977332,0.3906502145830242
128.0,25.0,11.295519489137114,0.0,1.1127757380219327,1.5922462164951328,4.360165169631198,-0.24919067775539916,5.0,1.6258983018938564,-0.37458085776701383,-0.688008616467358,0.3261175250834065,-0.9516185672650157,0.3906502145830242
128.0,26.0,13.241564257545457,0.0,0.9039535805201421,1.7793109759601209,5.019896345508843,-0.9957987248513333,5.0,1.6258983018938564,1.052711465579332,1.0255713696966988,0.3261175250834065,-0.04502772480892027,0.3906502145830242
128.0,27.0,9.51003111389735,0.0,1.2863390182917398,1.3621394706115428,7.326097975989528,-1.039955043766194,5.0,1.6258983018938564,-1.0491770066660657,-0.2847730070510089,0.3261175250834065,-0.7849044694570758,0.3906502145830242
128.0,28.0,5.3353310010415695,0.0,-0.7723271608760429,0.6031915533148793,6.314737604966654,-0.017980240576662608,5.0,1.6258983018938564,-1.2601552447581124,-1.2207177122545356,0.3261175250834065,-1.6679419365881367,0.3906502145830242
128.0,29.0,9.59792246157342,0.0,0.5507724527341347,-0.19940125516815788,10.210691571985606,-0.13217513285673463,5.0,1.6258983018938564,3.2410399349424046,0.1813034797491502,0.3261175250834065,-0.38022652028776244,0.3906502145830242
128.0,30.0,4.793760728989939,0.0,2.3054585107679837,-0.4950356786392045,8.952886409372573,-2.549342774750432,5.0,1.6258983018938564,-0.4168575881604318,-0.13889136243904462,0.3261175250834065,0.918996609060766,0.3906502145830242
129.0,1.0,17.38277832376885,0.0,0.18422146432433062,2.8651689240339584,0.0,1.0405734557193764,5.0,1.6191154505641183,1.1313372134141755,0.2533185139947548,-0.730372094574053,0.005764185899886933,-0.5133871019580039
129.0,2.0,8.660073270482291,0.0,0.6653421158854732,0.9211594246834902,0.0,0.24972573598519018,5.0,1.6191154505641183,-1.460640070924822,-0.028546755348703018,-0.730372094574053,0.3852804011263305,-0.5133871019580039
129.0,3.0,14.928725921475102,0.0,1.7154874074908084,1.0721215713912473,0.0,2.4162073731483287,5.0,1.6191154505641183,0.7399475108773345,-0.04287045729131609,-0.730372094574053,-0.37066003179240936,-0.5133871019580039
129.0,4.0,5.206940366456301,0.0,-0.6784772494123765,-0.6658653721119214,0.0,0.6851982380510969,5.0,1.6191154505641183,1.9091035692174834,1.3686022840144576,-0.730372094574053,0.644376548518833,-0.5133871019580039
129.0,5.0,12.865464983570995,0.0,2.3118355738109253,1.8490915481489743,0.0,-0.4469593089619924,5.0,1.6191154505641183,-1.4438931609717993,-0.22577098565926762,-0.730372094574053,-0.22048656181875062,-0.5133871019580039
129.0,6.0,18.44940897159666,0.0,2.5541186066193995,2.3516399415780445,0.0,2.797391146958096,5.0,1.6191154505641183,0.7017843353747109,1.5164706044295397,-0.730372094574053,0.3317819639156969,-0.5133871019580039
129.0,7.0,18.39575104313628,0.0,1.4745944168039986,2.3879832713090923,0.0,2.8322260239155073,5.0,1.6191154505641183,-0.262197489402468,-1.5487528042302212,-0.730372094574053,1.0968390131493477,-0.5133871019580039
129.0,8.0,0.0041392251995633345,0.0,1.0407391184995691,-1.4048190783950139,0.0,-1.2187118162901793,5.0,1.6191154505641183,-1.5721441591454877,0.5846137496360692,-0.730372094574053,0.43518149083380286,-0.5133871019580039
129.0,9.0,4.740305716827347,0.0,0.18055389206899297,-0.36353243887107145,0.0,0.469031955955424,5.0,1.6191154505641183,-1.5146676537817514,0.12385424384461378,-0.730372094574053,-0.32593158553122675,-0.5133871019580039
129.0,10.0,7.469156437778904,0.0,1.1474585555852745,0.7542887445497597,0.0,-0.21124691863215003,5.0,1.6191154505641183,-1.6015361735745934,0.21594156874397272,-0.730372094574053,1.1488076184510938,-0.5133871019580039
129.0,11.0,9.631193996882818,0.0,0.13669879114255257,1.335521760131759,0.0,0.18705114655401242,5.0,1.6191154505641183,-0.530906522170303,0.3796394827598821,-0.730372094574053,0.9935038559621194,-0.5133871019580039
129.0,12.0,7.099750492935109,0.0,1.0314199491366358,0.19936161427491916,0.0,0.22754272856881386,5.0,1.6191154505641183,-1.4617555849958999,-0.5023234531093023,-0.730372094574053,0.54839695950807,-0.5133871019580039
129.0,13.0,5.80703374481938,0.0,0.03921707103831573,-0.13270622266457854,0.0,-1.2619004628690522,5.0,1.6191154505641183,0.6879167729758275,-0.3332073836694201,-0.730372094574053,0.2387317351114412,-0.5133871019580039
129.0,14.0,14.791228660855367,0.0,1.5989925804714538,1.040374730776798,0.0,0.28558958024256154,5.0,1.6191154505641183,2.1001089405256717,-1.0185753831070887,-0.730372094574053,-0.6279060760393714,-0.5133871019580039
129.0,15.0,8.242668706446747,0.0,1.494776840196368,-0.13923515237484518,0.0,1.749247363141796,5.0,1.6191154505641183,-1.287030476035179,-1.0717912264755778,-0.730372094574053,1.3606524485300076,-0.5133871019580039
129.0,16.0,17.335216106840935,0.0,1.9011148126237591,2.701620106676785,0.0,-0.1640900041348027,5.0,1.6191154505641183,0.7877388474751781,0.30352864140425806,-0.730372094574053,-0.6002595871471269,-0.5133871019580039
129.0,17.0,4.771812685326013,0.0,2.6050013756436265,-1.2027037366853777,0.0,-0.1629267106984538,5.0,1.6191154505641183,0.7690422410009099,0.4482097786294262,-0.730372094574053,2.1873329930165766,-0.5133871019580039
129.0,18.0,11.095074472099457,0.0,0.026254411523916943,1.1814884535431767,0.0,1.3985720063374665,5.0,1.6191154505641183,0.3322025789501177,0.053004226730504145,-0.730372094574053,1.5326106261851893,-0.5133871019580039
129.0,19.0,3.2713719733027844,0.0,1.550594821297262,-1.4119216776602528,0.0,0.8983962406829482,5.0,1.6191154505641183,-1.0083766082770078,0.9222674678797376,-0.730372094574053,-0.23570035910047687,-0.5133871019580039
129.0,20.0,2.809716232187335,0.0,-0.9674779971471648,-0.03453346723987072,0.0,-1.648494818381285,5.0,1.6191154505641183,-0.11945260663065868,2.0500846856271444,-0.730372094574053,-1.0264209003067808,-0.5133871019580039
129.0,21.0,14.287655340803134,0.0,0.2928915238816928,2.234712566687335,1.4385467757008663,0.22855697326218688,5.0,1.6191154505641183,-0.2803953351702467,-0.4910311660565353,-0.730372094574053,-0.710406563699301,-0.5133871019580039
129.0,22.0,18.514395439347464,0.0,1.8987914565758286,2.075093346288802,1.6621948115874796,1.6535472346777336,5.0,1.6191154505641183,0.5629895332204798,-2.3091688756408124,-0.730372094574053,0.2568837091565295,-0.5133871019580039
129.0,23.0,4.415524626743611,0.0,-0.16352475007457246,-0.8249962478054353,0.6205236142562152,1.4152763499191425,5.0,1.6191154505641183,-0.37243875610382904,1.0057385244622565,-0.730372094574053,-0.24669187846237361,-0.5133871019580039
129.0,24.0,7.722097476603763,0.0,1.118717227426144,-0.7030215087463072,4.259344892403064,0.41995160381422986,5.0,1.6191154505641183,0.9769733866856207,-0.7092007625823926,-0.730372094574053,-0.3475425993977332,-0.5133871019580039
129.0,25.0,10.329394823108242,0.0,-0.12576579260544163,0.8327847410306035,3.896995317222326,0.7212208071128939,5.0,1.6191154505641183,-0.37458085776701383,-0.688008616467358,-0.730372094574053,-0.9516185672650157,-0.5133871019580039
129.0,26.0,4.8045993631372035,0.0,0.20087937983729875,-0.38174655479390607,6.922301059107954,-1.1969352121886836,5.0,1.6191154505641183,1.052711465579332,1.0255713696966988,-0.730372094574053,-0.04502772480892027,-0.5133871019580039
129.0,27.0,10.565997021354537,0.0,0.6863189495531271,1.132885990831845,4.548508990355977,0.3001315668813733,5.0,1.6191154505641183,-1.0491770066660657,-0.2847730070510089,-0.730372094574053,-0.7849044694570758,-0.5133871019580039
129.0,28.0,5.951592295478404,0.0,0.22851553697137117,-0.14310418051778173,7.8689961807750635,-0.9544489351878223,5.0,1.6191154505641183,-1.2601552447581124,-1.2207177122545356,-0.730372094574053,-1.6679419365881367,-0.5133871019580039
129.0,29.0,5.371587109853344,0.0,-1.2751304545439552,-0.9394013806974797,7.946602989633262,-0.4580180680969442,5.0,1.6191154505641183,3.2410399349424046,0.1813034797491502,-0.730372094574053,-0.38022652028776244,-0.5133871019580039
129.0,30.0,8.515721730513778,0.0,0.9420035267839464,0.2687384293595445,11.127165901314214,0.9356036837796026,5.0,1.6191154505641183,-0.4168575881604318,-0.13889136243904462,-0.730372094574053,0.918996609060766,-0.5133871019580039
130.0,1.0,3.3193251847023664,0.0,0.7385806470543759,-0.9605300811468671,0.0,-1.1368931116911432,5.0,0.7853206315660883,1.1313372134141755,0.2533185139947548,-1.2224341843068287,0.005764185899886933,-1.3470664045873557
130.0,2.0,8.323167079083452,0.0,0.34147196072504227,1.2913993539860027,0.0,0.2669182508730583,5.0,0.7853206315660883,-1.460640070924822,-0.028546755348703018,-1.2224341843068287,0.3852804011263305,-1.3470664045873557
130.0,3.0,8.132534603627137,0.0,0.04134949923751585,0.19529164454468306,0.0,0.42833203947154347,5.0,0.7853206315660883,0.7399475108773345,-0.04287045729131609,-1.2224341843068287,-0.37066003179240936,-1.3470664045873557
130.0,4.0,4.356363308482543,0.0,0.4905511096135391,-0.4474932515469494,0.0,0.05491196983962972,5.0,0.7853206315660883,1.9091035692174834,1.3686022840144576,-1.2224341843068287,0.644376548518833,-1.3470664045873557
130.0,5.0,14.086168438146972,0.0,1.6100962313601412,1.9131519011911933,0.0,1.8221888218354152,5.0,0.7853206315660883,-1.4438931609717993,-0.22577098565926762,-1.2224341843068287,-0.22048656181875062,-1.3470664045873557
130.0,6.0,5.041148958247561,0.0,-2.704341782982134,1.5271503154847013,0.0,-1.02234732857525,5.0,0.7853206315660883,0.7017843353747109,1.5164706044295397,-1.2224341843068287,0.3317819639156969,-1.3470664045873557
130.0,7.0,9.320763362949261,0.0,1.5770879350742746,0.3995628797326395,0.0,0.6061302614355997,5.0,0.7853206315660883,-0.262197489402468,-1.5487528042302212,-1.2224341843068287,1.0968390131493477,-1.3470664045873557
130.0,8.0,1.8923908166179122,0.0,-1.81740918344528,0.2954747644882132,0.0,-0.08893056745066745,5.0,0.7853206315660883,-1.5721441591454877,0.5846137496360692,-1.2224341843068287,0.43518149083380286,-1.3470664045873557
130.0,9.0,9.683928969591037,0.0,0.10637906867731106,1.7600271131491456,0.0,-0.2608322438339241,5.0,0.7853206315660883,-1.5146676537817514,0.12385424384461378,-1.2224341843068287,-0.32593158553122675,-1.3470664045873557
130.0,10.0,0.37608093106067186,0.0,-1.316108215981533,-0.3813973470689065,0.0,0.46409123385238144,5.0,0.7853206315660883,-1.6015361735745934,0.21594156874397272,-1.2224341843068287,1.1488076184510938,-1.3470664045873557
130.0,11.0,-2.130526955603467,0.0,-0.8303950697825433,-1.2439151519666565,0.0,-1.0204005906839304,5.0,0.7853206315660883,-0.530906522170303,0.3796394827598821,-1.2224341843068287,0.9935038559621194,-1.3470664045873557
130.0,12.0,8.412162635151304,0.0,1.6236921181647297,1.3010087156020353,0.0,-1.3134509165184052,5.0,0.7853206315660883,-1.4617555849958999,-0.5023234531093023,-1.2224341843068287,0.54839695950807,-1.3470664045873557
130.0,13.0,3.532599849551317,0.0,0.9113876270127673,-1.1477603009011381,0.0,-0.49448087548342295,5.0,0.7853206315660883,0.6879167729758275,-0.3332073836694201,-1.2224341843068287,0.2387317351114412,-1.3470664045873557
130.0,14.0,15.452261015716322,0.0,1.4853888476679398,0.7462376327762446,0.0,1.7517571497554478,5.0,0.7853206315660883,2.1001089405256717,-1.0185753831070887,-1.2224341843068287,-0.6279060760393714,-1.3470664045873557
130.0,15.0,1.4208729943372365,0.0,-1.9094997570799572,-0.23366240355860834,0.0,0.05576477461252008,5.0,0.7853206315660883,-1.287030476035179,-1.0717912264755778,-1.2224341843068287,1.3606524485300076,-1.3470664045873557
130.0,16.0,7.978991886396364,0.0,0.6985403274365991,-0.020529351672661456,0.0,0.331434398227886,5.0,0.7853206315660883,0.7877388474751781,0.30352864140425806,-1.2224341843068287,-0.6002595871471269,-1.3470664045873557
130.0,17.0,-7.684633927958065,0.0,-0.10188117327582091,-3.4842930812987856,0.0,-0.18984663767753954,5.0,0.7853206315660883,0.7690422410009099,0.4482097786294262,-1.2224341843068287,2.1873329930165766,-1.3470664045873557
130.0,18.0,2.316409229715844,0.0,0.5503144771411053,-0.8975329084598389,0.0,0.47049273195382535,5.0,0.7853206315660883,0.3322025789501177,0.053004226730504145,-1.2224341843068287,1.5326106261851893,-1.3470664045873557
130.0,19.0,6.338300708309059,0.0,-0.8489343427623919,1.390625938438793,0.0,-0.9516795430171457,5.0,0.7853206315660883,-1.0083766082770078,0.9222674678797376,-1.2224341843068287,-0.23570035910047687,-1.3470664045873557
130.0,20.0,5.438563308866157,0.0,0.9893656068047187,-0.4170481002592217,0.0,1.1579104665686408,5.0,0.7853206315660883,-0.11945260663065868,2.0500846856271444,-1.2224341843068287,-1.0264209003067808,-1.3470664045873557
130.0,21.0,7.738011199583771,0.0,-0.559331308705159,0.21683128438216936,0.2721653607712675,0.5847052602413515,5.0,0.7853206315660883,-0.2803953351702467,-0.4910311660565353,-1.2224341843068287,-0.710406563699301,-1.3470664045873557
130.0,22.0,12.090698826667747,0.0,2.8216803582467875,0.41679785663198465,2.9353405892081783,-0.8064528226917048,5.0,0.7853206315660883,0.5629895332204798,-2.3091688756408124,-1.2224341843068287,0.2568837091565295,-1.3470664045873557
130.0,23.0,1.5427125739864969,0.0,-0.6998171814749914,-0.7759221849323339,2.5317078961642494,0.054553245811992286,5.0,0.7853206315660883,-0.37243875610382904,1.0057385244622565,-1.2224341843068287,-0.24669187846237361,-1.3470664045873557
130.0,24.0,13.060813831755379,0.0,1.5260205068151877,0.9070178238868408,4.12982106876817,0.7163316194991229,5.0,0.7853206315660883,0.9769733866856207,-0.7092007625823926,-1.2224341843068287,-0.3475425993977332,-1.3470664045873557
130.0,25.0,14.224412414060236,0.0,1.3270987288845961,1.6019680918367873,6.462352841194418,0.5577309820546029,5.0,0.7853206315660883,-0.37458085776701383,-0.688008616467358,-1.2224341843068287,-0.9516185672650157,-1.3470664045873557
130.0,26.0,10.434411405527284,0.0,-1.0573588363137474,1.4549474314057504,5.317830624356928,1.481934015876881,5.0,0.7853206315660883,1.052711465579332,1.0255713696966988,-1.2224341843068287,-0.04502772480892027,-1.3470664045873557
130.0,27.0,5.146266695758032,0.0,1.937181489819575,-0.7731684547566022,8.81861838674073,-0.6129877548948504,5.0,0.7853206315660883,-1.0491770066660657,-0.2847730070510089,-1.2224341843068287,-0.7849044694570758,-1.3470664045873557
130.0,28.0,16.619805424526973,0.0,1.5383745874076893,1.9003510754639632,8.98615836824729,1.1161366154903933,5.0,0.7853206315660883,-1.2601552447581124,-1.2207177122545356,-1.2224341843068287,-1.6679419365881367,-1.3470664045873557
130.0,29.0,12.524867242676075,0.0,1.2715812676064746,0.29993953279541097,10.284601321766846,1.036548009941219,5.0,0.7853206315660883,3.2410399349424046,0.1813034797491502,-1.2224341843068287,-0.38022652028776244,-1.3470664045873557
130.0,30.0,5.28614298483444,0.0,0.2367612959315799,0.3038552286816927,7.753599430599725,-0.1624831319028546,5.0,0.7853206315660883,-0.4168575881604318,-0.13889136243904462,-1.2224341843068287,0.918996609060766,-1.3470664045873557
131.0,1.0,8.26623015663394,0.0,2.3128237184375755,0.41260919760137527,0.0,-0.9759266928218852,5.0,-0.8410258607398833,1.1313372134141755,0.2533185139947548,1.6039629917777969,0.005764185899886933,-0.8881281986414561
131.0,2.0,5.676073106880645,0.0,1.0958394667571492,1.1196703634705192,0.0,-1.0891451908845162,5.0,-0.8410258607398833,-1.460640070924822,-0.028546755348703018,1.6039629917777969,0.3852804011263305,-0.8881281986414561
131.0,3.0,8.094693198639806,0.0,2.3210202254103254,0.05217778857958111,0.0,0.4577869579449709,5.0,-0.8410258607398833,0.7399475108773345,-0.04287045729131609,1.6039629917777969,-0.37066003179240936,-0.8881281986414561
131.0,4.0,19.221388856895576,0.0,2.1414717568757444,3.153355898174733,0.0,-0.07112673372089445,5.0,-0.8410258607398833,1.9091035692174834,1.3686022840144576,1.6039629917777969,0.644376548518833,-0.8881281986414561
131.0,5.0,5.95355584092815,0.0,1.5115286433424187,0.03805050836263002,0.0,1.7791026668514498,5.0,-0.8410258607398833,-1.4438931609717993,-0.22577098565926762,1.6039629917777969,-0.22048656181875062,-0.8881281986414561
131.0,6.0,18.94229058356943,0.0,3.0884422674491954,2.7734180237731616,0.0,0.5351379604962047,5.0,-0.8410258607398833,0.7017843353747109,1.5164706044295397,1.6039629917777969,0.3317819639156969,-0.8881281986414561
131.0,7.0,-8.123912991975557,0.0,0.18070210843956536,-2.790390345587972,0.0,-0.37194487516349534,5.0,-0.8410258607398833,-0.262197489402468,-1.5487528042302212,1.6039629917777969,1.0968390131493477,-0.8881281986414561
131.0,8.0,9.310381449639223,0.0,1.0884659461268746,2.0364753021768185,0.0,-1.0255422484971142,5.0,-0.8410258607398833,-1.5721441591454877,0.5846137496360692,1.6039629917777969,0.43518149083380286,-0.8881281986414561
131.0,9.0,11.540902419614238,0.0,1.550194188450091,2.4802255882838162,0.0,-0.582401674605252,5.0,-0.8410258607398833,-1.5146676537817514,0.12385424384461378,1.6039629917777969,-0.32593158553122675,-0.8881281986414561
131.0,10.0,8.677455421780767,0.0,0.603017837896614,1.9493457938033585,0.0,0.3428883928973311,5.0,-0.8410258607398833,-1.6015361735745934,0.21594156874397272,1.6039629917777969,1.1488076184510938,-0.8881281986414561
131.0,11.0,12.51547454643547,0.0,2.294166804010798,2.4392019605886572,0.0,-0.45093464705665065,5.0,-0.8410258607398833,-0.530906522170303,0.3796394827598821,1.6039629917777969,0.9935038559621194,-0.8881281986414561
131.0,12.0,-0.6094228982626491,0.0,-0.0925868208301579,-0.8118432398165651,0.0,0.5142301202306903,5.0,-0.8410258607398833,-1.4617555849958999,-0.5023234531093023,1.6039629917777969,0.54839695950807,-0.8881281986414561
131.0,13.0,8.118816447733325,0.0,2.514340133593374,0.6128000506432392,0.0,-0.33433805216978196,5.0,-0.8410258607398833,0.6879167729758275,-0.3332073836694201,1.6039629917777969,0.2387317351114412,-0.8881281986414561
131.0,14.0,6.575856763132698,0.0,1.0196618722311914,0.15958928217366142,0.0,-0.10555990879447544,5.0,-0.8410258607398833,2.1001089405256717,-1.0185753831070887,1.6039629917777969,-0.6279060760393714,-0.8881281986414561
131.0,15.0,0.5103671620325378,0.0,-0.22630761019064938,0.5075960173583605,0.0,-0.7305096728078275,5.0,-0.8410258607398833,-1.287030476035179,-1.0717912264755778,1.6039629917777969,1.3606524485300076,-0.8881281986414561
131.0,16.0,15.033579785449419,0.0,2.8209505238578254,1.4469721721134425,0.0,1.9050435849087044,5.0,-0.8410258607398833,0.7877388474751781,0.30352864140425806,1.6039629917777969,-0.6002595871471269,-0.8881281986414561
131.0,17.0,8.246427348003097,0.0,1.141393344336175,1.0227053684592735,0.0,0.3326217314703942,5.0,-0.8410258607398833,0.7690422410009099,0.4482097786294262,1.6039629917777969,2.1873329930165766,-0.8881281986414561
131.0,18.0,12.792493347027797,0.0,1.500555744864503,2.6154217133408952,0.0,0.23063364049945073,5.0,-0.8410258607398833,0.3322025789501177,0.053004226730504145,1.6039629917777969,1.5326106261851893,-0.8881281986414561
131.0,19.0,15.727981869155863,0.0,2.7231023866673847,3.2858431146808895,0.0,-1.691862414884067,5.0,-0.8410258607398833,-1.0083766082770078,0.9222674678797376,1.6039629917777969,-0.23570035910047687,-0.8881281986414561
131.0,20.0,18.192076487011754,0.0,3.9578397325213825,1.7783566704392746,0.0,0.6597918995493273,5.0,-0.8410258607398833,-0.11945260663065868,2.0500846856271444,1.6039629917777969,-1.0264209003067808,-0.8881281986414561
131.0,21.0,4.1487645205683075,0.0,0.20350317791458794,0.41565661462880477,0.8314833684117432,-1.0236235888797118,5.0,-0.8410258607398833,-0.2803953351702467,-0.4910311660565353,1.6039629917777969,-0.710406563699301,-0.8881281986414561
131.0,22.0,-9.529228367515937,0.0,-2.550940413021448,-2.292254322818085,0.5333833724842731,-0.8915215743542977,5.0,-0.8410258607398833,0.5629895332204798,-2.3091688756408124,1.6039629917777969,0.2568837091565295,-0.8881281986414561
131.0,23.0,22.909696542236045,0.0,0.6032503431506919,5.2564360862088275,3.759275035989203,0.9183411710216488,5.0,-0.8410258607398833,-0.37243875610382904,1.0057385244622565,1.6039629917777969,-0.24669187846237361,-0.8881281986414561
131.0,24.0,3.9164301750481227,0.0,0.04404180170354688,0.006003629358513285,5.222777029229954,-0.45270064650823005,5.0,-0.8410258607398833,0.9769733866856207,-0.7092007625823926,1.6039629917777969,-0.3475425993977332,-0.8881281986414561
131.0,25.0,8.46399792871668,0.0,1.3226545571039363,1.7879011483406222,4.382464610858397,-1.7483722800031807,5.0,-0.8410258607398833,-0.37458085776701383,-0.688008616467358,1.6039629917777969,-0.9516185672650157,-0.8881281986414561
131.0,26.0,17.78265116001929,0.0,2.02754158327513,2.362850315823839,5.4882260577764805,1.769904109889355,5.0,-0.8410258607398833,1.052711465579332,1.0255713696966988,1.6039629917777969,-0.04502772480892027,-0.8881281986414561
131.0,27.0,4.222678505388574,0.0,-0.171646390212155,1.1405347534005843,5.3784198070155655,-2.3774069253925205,5.0,-0.8410258607398833,-1.0491770066660657,-0.2847730070510089,1.6039629917777969,-0.7849044694570758,-0.8881281986414561
131.0,28.0,7.511074718868401,0.0,2.374951504881814,0.7137108519694557,8.790937635334595,0.5728115298595848,5.0,-0.8410258607398833,-1.2601552447581124,-1.2207177122545356,1.6039629917777969,-1.6679419365881367,-0.8881281986414561
131.0,29.0,15.093735904937487,0.0,2.1454843443665674,1.300831423648912,10.461521955218533,1.01724924908461,5.0,-0.8410258607398833,3.2410399349424046,0.1813034797491502,1.6039629917777969,-0.38022652028776244,-0.8881281986414561
131.0,30.0,9.935627588063808,0.0,2.801121406108863,1.6874403019027877,8.300067784286572,-0.6309678666605345,5.0,-0.8410258607398833,-0.4168575881604318,-0.13889136243904462,1.6039629917777969,0.918996609060766,-0.8881281986414561
132.0,1.0,15.808370911269035,0.0,2.949939418564994,2.2967268383274866,0.0,0.44428705141155417,5.0,-0.9637548649048515,1.1313372134141755,0.2533185139947548,1.3936047719666096,0.005764185899886933,0.5821616319121636
132.0,2.0,4.234106264484327,0.0,1.0640021803422695,-0.009714647000728771,0.0,0.4391303883885552,5.0,-0.9637548649048515,-1.460640070924822,-0.028546755348703018,1.3936047719666096,0.3852804011263305,0.5821616319121636
132.0,3.0,8.4737080041318,0.0,0.8408735140267498,0.6971824046895023,0.0,1.0406231529145125,5.0,-0.9637548649048515,0.7399475108773345,-0.04287045729131609,1.3936047719666096,-0.37066003179240936,0.5821616319121636
132.0,4.0,18.254718911411523,0.0,1.6977163193226048,2.615044174281721,0.0,0.48409938795252205,5.0,-0.9637548649048515,1.9091035692174834,1.3686022840144576,1.3936047719666096,0.644376548518833,0.5821616319121636
132.0,5.0,5.770154506651577,0.0,1.901353497395136,0.6547757179516945,0.0,-0.24488377909252476,5.0,-0.9637548649048515,-1.4438931609717993,-0.22577098565926762,1.3936047719666096,-0.22048656181875062,0.5821616319121636
132.0,6.0,25.21708860981779,0.0,4.732919695499477,4.174545328491988,0.0,0.9159920579402111,5.0,-0.9637548649048515,0.7017843353747109,1.5164706044295397,1.3936047719666096,0.3317819639156969,0.5821616319121636
132.0,7.0,9.079683713854912,0.0,-0.299427579239099,2.108084333207839,0.0,0.8006223565097664,5.0,-0.9637548649048515,-0.262197489402468,-1.5487528042302212,1.3936047719666096,1.0968390131493477,0.5821616319121636
132.0,8.0,7.7596925258778215,0.0,1.0807260033339317,1.3611227008660425,0.0,-0.9365690341357926,5.0,-0.9637548649048515,-1.5721441591454877,0.5846137496360692,1.3936047719666096,0.43518149083380286,0.5821616319121636
132.0,9.0,9.350040579558836,0.0,2.3175298346753177,1.9762872320134206,0.0,-1.400787433995731,5.0,-0.9637548649048515,-1.5146676537817514,0.12385424384461378,1.3936047719666096,-0.32593158553122675,0.5821616319121636
132.0,10.0,7.818906034631857,0.0,0.8035143214568146,1.1502254310277127,0.0,0.16027753999317776,5.0,-0.9637548649048515,-1.6015361735745934,0.21594156874397272,1.3936047719666096,1.1488076184510938,0.5821616319121636
132.0,11.0,14.152998071153242,0.0,4.312562603868256,1.8338706694120939,0.0,-0.2739623747751827,5.0,-0.9637548649048515,-0.530906522170303,0.3796394827598821,1.3936047719666096,0.9935038559621194,0.5821616319121636
132.0,12.0,7.935968679182171,0.0,1.8872034091551422,1.6135331749770196,0.0,-0.9855391125622962,5.0,-0.9637548649048515,-1.4617555849958999,-0.5023234531093023,1.3936047719666096,0.54839695950807,0.5821616319121636
132.0,13.0,7.431583091421161,0.0,-0.4072618367256149,1.1187104279984268,0.0,0.08393067951503286,5.0,-0.9637548649048515,0.6879167729758275,-0.3332073836694201,1.3936047719666096,0.2387317351114412,0.5821616319121636
132.0,14.0,2.1041077589691586,0.0,0.5447229617053011,-0.49064613714988536,0.0,-1.319996526486906,5.0,-0.9637548649048515,2.1001089405256717,-1.0185753831070887,1.3936047719666096,-0.6279060760393714,0.5821616319121636
132.0,15.0,3.403303723319583,0.0,1.320571913360895,-0.04205849418689356,0.0,0.161226351326199,5.0,-0.9637548649048515,-1.287030476035179,-1.0717912264755778,1.3936047719666096,1.3606524485300076,0.5821616319121636
132.0,16.0,6.695030496714248,0.0,-1.0118792375181846,1.1447677589796679,0.0,-0.6249283875419198,5.0,-0.9637548649048515,0.7877388474751781,0.30352864140425806,1.3936047719666096,-0.6002595871471269,0.5821616319121636
132.0,17.0,20.183422826066597,0.0,3.0599735791021985,3.154329655195316,0.0,0.957164274192481,5.0,-0.9637548649048515,0.7690422410009099,0.4482097786294262,1.3936047719666096,2.1873329930165766,0.5821616319121636
132.0,18.0,18.352040921124996,0.0,1.7861315695975413,2.935626149929578,0.0,2.424489141161533,5.0,-0.9637548649048515,0.3322025789501177,0.053004226730504145,1.3936047719666096,1.5326106261851893,0.5821616319121636
132.0,19.0,8.703657248656182,0.0,1.3523167046925284,1.3637968740872517,0.0,-0.915979243686792,5.0,-0.9637548649048515,-1.0083766082770078,0.9222674678797376,1.3936047719666096,-0.23570035910047687,0.5821616319121636
132.0,20.0,20.751266400152915,0.0,3.1183068342876195,3.46634597732784,0.0,1.057664170942975,5.0,-0.9637548649048515,-0.11945260663065868,2.0500846856271444,1.3936047719666096,-1.0264209003067808,0.5821616319121636
132.0,21.0,3.4210753295601686,0.0,1.4955350605020343,-0.5191948126633461,-0.8125147452457082,0.8251497277682832,5.0,-0.9637548649048515,-0.2803953351702467,-0.4910311660565353,1.3936047719666096,-0.710406563699301,0.5821616319121636
132.0,22.0,-0.664368326727605,0.0,1.1736186800448776,-1.0995021752490532,3.144141097421408,-0.07019422430535867,5.0,-0.9637548649048515,0.5629895332204798,-2.3091688756408124,1.3936047719666096,0.2568837091565295,0.5821616319121636
132.0,23.0,12.437559299811667,0.0,-0.31981065337768455,2.7630741625863076,4.348541857236439,-0.4536463740570145,5.0,-0.9637548649048515,-0.37243875610382904,1.0057385244622565,1.3936047719666096,-0.24669187846237361,0.5821616319121636
132.0,24.0,6.601599574246677,0.0,1.3780313213638462,-0.058095480631287444,4.371556455073256,1.5753077068374846,5.0,-0.9637548649048515,0.9769733866856207,-0.7092007625823926,1.3936047719666096,-0.3475425993977332,0.5821616319121636
132.0,25.0,-1.837217486412914,0.0,-0.6247202608686777,-0.4519652584987175,5.242249032302166,-2.005457818236247,5.0,-0.9637548649048515,-0.37458085776701383,-0.688008616467358,1.3936047719666096,-0.9516185672650157,0.5821616319121636
132.0,26.0,16.62548726660298,0.0,3.5969215480949464,2.393258722793873,5.3787414519018455,-0.6431947915936632,5.0,-0.9637548649048515,1.052711465579332,1.0255713696966988,1.3936047719666096,-0.04502772480892027,0.5821616319121636
132.0,27.0,4.347072117911626,0.0,1.1454827618065853,0.8350556532405276,7.339038070553804,-1.4368434436577757,5.0,-0.9637548649048515,-1.0491770066660657,-0.2847730070510089,1.3936047719666096,-0.7849044694570758,0.5821616319121636
132.0,28.0,3.490283646309394,0.0,0.8806289464389709,0.37015373311609234,7.547859873968328,1.395313438946077,5.0,-0.9637548649048515,-1.2601552447581124,-1.2207177122545356,1.3936047719666096,-1.6679419365881367,0.5821616319121636
132.0,29.0,10.774441943225735,0.0,-0.022894413418837134,1.2264808720821054,11.043233212525891,-0.19070343264485706,5.0,-0.9637548649048515,3.2410399349424046,0.1813034797491502,1.3936047719666096,-0.38022652028776244,0.5821616319121636
132.0,30.0,6.267189747112821,0.0,2.3543216603402453,0.15890227971165527,9.550662314924262,-0.5246711994696713,5.0,-0.9637548649048515,-0.4168575881604318,-0.13889136243904462,1.3936047719666096,0.918996609060766,0.5821616319121636
133.0,1.0,13.096882043084957,0.0,1.5366173949393866,0.5856199580911647,0.0,3.1840444740663285,5.0,0.3223195922657429,1.1313372134141755,0.2533185139947548,0.6606224629993132,0.005764185899886933,-0.2852799235265959
133.0,2.0,7.313855105984173,0.0,2.1664955966326542,0.4881628823656471,0.0,-0.050037267887628245,5.0,0.3223195922657429,-1.460640070924822,-0.028546755348703018,0.6606224629993132,0.3852804011263305,-0.2852799235265959
133.0,3.0,6.7844406004338405,0.0,0.7979948431814528,0.09683576251247517,0.0,-0.44374931186652355,5.0,0.3223195922657429,0.7399475108773345,-0.04287045729131609,0.6606224629993132,-0.37066003179240936,-0.2852799235265959
133.0,4.0,18.190242893929195,0.0,3.101248048554407,2.2791349048356944,0.0,0.2998652501361448,5.0,0.3223195922657429,1.9091035692174834,1.3686022840144576,0.6606224629993132,0.644376548518833,-0.2852799235265959
133.0,5.0,13.04067422985998,0.0,0.4941858749599377,3.440911846495593,0.0,-1.5684246207549688,5.0,0.3223195922657429,-1.4438931609717993,-0.22577098565926762,0.6606224629993132,-0.22048656181875062,-0.2852799235265959
133.0,6.0,17.412758125910393,0.0,1.5802432792968404,2.8036481546100354,0.0,0.4903026426720676,5.0,0.3223195922657429,0.7017843353747109,1.5164706044295397,0.6606224629993132,0.3317819639156969,-0.2852799235265959
133.0,7.0,4.440107146812416,0.0,0.3382129676037978,0.15799410644173484,0.0,-0.09616320107996684,5.0,0.3223195922657429,-0.262197489402468,-1.5487528042302212,0.6606224629993132,1.0968390131493477,-0.2852799235265959
133.0,8.0,10.841769013737514,0.0,0.41056248898464553,1.9834818454466272,0.0,0.4685251225301459,5.0,0.3223195922657429,-1.5721441591454877,0.5846137496360692,0.6606224629993132,0.43518149083380286,-0.2852799235265959
133.0,9.0,11.394687482049093,0.0,0.6741459753206368,2.573485856921841,0.0,-0.9823706359378539,5.0,0.3223195922657429,-1.5146676537817514,0.12385424384461378,0.6606224629993132,-0.32593158553122675,-0.2852799235265959
133.0,10.0,8.064865904590029,0.0,2.452488810883902,1.0332178052312797,0.0,-1.0229838421479434,5.0,0.3223195922657429,-1.6015361735745934,0.21594156874397272,0.6606224629993132,1.1488076184510938,-0.2852799235265959
133.0,11.0,13.39386939919853,0.0,3.0726360069045913,2.0852877731247723,0.0,-0.6934146632761847,5.0,0.3223195922657429,-0.530906522170303,0.3796394827598821,0.6606224629993132,0.9935038559621194,-0.2852799235265959
133.0,12.0,8.849064110596792,0.0,1.9754622913531934,1.4231067281842018,0.0,-0.7679895730927822,5.0,0.3223195922657429,-1.4617555849958999,-0.5023234531093023,0.6606224629993132,0.54839695950807,-0.2852799235265959
133.0,13.0,9.93269460939052,0.0,0.5012367207274961,0.8034670701210256,0.0,1.2990499666835893,5.0,0.3223195922657429,0.6879167729758275,-0.3332073836694201,0.6606224629993132,0.2387317351114412,-0.2852799235265959
133.0,14.0,10.73725873742434,0.0,0.753812765129045,0.49187888622668896,0.0,1.5791455618080903,5.0,0.3223195922657429,2.1001089405256717,-1.0185753831070887,0.6606224629993132,-0.6279060760393714,-0.2852799235265959
133.0,15.0,7.308115023745904,0.0,0.7164324961673962,1.2698338502350928,0.0,-0.15689195303906714,5.0,0.3223195922657429,-1.287030476035179,-1.0717912264755778,0.6606224629993132,1.3606524485300076,-0.2852799235265959
133.0,16.0,9.607269614339,0.0,-0.05349465060695868,1.179294179332321,0.0,-0.3589365605846804,5.0,0.3223195922657429,0.7877388474751781,0.30352864140425806,0.6606224629993132,-0.6002595871471269,-0.2852799235265959
133.0,17.0,11.02837531350534,0.0,1.8461771683821846,1.2492599611181974,0.0,-0.32903883042166854,5.0,0.3223195922657429,0.7690422410009099,0.4482097786294262,0.6606224629993132,2.1873329930165766,-0.2852799235265959
133.0,18.0,7.871830995276079,0.0,0.46484239071425426,0.6951457383050088,0.0,0.06923647785301654,5.0,0.3223195922657429,0.3322025789501177,0.053004226730504145,0.6606224629993132,1.5326106261851893,-0.2852799235265959
133.0,19.0,11.314552434887988,0.0,0.5431087864129702,1.8946950813969998,0.0,0.09690423370105476,5.0,0.3223195922657429,-1.0083766082770078,0.9222674678797376,0.6606224629993132,-0.23570035910047687,-0.2852799235265959
133.0,20.0,16.393794977404283,0.0,2.8988316777250756,2.118304218652254,0.0,0.2900343877655705,5.0,0.3223195922657429,-0.11945260663065868,2.0500846856271444,0.6606224629993132,-1.0264209003067808,-0.2852799235265959
133.0,21.0,5.280838942585252,0.0,0.024683571240496915,0.3608771811534264,-2.1373845279953767,-0.7466789410462559,5.0,0.3223195922657429,-0.2803953351702467,-0.4910311660565353,0.6606224629993132,-0.710406563699301,-0.2852799235265959
133.0,22.0,2.9508689830909702,0.0,-0.36267070476780194,-0.04203348459884659,2.499962209076086,-0.8468963888203188,5.0,0.3223195922657429,0.5629895332204798,-2.3091688756408124,0.6606224629993132,0.2568837091565295,-0.2852799235265959
133.0,23.0,10.19280044668702,0.0,0.6772765701796805,0.8779252250711378,1.742858410317822,1.197077663746084,5.0,0.3223195922657429,-0.37243875610382904,1.0057385244622565,0.6606224629993132,-0.24669187846237361,-0.2852799235265959
133.0,24.0,5.60984931106732,0.0,0.7009107060464121,-0.15745332815579394,4.822761428159943,-0.5486273611033227,5.0,0.3223195922657429,0.9769733866856207,-0.7092007625823926,0.6606224629993132,-0.3475425993977332,-0.2852799235265959
133.0,25.0,12.050435912565721,0.0,1.0847572547457929,1.9659768342584374,3.453903918647591,0.30304569522545066,5.0,0.3223195922657429,-0.37458085776701383,-0.688008616467358,0.6606224629993132,-0.9516185672650157,-0.2852799235265959
133.0,26.0,11.603506745389243,0.0,2.186697295817372,0.8027959784698169,5.741219241011727,-0.05697053380333201,5.0,0.3223195922657429,1.052711465579332,1.0255713696966988,0.6606224629993132,-0.04502772480892027,-0.2852799235265959
133.0,27.0,6.600434585892305,0.0,-0.23094669063391038,1.1600993471228558,7.390407377124082,-0.9578493921506691,5.0,0.3223195922657429,-1.0491770066660657,-0.2847730070510089,0.6606224629993132,-0.7849044694570758,-0.2852799235265959
133.0,28.0,3.5009820809215553,0.0,1.4644113758941815,-0.7620174527706502,7.8027297969201905,0.5910619094115072,5.0,0.3223195922657429,-1.2601552447581124,-1.2207177122545356,0.6606224629993132,-1.6679419365881367,-0.2852799235265959
133.0,29.0,14.39875910511143,0.0,2.651198659764269,0.9276173002244511,7.053050520528085,0.17310487349295478,5.0,0.3223195922657429,3.2410399349424046,0.1813034797491502,0.6606224629993132,-0.38022652028776244,-0.2852799235265959
133.0,30.0,11.942912310329854,0.0,1.4848093547854249,1.5022612105081592,8.572361826582949,1.399783356212508,5.0,0.3223195922657429,-0.4168575881604318,-0.13889136243904462,0.6606224629993132,0.918996609060766,-0.2852799235265959
134.0,1.0,9.648388626536178,0.0,1.8602341765515416,0.6932178444885568,0.0,0.11745958462698798,5.0,-0.8053293824251782,1.1313372134141755,0.2533185139947548,1.0235291588307338,0.005764185899886933,0.9983396541374452
134.0,2.0,11.709812961647998,0.0,1.8497046509660282,2.3674004187719437,0.0,-0.3315457582008531,5.0,-0.8053293824251782,-1.460640070924822,-0.028546755348703018,1.0235291588307338,0.3852804011263305,0.9983396541374452
134.0,3.0,10.493771684211545,0.0,1.452668641394721,1.4140379240305274,0.0,0.2782949133053641,5.0,-0.8053293824251782,0.7399475108773345,-0.04287045729131609,1.0235291588307338,-0.37066003179240936,0.9983396541374452
134.0,4.0,18.511967915388396,0.0,3.407191002654861,2.7141611232876195,0.0,-1.185591649035339,5.0,-0.8053293824251782,1.9091035692174834,1.3686022840144576,1.0235291588307338,0.644376548518833,0.9983396541374452
134.0,5.0,7.010106920130413,0.0,1.3051246028665582,1.4137675263209104,0.0,-0.8358940533935968,5.0,-0.8053293824251782,-1.4438931609717993,-0.22577098565926762,1.0235291588307338,-0.22048656181875062,0.9983396541374452
134.0,6.0,19.805956181850632,0.0,3.5630450028670566,2.9842666672155573,0.0,0.5102732511394306,5.0,-0.8053293824251782,0.7017843353747109,1.5164706044295397,1.0235291588307338,0.3317819639156969,0.9983396541374452
134.0,7.0,4.844061283395409,0.0,0.8116323261350317,0.30775083474349807,0.0,-0.3331209012239486,5.0,-0.8053293824251782,-0.262197489402468,-1.5487528042302212,1.0235291588307338,1.0968390131493477,0.9983396541374452
134.0,8.0,9.634867208749636,0.0,3.4061750210876474,0.8797661723777317,0.0,-0.06596094635246347,5.0,-0.8053293824251782,-1.5721441591454877,0.5846137496360692,1.0235291588307338,0.43518149083380286,0.9983396541374452
134.0,9.0,8.069419231172793,0.0,1.317954057873858,1.4617686384265447,0.0,-0.11522170942194963,5.0,-0.8053293824251782,-1.5146676537817514,0.12385424384461378,1.0235291588307338,-0.32593158553122675,0.9983396541374452
134.0,10.0,8.663150376639738,0.0,0.7749218298486662,1.5258946762924461,0.0,-0.6505126187745291,5.0,-0.8053293824251782,-1.6015361735745934,0.21594156874397272,1.0235291588307338,1.1488076184510938,0.9983396541374452
134.0,11.0,12.975986379715515,0.0,2.4392458567359405,2.503746236754625,0.0,-2.018688659082417,5.0,-0.8053293824251782,-0.530906522170303,0.3796394827598821,1.0235291588307338,0.9935038559621194,0.9983396541374452
134.0,12.0,4.75251546671533,0.0,1.9806778972273102,-0.11441872091029781,0.0,0.3488349701765925,5.0,-0.8053293824251782,-1.4617555849958999,-0.5023234531093023,1.0235291588307338,0.54839695950807,0.9983396541374452
134.0,13.0,9.706417919997104,0.0,2.6605239063059694,0.5014597435847299,0.0,0.7616395076468586,5.0,-0.8053293824251782,0.6879167729758275,-0.3332073836694201,1.0235291588307338,0.2387317351114412,0.9983396541374452
134.0,14.0,5.249778132184318,0.0,0.3193547011399187,0.5312550827184229,0.0,-1.2887162353501251,5.0,-0.8053293824251782,2.1001089405256717,-1.0185753831070887,1.0235291588307338,-0.6279060760393714,0.9983396541374452
134.0,15.0,12.680823244290881,0.0,-0.23169483172034577,2.7536971645409904,0.0,1.4824027184586064,5.0,-0.8053293824251782,-1.287030476035179,-1.0717912264755778,1.0235291588307338,1.3606524485300076,0.9983396541374452
134.0,16.0,10.739591968710805,0.0,1.2918199659278826,1.456266749217767,0.0,0.38515482368723486,5.0,-0.8053293824251782,0.7877388474751781,0.30352864140425806,1.0235291588307338,-0.6002595871471269,0.9983396541374452
134.0,17.0,18.70761899277138,0.0,2.2863694949020106,2.4911464342892957,0.0,1.341640294993872,5.0,-0.8053293824251782,0.7690422410009099,0.4482097786294262,1.0235291588307338,2.1873329930165766,0.9983396541374452
134.0,18.0,13.708020494763963,0.0,1.71792387985774,2.27869218518351,0.0,-0.9571704712422884,5.0,-0.8053293824251782,0.3322025789501177,0.053004226730504145,1.0235291588307338,1.5326106261851893,0.9983396541374452
134.0,19.0,14.442768440060867,0.0,1.0058112445176202,3.1250744224199076,0.0,0.1667812883542511,5.0,-0.8053293824251782,-1.0083766082770078,0.9222674678797376,1.0235291588307338,-0.23570035910047687,0.9983396541374452
134.0,20.0,14.998376800085067,0.0,1.4989586086595748,2.8168697907400437,0.0,-0.10001395893880842,5.0,-0.8053293824251782,-0.11945260663065868,2.0500846856271444,1.0235291588307338,-1.0264209003067808,0.9983396541374452
134.0,21.0,9.36602862666136,0.0,1.7363309816327526,1.3862422300654353,0.14958195774240357,0.7685074318817763,5.0,-0.8053293824251782,-0.2803953351702467,-0.4910311660565353,1.0235291588307338,-0.710406563699301,0.9983396541374452
134.0,22.0,3.9888247406025874,0.0,-0.8926552296878076,0.9355746236458884,3.6244690929778614,-0.5758595679126932,5.0,-0.8053293824251782,0.5629895332204798,-2.3091688756408124,1.0235291588307338,0.2568837091565295,0.9983396541374452
134.0,23.0,13.635752070168541,0.0,1.6477263014509866,2.4642570526250496,2.8733618386013458,-0.01009767195246111,5.0,-0.8053293824251782,-0.37243875610382904,1.0057385244622565,1.0235291588307338,-0.24669187846237361,0.9983396541374452
134.0,24.0,8.651864105467574,0.0,0.8890282149228497,1.81423475115902,5.275602027478047,-1.778659148743945,5.0,-0.8053293824251782,0.9769733866856207,-0.7092007625823926,1.0235291588307338,-0.3475425993977332,0.9983396541374452
134.0,25.0,0.4327414091598052,0.0,1.158822316990512,-0.7047712643242519,5.179496176715821,-0.7776214428705004,5.0,-0.8053293824251782,-0.37458085776701383,-0.688008616467358,1.0235291588307338,-0.9516185672650157,0.9983396541374452
134.0,26.0,15.621306896420151,0.0,1.5862727234561107,2.5526229893368546,5.505826120626381,0.12503388366511012,5.0,-0.8053293824251782,1.052711465579332,1.0255713696966988,1.0235291588307338,-0.04502772480892027,0.9983396541374452
134.0,27.0,2.3214684283312503,0.0,-0.12571339622163658,0.3610281463218947,8.127593466169072,-0.7063214923882233,5.0,-0.8053293824251782,-1.0491770066660657,-0.2847730070510089,1.0235291588307338,-0.7849044694570758,0.9983396541374452
134.0,28.0,-2.6330822336738127,0.0,-1.1926198058266664,-0.47226518852132404,6.85305045141561,-0.04356948581148002,5.0,-0.8053293824251782,-1.2601552447581124,-1.2207177122545356,1.0235291588307338,-1.6679419365881367,0.9983396541374452
134.0,29.0,15.013128120653038,0.0,0.18700483655539746,2.6841215067142903,10.481018597086008,-0.46792597392521984,5.0,-0.8053293824251782,3.2410399349424046,0.1813034797491502,1.0235291588307338,-0.38022652028776244,0.9983396541374452
134.0,30.0,15.944065213135442,0.0,3.008182563105847,2.591942695658865,10.916191212458402,0.6069301361614902,5.0,-0.8053293824251782,-0.4168575881604318,-0.13889136243904462,1.0235291588307338,0.918996609060766,0.9983396541374452
135.0,1.0,3.29789309572806,0.0,-2.0853590916300786,-0.5330376513232777,0.0,1.168488308749563,5.0,0.10763101889214788,1.1313372134141755,0.2533185139947548,-1.646786503306934,0.005764185899886933,-1.3757172272564144
135.0,2.0,1.1314856130705302,0.0,-0.4356478354174831,-0.2581098709798282,0.0,-0.8225014128075226,5.0,0.10763101889214788,-1.460640070924822,-0.028546755348703018,-1.646786503306934,0.3852804011263305,-1.3757172272564144
135.0,3.0,3.5509174939598624,0.0,-1.009887636180562,-0.5200862408948306,0.0,-0.3070365585947284,5.0,0.10763101889214788,0.7399475108773345,-0.04287045729131609,-1.646786503306934,-0.37066003179240936,-1.3757172272564144
135.0,4.0,-0.2000836545297524,0.0,-2.7793038528710103,-0.9123333199302253,0.0,1.4397612583697421,5.0,0.10763101889214788,1.9091035692174834,1.3686022840144576,-1.646786503306934,0.644376548518833,-1.3757172272564144
135.0,5.0,2.551292149022098,0.0,0.4990297643162086,-0.029225330841776476,0.0,-2.198923254183707,5.0,0.10763101889214788,-1.4438931609717993,-0.22577098565926762,-1.646786503306934,-0.22048656181875062,-1.3757172272564144
135.0,6.0,3.3670556840566808,0.0,0.7678021270242177,0.02113916066480137,0.0,-0.31983779174073507,5.0,0.10763101889214788,0.7017843353747109,1.5164706044295397,-1.646786503306934,0.3317819639156969,-1.3757172272564144
135.0,7.0,10.716752501053442,0.0,2.286798418913072,0.15943045981957915,0.0,2.0647042841433425,5.0,0.10763101889214788,-0.262197489402468,-1.5487528042302212,-1.646786503306934,1.0968390131493477,-1.3757172272564144
135.0,8.0,4.610274243985928,0.0,-0.8441636841118987,0.42892723525281373,0.0,2.1935900690642547,5.0,0.10763101889214788,-1.5721441591454877,0.5846137496360692,-1.646786503306934,0.43518149083380286,-1.3757172272564144
135.0,9.0,6.723496909239669,0.0,-0.38088687658987896,1.036798965795764,0.0,0.15659532335014942,5.0,0.10763101889214788,-1.5146676537817514,0.12385424384461378,-1.646786503306934,-0.32593158553122675,-1.3757172272564144
135.0,10.0,-2.6676178775811694,0.0,-0.9206869855221997,-0.8177908981152671,0.0,-0.8636089506136384,5.0,0.10763101889214788,-1.6015361735745934,0.21594156874397272,-1.646786503306934,1.1488076184510938,-1.3757172272564144
135.0,11.0,6.1065103464712776,0.0,0.3017873606614334,1.0181688719739077,0.0,0.16545741949043818,5.0,0.10763101889214788,-0.530906522170303,0.3796394827598821,-1.646786503306934,0.9935038559621194,-1.3757172272564144
135.0,12.0,1.7540877817022595,0.0,-2.2694143498688453,0.31920691843907834,0.0,-0.6527743959470196,5.0,0.10763101889214788,-1.4617555849958999,-0.5023234531093023,-1.646786503306934,0.54839695950807,-1.3757172272564144
135.0,13.0,7.081513087952468,0.0,0.5786026604136543,-0.321916236054679,0.0,1.452817282291484,5.0,0.10763101889214788,0.6879167729758275,-0.3332073836694201,-1.646786503306934,0.2387317351114412,-1.3757172272564144
135.0,14.0,13.173521984796325,0.0,0.6978120212688855,1.1777517534682946,0.0,-0.806482655703046,5.0,0.10763101889214788,2.1001089405256717,-1.0185753831070887,-1.646786503306934,-0.6279060760393714,-1.3757172272564144
135.0,15.0,1.4224585144039912,0.0,-0.48077996779262633,-0.7278039894135044,0.0,0.37291159520874806,5.0,0.10763101889214788,-1.287030476035179,-1.0717912264755778,-1.646786503306934,1.3606524485300076,-1.3757172272564144
135.0,16.0,8.120666826515698,0.0,-1.6729584079804272,0.9841549029092016,0.0,0.619850074568692,5.0,0.10763101889214788,0.7877388474751781,0.30352864140425806,-1.646786503306934,-0.6002595871471269,-1.3757172272564144
135.0,17.0,-5.400900724842249,0.0,-1.1761954046804726,-1.8655369750075397,0.0,-0.7575101606958491,5.0,0.10763101889214788,0.7690422410009099,0.4482097786294262,-1.646786503306934,2.1873329930165766,-1.3757172272564144
135.0,18.0,4.497214975321669,0.0,-2.106141735026392,0.8359079724389442,0.0,0.8515246815061833,5.0,0.10763101889214788,0.3322025789501177,0.053004226730504145,-1.646786503306934,1.5326106261851893,-1.3757172272564144
135.0,19.0,-4.806101534541273,0.0,-0.1965523156675404,-2.2554510281714006,0.0,-0.7479299709163061,5.0,0.10763101889214788,-1.0083766082770078,0.9222674678797376,-1.646786503306934,-0.23570035910047687,-1.3757172272564144
135.0,20.0,-2.5046643755986313,0.0,-1.3766051018036372,-1.5941635465838404,0.0,0.6302398296539802,5.0,0.10763101889214788,-0.11945260663065868,2.0500846856271444,-1.646786503306934,-1.0264209003067808,-1.3757172272564144
135.0,21.0,10.089064038316204,0.0,0.883305381604834,0.4986397649612633,1.3351310171047484,1.0966616331035524,5.0,0.10763101889214788,-0.2803953351702467,-0.4910311660565353,-1.646786503306934,-0.710406563699301,-1.3757172272564144
135.0,22.0,12.314226634674151,0.0,1.9169612522086619,0.755259652854165,2.5746753284744304,-0.9884429223832061,5.0,0.10763101889214788,0.5629895332204798,-2.3091688756408124,-1.646786503306934,0.2568837091565295,-1.3757172272564144
135.0,23.0,7.166251883234155,0.0,-0.7280322187964816,1.1226517197260208,3.2036196618866315,1.1079950409795976,5.0,0.10763101889214788,-0.37243875610382904,1.0057385244622565,-1.646786503306934,-0.24669187846237361,-1.3757172272564144
135.0,24.0,9.250215825285682,0.0,-0.21919893677556868,0.7427735475144296,3.552958807978413,-0.4895328712124124,5.0,0.10763101889214788,0.9769733866856207,-0.7092007625823926,-1.646786503306934,-0.3475425993977332,-1.3757172272564144
135.0,25.0,12.144427734673059,0.0,0.44380572265619467,1.410352367311297,4.65647407244458,0.29435338843696807,5.0,0.10763101889214788,-0.37458085776701383,-0.688008616467358,-1.646786503306934,-0.9516185672650157,-1.3757172272564144
135.0,26.0,4.894080020651442,0.0,-0.9913593611687543,0.38340369937689467,5.396164203529191,0.20183747228876955,5.0,0.10763101889214788,1.052711465579332,1.0255713696966988,-1.646786503306934,-0.04502772480892027,-1.3757172272564144
135.0,27.0,7.150735278533332,0.0,-0.741937658373135,0.9042161220393996,8.238672518472221,-0.4271963863382019,5.0,0.10763101889214788,-1.0491770066660657,-0.2847730070510089,-1.646786503306934,-0.7849044694570758,-1.3757172272564144
135.0,28.0,17.22146089107557,0.0,0.8940298958004048,2.6356581473423772,8.599492053306319,0.268102869997785,5.0,0.10763101889214788,-1.2601552447581124,-1.2207177122545356,-1.646786503306934,-1.6679419365881367,-1.3757172272564144
135.0,29.0,9.696104955366454,0.0,0.11349619775043318,0.7466175594797179,8.891266242403734,-1.2304309254238375,5.0,0.10763101889214788,3.2410399349424046,0.1813034797491502,-1.646786503306934,-0.38022652028776244,-1.3757172272564144
135.0,30.0,5.079381040019909,0.0,-0.29921045367710297,0.6198366603116179,8.861143035247109,-0.1361368721849644,5.0,0.10763101889214788,-0.4168575881604318,-0.13889136243904462,-1.646786503306934,0.918996609060766,-1.3757172272564144
136.0,1.0,7.711200617866998,0.0,1.3083063483458572,-0.5072428558963082,0.0,0.8257908316651706,5.0,0.9882793392915756,1.1313372134141755,0.2533185139947548,-0.07691701240333382,0.005764185899886933,-0.22553815933533428
136.0,2.0,4.066604509998941,0.0,2.263095490951889,-0.15510196624253547,0.0,-2.174124649229314,5.0,0.9882793392915756,-1.460640070924822,-0.028546755348703018,-0.07691701240333382,0.3852804011263305,-0.22553815933533428
136.0,3.0,2.439449922106867,0.0,1.198122340860693,-1.3619561767897768,0.0,-1.4879261873582548,5.0,0.9882793392915756,0.7399475108773345,-0.04287045729131609,-0.07691701240333382,-0.37066003179240936,-0.22553815933533428
136.0,4.0,12.410136496637303,0.0,2.77811774017743,1.0490579016914499,0.0,-1.1619375575969724,5.0,0.9882793392915756,1.9091035692174834,1.3686022840144576,-0.07691701240333382,0.644376548518833,-0.22553815933533428
136.0,5.0,10.055208577876783,0.0,0.19844273698304427,2.278125197901449,0.0,-1.5890896941454298,5.0,0.9882793392915756,-1.4438931609717993,-0.22577098565926762,-0.07691701240333382,-0.22048656181875062,-0.22553815933533428
136.0,6.0,10.496488378724253,0.0,2.6413818182857676,0.3123105760694159,0.0,0.4195830392963589,5.0,0.9882793392915756,0.7017843353747109,1.5164706044295397,-0.07691701240333382,0.3317819639156969,-0.22553815933533428
136.0,7.0,9.13262227149548,0.0,1.3406898603826145,1.062344174813328,0.0,-0.9929283497560106,5.0,0.9882793392915756,-0.262197489402468,-1.5487528042302212,-0.07691701240333382,1.0968390131493477,-0.22553815933533428
136.0,8.0,6.670737444521071,0.0,-0.08393225577692065,1.5487327936440853,0.0,-2.164547085328973,5.0,0.9882793392915756,-1.5721441591454877,0.5846137496360692,-0.07691701240333382,0.43518149083380286,-0.22553815933533428
136.0,9.0,8.641211151740634,0.0,1.308029639858883,1.1443850266641393,0.0,-0.6375687650804497,5.0,0.9882793392915756,-1.5146676537817514,0.12385424384461378,-0.07691701240333382,-0.32593158553122675,-0.22553815933533428
136.0,10.0,6.140912637750324,0.0,-0.10997410471404989,0.8434961214131805,0.0,-0.3906352514748059,5.0,0.9882793392915756,-1.6015361735745934,0.21594156874397272,-0.07691701240333382,1.1488076184510938,-0.22553815933533428
136.0,11.0,9.717823708392311,0.0,2.0882658345523,0.5228911162370395,0.0,0.8567854737781101,5.0,0.9882793392915756,-0.530906522170303,0.3796394827598821,-0.07691701240333382,0.9935038559621194,-0.22553815933533428
136.0,12.0,4.46119826143788,0.0,0.3536348278578164,0.25661301228082223,0.0,-1.103752135998829,5.0,0.9882793392915756,-1.4617555849958999,-0.5023234531093023,-0.07691701240333382,0.54839695950807,-0.22553815933533428
136.0,13.0,11.172162703203654,0.0,0.6505502080645283,0.9041136422608024,0.0,1.1612892557386956,5.0,0.9882793392915756,0.6879167729758275,-0.3332073836694201,-0.07691701240333382,0.2387317351114412,-0.22553815933533428
136.0,14.0,14.417080776885653,0.0,-0.056789368663728634,1.9223855313673195,0.0,0.3983627156286049,5.0,0.9882793392915756,2.1001089405256717,-1.0185753831070887,-0.07691701240333382,-0.6279060760393714,-0.22553815933533428
136.0,15.0,5.143986114383731,0.0,0.032203185376660226,0.09087399259703233,0.0,0.3623521576355447,5.0,0.9882793392915756,-1.287030476035179,-1.0717912264755778,-0.07691701240333382,1.3606524485300076,-0.22553815933533428
136.0,16.0,10.994947725227028,0.0,2.6083606428928436,0.7836865465830134,0.0,-0.8525256703145023,5.0,0.9882793392915756,0.7877388474751781,0.30352864140425806,-0.07691701240333382,-0.6002595871471269,-0.22553815933533428
136.0,17.0,14.750280010201351,0.0,2.3111754157793354,1.4186390494773446,0.0,1.953667879898038,5.0,0.9882793392915756,0.7690422410009099,0.4482097786294262,-0.07691701240333382,2.1873329930165766,-0.22553815933533428
136.0,18.0,13.439606995552008,0.0,1.821133444135484,1.9373338572148089,0.0,-0.1642708320971552,5.0,0.9882793392915756,0.3322025789501177,0.053004226730504145,-0.07691701240333382,1.5326106261851893,-0.22553815933533428
136.0,19.0,6.865416792448023,0.0,1.160758626704136,0.8558105506758502,0.0,-1.8248975841783333,5.0,0.9882793392915756,-1.0083766082770078,0.9222674678797376,-0.07691701240333382,-0.23570035910047687,-0.22553815933533428
136.0,20.0,13.257096685776618,0.0,1.9535413136303519,1.8549248065038682,0.0,-0.20385647139249596,5.0,0.9882793392915756,-0.11945260663065868,2.0500846856271444,-0.07691701240333382,-1.0264209003067808,-0.22553815933533428
136.0,21.0,3.035038701725881,0.0,1.384735771065562,-0.7737098139251444,1.3198553385583534,-1.9344440707320507,5.0,0.9882793392915756,-0.2803953351702467,-0.4910311660565353,-0.07691701240333382,-0.710406563699301,-0.22553815933533428
136.0,22.0,12.003769859581013,0.0,2.0746741598868788,1.1895532169486975,0.9934518659708029,-0.3105101157866735,5.0,0.9882793392915756,0.5629895332204798,-2.3091688756408124,-0.07691701240333382,0.2568837091565295,-0.22553815933533428
136.0,23.0,10.724197944674765,0.0,1.9533276615931463,1.199658891150895,2.1483879571700224,-0.42222700318961875,5.0,0.9882793392915756,-0.37243875610382904,1.0057385244622565,-0.07691701240333382,-0.24669187846237361,-0.22553815933533428
136.0,24.0,7.193560219251112,0.0,0.5204782211181804,-0.3689780467528203,6.038786044699386,0.6818296904034101,5.0,0.9882793392915756,0.9769733866856207,-0.7092007625823926,-0.07691701240333382,-0.3475425993977332,-0.22553815933533428
136.0,25.0,2.277781061575915,0.0,0.43335940154069363,-1.6821062915211775,3.604017776415625,1.0094961857374911,5.0,0.9882793392915756,-0.37458085776701383,-0.688008616467358,-0.07691701240333382,-0.9516185672650157,-0.22553815933533428
136.0,26.0,9.222706597215822,0.0,0.667085346155649,0.7698212755604747,5.11700500259751,-0.7261049649011545,5.0,0.9882793392915756,1.052711465579332,1.0255713696966988,-0.07691701240333382,-0.04502772480892027,-0.22553815933533428
136.0,27.0,10.612711582949025,0.0,0.3926931762279293,1.4252924691698856,6.419193870099773,0.8061088683750256,5.0,0.9882793392915756,-1.0491770066660657,-0.2847730070510089,-0.07691701240333382,-0.7849044694570758,-0.22553815933533428
136.0,28.0,9.092049872892563,0.0,0.20057661219451406,0.7563158476083571,7.404244313234862,1.4243231096687634,5.0,0.9882793392915756,-1.2601552447581124,-1.2207177122545356,-0.07691701240333382,-1.6679419365881367,-0.22553815933533428
136.0,29.0,12.28960943990274,0.0,2.13344133028672,0.5463941909030463,7.874474618007159,-0.7841440048426462,5.0,0.9882793392915756,3.2410399349424046,0.1813034797491502,-0.07691701240333382,-0.38022652028776244,-0.22553815933533428
136.0,30.0,6.628746810812924,0.0,-1.3072399614750965,1.071185027550583,9.812274511206649,-0.6524043664993325,5.0,0.9882793392915756,-0.4168575881604318,-0.13889136243904462,-0.07691701240333382,0.918996609060766,-0.22553815933533428
137.0,1.0,12.942185066713307,0.0,1.1249860256987152,1.9828224560090928,0.0,0.650778363153682,5.0,-1.1498710823428007,1.1313372134141755,0.2533185139947548,0.8953301013807216,0.005764185899886933,1.6799402576363485
137.0,2.0,8.979496384429472,0.0,1.9109649253169971,1.2914351184887347,0.0,0.1830479699439354,5.0,-1.1498710823428007,-1.460640070924822,-0.028546755348703018,0.8953301013807216,0.3852804011263305,1.6799402576363485
137.0,3.0,8.197788331419941,0.0,-0.07335839635871833,1.2644550863258506,0.0,0.5487749604442832,5.0,-1.1498710823428007,0.7399475108773345,-0.04287045729131609,0.8953301013807216,-0.37066003179240936,1.6799402576363485
137.0,4.0,24.631667003872916,0.0,4.9200953713081725,3.4132633081707993,0.0,1.4046842945475624,5.0,-1.1498710823428007,1.9091035692174834,1.3686022840144576,0.8953301013807216,0.644376548518833,1.6799402576363485
137.0,5.0,4.8022575726054235,0.0,1.0120329963997639,0.5231498369633821,0.0,0.38708311957639535,5.0,-1.1498710823428007,-1.4438931609717993,-0.22577098565926762,0.8953301013807216,-0.22048656181875062,1.6799402576363485
137.0,6.0,19.250152984632845,0.0,1.9465204295991918,3.2616341246273186,0.0,1.0517012701753732,5.0,-1.1498710823428007,0.7017843353747109,1.5164706044295397,0.8953301013807216,0.3317819639156969,1.6799402576363485
137.0,7.0,11.74219764056232,0.0,0.8672148597286699,2.069388960377044,0.0,0.6229054623371942,5.0,-1.1498710823428007,-0.262197489402468,-1.5487528042302212,0.8953301013807216,1.0968390131493477,1.6799402576363485
137.0,8.0,16.5215402961186,0.0,3.3984121591652423,3.0523405983575524,0.0,0.43362038980885464,5.0,-1.1498710823428007,-1.5721441591454877,0.5846137496360692,0.8953301013807216,0.43518149083380286,1.6799402576363485
137.0,9.0,11.786922148739453,0.0,3.2439800153010423,2.0860171968166243,0.0,0.3860844381844121,5.0,-1.1498710823428007,-1.5146676537817514,0.12385424384461378,0.8953301013807216,-0.32593158553122675,1.6799402576363485
137.0,10.0,18.956400390172256,0.0,2.9223699593163848,3.4569490763879998,0.0,1.2913233044580799,5.0,-1.1498710823428007,-1.6015361735745934,0.21594156874397272,0.8953301013807216,1.1488076184510938,1.6799402576363485
137.0,11.0,17.303391149473377,0.0,3.0985971219787,3.2929672417943987,0.0,-1.0022598737106545,5.0,-1.1498710823428007,-0.530906522170303,0.3796394827598821,0.8953301013807216,0.9935038559621194,1.6799402576363485
137.0,12.0,8.084295583211883,0.0,0.9425653169212117,1.7956702805140514,0.0,-1.1051827291574945,5.0,-1.1498710823428007,-1.4617555849958999,-0.5023234531093023,0.8953301013807216,0.54839695950807,1.6799402576363485
137.0,13.0,14.58188538685824,0.0,2.9882056143377254,2.1203212088342456,0.0,0.5919460033972092,5.0,-1.1498710823428007,0.6879167729758275,-0.3332073836694201,0.8953301013807216,0.2387317351114412,1.6799402576363485
137.0,14.0,1.7738412054100818,0.0,0.9714512032265282,-1.020450765230672,0.0,-0.11968966413311385,5.0,-1.1498710823428007,2.1001089405256717,-1.0185753831070887,0.8953301013807216,-0.6279060760393714,1.6799402576363485
137.0,15.0,13.113415983078415,0.0,0.04988337114918462,3.0334070270481894,0.0,0.07400521168496045,5.0,-1.1498710823428007,-1.287030476035179,-1.0717912264755778,0.8953301013807216,1.3606524485300076,1.6799402576363485
137.0,16.0,7.19779813726853,0.0,0.5560813494009218,0.6664045205880123,0.0,0.741277377171399,5.0,-1.1498710823428007,0.7877388474751781,0.30352864140425806,0.8953301013807216,-0.6002595871471269,1.6799402576363485
137.0,17.0,33.589401685971374,0.0,4.1065280175066725,6.6781743345308815,0.0,0.7532950478490763,5.0,-1.1498710823428007,0.7690422410009099,0.4482097786294262,0.8953301013807216,2.1873329930165766,1.6799402576363485
137.0,18.0,17.04982306472906,0.0,2.243135914553656,2.7549585290092953,0.0,-0.26267050336177766,5.0,-1.1498710823428007,0.3322025789501177,0.053004226730504145,0.8953301013807216,1.5326106261851893,1.6799402576363485
137.0,19.0,2.14424615600464,0.0,1.7571208431092618,-0.8572848103374608,0.0,-0.3125438689971024,5.0,-1.1498710823428007,-1.0083766082770078,0.9222674678797376,0.8953301013807216,-0.23570035910047687,1.6799402576363485
137.0,20.0,14.719554025872595,0.0,0.8218807506786188,3.3274072058142186,0.0,0.07359860900786931,5.0,-1.1498710823428007,-0.11945260663065868,2.0500846856271444,0.8953301013807216,-1.0264209003067808,1.6799402576363485
137.0,21.0,3.6707081017348244,0.0,0.8862283263788566,-0.0717320090305602,-0.03804204315109594,1.063017789294744,5.0,-1.1498710823428007,-0.2803953351702467,-0.4910311660565353,0.8953301013807216,-0.710406563699301,1.6799402576363485
137.0,22.0,6.56886429056433,0.0,0.6484315025034866,0.9057376564979517,3.342460546573637,0.4260204866790045,5.0,-1.1498710823428007,0.5629895332204798,-2.3091688756408124,0.8953301013807216,0.2568837091565295,1.6799402576363485
137.0,23.0,15.191346311568012,0.0,2.887583782997826,2.3023414996617357,3.1235129252863922,1.4330075108231943,5.0,-1.1498710823428007,-0.37243875610382904,1.0057385244622565,0.8953301013807216,-0.24669187846237361,1.6799402576363485
137.0,24.0,10.386925969405754,0.0,1.1866780878758003,1.8665340140803728,4.858147790153634,-0.007636870419971943,5.0,-1.1498710823428007,0.9769733866856207,-0.7092007625823926,0.8953301013807216,-0.3475425993977332,1.6799402576363485
137.0,25.0,1.777203311293757,0.0,1.7206962499774097,-0.7766838127997797,3.5945720766072755,1.125667605220753,5.0,-1.1498710823428007,-0.37458085776701383,-0.688008616467358,0.8953301013807216,-0.9516185672650157,1.6799402576363485
137.0,26.0,11.916077139489047,0.0,1.9241061390818286,1.1211824251220022,5.985542902599223,0.8830023110172466,5.0,-1.1498710823428007,1.052711465579332,1.0255713696966988,0.8953301013807216,-0.04502772480892027,1.6799402576363485
137.0,27.0,5.23955650176106,0.0,-1.5636843777657412,1.6545879898495703,7.545575680865127,0.6120834609000705,5.0,-1.1498710823428007,-1.0491770066660657,-0.2847730070510089,0.8953301013807216,-0.7849044694570758,1.6799402576363485
137.0,28.0,-7.843722458819307,0.0,-1.0001821692487338,-1.9844088498345616,8.098112089017668,0.4147007067784645,5.0,-1.1498710823428007,-1.2601552447581124,-1.2207177122545356,0.8953301013807216,-1.6679419365881367,1.6799402576363485
137.0,29.0,7.80710613869787,0.0,2.0057199868711555,-0.17782297602748676,9.017596629179229,-0.27988239714251806,5.0,-1.1498710823428007,3.2410399349424046,0.1813034797491502,0.8953301013807216,-0.38022652028776244,1.6799402576363485
137.0,30.0,16.870799659220147,0.0,2.1473611931864034,3.3265662877090634,8.965719879930242,-0.10903750916923187,5.0,-1.1498710823428007,-0.4168575881604318,-0.13889136243904462,0.8953301013807216,0.918996609060766,1.6799402576363485
138.0,1.0,11.149894353906515,0.0,2.439936632910517,0.9738018796872364,0.0,0.2293954957084669,5.0,-0.3311709514452432,1.1313372134141755,0.2533185139947548,-0.9823917275192199,0.005764185899886933,1.361569000221222
138.0,2.0,17.580259979247124,0.0,2.5550613817402206,3.738496927443065,0.0,0.04888889067928617,5.0,-0.3311709514452432,-1.460640070924822,-0.028546755348703018,-0.9823917275192199,0.3852804011263305,1.361569000221222
138.0,3.0,10.498279099327034,0.0,1.2976231816699835,1.103739505383447,0.0,0.9432244683862205,5.0,-0.3311709514452432,0.7399475108773345,-0.04287045729131609,-0.9823917275192199,-0.37066003179240936,1.361569000221222
138.0,4.0,10.469846849071049,0.0,1.434243569509972,1.0113760713740638,0.0,-0.10931712318643116,5.0,-0.3311709514452432,1.9091035692174834,1.3686022840144576,-0.9823917275192199,0.644376548518833,1.361569000221222
138.0,5.0,4.419188051604042,0.0,0.39252323865608796,0.31683932195502373,0.0,-0.07037692158782763,5.0,-0.3311709514452432,-1.4438931609717993,-0.22577098565926762,-0.9823917275192199,-0.22048656181875062,1.361569000221222
138.0,6.0,12.87653436978753,0.0,0.8609020225211059,2.722454063606714,0.0,-0.48431908756566466,5.0,-0.3311709514452432,0.7017843353747109,1.5164706044295397,-0.9823917275192199,0.3317819639156969,1.361569000221222
138.0,7.0,14.064664731361608,0.0,2.9584456887678834,1.2743399568664706,0.0,-0.13833632854332842,5.0,-0.3311709514452432,-0.262197489402468,-1.5487528042302212,-0.9823917275192199,1.0968390131493477,1.361569000221222
138.0,8.0,11.300204432316406,0.0,2.326644874517106,1.9758101315803267,0.0,-0.06876564230384444,5.0,-0.3311709514452432,-1.5721441591454877,0.5846137496360692,-0.9823917275192199,0.43518149083380286,1.361569000221222
138.0,9.0,4.710095757943555,0.0,0.465434462127832,1.3232291341884999,0.0,-2.313735773899415,5.0,-0.3311709514452432,-1.5146676537817514,0.12385424384461378,-0.9823917275192199,-0.32593158553122675,1.361569000221222
138.0,10.0,9.05584147353868,0.0,1.3837491714203196,1.5391964982043786,0.0,-1.3648316972143173,5.0,-0.3311709514452432,-1.6015361735745934,0.21594156874397272,-0.9823917275192199,1.1488076184510938,1.361569000221222
138.0,11.0,19.839823822921474,0.0,4.403570697009746,3.4636827149679807,0.0,-0.07248690995195904,5.0,-0.3311709514452432,-0.530906522170303,0.3796394827598821,-0.9823917275192199,0.9935038559621194,1.361569000221222
138.0,12.0,9.363107359005191,0.0,2.2449492175025068,0.978736582684366,0.0,-0.26528377486449883,5.0,-0.3311709514452432,-1.4617555849958999,-0.5023234531093023,-0.9823917275192199,0.54839695950807,1.361569000221222
138.0,13.0,9.435729060047384,0.0,0.493767154279515,1.3778985017609326,0.0,-1.200869328207436,5.0,-0.3311709514452432,0.6879167729758275,-0.3332073836694201,-0.9823917275192199,0.2387317351114412,1.361569000221222
138.0,14.0,10.04106764078568,0.0,1.6870043007488196,1.143653648322028,0.0,-1.9915381760430189,5.0,-0.3311709514452432,2.1001089405256717,-1.0185753831070887,-0.9823917275192199,-0.6279060760393714,1.361569000221222
138.0,15.0,23.44315535118905,0.0,2.6814666358423844,4.942906111409889,0.0,-0.35436921991342674,5.0,-0.3311709514452432,-1.287030476035179,-1.0717912264755778,-0.9823917275192199,1.3606524485300076,1.361569000221222
138.0,16.0,9.518319335171824,0.0,1.2896613940985124,1.0780243838916364,0.0,0.6534957656942765,5.0,-0.3311709514452432,0.7877388474751781,0.30352864140425806,-0.9823917275192199,-0.6002595871471269,1.361569000221222
138.0,17.0,27.085932658989435,0.0,3.074420572514682,4.754171649085939,0.0,1.7732386319275648,5.0,-0.3311709514452432,0.7690422410009099,0.4482097786294262,-0.9823917275192199,2.1873329930165766,1.361569000221222
138.0,18.0,14.78730265104086,0.0,2.4501110822391086,1.7799775102821427,0.0,-0.038456793709338445,5.0,-0.3311709514452432,0.3322025789501177,0.053004226730504145,-0.9823917275192199,1.5326106261851893,1.361569000221222
138.0,19.0,1.3928216628563028,0.0,0.7435725994338906,-1.092479328061894,0.0,1.4931848406277166,5.0,-0.3311709514452432,-1.0083766082770078,0.9222674678797376,-0.9823917275192199,-0.23570035910047687,1.361569000221222
138.0,20.0,2.8815034654503204,0.0,0.05772650410273106,0.5343024922327801,0.0,0.08302215763596832,5.0,-0.3311709514452432,-0.11945260663065868,2.0500846856271444,-0.9823917275192199,-1.0264209003067808,1.361569000221222
138.0,21.0,0.7315648323921553,0.0,-0.05809214540668606,-1.0764754135488777,0.3712828703704991,0.11553210425955959,5.0,-0.3311709514452432,-0.2803953351702467,-0.4910311660565353,-0.9823917275192199,-0.710406563699301,1.361569000221222
138.0,22.0,11.05636156715616,0.0,1.2354964442431737,0.5486493106217453,1.5950985927302073,0.32482531334874665,5.0,-0.3311709514452432,0.5629895332204798,-2.3091688756408124,-0.9823917275192199,0.2568837091565295,1.361569000221222
138.0,23.0,6.239816704068067,0.0,0.43781816313620237,1.233367571513891,2.1976287837402015,-0.8705772452609188,5.0,-0.3311709514452432,-0.37243875610382904,1.0057385244622565,-0.9823917275192199,-0.24669187846237361,1.361569000221222
138.0,24.0,9.591018882843562,0.0,1.1136647756750628,0.8865867173693318,4.763807156156156,-0.0517182128948834,5.0,-0.3311709514452432,0.9769733866856207,-0.7092007625823926,-0.9823917275192199,-0.3475425993977332,1.361569000221222
138.0,25.0,8.306526264428696,0.0,0.05761088300125927,1.2220066199303155,6.759612935870035,0.9084476987922507,5.0,-0.3311709514452432,-0.37458085776701383,-0.688008616467358,-0.9823917275192199,-0.9516185672650157,1.361569000221222
138.0,26.0,11.741580879670103,0.0,1.1225041999448917,2.238694378754741,7.315180081745945,-0.749725786852189,5.0,-0.3311709514452432,1.052711465579332,1.0255713696966988,-0.9823917275192199,-0.04502772480892027,1.361569000221222
138.0,27.0,5.877216161373985,0.0,-0.6688319372535965,1.3456483580090024,7.422840228773344,-0.32160606988796075,5.0,-0.3311709514452432,-1.0491770066660657,-0.2847730070510089,-0.9823917275192199,-0.7849044694570758,1.361569000221222
138.0,28.0,0.25206700903309254,0.0,-1.5942265733387018,0.21906186063557298,7.881692309745152,-1.1477707504592545,5.0,-0.3311709514452432,-1.2601552447581124,-1.2207177122545356,-0.9823917275192199,-1.6679419365881367,1.361569000221222
138.0,29.0,13.905094840218444,0.0,2.589166349668022,1.2491743307885739,9.576005728308136,0.3543521964493546,5.0,-0.3311709514452432,3.2410399349424046,0.1813034797491502,-0.9823917275192199,-0.38022652028776244,1.361569000221222
138.0,30.0,14.831579889750392,0.0,2.3815592527360177,2.128508791513825,9.211385792609304,0.4247997823890222,5.0,-0.3311709514452432,-0.4168575881604318,-0.13889136243904462,-0.9823917275192199,0.918996609060766,1.361569000221222
139.0,1.0,15.921882690814346,0.0,0.7690581551362827,2.874478574256133,0.0,0.6483473512240818,5.0,-0.09846266256229352,1.1313372134141755,0.2533185139947548,-0.6298394651148409,0.005764185899886933,1.338768097676243
139.0,2.0,8.76530276062321,0.0,1.2533482124981083,1.5856954434405637,0.0,-1.219810031516902,5.0,-0.09846266256229352,-1.460640070924822,-0.028546755348703018,-0.6298394651148409,0.3852804011263305,1.338768097676243
139.0,3.0,11.842989094124729,0.0,1.6243549070341048,1.6463802079261889,0.0,0.10723503475476404,5.0,-0.09846266256229352,0.7399475108773345,-0.04287045729131609,-0.6298394651148409,-0.37066003179240936,1.338768097676243
139.0,4.0,9.55983413188052,0.0,1.4704915698088796,0.740696103845723,0.0,-0.9440576916498457,5.0,-0.09846266256229352,1.9091035692174834,1.3686022840144576,-0.6298394651148409,0.644376548518833,1.338768097676243
139.0,5.0,7.570829593002204,0.0,1.181292286105939,1.0284195590765206,0.0,-0.00038464871602350223,5.0,-0.09846266256229352,-1.4438931609717993,-0.22577098565926762,-0.6298394651148409,-0.22048656181875062,1.338768097676243
139.0,6.0,5.712657406029692,0.0,1.1190927112874207,-0.6138089907982169,0.0,1.3426239200060799,5.0,-0.09846266256229352,0.7017843353747109,1.5164706044295397,-0.6298394651148409,0.3317819639156969,1.338768097676243
139.0,7.0,15.63926330040141,0.0,1.7848020108846296,2.424922670504435,0.0,-0.5035252869342756,5.0,-0.09846266256229352,-0.262197489402468,-1.5487528042302212,-0.6298394651148409,1.0968390131493477,1.338768097676243
139.0,8.0,6.555342743137194,0.0,2.1415679244070334,0.05110134474706607,0.0,0.716683320938825,5.0,-0.09846266256229352,-1.5721441591454877,0.5846137496360692,-0.6298394651148409,0.43518149083380286,1.338768097676243
139.0,9.0,5.343858497223661,0.0,1.011029831354077,0.7366608885756205,0.0,-0.7496685840836952,5.0,-0.09846266256229352,-1.5146676537817514,0.12385424384461378,-0.6298394651148409,-0.32593158553122675,1.338768097676243
139.0,10.0,13.682548220676619,0.0,3.521221355807447,1.9792918145534597,0.0,-0.4785282104503053,5.0,-0.09846266256229352,-1.6015361735745934,0.21594156874397272,-0.6298394651148409,1.1488076184510938,1.338768097676243
139.0,11.0,15.954963527805313,0.0,0.9406008044073375,3.0380169396738324,0.0,0.43872175058661655,5.0,-0.09846266256229352,-0.530906522170303,0.3796394827598821,-0.6298394651148409,0.9935038559621194,1.338768097676243
139.0,12.0,8.605348330059654,0.0,1.5787228733271763,1.071798828491827,0.0,-0.6791122704578678,5.0,-0.09846266256229352,-1.4617555849958999,-0.5023234531093023,-0.6298394651148409,0.54839695950807,1.338768097676243
139.0,13.0,7.887838754527517,0.0,1.2093610927674459,0.754171598439739,0.0,-1.7029648351454352,5.0,-0.09846266256229352,0.6879167729758275,-0.3332073836694201,-0.6298394651148409,0.2387317351114412,1.338768097676243
139.0,14.0,3.73811347481323,0.0,-0.40879136479157285,-1.306942741702878,0.0,1.26516843521333,5.0,-0.09846266256229352,2.1001089405256717,-1.0185753831070887,-0.6298394651148409,-0.6279060760393714,1.338768097676243
139.0,15.0,19.321621291152937,0.0,3.495633441369825,3.118156415861847,0.0,0.36035723787984647,5.0,-0.09846266256229352,-1.287030476035179,-1.0717912264755778,-0.6298394651148409,1.3606524485300076,1.338768097676243
139.0,16.0,9.692101428611192,0.0,0.49825832125750047,1.6943296885822916,0.0,-0.5836394405600897,5.0,-0.09846266256229352,0.7877388474751781,0.30352864140425806,-0.6298394651148409,-0.6002595871471269,1.338768097676243
139.0,17.0,16.89527675648331,0.0,1.773575572027427,2.9330563235112597,0.0,-1.9940787873306007,5.0,-0.09846266256229352,0.7690422410009099,0.4482097786294262,-0.6298394651148409,2.1873329930165766,1.338768097676243
139.0,18.0,23.334344540460762,0.0,1.9907082733168413,4.063086840224406,0.0,1.9022097713993047,5.0,-0.09846266256229352,0.3322025789501177,0.053004226730504145,-0.6298394651148409,1.5326106261851893,1.338768097676243
139.0,19.0,7.655139854691798,0.0,-0.2046739103293016,0.4909035948752014,0.0,3.3903708212715418,5.0,-0.09846266256229352,-1.0083766082770078,0.9222674678797376,-0.6298394651148409,-0.23570035910047687,1.338768097676243
139.0,20.0,0.7581885488436324,0.0,1.1395547181076726,-0.9018558364907239,0.0,0.20748040735545656,5.0,-0.09846266256229352,-0.11945260663065868,2.0500846856271444,-0.6298394651148409,-1.0264209003067808,1.338768097676243
139.0,21.0,10.283383696637566,0.0,3.0988777641251657,0.7851187065368056,1.2649171124953713,0.8498066475111891,5.0,-0.09846266256229352,-0.2803953351702467,-0.4910311660565353,-0.6298394651148409,-0.710406563699301,1.338768097676243
139.0,22.0,16.12580866053139,0.0,0.8896017494453448,2.2496021080762487,2.1664661980210966,1.2245603120741604,5.0,-0.09846266256229352,0.5629895332204798,-2.3091688756408124,-0.6298394651148409,0.2568837091565295,1.338768097676243
139.0,23.0,1.8313272069261903,0.0,0.7929052959715497,-0.6083850685688934,0.6549767856474449,-0.7018044335386087,5.0,-0.09846266256229352,-0.37243875610382904,1.0057385244622565,-0.6298394651148409,-0.24669187846237361,1.338768097676243
139.0,24.0,4.496545647310949,0.0,1.1834831940893626,-0.731885241883991,5.896637019606845,-0.3511962295565402,5.0,-0.09846266256229352,0.9769733866856207,-0.7092007625823926,-0.6298394651148409,-0.3475425993977332,1.338768097676243
139.0,25.0,6.195371153501265,0.0,3.055953981203778,0.3934144430975215,3.6684385651613622,-1.7271210366451961,5.0,-0.09846266256229352,-0.37458085776701383,-0.688008616467358,-0.6298394651148409,-0.9516185672650157,1.338768097676243
139.0,26.0,7.900764232670473,0.0,-1.2597488965194383,1.5496898542855786,3.3741223604410298,-0.7365782322718721,5.0,-0.09846266256229352,1.052711465579332,1.0255713696966988,-0.6298394651148409,-0.04502772480892027,1.338768097676243
139.0,27.0,-2.047724944031507,0.0,-0.039864839179225564,-1.8703954778391858,6.999657527852849,0.6224097828861144,5.0,-0.09846266256229352,-1.0491770066660657,-0.2847730070510089,-0.6298394651148409,-0.7849044694570758,1.338768097676243
139.0,28.0,-5.5428159563114905,0.0,-1.4797931425670212,-1.9831858848817578,8.107412294687636,-0.29071598924087044,5.0,-0.09846266256229352,-1.2601552447581124,-1.2207177122545356,-0.6298394651148409,-1.6679419365881367,1.338768097676243
139.0,29.0,11.264374676946872,0.0,0.5882629807885984,1.1236577266405365,8.991994568769679,-0.21421153418307687,5.0,-0.09846266256229352,3.2410399349424046,0.1813034797491502,-0.6298394651148409,-0.38022652028776244,1.338768097676243
139.0,30.0,16.20486604155466,0.0,1.755260553965213,2.919894228767937,10.140564613848127,-0.1125595515025161,5.0,-0.09846266256229352,-0.4168575881604318,-0.13889136243904462,-0.6298394651148409,0.918996609060766,1.338768097676243
140.0,1.0,5.14799308590493,0.0,-0.299865922648509,0.049007293945946384,0.0,-1.8636669824956047,5.0,1.27515938426864,1.1313372134141755,0.2533185139947548,-0.9296755504211692,0.005764185899886933,-1.125650639024566
140.0,2.0,12.16752380546961,0.0,2.205931626986543,1.5721982800491763,0.0,0.8376299342316704,5.0,1.27515938426864,-1.460640070924822,-0.028546755348703018,-0.9296755504211692,0.3852804011263305,-1.125650639024566
140.0,3.0,6.8897313647426985,0.0,0.8683958262461637,-0.0024559284470402343,0.0,-1.443492888935421,5.0,1.27515938426864,0.7399475108773345,-0.04287045729131609,-0.9296755504211692,-0.37066003179240936,-1.125650639024566
140.0,4.0,7.833746504587351,0.0,2.384149057304111,-0.17613212949191892,0.0,-0.20857016241564835,5.0,1.27515938426864,1.9091035692174834,1.3686022840144576,-0.9296755504211692,0.644376548518833,-1.125650639024566
140.0,5.0,12.13821768767857,0.0,1.4272629942721724,1.953389109199624,0.0,-0.4385634620588304,5.0,1.27515938426864,-1.4438931609717993,-0.22577098565926762,-0.9296755504211692,-0.22048656181875062,-1.125650639024566
140.0,6.0,3.691403372994912,0.0,-1.2087286673157038,-0.02497387963581721,0.0,-0.21859381685619822,5.0,1.27515938426864,0.7017843353747109,1.5164706044295397,-0.9296755504211692,0.3317819639156969,-1.125650639024566
140.0,7.0,8.905356189303754,0.0,-0.27771117035962467,0.501653146793666,0.0,1.4599659447357858,5.0,1.27515938426864,-0.262197489402468,-1.5487528042302212,-0.9296755504211692,1.0968390131493477,-1.125650639024566
140.0,8.0,1.5587603580247258,0.0,0.49747396555627166,-0.6754351606712996,0.0,-0.5820599179153695,5.0,1.27515938426864,-1.5721441591454877,0.5846137496360692,-0.9296755504211692,0.43518149083380286,-1.125650639024566
140.0,9.0,6.098345981367866,0.0,-0.01637940626149126,0.6285301392136964,0.0,-0.7830975957118963,5.0,1.27515938426864,-1.5146676537817514,0.12385424384461378,-0.9296755504211692,-0.32593158553122675,-1.125650639024566
140.0,10.0,0.40315026865964754,0.0,0.4346896252116297,-0.5638656485651854,0.0,-1.519653994943845,5.0,1.27515938426864,-1.6015361735745934,0.21594156874397272,-0.9296755504211692,1.1488076184510938,-1.125650639024566
140.0,11.0,-0.8232133654058851,0.0,0.8263870315605193,-1.705625127339987,0.0,-0.8056980816112492,5.0,1.27515938426864,-0.530906522170303,0.3796394827598821,-0.9296755504211692,0.9935038559621194,-1.125650639024566
140.0,12.0,2.6966964039398733,0.0,0.8436563283140612,-0.5479578203762183,0.0,-1.1661847073677385,5.0,1.27515938426864,-1.4617555849958999,-0.5023234531093023,-0.9296755504211692,0.54839695950807,-1.125650639024566
140.0,13.0,8.493799092451514,0.0,0.34845982014503574,0.2444235637266956,0.0,0.4079461962482959,5.0,1.27515938426864,0.6879167729758275,-0.3332073836694201,-0.9296755504211692,0.2387317351114412,-1.125650639024566
140.0,14.0,12.619055251293078,0.0,0.25788290682770687,1.0650535866674247,0.0,-0.8630042460078766,5.0,1.27515938426864,2.1001089405256717,-1.0185753831070887,-0.9296755504211692,-0.6279060760393714,-1.125650639024566
140.0,15.0,7.834889376435756,0.0,-0.9985375308959312,1.358819054612657,0.0,0.304042035028136,5.0,1.27515938426864,-1.287030476035179,-1.0717912264755778,-0.9296755504211692,1.3606524485300076,-1.125650639024566
140.0,16.0,10.20140948103179,0.0,0.949630330344509,0.6472696585682307,0.0,-0.14642748784792053,5.0,1.27515938426864,0.7877388474751781,0.30352864140425806,-0.9296755504211692,-0.6002595871471269,-1.125650639024566
140.0,17.0,2.0943841666641188,0.0,0.62795859264292,-0.4217838057791532,0.0,-1.433562179910804,5.0,1.27515938426864,0.7690422410009099,0.4482097786294262,-0.9296755504211692,2.1873329930165766,-1.125650639024566
140.0,18.0,7.262391007095459,0.0,-0.08432767607845326,1.1014751233597941,0.0,-0.7906077857226979,5.0,1.27515938426864,0.3322025789501177,0.053004226730504145,-0.9296755504211692,1.5326106261851893,-1.125650639024566
140.0,19.0,15.00564321429248,0.0,1.115381254559431,2.7768199948935335,0.0,0.8851124550576773,5.0,1.27515938426864,-1.0083766082770078,0.9222674678797376,-0.9296755504211692,-0.23570035910047687,-1.125650639024566
140.0,20.0,9.746770095551785,0.0,2.594352949401695,0.28138551624648933,0.0,0.9030760859545676,5.0,1.27515938426864,-0.11945260663065868,2.0500846856271444,-0.9296755504211692,-1.0264209003067808,-1.125650639024566
140.0,21.0,17.979859273686678,0.0,2.7477149381437744,1.991879246723654,-0.1849273379813392,2.0055732743006276,5.0,1.27515938426864,-0.2803953351702467,-0.4910311660565353,-0.9296755504211692,-0.710406563699301,-1.125650639024566
140.0,22.0,13.263449973352056,0.0,0.4069999512962388,1.388088292952241,2.5924971041568483,-0.003580308399780853,5.0,1.27515938426864,0.5629895332204798,-2.3091688756408124,-0.9296755504211692,0.2568837091565295,-1.125650639024566
140.0,23.0,5.457223239983313,0.0,0.893981132695662,0.2712233129269539,4.3806875813430635,-1.4958268139821398,5.0,1.27515938426864,-0.37243875610382904,1.0057385244622565,-0.9296755504211692,-0.24669187846237361,-1.125650639024566
140.0,24.0,4.058394880153835,0.0,0.04504105360400856,-1.1736333586008305,3.1612714164494085,-0.7684170270151593,5.0,1.27515938426864,0.9769733866856207,-0.7092007625823926,-0.9296755504211692,-0.3475425993977332,-1.125650639024566
140.0,25.0,9.533713358231111,0.0,1.6214824993862358,-0.03588367001840109,5.30587423629278,0.4084885048401484,5.0,1.27515938426864,-0.37458085776701383,-0.688008616467358,-0.9296755504211692,-0.9516185672650157,-1.125650639024566
140.0,26.0,7.716340281962953,0.0,0.22155965357676854,-0.276821138647507,5.729099682352817,1.900136334894722,5.0,1.27515938426864,1.052711465579332,1.0255713696966988,-0.9296755504211692,-0.04502772480892027,-1.125650639024566
140.0,27.0,6.602778021003248,0.0,1.0704740214246078,-0.31732074038549696,6.939214095449125,0.11000912343972276,5.0,1.27515938426864,-1.0491770066660657,-0.2847730070510089,-0.9296755504211692,-0.7849044694570758,-1.125650639024566
140.0,28.0,9.905814646598369,0.0,0.4111845849314041,0.10894925973418379,8.975708454860259,1.1403868251284695,5.0,1.27515938426864,-1.2601552447581124,-1.2207177122545356,-0.9296755504211692,-1.6679419365881367,-1.125650639024566
140.0,29.0,12.774979294522252,0.0,1.7715400149400264,0.1532366141573256,9.277768209440348,0.7680813046922612,5.0,1.27515938426864,3.2410399349424046,0.1813034797491502,-0.9296755504211692,-0.38022652028776244,-1.125650639024566
140.0,30.0,7.470441918852011,0.0,0.14434218960392942,1.1804115905612007,11.931841065880395,-1.1680916221173332,5.0,1.27515938426864,-0.4168575881604318,-0.13889136243904462,-0.9296755504211692,0.918996609060766,-1.125650639024566
141.0,1.0,5.0083826454958125,0.0,-0.17073278812588666,-0.6449933566723425,0.0,-0.1711126522648586,5.0,1.474695617418618,1.1313372134141755,0.2533185139947548,-1.2373770193926819,0.005764185899886933,-1.2793076513268358
141.0,2.0,7.064562841105909,0.0,0.15460633813910218,0.3494028287152683,0.0,1.305261536347683,5.0,1.474695617418618,-1.460640070924822,-0.028546755348703018,-1.2373770193926819,0.3852804011263305,-1.2793076513268358
141.0,3.0,10.209649472133835,0.0,0.607462156733168,0.3280709813775311,0.0,0.8760961095959137,5.0,1.474695617418618,0.7399475108773345,-0.04287045729131609,-1.2373770193926819,-0.37066003179240936,-1.2793076513268358
141.0,4.0,8.806554307825843,0.0,1.2520211202555147,0.4082569077166591,0.0,0.46379614156779764,5.0,1.474695617418618,1.9091035692174834,1.3686022840144576,-1.2373770193926819,0.644376548518833,-1.2793076513268358
141.0,5.0,7.23386294427006,0.0,-0.5707425554581902,0.5784182743515547,0.0,0.4771142453768791,5.0,1.474695617418618,-1.4438931609717993,-0.22577098565926762,-1.2373770193926819,-0.22048656181875062,-1.2793076513268358
141.0,6.0,5.068453533700853,0.0,2.1414346371397923,-0.4857195581692091,0.0,-0.49140530020940226,5.0,1.474695617418618,0.7017843353747109,1.5164706044295397,-1.2373770193926819,0.3317819639156969,-1.2793076513268358
141.0,7.0,4.938223500087906,0.0,-0.25886370847375373,-0.0697407309963336,0.0,-1.319385313344202,5.0,1.474695617418618,-0.262197489402468,-1.5487528042302212,-1.2373770193926819,1.0968390131493477,-1.2793076513268358
141.0,8.0,7.711071303487858,0.0,0.1603617024175723,0.8776169939753367,0.0,1.2954257908313074,5.0,1.474695617418618,-1.5721441591454877,0.5846137496360692,-1.2373770193926819,0.43518149083380286,-1.2793076513268358
141.0,9.0,6.972041451234786,0.0,-1.6059756798049838,1.5914987609927436,0.0,-1.4202194916669288,5.0,1.474695617418618,-1.5146676537817514,0.12385424384461378,-1.2373770193926819,-0.32593158553122675,-1.2793076513268358
141.0,10.0,0.9755564280409978,0.0,-0.8108841566520555,-0.13698114285423335,0.0,-0.9388959197058298,5.0,1.474695617418618,-1.6015361735745934,0.21594156874397272,-1.2373770193926819,1.1488076184510938,-1.2793076513268358
141.0,11.0,14.754071604194978,0.0,0.5755109030412258,3.115520289853951,0.0,0.6289649925198404,5.0,1.474695617418618,-0.530906522170303,0.3796394827598821,-1.2373770193926819,0.9935038559621194,-1.2793076513268358
141.0,12.0,5.536372953520143,0.0,0.8475778029570227,0.33935153220454073,0.0,-1.2621945493896012,5.0,1.474695617418618,-1.4617555849958999,-0.5023234531093023,-1.2373770193926819,0.54839695950807,-1.2793076513268358
141.0,13.0,17.502301201697804,0.0,0.8112280538841259,3.3244797822633743,0.0,-0.5518704132727917,5.0,1.474695617418618,0.6879167729758275,-0.3332073836694201,-1.2373770193926819,0.2387317351114412,-1.2793076513268358
141.0,14.0,12.551375508470034,0.0,0.5242665734846124,0.8571523549520081,0.0,-1.1827995067824777,5.0,1.474695617418618,2.1001089405256717,-1.0185753831070887,-1.2373770193926819,-0.6279060760393714,-1.2793076513268358
141.0,15.0,-0.2186381670312585,0.0,-1.607769955710829,-1.334904551819788,0.0,0.6206635577289502,5.0,1.474695617418618,-1.287030476035179,-1.0717912264755778,-1.2373770193926819,1.3606524485300076,-1.2793076513268358
141.0,16.0,4.725219448553252,0.0,-0.5800098726657659,-0.9319518257771235,0.0,0.44631301663809564,5.0,1.474695617418618,0.7877388474751781,0.30352864140425806,-1.2373770193926819,-0.6002595871471269,-1.2793076513268358
141.0,17.0,-1.1183868836943502,0.0,-0.8765523970468556,-1.518193574810614,0.0,0.4218846932736879,5.0,1.474695617418618,0.7690422410009099,0.4482097786294262,-1.2373770193926819,2.1873329930165766,-1.2793076513268358
141.0,18.0,9.296354135017427,0.0,0.37573636420447887,1.2325071716563694,0.0,0.44246477214563673,5.0,1.474695617418618,0.3322025789501177,0.053004226730504145,-1.2373770193926819,1.5326106261851893,-1.2793076513268358
141.0,19.0,11.62188468833811,0.0,0.9600864420695627,1.825964262806047,0.0,0.557245746378939,5.0,1.474695617418618,-1.0083766082770078,0.9222674678797376,-1.2373770193926819,-0.23570035910047687,-1.2793076513268358
141.0,20.0,6.720657647410475,0.0,-0.2879530537835253,0.4125435883317261,0.0,0.639356491970517,5.0,1.474695617418618,-0.11945260663065868,2.0500846856271444,-1.2373770193926819,-1.0264209003067808,-1.2793076513268358
141.0,21.0,9.830707367922527,0.0,0.6771264820574072,1.1371743090378998,0.6677093935251609,-1.9686615566742218,5.0,1.474695617418618,-0.2803953351702467,-0.4910311660565353,-1.2373770193926819,-0.710406563699301,-1.2793076513268358
141.0,22.0,12.132219169606397,0.0,0.9592456211701152,0.585141851055813,3.4819432931647127,-0.14881636135986792,5.0,1.474695617418618,0.5629895332204798,-2.3091688756408124,-1.2373770193926819,0.2568837091565295,-1.2793076513268358
141.0,23.0,3.6982526028478864,0.0,0.15399456175061876,-0.5805265675730082,2.544344435878074,0.11246381255190067,5.0,1.474695617418618,-0.37243875610382904,1.0057385244622565,-1.2373770193926819,-0.24669187846237361,-1.2793076513268358
141.0,24.0,11.952840650139862,0.0,2.30486919357462,0.04982120582882921,3.7686775983375123,0.7246762026477596,5.0,1.474695617418618,0.9769733866856207,-0.7092007625823926,-1.2373770193926819,-0.3475425993977332,-1.2793076513268358
141.0,25.0,7.624171212624174,0.0,0.26857899100047433,0.12474152418990059,4.672882372785311,-1.187486076005285,5.0,1.474695617418618,-0.37458085776701383,-0.688008616467358,-1.2373770193926819,-0.9516185672650157,-1.2793076513268358
141.0,26.0,4.032893403033327,0.0,-0.1945050418802281,-0.5296647721762002,6.287902029979113,-0.499600189815913,5.0,1.474695617418618,1.052711465579332,1.0255713696966988,-1.2373770193926819,-0.04502772480892027,-1.2793076513268358
141.0,27.0,7.0456880653568845,0.0,0.8603886896387636,0.15897262923713007,7.4665342268071715,-1.0736429907511584,5.0,1.474695617418618,-1.0491770066660657,-0.2847730070510089,-1.2373770193926819,-0.7849044694570758,-1.2793076513268358
141.0,28.0,16.04667949857707,0.0,0.13254748980213082,1.9993508325497598,8.145161086801629,1.05724021270968,5.0,1.474695617418618,-1.2601552447581124,-1.2207177122545356,-1.2373770193926819,-1.6679419365881367,-1.2793076513268358
141.0,29.0,14.456885015983362,0.0,-0.46888819438548635,1.2229597125115017,9.599325334115896,1.2790725832093337,5.0,1.474695617418618,3.2410399349424046,0.1813034797491502,-1.2373770193926819,-0.38022652028776244,-1.2793076513268358
141.0,30.0,11.107284302111953,0.0,0.2642078858643362,1.6671266916902798,9.218067657601067,0.7876767253592327,5.0,1.474695617418618,-0.4168575881604318,-0.13889136243904462,-1.2373770193926819,0.918996609060766,-1.2793076513268358
142.0,1.0,3.59098024572609,0.0,1.514459768190748,-1.3612307131775658,0.0,-1.2224033825769909,5.0,1.3232090801179908,1.1313372134141755,0.2533185139947548,-0.29602017612435816,0.005764185899886933,0.5303606258105993
142.0,2.0,13.16940838707183,0.0,2.394252718346292,1.7492821908652312,0.0,0.4519521167366538,5.0,1.3232090801179908,-1.460640070924822,-0.028546755348703018,-0.29602017612435816,0.3852804011263305,0.5303606258105993
142.0,3.0,10.061625448352974,0.0,0.39755005065887583,0.5447875288081163,0.0,1.1504491863809165,5.0,1.3232090801179908,0.7399475108773345,-0.04287045729131609,-0.29602017612435816,-0.37066003179240936,0.5303606258105993
142.0,4.0,15.112155906990813,0.0,2.9840394719752186,1.263748248190566,0.0,0.1679409807364591,5.0,1.3232090801179908,1.9091035692174834,1.3686022840144576,-0.29602017612435816,0.644376548518833,0.5303606258105993
142.0,5.0,2.1613070694129908,0.0,0.057412196247323743,-0.719735696371387,0.0,-0.5661093328959699,5.0,1.3232090801179908,-1.4438931609717993,-0.22577098565926762,-0.29602017612435816,-0.22048656181875062,0.5303606258105993
142.0,6.0,9.50772553280597,0.0,-0.21210572769221736,1.3512992970041606,0.0,-1.08611824061135,5.0,1.3232090801179908,0.7017843353747109,1.5164706044295397,-0.29602017612435816,0.3317819639156969,0.5303606258105993
142.0,7.0,8.02464760166274,0.0,-0.48031562924630533,0.6896907108149961,0.0,-0.6653027955601559,5.0,1.3232090801179908,-0.262197489402468,-1.5487528042302212,-0.29602017612435816,1.0968390131493477,0.5303606258105993
142.0,8.0,13.064614514825768,0.0,2.446457028823519,1.6981661821308642,0.0,0.7148483559493388,5.0,1.3232090801179908,-1.5721441591454877,0.5846137496360692,-0.29602017612435816,0.43518149083380286,0.5303606258105993
142.0,9.0,4.747014088429572,0.0,1.2081755709301558,-0.2095057245681604,0.0,-0.4316611003819278,5.0,1.3232090801179908,-1.5146676537817514,0.12385424384461378,-0.29602017612435816,-0.32593158553122675,0.5303606258105993
142.0,10.0,22.392009326752266,0.0,1.5420301523945739,5.118444020542888,0.0,0.2276149399400876,5.0,1.3232090801179908,-1.6015361735745934,0.21594156874397272,-0.29602017612435816,1.1488076184510938,0.5303606258105993
142.0,11.0,11.29842529471929,0.0,1.315524750211653,0.8270392702155573,0.0,1.2949457956703048,5.0,1.3232090801179908,-0.530906522170303,0.3796394827598821,-0.29602017612435816,0.9935038559621194,0.5303606258105993
142.0,12.0,11.778486008181615,0.0,2.8761319602770894,1.0076731935382792,0.0,0.5783349404694549,5.0,1.3232090801179908,-1.4617555849958999,-0.5023234531093023,-0.29602017612435816,0.54839695950807,0.5303606258105993
142.0,13.0,10.70626042832313,0.0,2.348736714758469,-0.0811749806123363,0.0,1.3646727814735395,5.0,1.3232090801179908,0.6879167729758275,-0.3332073836694201,-0.29602017612435816,0.2387317351114412,0.5303606258105993
142.0,14.0,7.235845122226715,0.0,-0.37252386113191616,0.3060428535035329,0.0,-1.7015798026604063,5.0,1.3232090801179908,2.1001089405256717,-1.0185753831070887,-0.29602017612435816,-0.6279060760393714,0.5303606258105993
142.0,15.0,17.407175764747166,0.0,0.2592375909904129,3.78450917921493,0.0,-0.2806762797137925,5.0,1.3232090801179908,-1.287030476035179,-1.0717912264755778,-0.29602017612435816,1.3606524485300076,0.5303606258105993
142.0,16.0,9.813631126638256,0.0,1.8655959308279888,0.3934079669667814,0.0,0.06506801949219311,5.0,1.3232090801179908,0.7877388474751781,0.30352864140425806,-0.29602017612435816,-0.6002595871471269,0.5303606258105993
142.0,17.0,20.01413568579985,0.0,2.791780690061354,2.8413727418630605,0.0,0.5785892916085147,5.0,1.3232090801179908,0.7690422410009099,0.4482097786294262,-0.29602017612435816,2.1873329930165766,0.5303606258105993
142.0,18.0,10.367278060529973,0.0,1.342580845708496,0.9137820556622953,0.0,-1.1692066215289703,5.0,1.3232090801179908,0.3322025789501177,0.053004226730504145,-0.29602017612435816,1.5326106261851893,0.5303606258105993
142.0,19.0,14.859419710677319,0.0,1.4276708710715538,2.569582493516444,0.0,0.8061848554472886,5.0,1.3232090801179908,-1.0083766082770078,0.9222674678797376,-0.29602017612435816,-0.23570035910047687,0.5303606258105993
142.0,20.0,7.697255493020268,0.0,-1.2843498755301996,1.2072328265472607,0.0,0.3073900761623333,5.0,1.3232090801179908,-0.11945260663065868,2.0500846856271444,-0.29602017612435816,-1.0264209003067808,0.5303606258105993
142.0,21.0,5.830232310118127,0.0,-0.02262406167330222,-0.07411561643870601,0.7611214838126853,0.2638060136047168,5.0,1.3232090801179908,-0.2803953351702467,-0.4910311660565353,-0.29602017612435816,-0.710406563699301,0.5303606258105993
142.0,22.0,13.162467474308272,0.0,1.390421817335029,1.1858535566709476,2.6521353472429707,0.5084847916050458,5.0,1.3232090801179908,0.5629895332204798,-2.3091688756408124,-0.29602017612435816,0.2568837091565295,0.5303606258105993
142.0,23.0,8.308632604287821,0.0,0.9611578578025362,0.6472058055127281,4.03807857111819,-0.1163584398769944,5.0,1.3232090801179908,-0.37243875610382904,1.0057385244622565,-0.29602017612435816,-0.24669187846237361,0.5303606258105993
142.0,24.0,11.724407880821229,0.0,-0.4746809601214339,1.315915150501731,4.338341102765029,0.9255460984991137,5.0,1.3232090801179908,0.9769733866856207,-0.7092007625823926,-0.29602017612435816,-0.3475425993977332,0.5303606258105993
142.0,25.0,6.875537839541571,0.0,1.5134261536424791,-0.311236574379153,5.709389825515823,0.6482297737314899,5.0,1.3232090801179908,-0.37458085776701383,-0.688008616467358,-0.29602017612435816,-0.9516185672650157,0.5303606258105993
142.0,26.0,14.010889934973168,0.0,2.3030449879484216,1.603201508429776,6.840061158464551,-0.1502093741676993,5.0,1.3232090801179908,1.052711465579332,1.0255713696966988,-0.29602017612435816,-0.04502772480892027,0.5303606258105993
142.0,27.0,12.292615700765591,0.0,-0.31486603012250614,2.20835216933852,7.609308995068682,1.0403770193406996,5.0,1.3232090801179908,-1.0491770066660657,-0.2847730070510089,-0.29602017612435816,-0.7849044694570758,0.5303606258105993
142.0,28.0,8.734350604557086,0.0,-0.11067325747458456,1.337554999616842,7.776282332522393,0.2925586849461817,5.0,1.3232090801179908,-1.2601552447581124,-1.2207177122545356,-0.29602017612435816,-1.6679419365881367,0.5303606258105993
142.0,29.0,15.148029311692074,0.0,1.6118049601187026,1.1861835334434725,8.835656081695406,0.6687513994394646,5.0,1.3232090801179908,3.2410399349424046,0.1813034797491502,-0.29602017612435816,-0.38022652028776244,0.5303606258105993
142.0,30.0,13.776917080614542,0.0,2.3815933979309754,1.8515451900265278,10.621993832386204,-0.5941776416242215,5.0,1.3232090801179908,-0.4168575881604318,-0.13889136243904462,-0.29602017612435816,0.918996609060766,0.5303606258105993
143.0,1.0,12.232571517284487,0.0,0.2863707539069852,1.2366213774805217,0.0,1.5804318369859205,5.0,0.6034009224956454,1.1313372134141755,0.2533185139947548,-0.29886770062589285,0.005764185899886933,-0.5420748411817413
143.0,2.0,8.870205111191886,0.0,-0.09975161813539901,1.6771679770753476,0.0,-0.003988944349983704,5.0,0.6034009224956454,-1.460640070924822,-0.028546755348703018,-0.29886770062589285,0.3852804011263305,-0.5420748411817413
143.0,3.0,12.080789237390523,0.0,1.13832618555341,1.1791779255696442,0.0,0.8478427688934755,5.0,0.6034009224956454,0.7399475108773345,-0.04287045729131609,-0.29886770062589285,-0.37066003179240936,-0.5420748411817413
143.0,4.0,10.211682391758334,0.0,-1.0021748117954243,1.51993352354255,0.0,-0.100116525892691,5.0,0.6034009224956454,1.9091035692174834,1.3686022840144576,-0.29886770062589285,0.644376548518833,-0.5420748411817413
143.0,5.0,8.117022378475472,0.0,-0.17837967500345875,1.4095094418676832,0.0,-0.27962990698059936,5.0,0.6034009224956454,-1.4438931609717993,-0.22577098565926762,-0.29886770062589285,-0.22048656181875062,-0.5420748411817413
143.0,6.0,11.654677973851621,0.0,1.7088772646872517,1.1630839813410634,0.0,0.7844382452800064,5.0,0.6034009224956454,0.7017843353747109,1.5164706044295397,-0.29886770062589285,0.3317819639156969,-0.5420748411817413
143.0,7.0,6.5261903890912105,0.0,-1.0928608109447708,1.33138701865022,0.0,-1.5846166445911747,5.0,0.6034009224956454,-0.262197489402468,-1.5487528042302212,-0.29886770062589285,1.0968390131493477,-0.5420748411817413
143.0,8.0,6.4293472392867335,0.0,-0.36137550443557065,0.8972409790716984,0.0,0.47836614779403047,5.0,0.6034009224956454,-1.5721441591454877,0.5846137496360692,-0.29886770062589285,0.43518149083380286,-0.5420748411817413
143.0,9.0,10.651343691557864,0.0,0.5682916052082487,1.8203630550828511,0.0,0.39356637299481456,5.0,0.6034009224956454,-1.5146676537817514,0.12385424384461378,-0.29886770062589285,-0.32593158553122675,-0.5420748411817413
143.0,10.0,2.181681403527593,0.0,0.4852393264894912,0.3590614548939588,0.0,-2.6953293691245164,5.0,0.6034009224956454,-1.6015361735745934,0.21594156874397272,-0.29886770062589285,1.1488076184510938,-0.5420748411817413
143.0,11.0,6.844294322157259,0.0,-0.9470022705653711,1.0008134293591313,0.0,0.3683773285332568,5.0,0.6034009224956454,-0.530906522170303,0.3796394827598821,-0.29886770062589285,0.9935038559621194,-0.5420748411817413
143.0,12.0,5.343697914217391,0.0,1.2370896133743774,0.7601748833396416,0.0,-2.1684177473470054,5.0,0.6034009224956454,-1.4617555849958999,-0.5023234531093023,-0.29886770062589285,0.54839695950807,-0.5420748411817413
143.0,13.0,5.682307254063454,0.0,-0.27022365607853027,-0.3229218731384942,0.0,0.6598043768927199,5.0,0.6034009224956454,0.6879167729758275,-0.3332073836694201,-0.29886770062589285,0.2387317351114412,-0.5420748411817413
143.0,14.0,14.13496526782524,0.0,0.5424807469129812,1.899365674054229,0.0,-0.45391373338119023,5.0,0.6034009224956454,2.1001089405256717,-1.0185753831070887,-0.29886770062589285,-0.6279060760393714,-0.5420748411817413
143.0,15.0,2.133725412671277,0.0,0.4567816227943995,-0.5090793836053351,0.0,-0.6949368252348941,5.0,0.6034009224956454,-1.287030476035179,-1.0717912264755778,-0.29886770062589285,1.3606524485300076,-0.5420748411817413
143.0,16.0,14.562648523286006,0.0,1.5295457255635634,2.13804620589476,0.0,-0.0068463031726650895,5.0,0.6034009224956454,0.7877388474751781,0.30352864140425806,-0.29886770062589285,-0.6002595871471269,-0.5420748411817413
143.0,17.0,6.3097537192385715,0.0,0.7228417923769511,-0.2796432236269548,0.0,1.3730520449839898,5.0,0.6034009224956454,0.7690422410009099,0.4482097786294262,-0.29886770062589285,2.1873329930165766,-0.5420748411817413
143.0,18.0,4.424461613590688,0.0,0.6285046356541619,-0.2192308443807196,0.0,-0.6353230772178938,5.0,0.6034009224956454,0.3322025789501177,0.053004226730504145,-0.29886770062589285,1.5326106261851893,-0.5420748411817413
143.0,19.0,12.792552324081159,0.0,2.542212624364417,1.748360271436913,0.0,0.5581032939487768,5.0,0.6034009224956454,-1.0083766082770078,0.9222674678797376,-0.29886770062589285,-0.23570035910047687,-0.5420748411817413
143.0,20.0,9.965566079629152,0.0,1.3894216181173344,0.9357818089290919,0.0,0.34115786842187723,5.0,0.6034009224956454,-0.11945260663065868,2.0500846856271444,-0.29886770062589285,-1.0264209003067808,-0.5420748411817413
143.0,21.0,2.784615273499877,0.0,1.3788688350826015,-1.0898624668310997,0.54461617637946,-1.1795186291415571,5.0,0.6034009224956454,-0.2803953351702467,-0.4910311660565353,-0.29886770062589285,-0.710406563699301,-0.5420748411817413
143.0,22.0,12.169957892451531,0.0,1.0270345979459408,2.0555563532489964,1.8680162427723608,-1.7410220173339699,5.0,0.6034009224956454,0.5629895332204798,-2.3091688756408124,-0.29886770062589285,0.2568837091565295,-0.5420748411817413
143.0,23.0,-0.23803906461715219,0.0,1.4677320029940057,-1.5924300544550785,2.90819299179578,-1.992585771239143,5.0,0.6034009224956454,-0.37243875610382904,1.0057385244622565,-0.29886770062589285,-0.24669187846237361,-0.5420748411817413
143.0,24.0,9.693174921641047,0.0,2.061490641374826,0.03322815301650728,2.4131909932090876,0.551274211467889,5.0,0.6034009224956454,0.9769733866856207,-0.7092007625823926,-0.29886770062589285,-0.3475425993977332,-0.5420748411817413
143.0,25.0,4.259802197652306,0.0,0.6834894261134951,-0.7797457561962347,5.334188898006935,-0.0347420615312984,5.0,0.6034009224956454,-0.37458085776701383,-0.688008616467358,-0.29886770062589285,-0.9516185672650157,-0.5420748411817413
143.0,26.0,10.33892135390301,0.0,1.1366933420352534,0.3258818934988621,6.570006842576198,1.850571703610622,5.0,0.6034009224956454,1.052711465579332,1.0255713696966988,-0.29886770062589285,-0.04502772480892027,-0.5420748411817413
143.0,27.0,10.984715784308774,0.0,2.74727233795606,0.8663193342728834,6.9388966329618675,0.5736751082630449,5.0,0.6034009224956454,-1.0491770066660657,-0.2847730070510089,-0.29886770062589285,-0.7849044694570758,-0.5420748411817413
143.0,28.0,7.739626106723244,0.0,0.17205236698354098,0.36854990492278894,9.794067199944369,0.8496958910826087,5.0,0.6034009224956454,-1.2601552447581124,-1.2207177122545356,-0.29886770062589285,-1.6679419365881367,-0.5420748411817413
143.0,29.0,13.149181819701973,0.0,2.107005322194662,0.23714219274811166,8.824217630830764,1.3343835853349533,5.0,0.6034009224956454,3.2410399349424046,0.1813034797491502,-0.29886770062589285,-0.38022652028776244,-0.5420748411817413
143.0,30.0,6.156556781601651,0.0,0.14938508074409107,0.5926674210871794,10.578799236784286,-0.5007190979649736,5.0,0.6034009224956454,-0.4168575881604318,-0.13889136243904462,-0.29886770062589285,0.918996609060766,-0.5420748411817413
144.0,1.0,14.730388976141409,0.0,2.741103311343205,1.3001290467809827,0.0,0.5100979282284891,5.0,1.559424160209823,1.1313372134141755,0.2533185139947548,-0.45433268528437787,0.005764185899886933,0.5430260842760943
144.0,2.0,7.8460393730339,0.0,0.5562028972245251,0.36669069489817774,0.0,0.8687932702441542,5.0,1.559424160209823,-1.460640070924822,-0.028546755348703018,-0.45433268528437787,0.3852804011263305,0.5430260842760943
144.0,3.0,4.759543465286603,0.0,0.013518142921066678,-1.246965807014432,0.0,1.3693516880030274,5.0,1.559424160209823,0.7399475108773345,-0.04287045729131609,-0.45433268528437787,-0.37066003179240936,0.5430260842760943
144.0,4.0,12.77605370834106,0.0,2.4258769439102315,0.4636284551727492,0.0,0.7626511463263687,5.0,1.559424160209823,1.9091035692174834,1.3686022840144576,-0.45433268528437787,0.644376548518833,0.5430260842760943
144.0,5.0,4.379507734201242,0.0,1.866963087428306,-1.0023262364587868,0.0,0.4211471730373329,5.0,1.559424160209823,-1.4438931609717993,-0.22577098565926762,-0.45433268528437787,-0.22048656181875062,0.5430260842760943
144.0,6.0,13.261209751208444,0.0,1.7815393787109575,1.8651672751169657,0.0,-0.8682240472712233,5.0,1.559424160209823,0.7017843353747109,1.5164706044295397,-0.45433268528437787,0.3317819639156969,0.5430260842760943
144.0,7.0,20.445013977142267,0.0,1.8320140387076798,3.4289838972967224,0.0,0.7295603609576935,5.0,1.559424160209823,-0.262197489402468,-1.5487528042302212,-0.45433268528437787,1.0968390131493477,0.5430260842760943
144.0,8.0,7.313625799414035,0.0,1.504334846302591,0.11701310447941071,0.0,0.5002658724182875,5.0,1.559424160209823,-1.5721441591454877,0.5846137496360692,-0.45433268528437787,0.43518149083380286,0.5430260842760943
144.0,9.0,8.264296039506936,0.0,2.9097845284614268,-0.03041162175558698,0.0,0.6342502537069106,5.0,1.559424160209823,-1.5146676537817514,0.12385424384461378,-0.45433268528437787,-0.32593158553122675,0.5430260842760943
144.0,10.0,8.353008990640898,0.0,0.1936877462496447,0.7506883407805642,0.0,0.42364504557225646,5.0,1.559424160209823,-1.6015361735745934,0.21594156874397272,-0.45433268528437787,1.1488076184510938,0.5430260842760943
144.0,11.0,13.768399031936834,0.0,0.5626308088621808,2.337357582257032,0.0,-0.20183804471000424,5.0,1.559424160209823,-0.530906522170303,0.3796394827598821,-0.45433268528437787,0.9935038559621194,0.5430260842760943
144.0,12.0,9.548510961836028,0.0,0.017559511883055046,1.3280443187633364,0.0,-0.07686589843401419,5.0,1.559424160209823,-1.4617555849958999,-0.5023234531093023,-0.45433268528437787,0.54839695950807,0.5430260842760943
144.0,13.0,15.199595429176401,0.0,2.099822210329335,1.6280145358969287,0.0,0.6873641132815168,5.0,1.559424160209823,0.6879167729758275,-0.3332073836694201,-0.45433268528437787,0.2387317351114412,0.5430260842760943
144.0,14.0,13.707552381865359,0.0,0.42581240523083674,1.4429242192559024,0.0,0.17163150692454043,5.0,1.559424160209823,2.1001089405256717,-1.0185753831070887,-0.45433268528437787,-0.6279060760393714,0.5430260842760943
144.0,15.0,13.110793772528863,0.0,1.5772899779521483,1.9551330425180813,0.0,-0.8301085743269884,5.0,1.559424160209823,-1.287030476035179,-1.0717912264755778,-0.45433268528437787,1.3606524485300076,0.5430260842760943
144.0,16.0,12.58418928627938,0.0,2.499367633717544,1.1638924535167023,0.0,-0.29015911980566744,5.0,1.559424160209823,0.7877388474751781,0.30352864140425806,-0.45433268528437787,-0.6002595871471269,0.5430260842760943
144.0,17.0,11.619282152953845,0.0,1.5941038488300323,1.0105650363931038,0.0,-1.319125724176509,5.0,1.559424160209823,0.7690422410009099,0.4482097786294262,-0.45433268528437787,2.1873329930165766,0.5430260842760943
144.0,18.0,15.86083082651637,0.0,3.845454661417829,1.760871778070709,0.0,-0.9670319026689118,5.0,1.559424160209823,0.3322025789501177,0.053004226730504145,-0.45433268528437787,1.5326106261851893,0.5430260842760943
144.0,19.0,5.282922687332806,0.0,-0.489129535849403,0.3042078132273123,0.0,-0.14461107013551744,5.0,1.559424160209823,-1.0083766082770078,0.9222674678797376,-0.45433268528437787,-0.23570035910047687,0.5430260842760943
144.0,20.0,2.6911624758996338,0.0,1.8515280078294631,-0.771136908846658,0.0,-1.7981325563749255,5.0,1.559424160209823,-0.11945260663065868,2.0500846856271444,-0.45433268528437787,-1.0264209003067808,0.5430260842760943
144.0,21.0,3.8058766342887984,0.0,0.9635960267353564,-0.5285093188658911,1.5325981282382302,-1.6885424745915787,5.0,1.559424160209823,-0.2803953351702467,-0.4910311660565353,-0.45433268528437787,-0.710406563699301,0.5430260842760943
144.0,22.0,16.25149160076164,0.0,0.7148142635065269,2.041024331215379,2.7846790578501976,1.1025651994360843,5.0,1.559424160209823,0.5629895332204798,-2.3091688756408124,-0.45433268528437787,0.2568837091565295,0.5430260842760943
144.0,23.0,4.6109286325003005,0.0,0.7436481032123151,-0.3840619804365155,3.4177120868164,-0.5766189242114401,5.0,1.559424160209823,-0.37243875610382904,1.0057385244622565,-0.45433268528437787,-0.24669187846237361,0.5430260842760943
144.0,24.0,9.243111611848462,0.0,2.163706372031665,0.420403677491047,3.8087194195358545,-1.8516917295514876,5.0,1.559424160209823,0.9769733866856207,-0.7092007625823926,-0.45433268528437787,-0.3475425993977332,0.5430260842760943
144.0,25.0,12.560040592062068,0.0,2.21398797514775,1.4927471519961428,5.563353249160496,-0.11286323942897494,5.0,1.559424160209823,-0.37458085776701383,-0.688008616467358,-0.45433268528437787,-0.9516185672650157,0.5430260842760943
144.0,26.0,11.840547124997215,0.0,-0.6563594717974337,1.3513678424053024,6.253522340813204,1.321069267221515,5.0,1.559424160209823,1.052711465579332,1.0255713696966988,-0.45433268528437787,-0.04502772480892027,0.5430260842760943
144.0,27.0,13.679127934911982,0.0,4.027427631182915,1.2586802562802524,7.243522140168039,0.6622542969346411,5.0,1.559424160209823,-1.0491770066660657,-0.2847730070510089,-0.45433268528437787,-0.7849044694570758,0.5430260842760943
144.0,28.0,9.459394525348987,0.0,2.702389080693765,0.4558257844308031,8.719590249915118,0.4413831983536375,5.0,1.559424160209823,-1.2601552447581124,-1.2207177122545356,-0.45433268528437787,-1.6679419365881367,0.5430260842760943
144.0,29.0,13.035497473943575,0.0,0.3026982473298454,0.6791447448124277,9.772732980235114,1.1837459122798408,5.0,1.559424160209823,3.2410399349424046,0.1813034797491502,-0.45433268528437787,-0.38022652028776244,0.5430260842760943
144.0,30.0,5.262755184699381,0.0,1.4338887640669322,-0.7014469086856872,9.991477135723773,-0.7715014411008939,5.0,1.559424160209823,-0.4168575881604318,-0.13889136243904462,-0.45433268528437787,0.918996609060766,0.5430260842760943
145.0,1.0,5.935079550043318,0.0,-0.20961659137781852,-0.15490775073766883,0.0,0.729689191352037,5.0,0.05696678474031769,1.1313372134141755,0.2533185139947548,-1.203966710695628,0.005764185899886933,-0.6222453408188233
145.0,2.0,0.6957289193928737,0.0,0.43694451428987835,-0.8483623671873946,0.0,-0.5870856157788601,5.0,0.05696678474031769,-1.460640070924822,-0.028546755348703018,-1.203966710695628,0.3852804011263305,-0.6222453408188233
145.0,3.0,8.010310765807986,0.0,1.3210518437271044,0.20310811961302977,0.0,0.0007641863625140159,5.0,0.05696678474031769,0.7399475108773345,-0.04287045729131609,-1.203966710695628,-0.37066003179240936,-0.6222453408188233
145.0,4.0,13.486850803045673,0.0,0.12569856259318768,2.076442820779575,0.0,2.214465319340126,5.0,0.05696678474031769,1.9091035692174834,1.3686022840144576,-1.203966710695628,0.644376548518833,-0.6222453408188233
145.0,5.0,8.143774088820042,0.0,0.8283983418460066,0.7746167469055597,0.0,0.9694343957092608,5.0,0.05696678474031769,-1.4438931609717993,-0.22577098565926762,-1.203966710695628,-0.22048656181875062,-0.6222453408188233
145.0,6.0,3.7734784000116504,0.0,1.468202778556135,-0.7297511018936076,0.0,0.7680077137172147,5.0,0.05696678474031769,0.7017843353747109,1.5164706044295397,-1.203966710695628,0.3317819639156969,-0.6222453408188233
145.0,7.0,9.416955945797532,0.0,-1.1823280123150859,1.9102329069212458,0.0,-1.1083279118181597,5.0,0.05696678474031769,-0.262197489402468,-1.5487528042302212,-1.203966710695628,1.0968390131493477,-0.6222453408188233
145.0,8.0,3.950910187801706,0.0,-0.18036982429231507,0.802446151584201,0.0,-0.7862359199947131,5.0,0.05696678474031769,-1.5721441591454877,0.5846137496360692,-1.203966710695628,0.43518149083380286,-0.6222453408188233
145.0,9.0,7.862572353830274,0.0,0.6641914349402251,0.4394240945715594,0.0,2.2841164802616007,5.0,0.05696678474031769,-1.5146676537817514,0.12385424384461378,-1.203966710695628,-0.32593158553122675,-0.6222453408188233
145.0,10.0,1.5101926490767128,0.0,-0.38587967754827823,0.1695897092446912,0.0,-1.0933007639733108,5.0,0.05696678474031769,-1.6015361735745934,0.21594156874397272,-1.203966710695628,1.1488076184510938,-0.6222453408188233
145.0,11.0,5.686151081358525,0.0,1.410060839705642,0.20360901618812122,0.0,0.21447937528507294,5.0,0.05696678474031769,-0.530906522170303,0.3796394827598821,-1.203966710695628,0.9935038559621194,-0.6222453408188233
145.0,12.0,6.838507783134407,0.0,0.24123135288513786,0.6153169694318692,0.0,0.8925710596370724,5.0,0.05696678474031769,-1.4617555849958999,-0.5023234531093023,-1.203966710695628,0.54839695950807,-0.6222453408188233
145.0,13.0,11.03022707361177,0.0,0.21695836511776712,1.265668763539439,0.0,1.0187579723422582,5.0,0.05696678474031769,0.6879167729758275,-0.3332073836694201,-1.203966710695628,0.2387317351114412,-0.6222453408188233
145.0,14.0,15.196603506441726,0.0,2.1293596648057784,1.0680045405228022,0.0,1.0891120109192385,5.0,0.05696678474031769,2.1001089405256717,-1.0185753831070887,-1.203966710695628,-0.6279060760393714,-0.6222453408188233
145.0,15.0,6.352844558089595,0.0,1.6718270211568553,0.2101563023973675,0.0,-0.1631289898852147,5.0,0.05696678474031769,-1.287030476035179,-1.0717912264755778,-1.203966710695628,1.3606524485300076,-0.6222453408188233
145.0,16.0,9.277793995959989,0.0,0.32299194851695745,1.3076709203189332,0.0,-0.8209866971199974,5.0,0.05696678474031769,0.7877388474751781,0.30352864140425806,-1.203966710695628,-0.6002595871471269,-0.6222453408188233
145.0,17.0,2.2030512853569646,0.0,-0.07576816105454576,-0.44641497657971163,0.0,-0.3072572329886394,5.0,0.05696678474031769,0.7690422410009099,0.4482097786294262,-1.203966710695628,2.1873329930165766,-0.6222453408188233
145.0,18.0,7.673604875105836,0.0,-1.0170521628051032,1.7403536095676033,0.0,-0.9020980085394634,5.0,0.05696678474031769,0.3322025789501177,0.053004226730504145,-1.203966710695628,1.5326106261851893,-0.6222453408188233
145.0,19.0,1.0070488734109153,0.0,-0.46405375993799836,-0.7469468022747405,0.0,0.6270687431149836,5.0,0.05696678474031769,-1.0083766082770078,0.9222674678797376,-1.203966710695628,-0.23570035910047687,-0.6222453408188233
145.0,20.0,8.609122202707074,0.0,2.4830791192478356,0.6325739898635034,0.0,1.1203550284261068,5.0,0.05696678474031769,-0.11945260663065868,2.0500846856271444,-1.203966710695628,-1.0264209003067808,-0.6222453408188233
145.0,21.0,14.711807125787058,0.0,0.7222887171459418,2.0175003514607974,0.6109308450182487,2.127213552493526,5.0,0.05696678474031769,-0.2803953351702467,-0.4910311660565353,-1.203966710695628,-0.710406563699301,-0.6222453408188233
145.0,22.0,18.54856872394375,0.0,2.2540264681891777,2.5627179301236573,3.3282333541276916,0.36611438293171894,5.0,0.05696678474031769,0.5629895332204798,-2.3091688756408124,-1.203966710695628,0.2568837091565295,-0.6222453408188233
145.0,23.0,3.0494537261850123,0.0,0.01999573479380834,0.09236139035801438,3.053012552262222,-0.8747813771936855,5.0,0.05696678474031769,-0.37243875610382904,1.0057385244622565,-1.203966710695628,-0.24669187846237361,-0.6222453408188233
145.0,24.0,14.072216963570078,0.0,1.42414087906803,1.5065167258408076,3.623734842034332,1.0244748629932277,5.0,0.05696678474031769,0.9769733866856207,-0.7092007625823926,-1.203966710695628,-0.3475425993977332,-0.6222453408188233
145.0,25.0,3.917093348715817,0.0,0.7910532275082167,-1.2938614633589363,4.053761653121796,0.9047588936953099,5.0,0.05696678474031769,-0.37458085776701383,-0.688008616467358,-1.203966710695628,-0.9516185672650157,-0.6222453408188233
145.0,26.0,8.102184565830346,0.0,1.5491371057311283,0.6294511340899047,6.26998948330947,-0.2382486959028266,5.0,0.05696678474031769,1.052711465579332,1.0255713696966988,-1.203966710695628,-0.04502772480892027,-0.6222453408188233
145.0,27.0,5.216332415076249,0.0,0.1880243857108035,0.5823709284872887,7.3871505873245,-1.5578549038723142,5.0,0.05696678474031769,-1.0491770066660657,-0.2847730070510089,-1.203966710695628,-0.7849044694570758,-0.6222453408188233
145.0,28.0,11.45638129621246,0.0,-0.6339918000163407,1.6748930244478006,6.861947398828697,0.7613098953939142,5.0,0.05696678474031769,-1.2601552447581124,-1.2207177122545356,-1.203966710695628,-1.6679419365881367,-0.6222453408188233
145.0,29.0,12.681775407124803,0.0,1.4014213233912125,0.6116307139518945,7.651645510465427,1.1291443956416265,5.0,0.05696678474031769,3.2410399349424046,0.1813034797491502,-1.203966710695628,-0.38022652028776244,-0.6222453408188233
145.0,30.0,9.731688886027465,0.0,0.29842888156420644,1.8309598066752983,10.184197119538615,-0.29510783070593405,5.0,0.05696678474031769,-0.4168575881604318,-0.13889136243904462,-1.203966710695628,0.918996609060766,-0.6222453408188233
146.0,1.0,8.840531346356036,0.0,1.7833120117182761,0.14925367552996893,0.0,0.5362428183580256,5.0,0.2650696652697129,1.1313372134141755,0.2533185139947548,-1.251212498984247,0.005764185899886933,-1.0818696981701792
146.0,2.0,6.73447198824605,0.0,0.4397385615452645,1.0490998137620309,0.0,-0.2758904747505109,5.0,0.2650696652697129,-1.460640070924822,-0.028546755348703018,-1.251212498984247,0.3852804011263305,-1.0818696981701792
146.0,3.0,10.440530060179071,0.0,1.9944106266331023,0.43471370118078,0.0,0.6823152451375133,5.0,0.2650696652697129,0.7399475108773345,-0.04287045729131609,-1.251212498984247,-0.37066003179240936,-1.0818696981701792
146.0,4.0,5.825662592658396,0.0,0.06542924537649553,0.37096485782028044,0.0,-0.11729071471484881,5.0,0.2650696652697129,1.9091035692174834,1.3686022840144576,-1.251212498984247,0.644376548518833,-1.0818696981701792
146.0,5.0,2.217412763728656,0.0,0.21665218880726733,-0.6655884249022546,0.0,-0.34467586392006194,5.0,0.2650696652697129,-1.4438931609717993,-0.22577098565926762,-1.251212498984247,-0.22048656181875062,-1.0818696981701792
146.0,6.0,5.36983653667711,0.0,0.4762052867354212,0.35717619295475844,0.0,0.1116204981972104,5.0,0.2650696652697129,0.7017843353747109,1.5164706044295397,-1.251212498984247,0.3317819639156969,-1.0818696981701792
146.0,7.0,6.560006997510295,0.0,0.22010356051600233,0.2897515339055837,0.0,-0.28340531498229576,5.0,0.2650696652697129,-0.262197489402468,-1.5487528042302212,-1.251212498984247,1.0968390131493477,-1.0818696981701792
146.0,8.0,5.05096858035151,0.0,1.7552946427026408,0.465350431579747,0.0,-0.5910171644542849,5.0,0.2650696652697129,-1.5721441591454877,0.5846137496360692,-1.251212498984247,0.43518149083380286,-1.0818696981701792
146.0,9.0,3.012876496211903,0.0,0.6116178961493354,-0.4102846694317226,0.0,-0.3159369312423981,5.0,0.2650696652697129,-1.5146676537817514,0.12385424384461378,-1.251212498984247,-0.32593158553122675,-1.0818696981701792
146.0,10.0,1.7429671489821164,0.0,-2.028464816065438,0.543033188989994,0.0,-0.008152152325535164,5.0,0.2650696652697129,-1.6015361735745934,0.21594156874397272,-1.251212498984247,1.1488076184510938,-1.0818696981701792
146.0,11.0,11.83457117912024,0.0,-0.4870804860729985,2.9766149213643605,0.0,0.20749514071847383,5.0,0.2650696652697129,-0.530906522170303,0.3796394827598821,-1.251212498984247,0.9935038559621194,-1.0818696981701792
146.0,12.0,10.143576593823097,0.0,-1.186514434474529,1.986377998798376,0.0,1.5324236216258385,5.0,0.2650696652697129,-1.4617555849958999,-0.5023234531093023,-1.251212498984247,0.54839695950807,-1.0818696981701792
146.0,13.0,7.406121679176456,0.0,-1.7059264610265243,1.4528076399728547,0.0,-1.357997830953484,5.0,0.2650696652697129,0.6879167729758275,-0.3332073836694201,-1.251212498984247,0.2387317351114412,-1.0818696981701792
146.0,14.0,11.249460067279756,0.0,1.041201140744984,0.36297752127571214,0.0,-0.19961905055294246,5.0,0.2650696652697129,2.1001089405256717,-1.0185753831070887,-1.251212498984247,-0.6279060760393714,-1.0818696981701792
146.0,15.0,7.794753152600581,0.0,1.0713003554537495,0.7483001850230824,0.0,0.6315231277808262,5.0,0.2650696652697129,-1.287030476035179,-1.0717912264755778,-1.251212498984247,1.3606524485300076,-1.0818696981701792
146.0,16.0,8.757445877124592,0.0,-0.2840682601666853,0.3190202975525389,0.0,1.7620209034428664,5.0,0.2650696652697129,0.7877388474751781,0.30352864140425806,-1.251212498984247,-0.6002595871471269,-1.0818696981701792
146.0,17.0,-5.303287053588827,0.0,-1.716834663571356,-2.373121232254323,0.0,0.42601436261549497,5.0,0.2650696652697129,0.7690422410009099,0.4482097786294262,-1.251212498984247,2.1873329930165766,-1.0818696981701792
146.0,18.0,2.3403034053424623,0.0,-0.6510998565618413,-0.2892370064308485,0.0,-0.013753416475399925,5.0,0.2650696652697129,0.3322025789501177,0.053004226730504145,-1.251212498984247,1.5326106261851893,-1.0818696981701792
146.0,19.0,1.1056151272917683,0.0,-1.4116317978737962,-0.17764457179057902,0.0,-0.30755690959635934,5.0,0.2650696652697129,-1.0083766082770078,0.9222674678797376,-1.251212498984247,-0.23570035910047687,-1.0818696981701792
146.0,20.0,4.320703919379255,0.0,0.6483282356803484,-0.14430387534200784,0.0,0.4143081641082895,5.0,0.2650696652697129,-0.11945260663065868,2.0500846856271444,-1.251212498984247,-1.0264209003067808,-1.0818696981701792
146.0,21.0,9.566549348397436,0.0,1.3823488568848534,0.2758388580695006,0.1811003446689935,0.9890579201963897,5.0,0.2650696652697129,-0.2803953351702467,-0.4910311660565353,-1.251212498984247,-0.710406563699301,-1.0818696981701792
146.0,22.0,13.453067669760088,0.0,-0.38596022118730344,1.8611602481420262,3.348615299983072,-0.18385831054605267,5.0,0.2650696652697129,0.5629895332204798,-2.3091688756408124,-1.251212498984247,0.2568837091565295,-1.0818696981701792
146.0,23.0,9.639517209123714,0.0,-0.5133298215713549,2.029319619702218,1.8928005959269931,0.1637614068465574,5.0,0.2650696652697129,-0.37243875610382904,1.0057385244622565,-1.251212498984247,-0.24669187846237361,-1.0818696981701792
146.0,24.0,15.373411342718175,0.0,1.8314379980779498,1.9398790943321849,2.451096885496887,0.216936344144384,5.0,0.2650696652697129,0.9769733866856207,-0.7092007625823926,-1.251212498984247,-0.3475425993977332,-1.0818696981701792
146.0,25.0,13.130670180421733,0.0,0.7839495556867045,1.6121939701832382,4.930152059889604,0.7292776342096561,5.0,0.2650696652697129,-0.37458085776701383,-0.688008616467358,-1.251212498984247,-0.9516185672650157,-1.0818696981701792
146.0,26.0,6.547865384872819,0.0,0.0541344617399282,0.09968765685858139,6.468005090421515,1.1113804070246887,5.0,0.2650696652697129,1.052711465579332,1.0255713696966988,-1.251212498984247,-0.04502772480892027,-1.0818696981701792
146.0,27.0,9.353158888461174,0.0,1.1692882591921263,0.8277804154887554,7.156881145749739,0.279160816939631,5.0,0.2650696652697129,-1.0491770066660657,-0.2847730070510089,-1.251212498984247,-0.7849044694570758,-1.0818696981701792
146.0,28.0,16.80202314150662,0.0,1.9873352845846555,2.518023669717074,7.879140362715208,-0.0761706715471799,5.0,0.2650696652697129,-1.2601552447581124,-1.2207177122545356,-1.251212498984247,-1.6679419365881367,-1.0818696981701792
146.0,29.0,16.973476443934835,0.0,1.665495014669601,1.7409007753586652,9.378800825326744,1.394663132208576,5.0,0.2650696652697129,3.2410399349424046,0.1813034797491502,-1.251212498984247,-0.38022652028776244,-1.0818696981701792
146.0,30.0,3.995138115364851,0.0,0.9740951432907949,-0.3904170824205011,9.231614356056294,0.16453411760558453,5.0,0.2650696652697129,-0.4168575881604318,-0.13889136243904462,-1.251212498984247,0.918996609060766,-1.0818696981701792
147.0,1.0,12.240354395070558,0.0,-0.41383731885551955,1.9135330947125486,0.0,1.577851978793479,5.0,-0.5669653339610214,1.1313372134141755,0.2533185139947548,-0.9247970072743475,0.005764185899886933,0.9778961451334318
147.0,2.0,4.618040959505585,0.0,0.9416133570793819,0.12093049732027406,0.0,-0.061922657619549785,5.0,-0.5669653339610214,-1.460640070924822,-0.028546755348703018,-0.9247970072743475,0.3852804011263305,0.9778961451334318
147.0,3.0,5.1823348344218765,0.0,1.0507803851699502,-0.4441767154055771,0.0,0.6139229641936856,5.0,-0.5669653339610214,0.7399475108773345,-0.04287045729131609,-0.9247970072743475,-0.37066003179240936,0.9778961451334318
147.0,4.0,13.633759878885034,0.0,1.0896666396827344,2.7945298505951763,0.0,-1.546088594245239,5.0,-0.5669653339610214,1.9091035692174834,1.3686022840144576,-0.9247970072743475,0.644376548518833,0.9778961451334318
147.0,5.0,4.394781777444646,0.0,-1.2808651971032665,0.9352393526024503,0.0,-0.11239196133740753,5.0,-0.5669653339610214,-1.4438931609717993,-0.22577098565926762,-0.9247970072743475,-0.22048656181875062,0.9778961451334318
147.0,6.0,7.1236702217885615,0.0,0.17823361502769586,0.9701304394553536,0.0,-0.02179453996088574,5.0,-0.5669653339610214,0.7017843353747109,1.5164706044295397,-0.9247970072743475,0.3317819639156969,0.9778961451334318
147.0,7.0,18.479927119824833,0.0,3.16728578859292,3.1317576569537935,0.0,-0.7583454174165456,5.0,-0.5669653339610214,-0.262197489402468,-1.5487528042302212,-0.9247970072743475,1.0968390131493477,0.9778961451334318
147.0,8.0,6.120709173162556,0.0,1.3687273847698864,1.014023636558851,0.0,-1.035892884422299,5.0,-0.5669653339610214,-1.5721441591454877,0.5846137496360692,-0.9247970072743475,0.43518149083380286,0.9778961451334318
147.0,9.0,2.40519268557741,0.0,-0.7264386261285729,-0.10054257599637184,0.0,0.9481593025518112,5.0,-0.5669653339610214,-1.5146676537817514,0.12385424384461378,-0.9247970072743475,-0.32593158553122675,0.9778961451334318
147.0,10.0,12.565641007822478,0.0,2.032244500024419,1.9546756187810888,0.0,0.9141587339277195,5.0,-0.5669653339610214,-1.6015361735745934,0.21594156874397272,-0.9247970072743475,1.1488076184510938,0.9778961451334318
147.0,11.0,4.606393544569318,0.0,1.5080802126479427,-0.041845650173959026,0.0,-1.2987319948464597,5.0,-0.5669653339610214,-0.530906522170303,0.3796394827598821,-0.9247970072743475,0.9935038559621194,0.9778961451334318
147.0,12.0,9.751753579491544,0.0,2.1970582838780954,1.0527383069369973,0.0,0.42437879493434205,5.0,-0.5669653339610214,-1.4617555849958999,-0.5023234531093023,-0.9247970072743475,0.54839695950807,0.9778961451334318
147.0,13.0,11.22817983142621,0.0,3.3670164914290885,1.103717728743904,0.0,-1.1125453199550859,5.0,-0.5669653339610214,0.6879167729758275,-0.3332073836694201,-0.9247970072743475,0.2387317351114412,0.9778961451334318
147.0,14.0,3.028945477794082,0.0,-0.7502714440267024,-0.6769339977594351,0.0,-1.051073226181558,5.0,-0.5669653339610214,2.1001089405256717,-1.0185753831070887,-0.9247970072743475,-0.6279060760393714,0.9778961451334318
147.0,15.0,15.027904792859992,0.0,1.7413096194632658,2.431137477391731,0.0,0.5254124482663555,5.0,-0.5669653339610214,-1.287030476035179,-1.0717912264755778,-0.9247970072743475,1.3606524485300076,0.9778961451334318
147.0,16.0,3.3510737106334916,0.0,0.36648214991501815,-0.22748801238645422,0.0,-0.6860240000930541,5.0,-0.5669653339610214,0.7877388474751781,0.30352864140425806,-0.9247970072743475,-0.6002595871471269,0.9778961451334318
147.0,17.0,19.26367071824709,0.0,0.3981961970357487,3.6484787306542503,0.0,0.9934799821222139,5.0,-0.5669653339610214,0.7690422410009099,0.4482097786294262,-0.9247970072743475,2.1873329930165766,0.9778961451334318
147.0,18.0,13.917276348711384,0.0,2.103316438275421,1.8534943977625837,0.0,0.038523599075345465,5.0,-0.5669653339610214,0.3322025789501177,0.053004226730504145,-0.9247970072743475,1.5326106261851893,0.9778961451334318
147.0,19.0,1.5841014120113293,0.0,0.05004719036085814,-0.44778404837487673,0.0,0.5361489757857238,5.0,-0.5669653339610214,-1.0083766082770078,0.9222674678797376,-0.9247970072743475,-0.23570035910047687,0.9778961451334318
147.0,20.0,3.1210535956290233,0.0,2.0549708875638313,0.058590856721458584,0.0,-0.5236266978861612,5.0,-0.5669653339610214,-0.11945260663065868,2.0500846856271444,-0.9247970072743475,-1.0264209003067808,0.9778961451334318
147.0,21.0,2.053651076157948,0.0,-2.325360705493303,0.5393978243325429,1.226991933442807,-1.1512213349435927,5.0,-0.5669653339610214,-0.2803953351702467,-0.4910311660565353,-0.9247970072743475,-0.710406563699301,0.9778961451334318
147.0,22.0,16.68091938978752,0.0,3.1817836882589043,1.7338804022836531,1.166312733227702,0.9147522410027559,5.0,-0.5669653339610214,0.5629895332204798,-2.3091688756408124,-0.9247970072743475,0.2568837091565295,0.9778961451334318
147.0,23.0,7.251173042564597,0.0,1.6253896064022189,0.8328196830572695,2.195605145274018,0.23807149156271395,5.0,-0.5669653339610214,-0.37243875610382904,1.0057385244622565,-0.9247970072743475,-0.24669187846237361,0.9778961451334318
147.0,24.0,8.668343222077906,0.0,1.6421836608761302,0.5130710311198992,4.1067154685918705,-0.23906775945470643,5.0,-0.5669653339610214,0.9769733866856207,-0.7092007625823926,-0.9247970072743475,-0.3475425993977332,0.9778961451334318
147.0,25.0,4.825253003053678,0.0,0.603022071717542,0.12961920519877212,5.411464908515078,0.0692353265457363,5.0,-0.5669653339610214,-0.37458085776701383,-0.688008616467358,-0.9247970072743475,-0.9516185672650157,0.9778961451334318
147.0,26.0,10.101075100955356,0.0,0.051371514504247484,1.4101756280633615,5.130878434955749,1.3259083425992457,5.0,-0.5669653339610214,1.052711465579332,1.0255713696966988,-0.9247970072743475,-0.04502772480892027,0.9778961451334318
147.0,27.0,10.142361644856198,0.0,1.599387900965974,2.12049351648139,5.4490224475205,-0.6981666346200724,5.0,-0.5669653339610214,-1.0491770066660657,-0.2847730070510089,-0.9247970072743475,-0.7849044694570758,0.9778961451334318
147.0,28.0,-4.581391628918936,0.0,-0.8457161443195658,-1.8856628527803028,6.973650022324385,-0.7494084444631809,5.0,-0.5669653339610214,-1.2601552447581124,-1.2207177122545356,-0.9247970072743475,-1.6679419365881367,0.9778961451334318
147.0,29.0,9.577883334070826,0.0,1.3885603602183232,0.5581181298419386,6.999797012144454,-0.6196150527073547,5.0,-0.5669653339610214,3.2410399349424046,0.1813034797491502,-0.9247970072743475,-0.38022652028776244,0.9778961451334318
147.0,30.0,13.687464967383839,0.0,2.1245050602903905,2.701548179904555,10.129017185333089,-1.5849912682098666,5.0,-0.5669653339610214,-0.4168575881604318,-0.13889136243904462,-0.9247970072743475,0.918996609060766,0.9778961451334318
148.0,1.0,6.580078712991277,0.0,1.7405825974053566,-0.5148675311304953,0.0,0.8196281375037423,5.0,-0.5288829909253423,1.1313372134141755,0.2533185139947548,-0.11790953105444824,0.005764185899886933,-1.4078282629291012
148.0,2.0,7.320608018903629,0.0,-0.15831882020098131,1.605040985844182,0.0,0.19236964674424611,5.0,-0.5288829909253423,-1.460640070924822,-0.028546755348703018,-0.11790953105444824,0.3852804011263305,-1.4078282629291012
148.0,3.0,7.340939849866393,0.0,0.197635553361587,0.3993957660413411,0.0,0.20717197421792885,5.0,-0.5288829909253423,0.7399475108773345,-0.04287045729131609,-0.11790953105444824,-0.37066003179240936,-1.4078282629291012
148.0,4.0,10.043818879113298,0.0,0.8896154382087917,1.2952909958139207,0.0,-0.043347354347687266,5.0,-0.5288829909253423,1.9091035692174834,1.3686022840144576,-0.11790953105444824,0.644376548518833,-1.4078282629291012
148.0,5.0,10.283133848144605,0.0,0.9812002023335886,2.149280824920994,0.0,-0.5101604414241099,5.0,-0.5288829909253423,-1.4438931609717993,-0.22577098565926762,-0.11790953105444824,-0.22048656181875062,-1.4078282629291012
148.0,6.0,10.804031267835713,0.0,2.1316778657142827,1.6562563450683565,0.0,-0.8234186137762235,5.0,-0.5288829909253423,0.7017843353747109,1.5164706044295397,-0.11790953105444824,0.3317819639156969,-1.4078282629291012
148.0,7.0,7.126824098296119,0.0,0.31021240925552795,1.039128003934866,0.0,0.8518564032926723,5.0,-0.5288829909253423,-0.262197489402468,-1.5487528042302212,-0.11790953105444824,1.0968390131493477,-1.4078282629291012
148.0,8.0,-3.5565725184274726,0.0,0.6775582332857184,-1.6751088644517296,0.0,-1.426184672920152,5.0,-0.5288829909253423,-1.5721441591454877,0.5846137496360692,-0.11790953105444824,0.43518149083380286,-1.4078282629291012
148.0,9.0,4.024220900783208,0.0,1.6327921110385728,-0.48319053653167243,0.0,0.4402989419654114,5.0,-0.5288829909253423,-1.5146676537817514,0.12385424384461378,-0.11790953105444824,-0.32593158553122675,-1.4078282629291012
148.0,10.0,2.188416526770569,0.0,-0.4052476689746254,0.7198268046774328,0.0,-0.7926116507576835,5.0,-0.5288829909253423,-1.6015361735745934,0.21594156874397272,-0.11790953105444824,1.1488076184510938,-1.4078282629291012
148.0,11.0,2.1002179844874522,0.0,1.3331003218964657,-0.6706523725747833,0.0,0.2823102145454672,5.0,-0.5288829909253423,-0.530906522170303,0.3796394827598821,-0.11790953105444824,0.9935038559621194,-1.4078282629291012
148.0,12.0,-0.02761852437885981,0.0,-0.7488676838108235,-0.2782005754501877,0.0,-0.7406905221901531,5.0,-0.5288829909253423,-1.4617555849958999,-0.5023234531093023,-0.11790953105444824,0.54839695950807,-1.4078282629291012
148.0,13.0,10.615877895344822,0.0,0.784691531939666,1.83076640721145,0.0,-0.52334168268403,5.0,-0.5288829909253423,0.6879167729758275,-0.3332073836694201,-0.11790953105444824,0.2387317351114412,-1.4078282629291012
148.0,14.0,10.823260219290402,0.0,-0.9978587438557827,0.8254811434799821,0.0,1.7693659170270113,5.0,-0.5288829909253423,2.1001089405256717,-1.0185753831070887,-0.11790953105444824,-0.6279060760393714,-1.4078282629291012
148.0,15.0,1.6303237572133915,0.0,0.04263482914328187,-0.15849655058022027,0.0,0.6682826189335127,5.0,-0.5288829909253423,-1.287030476035179,-1.0717912264755778,-0.11790953105444824,1.3606524485300076,-1.4078282629291012
148.0,16.0,5.414590541689866,0.0,-0.6189435700184831,0.7034339291079543,0.0,-2.1448970242756595,5.0,-0.5288829909253423,0.7877388474751781,0.30352864140425806,-0.11790953105444824,-0.6002595871471269,-1.4078282629291012
148.0,17.0,-3.9455070957310254,0.0,-0.5201524069588457,-1.8865629807099373,0.0,0.12641241610031692,5.0,-0.5288829909253423,0.7690422410009099,0.4482097786294262,-0.11790953105444824,2.1873329930165766,-1.4078282629291012
148.0,18.0,-5.479500411831906,0.0,-1.8244373148967608,-1.9475558298586737,0.0,-0.45181293625722485,5.0,-0.5288829909253423,0.3322025789501177,0.053004226730504145,-0.11790953105444824,1.5326106261851893,-1.4078282629291012
148.0,19.0,4.863269473864975,0.0,0.2621282500400379,0.6839818361084128,0.0,-1.1366261877776689,5.0,-0.5288829909253423,-1.0083766082770078,0.9222674678797376,-0.11790953105444824,-0.23570035910047687,-1.4078282629291012
148.0,20.0,11.957325246712479,0.0,0.6999645025043264,1.8308702073747143,0.0,0.20978589043119394,5.0,-0.5288829909253423,-0.11945260663065868,2.0500846856271444,-0.11790953105444824,-1.0264209003067808,-1.4078282629291012
148.0,21.0,5.365535054920615,0.0,1.4019946185876535,-0.47172481555329204,1.5847687702630717,0.12996551601936235,5.0,-0.5288829909253423,-0.2803953351702467,-0.4910311660565353,-0.11790953105444824,-0.710406563699301,-1.4078282629291012
148.0,22.0,-1.1460107926491867,0.0,-0.5213154335948065,-1.7469734006657163,3.801929145173474,-0.3285065725680835,5.0,-0.5288829909253423,0.5629895332204798,-2.3091688756408124,-0.11790953105444824,0.2568837091565295,-1.4078282629291012
148.0,23.0,13.048763904064362,0.0,0.15408893160736625,2.1981931703990174,2.105271618612791,1.9727035673374507,5.0,-0.5288829909253423,-0.37243875610382904,1.0057385244622565,-0.11790953105444824,-0.24669187846237361,-1.4078282629291012
148.0,24.0,9.078135384182879,0.0,1.8623463104955984,1.147828973800012,3.52746218720844,-2.2486900668165575,5.0,-0.5288829909253423,0.9769733866856207,-0.7092007625823926,-0.11790953105444824,-0.3475425993977332,-1.4078282629291012
148.0,25.0,13.147360449169923,0.0,2.5882483091695283,1.4011727711871282,4.891491199180098,0.8382193872784914,5.0,-0.5288829909253423,-0.37458085776701383,-0.688008616467358,-0.11790953105444824,-0.9516185672650157,-1.4078282629291012
148.0,26.0,12.361780925643247,0.0,1.9284151791050983,1.7520312926697152,6.237583034706238,-0.28902327046257326,5.0,-0.5288829909253423,1.052711465579332,1.0255713696966988,-0.11790953105444824,-0.04502772480892027,-1.4078282629291012
148.0,27.0,9.071790791183021,0.0,-0.5708022490046631,1.4751838265601058,6.201651685619289,0.6565134105793828,5.0,-0.5288829909253423,-1.0491770066660657,-0.2847730070510089,-0.11790953105444824,-0.7849044694570758,-1.4078282629291012
148.0,28.0,7.9290418154095414,0.0,2.4191087480163356,0.0869529838200247,8.929332179663477,-0.4539977006386823,5.0,-0.5288829909253423,-1.2601552447581124,-1.2207177122545356,-0.11790953105444824,-1.6679419365881367,-1.4078282629291012
148.0,29.0,13.457307842965367,0.0,-0.40274466271997644,2.0759479636042815,8.620310839864295,-0.593864562445098,5.0,-0.5288829909253423,3.2410399349424046,0.1813034797491502,-0.11790953105444824,-0.38022652028776244,-1.4078282629291012
148.0,30.0,-2.1380223281218296,0.0,0.10293444899821047,-1.1024745824268627,10.98517057448864,-1.7103796663946265,5.0,-0.5288829909253423,-0.4168575881604318,-0.13889136243904462,-0.11790953105444824,0.918996609060766,-1.4078282629291012
149.0,1.0,6.273122939753602,0.0,1.4647714023066203,0.25172487827360557,0.0,-0.2094484282727383,5.0,-1.6626845956815566,1.1313372134141755,0.2533185139947548,-0.810694554496773,0.005764185899886933,-0.11508077575489573
149.0,2.0,8.509692228583692,0.0,0.6332546643239493,1.1807373659480205,0.0,2.4787458013570896,5.0,-1.6626845956815566,-1.460640070924822,-0.028546755348703018,-0.810694554496773,0.3852804011263305,-0.11508077575489573
149.0,3.0,8.652493978650014,0.0,0.5534860866857666,0.9848773594547465,0.0,0.9897022081293694,5.0,-1.6626845956815566,0.7399475108773345,-0.04287045729131609,-0.810694554496773,-0.37066003179240936,-0.11508077575489573
149.0,4.0,10.351562244006919,0.0,0.8053464157988699,1.2692994902831565,0.0,1.6755721558268284,5.0,-1.6626845956815566,1.9091035692174834,1.3686022840144576,-0.810694554496773,0.644376548518833,-0.11508077575489573
149.0,5.0,9.119204163850004,0.0,1.1890523392815855,1.6377863965642545,0.0,0.914965318314041,5.0,-1.6626845956815566,-1.4438931609717993,-0.22577098565926762,-0.810694554496773,-0.22048656181875062,-0.11508077575489573
149.0,6.0,4.285444812050782,0.0,1.0081818951694699,-0.2128411146397795,0.0,1.1442627079618553,5.0,-1.6626845956815566,0.7017843353747109,1.5164706044295397,-0.810694554496773,0.3317819639156969,-0.11508077575489573
149.0,7.0,4.399686231286195,0.0,-0.5061133441299788,-0.06717837804616478,0.0,0.9028764144991072,5.0,-1.6626845956815566,-0.262197489402468,-1.5487528042302212,-0.810694554496773,1.0968390131493477,-0.11508077575489573
149.0,8.0,1.083663465620708,0.0,0.5858446400580428,-0.4062402148340556,0.0,0.47539243176510304,5.0,-1.6626845956815566,-1.5721441591454877,0.5846137496360692,-0.810694554496773,0.43518149083380286,-0.11508077575489573
149.0,9.0,5.933855734933231,0.0,0.9734256045553106,1.2610702183894744,0.0,-0.5825287739970079,5.0,-1.6626845956815566,-1.5146676537817514,0.12385424384461378,-0.810694554496773,-0.32593158553122675,-0.11508077575489573
149.0,10.0,3.922490555416066,0.0,1.5468493129778387,0.4933550249375225,0.0,-0.5329347373234755,5.0,-1.6626845956815566,-1.6015361735745934,0.21594156874397272,-0.810694554496773,1.1488076184510938,-0.11508077575489573
149.0,11.0,5.307998428549631,0.0,0.5834292900524487,1.3137017028431133,0.0,-1.6008399963752884,5.0,-1.6626845956815566,-0.530906522170303,0.3796394827598821,-0.810694554496773,0.9935038559621194,-0.11508077575489573
149.0,12.0,8.868696294909785,0.0,0.24948337385755825,2.1351166250332545,0.0,-0.005817713879992531,5.0,-1.6626845956815566,-1.4617555849958999,-0.5023234531093023,-0.810694554496773,0.54839695950807,-0.11508077575489573
149.0,13.0,5.249515076672478,0.0,-0.5013225572059032,0.1945312675141393,0.0,0.8993556758567128,5.0,-1.6626845956815566,0.6879167729758275,-0.3332073836694201,-0.810694554496773,0.2387317351114412,-0.11508077575489573
149.0,14.0,12.636420009330458,0.0,0.07713527111123764,1.7306414673626092,0.0,1.0319225565260735,5.0,-1.6626845956815566,2.1001089405256717,-1.0185753831070887,-0.810694554496773,-0.6279060760393714,-0.11508077575489573
149.0,15.0,5.589232165768383,0.0,1.075401733083537,0.5520341427982087,0.0,0.09513270445541844,5.0,-1.6626845956815566,-1.287030476035179,-1.0717912264755778,-0.810694554496773,1.3606524485300076,-0.11508077575489573
149.0,16.0,7.039183931072598,0.0,-0.029327956760341944,1.2226919770127536,0.0,-0.547627617221911,5.0,-1.6626845956815566,0.7877388474751781,0.30352864140425806,-0.810694554496773,-0.6002595871471269,-0.11508077575489573
149.0,17.0,11.958325399031443,0.0,1.7146039462303089,1.1539758562136515,0.0,3.290517443318531,5.0,-1.6626845956815566,0.7690422410009099,0.4482097786294262,-0.810694554496773,2.1873329930165766,-0.11508077575489573
149.0,18.0,6.2241931508161805,0.0,1.4227889826801055,0.20484830379480323,0.0,0.7366855312504241,5.0,-1.6626845956815566,0.3322025789501177,0.053004226730504145,-0.810694554496773,1.5326106261851893,-0.11508077575489573
149.0,19.0,6.583460658466377,0.0,-1.028816806968695,1.5277719994477135,0.0,1.4205753048791356,5.0,-1.6626845956815566,-1.0083766082770078,0.9222674678797376,-0.810694554496773,-0.23570035910047687,-0.11508077575489573
149.0,20.0,4.831602120578727,0.0,0.5698683698470965,0.9751409237159939,0.0,-0.3376806406673242,5.0,-1.6626845956815566,-0.11945260663065868,2.0500846856271444,-0.810694554496773,-1.0264209003067808,-0.11508077575489573
149.0,21.0,4.267126575921534,0.0,1.2498166086471265,-0.16049430189377167,-0.62921830722764,-0.03795762705459461,5.0,-1.6626845956815566,-0.2803953351702467,-0.4910311660565353,-0.810694554496773,-0.710406563699301,-0.11508077575489573
149.0,22.0,10.750034731931047,0.0,0.9153920140849561,1.2144208087445085,1.8377653346703908,0.44860709770672613,5.0,-1.6626845956815566,0.5629895332204798,-2.3091688756408124,-0.810694554496773,0.2568837091565295,-0.11508077575489573
149.0,23.0,13.65449696837956,0.0,0.5383434408290452,3.0872372732236317,3.345774730922208,1.6765223119482935,5.0,-1.6626845956815566,-0.37243875610382904,1.0057385244622565,-0.810694554496773,-0.24669187846237361,-0.11508077575489573
149.0,24.0,5.177290879195901,0.0,0.37960235409685195,0.0599778704446815,3.507809075624643,-0.3114745454561275,5.0,-1.6626845956815566,0.9769733866856207,-0.7092007625823926,-0.810694554496773,-0.3475425993977332,-0.11508077575489573
149.0,25.0,6.459255894364091,0.0,0.39890154959766067,0.525575429890455,4.5213132301787216,0.8536156667830691,5.0,-1.6626845956815566,-0.37458085776701383,-0.688008616467358,-0.810694554496773,-0.9516185672650157,-0.11508077575489573
149.0,26.0,7.072889736901589,0.0,-0.4064696962879961,2.00346349892382,5.362265739889929,-2.094814634320229,5.0,-1.6626845956815566,1.052711465579332,1.0255713696966988,-0.810694554496773,-0.04502772480892027,-0.11508077575489573
149.0,27.0,1.833119600060303,0.0,1.0869400686112272,-0.45196525781473285,7.103420706841276,-0.507254434081633,5.0,-1.6626845956815566,-1.0491770066660657,-0.2847730070510089,-0.810694554496773,-0.7849044694570758,-0.11508077575489573
149.0,28.0,10.431872182537766,0.0,-0.5876367101694746,3.017593518677009,9.262298359261681,-1.292009076763314,5.0,-1.6626845956815566,-1.2601552447581124,-1.2207177122545356,-0.810694554496773,-1.6679419365881367,-0.11508077575489573
149.0,29.0,7.664973653747401,0.0,0.076748261561987,-8.922786862686216e-05,7.975700888633445,1.113362717357099,5.0,-1.6626845956815566,3.2410399349424046,0.1813034797491502,-0.810694554496773,-0.38022652028776244,-0.11508077575489573
149.0,30.0,4.152918871670221,0.0,0.053364224208592326,0.44557009702491146,9.900996540950922,-0.16445308828025726,5.0,-1.6626845956815566,-0.4168575881604318,-0.13889136243904462,-0.810694554496773,0.918996609060766,-0.11508077575489573
150.0,1.0,11.245312469654536,0.0,0.670820422215221,1.503184380451465,0.0,-0.3903740820067419,5.0,0.00974467592404582,1.1313372134141755,0.2533185139947548,1.239551566660269,0.005764185899886933,0.03985608222576764
150.0,2.0,13.349731147486931,0.0,1.0304649798882013,2.473697041456405,0.0,1.3690998461985748,5.0,0.00974467592404582,-1.460640070924822,-0.028546755348703018,1.239551566660269,0.3852804011263305,0.03985608222576764
150.0,3.0,20.749478540769616,0.0,0.6972601742559104,4.418055506892039,0.0,1.116272858240025,5.0,0.00974467592404582,0.7399475108773345,-0.04287045729131609,1.239551566660269,-0.37066003179240936,0.03985608222576764
150.0,4.0,19.229601839418745,0.0,1.9842024561663303,3.167478970530439,0.0,-0.8980212034674973,5.0,0.00974467592404582,1.9091035692174834,1.3686022840144576,1.239551566660269,0.644376548518833,0.03985608222576764
150.0,5.0,9.566355336247234,0.0,0.8105323738104284,1.683582489797605,0.0,0.42786648760964663,5.0,0.00974467592404582,-1.4438931609717993,-0.22577098565926762,1.239551566660269,-0.22048656181875062,0.03985608222576764
150.0,6.0,11.58416215730838,0.0,1.1435009676035048,1.3548699013895456,0.0,-1.22844456851225,5.0,0.00974467592404582,0.7017843353747109,1.5164706044295397,1.239551566660269,0.3317819639156969,0.03985608222576764
150.0,7.0,4.006059827279013,0.0,0.3798902024943428,0.4100935738102722,0.0,-0.4756150242111788,5.0,0.00974467592404582,-0.262197489402468,-1.5487528042302212,1.239551566660269,1.0968390131493477,0.03985608222576764
150.0,8.0,7.1318898406284985,0.0,2.5776486405629933,-0.41398015746477745,0.0,1.6165776371469507,5.0,0.00974467592404582,-1.5721441591454877,0.5846137496360692,1.239551566660269,0.43518149083380286,0.03985608222576764
150.0,9.0,8.38621695641267,0.0,0.05650056772705281,1.0813260164302245,0.0,1.4501279513304426,5.0,0.00974467592404582,-1.5146676537817514,0.12385424384461378,1.239551566660269,-0.32593158553122675,0.03985608222576764
150.0,10.0,15.072931796515878,0.0,0.40466742780039144,3.2791931433843176,0.0,1.1090187554668374,5.0,0.00974467592404582,-1.6015361735745934,0.21594156874397272,1.239551566660269,1.1488076184510938,0.03985608222576764
150.0,11.0,13.72881187705326,0.0,4.150224800510445,1.7201576407078152,0.0,-0.570903886330324,5.0,0.00974467592404582,-0.530906522170303,0.3796394827598821,1.239551566660269,0.9935038559621194,0.03985608222576764
150.0,12.0,5.256221509585856,0.0,1.2704780951532597,0.9733282209137738,0.0,-1.881431470275554,5.0,0.00974467592404582,-1.4617555849958999,-0.5023234531093023,1.239551566660269,0.54839695950807,0.03985608222576764
150.0,13.0,8.666683647841895,0.0,1.147669515593968,1.133521230052636,0.0,-1.175698184024158,5.0,0.00974467592404582,0.6879167729758275,-0.3332073836694201,1.239551566660269,0.2387317351114412,0.03985608222576764
150.0,14.0,7.262832642073274,0.0,0.06592279781354571,0.14070076375705054,0.0,0.9525565246275196,5.0,0.00974467592404582,2.1001089405256717,-1.0185753831070887,1.239551566660269,-0.6279060760393714,0.03985608222576764
150.0,15.0,5.970281038399236,0.0,1.2475598698352455,0.8549616909604798,0.0,-0.2905678861650877,5.0,0.00974467592404582,-1.287030476035179,-1.0717912264755778,1.239551566660269,1.3606524485300076,0.03985608222576764
150.0,16.0,5.178039107580877,0.0,1.459067940637409,-0.08940653946818222,0.0,-2.16260814556798,5.0,0.00974467592404582,0.7877388474751781,0.30352864140425806,1.239551566660269,-0.6002595871471269,0.03985608222576764
150.0,17.0,13.453296572465065,0.0,1.7542044812349582,1.8192450017014175,0.0,-0.18018748771646206,5.0,0.00974467592404582,0.7690422410009099,0.4482097786294262,1.239551566660269,2.1873329930165766,0.03985608222576764
150.0,18.0,12.540325949017163,0.0,1.347172222138758,1.438060641152977,0.0,1.410239221124576,5.0,0.00974467592404582,0.3322025789501177,0.053004226730504145,1.239551566660269,1.5326106261851893,0.03985608222576764
150.0,19.0,15.377058838970573,0.0,1.7139109789813605,2.6281690533418214,0.0,0.6434686405195341,5.0,0.00974467592404582,-1.0083766082770078,0.9222674678797376,1.239551566660269,-0.23570035910047687,0.03985608222576764
150.0,20.0,18.175395177474236,0.0,2.5062367468064184,3.0332827789497916,0.0,-0.821258543529422,5.0,0.00974467592404582,-0.11945260663065868,2.0500846856271444,1.239551566660269,-1.0264209003067808,0.03985608222576764
150.0,21.0,2.3230088967152582,0.0,-0.05069263060488294,-0.057586229262571065,0.517433135364664,-1.5459166520650243,5.0,0.00974467592404582,-0.2803953351702467,-0.4910311660565353,1.239551566660269,-0.710406563699301,0.03985608222576764
150.0,22.0,3.0381659663292284,0.0,0.4548343844168108,0.22974670588459256,3.4132032214746597,-0.8265472256367883,5.0,0.00974467592404582,0.5629895332204798,-2.3091688756408124,1.239551566660269,0.2568837091565295,0.03985608222576764
150.0,23.0,18.194364080569194,0.0,2.2218520253086442,3.3546152907544866,4.927728182401901,0.03452767132152256,5.0,0.00974467592404582,-0.37243875610382904,1.0057385244622565,1.239551566660269,-0.24669187846237361,0.03985608222576764
150.0,24.0,3.8073084005536195,0.0,-0.1638720591388747,-0.670222900358338,4.500733127839078,0.8880737009120571,5.0,0.00974467592404582,0.9769733866856207,-0.7092007625823926,1.239551566660269,-0.3475425993977332,0.03985608222576764
150.0,25.0,4.806036356586622,0.0,1.0558188780956543,0.6485812538021837,5.066310875112673,-1.939940154790256,5.0,0.00974467592404582,-0.37458085776701383,-0.688008616467358,1.239551566660269,-0.9516185672650157,0.03985608222576764
150.0,26.0,15.25712227903206,0.0,2.549943286785104,1.4506890420474727,7.366249802988193,1.0232017552741226,5.0,0.00974467592404582,1.052711465579332,1.0255713696966988,1.239551566660269,-0.04502772480892027,0.03985608222576764
150.0,27.0,5.060908261030746,0.0,0.7227159398582372,0.25214698981106487,6.538384868361837,0.005457726588021921,5.0,0.00974467592404582,-1.0491770066660657,-0.2847730070510089,1.239551566660269,-0.7849044694570758,0.03985608222576764
150.0,28.0,3.6317285910976125,0.0,0.2087587752271557,0.22774053291540208,7.943179618529645,0.5697789696058285,5.0,0.00974467592404582,-1.2601552447581124,-1.2207177122545356,1.239551566660269,-1.6679419365881367,0.03985608222576764
150.0,29.0,13.925926066317986,0.0,0.4685324932559247,2.21676128417449,10.050228579145465,-1.6532555632348704,5.0,0.00974467592404582,3.2410399349424046,0.1813034797491502,1.239551566660269,-0.38022652028776244,0.03985608222576764
150.0,30.0,10.520769956324232,0.0,1.248270270569387,1.827267459868127,10.10571373539749,-0.6666543801221816,5.0,0.00974467592404582,-0.4168575881604318,-0.13889136243904462,1.239551566660269,0.918996609060766,0.03985608222576764
